tileset,tiles,collision,treatment,cells,maps,example_map,x,y
TILESET_AERODACTYL_WORD_ROOM,10:11:10:11,7,generic_wall_review,22,1,RUINS_OF_ALPH_AERODACTYL_WORD_ROOM,0,1
TILESET_AERODACTYL_WORD_ROOM,128:129:144:145,0,classified_ground,3,1,RUINS_OF_ALPH_AERODACTYL_WORD_ROOM,12,4
TILESET_AERODACTYL_WORD_ROOM,132:133:148:149,0,classified_ground,1,1,RUINS_OF_ALPH_AERODACTYL_WORD_ROOM,5,6
TILESET_AERODACTYL_WORD_ROOM,134:135:150:151,0,classified_ground,1,1,RUINS_OF_ALPH_AERODACTYL_WORD_ROOM,14,8
TILESET_AERODACTYL_WORD_ROOM,136:137:152:153,0,classified_ground,6,1,RUINS_OF_ALPH_AERODACTYL_WORD_ROOM,8,4
TILESET_AERODACTYL_WORD_ROOM,142:143:158:159,0,classified_ground,2,1,RUINS_OF_ALPH_AERODACTYL_WORD_ROOM,3,4
TILESET_AERODACTYL_WORD_ROOM,160:161:176:177,0,classified_ground,1,1,RUINS_OF_ALPH_AERODACTYL_WORD_ROOM,13,8
TILESET_AERODACTYL_WORD_ROOM,164:165:180:181,0,classified_ground,1,1,RUINS_OF_ALPH_AERODACTYL_WORD_ROOM,12,6
TILESET_AERODACTYL_WORD_ROOM,166:167:182:183,0,classified_ground,2,1,RUINS_OF_ALPH_AERODACTYL_WORD_ROOM,13,4
TILESET_AERODACTYL_WORD_ROOM,168:169:184:185,0,classified_ground,1,1,RUINS_OF_ALPH_AERODACTYL_WORD_ROOM,14,6
TILESET_AERODACTYL_WORD_ROOM,170:171:186:187,0,classified_ground,1,1,RUINS_OF_ALPH_AERODACTYL_WORD_ROOM,16,6
TILESET_AERODACTYL_WORD_ROOM,172:173:188:189,0,classified_ground,3,1,RUINS_OF_ALPH_AERODACTYL_WORD_ROOM,11,6
TILESET_AERODACTYL_WORD_ROOM,174:175:190:191,0,classified_ground,1,1,RUINS_OF_ALPH_AERODACTYL_WORD_ROOM,10,6
TILESET_AERODACTYL_WORD_ROOM,194:195:210:211,0,classified_ground,1,1,RUINS_OF_ALPH_AERODACTYL_WORD_ROOM,3,6
TILESET_AERODACTYL_WORD_ROOM,196:197:212:213,0,classified_ground,4,1,RUINS_OF_ALPH_AERODACTYL_WORD_ROOM,5,4
TILESET_AERODACTYL_WORD_ROOM,198:199:214:215,0,classified_ground,5,1,RUINS_OF_ALPH_AERODACTYL_WORD_ROOM,2,4
TILESET_AERODACTYL_WORD_ROOM,1:1:1:1,7,generic_wall_review,20,1,RUINS_OF_ALPH_AERODACTYL_WORD_ROOM,0,13
TILESET_AERODACTYL_WORD_ROOM,200:201:216:217,0,classified_ground,3,1,RUINS_OF_ALPH_AERODACTYL_WORD_ROOM,4,4
TILESET_AERODACTYL_WORD_ROOM,204:205:220:221,0,classified_ground,1,1,RUINS_OF_ALPH_AERODACTYL_WORD_ROOM,7,4
TILESET_AERODACTYL_WORD_ROOM,2:3:3:2,0,classified_ground,160,1,RUINS_OF_ALPH_AERODACTYL_WORD_ROOM,1,1
TILESET_AERODACTYL_WORD_ROOM,6:6:22:23,7,generic_wall_review,1,1,RUINS_OF_ALPH_AERODACTYL_WORD_ROOM,1,0
TILESET_AERODACTYL_WORD_ROOM,6:6:26:27,7,generic_wall_review,5,1,RUINS_OF_ALPH_AERODACTYL_WORD_ROOM,2,0
TILESET_AERODACTYL_WORD_ROOM,6:6:28:29,7,generic_wall_review,5,1,RUINS_OF_ALPH_AERODACTYL_WORD_ROOM,3,0
TILESET_AERODACTYL_WORD_ROOM,6:6:32:33,7,generic_wall_review,2,1,RUINS_OF_ALPH_AERODACTYL_WORD_ROOM,4,0
TILESET_AERODACTYL_WORD_ROOM,6:6:33:64,7,generic_wall_review,4,1,RUINS_OF_ALPH_AERODACTYL_WORD_ROOM,3,12
TILESET_AERODACTYL_WORD_ROOM,6:6:34:35,7,generic_wall_review,2,1,RUINS_OF_ALPH_AERODACTYL_WORD_ROOM,5,0
TILESET_AERODACTYL_WORD_ROOM,6:6:34:55,7,generic_wall_review,4,1,RUINS_OF_ALPH_AERODACTYL_WORD_ROOM,5,12
TILESET_AERODACTYL_WORD_ROOM,6:6:35:56,7,generic_wall_review,1,1,RUINS_OF_ALPH_AERODACTYL_WORD_ROOM,18,12
TILESET_AERODACTYL_WORD_ROOM,6:6:54:22,7,generic_wall_review,4,1,RUINS_OF_ALPH_AERODACTYL_WORD_ROOM,2,12
TILESET_AERODACTYL_WORD_ROOM,6:6:54:28,7,generic_wall_review,4,1,RUINS_OF_ALPH_AERODACTYL_WORD_ROOM,4,12
TILESET_AERODACTYL_WORD_ROOM,6:6:56:57,7,generic_wall_review,1,1,RUINS_OF_ALPH_AERODACTYL_WORD_ROOM,18,0
TILESET_AERODACTYL_WORD_ROOM,6:6:64:65,7,generic_wall_review,1,1,RUINS_OF_ALPH_AERODACTYL_WORD_ROOM,8,0
TILESET_AERODACTYL_WORD_ROOM,6:6:66:67,7,generic_wall_review,1,1,RUINS_OF_ALPH_AERODACTYL_WORD_ROOM,9,0
TILESET_AERODACTYL_WORD_ROOM,6:6:67:32,7,generic_wall_review,1,1,RUINS_OF_ALPH_AERODACTYL_WORD_ROOM,1,12
TILESET_AERODACTYL_WORD_ROOM,84:86:88:89,96,classified_ground,1,1,RUINS_OF_ALPH_AERODACTYL_WORD_ROOM,17,11
TILESET_AERODACTYL_WORD_ROOM,8:9:10:11,7,generic_wall_review,4,1,RUINS_OF_ALPH_AERODACTYL_WORD_ROOM,0,0
TILESET_BATTLE_TOWER_INSIDE,10:10:26:26,7,generic_wall_review,3,1,BATTLE_TOWER_1F,5,6
TILESET_BATTLE_TOWER_INSIDE,12:13:28:29,7,modeled_prop,1,1,BATTLE_TOWER_1F,6,6
TILESET_BATTLE_TOWER_INSIDE,14:15:30:31,7,modeled_prop,6,1,BATTLE_TOWER_1F,2,8
TILESET_BATTLE_TOWER_INSIDE,17:17:17:17,0,classified_ground,83,2,BATTLE_TOWER_1F,0,2
TILESET_BATTLE_TOWER_INSIDE,17:17:17:70,0,modeled_prop,4,1,BATTLE_TOWER_1F,6,2
TILESET_BATTLE_TOWER_INSIDE,17:17:71:17,0,modeled_prop,4,1,BATTLE_TOWER_1F,7,2
TILESET_BATTLE_TOWER_INSIDE,17:17:75:76,7,generic_wall_review,11,1,BATTLE_TOWER_HALLWAY,1,3
TILESET_BATTLE_TOWER_INSIDE,17:17:89:90,7,generic_wall_review,11,1,BATTLE_TOWER_HALLWAY,0,3
TILESET_BATTLE_TOWER_INSIDE,17:59:58:45,7,generic_wall_review,1,1,BATTLE_TOWER_1F,15,5
TILESET_BATTLE_TOWER_INSIDE,17:86:17:17,0,classified_ground,4,1,BATTLE_TOWER_1F,6,3
TILESET_BATTLE_TOWER_INSIDE,18:19:1:1,113,classified_ground,1,1,BATTLE_TOWER_HALLWAY,11,1
TILESET_BATTLE_TOWER_INSIDE,1:17:1:17,0,classified_ground,4,1,BATTLE_TOWER_1F,5,2
TILESET_BATTLE_TOWER_INSIDE,1:1:17:17,0,classified_ground,37,2,BATTLE_TOWER_1F,6,1
TILESET_BATTLE_TOWER_INSIDE,1:1:17:17,0,modeled_prop,1,1,BATTLE_TOWER_1F,6,7
TILESET_BATTLE_TOWER_INSIDE,1:1:1:17,0,classified_ground,1,1,BATTLE_TOWER_1F,5,1
TILESET_BATTLE_TOWER_INSIDE,20:21:37:37,7,generic_wall_review,2,1,BATTLE_TOWER_BATTLE_ROOM,0,1
TILESET_BATTLE_TOWER_INSIDE,2:3:18:19,113,classified_ground,12,3,BATTLE_TOWER_1F,7,0
TILESET_BATTLE_TOWER_INSIDE,33:33:49:49,112,classified_ground,4,2,BATTLE_TOWER_1F,7,9
TILESET_BATTLE_TOWER_INSIDE,33:33:49:49,113,classified_ground,2,1,BATTLE_TOWER_ELEVATOR,1,3
TILESET_BATTLE_TOWER_INSIDE,34:34:34:34,0,classified_ground,2,1,BATTLE_TOWER_BATTLE_ROOM,2,3
TILESET_BATTLE_TOWER_INSIDE,34:34:34:35,0,classified_ground,1,1,BATTLE_TOWER_BATTLE_ROOM,3,3
TILESET_BATTLE_TOWER_INSIDE,34:34:36:34,0,classified_ground,1,1,BATTLE_TOWER_BATTLE_ROOM,4,3
TILESET_BATTLE_TOWER_INSIDE,34:48:34:34,0,classified_ground,1,1,BATTLE_TOWER_BATTLE_ROOM,4,2
TILESET_BATTLE_TOWER_INSIDE,37:37:48:48,0,classified_ground,6,1,BATTLE_TOWER_BATTLE_ROOM,1,1
TILESET_BATTLE_TOWER_INSIDE,40:41:56:57,7,generic_wall_review,1,1,BATTLE_TOWER_1F,11,5
TILESET_BATTLE_TOWER_INSIDE,42:43:26:27,147,generic_wall_review,1,1,BATTLE_TOWER_1F,11,6
TILESET_BATTLE_TOWER_INSIDE,44:45:60:61,7,generic_wall_review,4,1,BATTLE_TOWER_1F,15,6
TILESET_BATTLE_TOWER_INSIDE,46:47:62:63,7,generic_wall_review,4,1,BATTLE_TOWER_1F,0,6
TILESET_BATTLE_TOWER_INSIDE,48:34:34:34,0,classified_ground,1,1,BATTLE_TOWER_BATTLE_ROOM,3,2
TILESET_BATTLE_TOWER_INSIDE,48:48:34:48,0,classified_ground,1,1,BATTLE_TOWER_BATTLE_ROOM,5,2
TILESET_BATTLE_TOWER_INSIDE,48:48:48:34,0,classified_ground,1,1,BATTLE_TOWER_BATTLE_ROOM,2,2
TILESET_BATTLE_TOWER_INSIDE,48:48:48:48,0,classified_ground,28,2,BATTLE_TOWER_BATTLE_ROOM,0,2
TILESET_BATTLE_TOWER_INSIDE,48:48:48:70,0,classified_ground,2,1,BATTLE_TOWER_BATTLE_ROOM,6,2
TILESET_BATTLE_TOWER_INSIDE,48:48:71:48,0,classified_ground,2,1,BATTLE_TOWER_BATTLE_ROOM,7,2
TILESET_BATTLE_TOWER_INSIDE,48:50:48:48,0,classified_ground,1,1,BATTLE_TOWER_BATTLE_ROOM,2,5
TILESET_BATTLE_TOWER_INSIDE,48:86:48:48,0,classified_ground,2,1,BATTLE_TOWER_BATTLE_ROOM,6,3
TILESET_BATTLE_TOWER_INSIDE,4:5:20:21,7,modeled_prop,5,1,BATTLE_TOWER_BATTLE_ROOM,1,0
TILESET_BATTLE_TOWER_INSIDE,50:48:48:48,0,classified_ground,1,1,BATTLE_TOWER_BATTLE_ROOM,5,5
TILESET_BATTLE_TOWER_INSIDE,50:50:48:50,0,classified_ground,1,1,BATTLE_TOWER_BATTLE_ROOM,3,5
TILESET_BATTLE_TOWER_INSIDE,50:50:50:48,0,classified_ground,1,1,BATTLE_TOWER_BATTLE_ROOM,4,5
TILESET_BATTLE_TOWER_INSIDE,50:50:50:50,0,classified_ground,2,1,BATTLE_TOWER_BATTLE_ROOM,2,4
TILESET_BATTLE_TOWER_INSIDE,50:51:50:50,0,classified_ground,1,1,BATTLE_TOWER_BATTLE_ROOM,3,4
TILESET_BATTLE_TOWER_INSIDE,52:50:50:50,0,classified_ground,1,1,BATTLE_TOWER_BATTLE_ROOM,4,4
TILESET_BATTLE_TOWER_INSIDE,53:11:53:11,7,generic_wall_review,9,1,BATTLE_TOWER_1F,4,1
TILESET_BATTLE_TOWER_INSIDE,53:129:22:26,7,generic_wall_review,1,1,BATTLE_TOWER_1F,4,6
TILESET_BATTLE_TOWER_INSIDE,64:17:46:65,7,generic_wall_review,1,1,BATTLE_TOWER_1F,0,5
TILESET_BATTLE_TOWER_INSIDE,67:69:84:85,7,generic_wall_review,1,1,BATTLE_TOWER_HALLWAY,10,0
TILESET_BATTLE_TOWER_INSIDE,68:69:72:73,7,generic_wall_review,2,1,BATTLE_TOWER_1F,2,0
TILESET_BATTLE_TOWER_INSIDE,68:69:74:85,7,generic_wall_review,2,1,BATTLE_TOWER_1F,3,0
TILESET_BATTLE_TOWER_INSIDE,68:69:84:85,7,generic_wall_review,4,1,BATTLE_TOWER_1F,0,0
TILESET_BATTLE_TOWER_INSIDE,69:69:2:3,0,classified_ground,1,1,BATTLE_TOWER_HALLWAY,11,0
TILESET_BATTLE_TOWER_INSIDE,6:10:22:26,7,generic_wall_review,1,1,BATTLE_TOWER_1F,8,6
TILESET_BATTLE_TOWER_INSIDE,7:23:4:5,7,generic_wall_review,2,1,BATTLE_TOWER_BATTLE_ROOM,0,0
TILESET_BATTLE_TOWER_INSIDE,80:81:1:1,0,classified_ground,9,2,BATTLE_TOWER_1F,0,1
TILESET_BATTLE_TOWER_INSIDE,84:85:79:95,7,generic_wall_review,2,1,BATTLE_TOWER_1F,4,0
TILESET_BATTLE_TOWER_INSIDE,84:85:80:81,7,generic_wall_review,15,2,BATTLE_TOWER_1F,5,0
TILESET_BATTLE_TOWER_INSIDE,87:17:17:17,0,classified_ground,4,1,BATTLE_TOWER_1F,7,3
TILESET_BATTLE_TOWER_INSIDE,87:48:48:48,0,classified_ground,2,1,BATTLE_TOWER_BATTLE_ROOM,7,3
TILESET_BATTLE_TOWER_INSIDE,88:88:55:55,7,generic_wall_review,2,1,BATTLE_TOWER_BATTLE_ROOM,0,7
TILESET_BATTLE_TOWER_INSIDE,8:9:24:25,7,generic_wall_review,1,1,BATTLE_TOWER_1F,6,5
TILESET_BATTLE_TOWER_INSIDE,91:91:77:93,7,generic_wall_review,1,1,BATTLE_TOWER_ELEVATOR,3,0
TILESET_BATTLE_TOWER_INSIDE,91:91:91:91,7,generic_wall_review,1,1,BATTLE_TOWER_ELEVATOR,0,0
TILESET_BATTLE_TOWER_INSIDE,91:91:92:92,7,generic_wall_review,2,1,BATTLE_TOWER_ELEVATOR,1,0
TILESET_BATTLE_TOWER_INSIDE,92:78:48:48,0,classified_ground,1,1,BATTLE_TOWER_ELEVATOR,0,1
TILESET_BATTLE_TOWER_INSIDE,94:92:48:48,0,classified_ground,1,1,BATTLE_TOWER_ELEVATOR,3,1
TILESET_BATTLE_TOWER_OUTSIDE,0:0:0:0,0,classified_ground,4,1,BATTLE_TOWER_OUTSIDE,7,20
TILESET_BATTLE_TOWER_OUTSIDE,0:0:6:0,0,classified_ground,1,1,BATTLE_TOWER_OUTSIDE,9,20
TILESET_BATTLE_TOWER_OUTSIDE,0:161:177:178,7,generic_wall_review,1,1,BATTLE_TOWER_OUTSIDE,7,8
TILESET_BATTLE_TOWER_OUTSIDE,128:128:187:128,7,generic_wall_review,1,1,BATTLE_TOWER_OUTSIDE,4,8
TILESET_BATTLE_TOWER_OUTSIDE,129:141:129:141,7,generic_wall_review,1,1,BATTLE_TOWER_OUTSIDE,5,8
TILESET_BATTLE_TOWER_OUTSIDE,129:141:144:145,7,generic_wall_review,6,1,BATTLE_TOWER_OUTSIDE,5,2
TILESET_BATTLE_TOWER_OUTSIDE,130:131:146:147,7,generic_wall_review,6,1,BATTLE_TOWER_OUTSIDE,7,2
TILESET_BATTLE_TOWER_OUTSIDE,132:133:148:149,7,generic_wall_review,8,1,BATTLE_TOWER_OUTSIDE,8,0
TILESET_BATTLE_TOWER_OUTSIDE,134:132:150:148,7,generic_wall_review,8,1,BATTLE_TOWER_OUTSIDE,9,0
TILESET_BATTLE_TOWER_OUTSIDE,139:129:156:144,7,generic_wall_review,6,1,BATTLE_TOWER_OUTSIDE,10,2
TILESET_BATTLE_TOWER_OUTSIDE,139:197:156:202,7,generic_wall_review,1,1,BATTLE_TOWER_OUTSIDE,10,0
TILESET_BATTLE_TOWER_OUTSIDE,139:207:156:205,7,generic_wall_review,1,1,BATTLE_TOWER_OUTSIDE,10,1
TILESET_BATTLE_TOWER_OUTSIDE,13:14:10:11,7,generic_wall_review,1,1,BATTLE_TOWER_OUTSIDE,7,23
TILESET_BATTLE_TOWER_OUTSIDE,140:140:140:191,7,generic_wall_review,1,1,BATTLE_TOWER_OUTSIDE,13,8
TILESET_BATTLE_TOWER_OUTSIDE,140:157:157:140,7,generic_wall_review,6,1,BATTLE_TOWER_OUTSIDE,13,2
TILESET_BATTLE_TOWER_OUTSIDE,141:130:145:146,7,generic_wall_review,6,1,BATTLE_TOWER_OUTSIDE,12,2
TILESET_BATTLE_TOWER_OUTSIDE,141:141:145:145,7,generic_wall_review,12,1,BATTLE_TOWER_OUTSIDE,6,2
TILESET_BATTLE_TOWER_OUTSIDE,141:143:142:143,7,generic_wall_review,1,1,BATTLE_TOWER_OUTSIDE,12,8
TILESET_BATTLE_TOWER_OUTSIDE,14:14:11:11,7,generic_wall_review,2,1,BATTLE_TOWER_OUTSIDE,8,23
TILESET_BATTLE_TOWER_OUTSIDE,14:15:11:12,7,generic_wall_review,1,1,BATTLE_TOWER_OUTSIDE,10,23
TILESET_BATTLE_TOWER_OUTSIDE,158:128:128:158,7,generic_wall_review,6,1,BATTLE_TOWER_OUTSIDE,4,2
TILESET_BATTLE_TOWER_OUTSIDE,158:174:128:158,7,generic_wall_review,1,1,BATTLE_TOWER_OUTSIDE,4,1
TILESET_BATTLE_TOWER_OUTSIDE,162:163:178:178,7,generic_wall_review,1,1,BATTLE_TOWER_OUTSIDE,8,8
TILESET_BATTLE_TOWER_OUTSIDE,164:162:178:178,7,generic_wall_review,1,1,BATTLE_TOWER_OUTSIDE,9,8
TILESET_BATTLE_TOWER_OUTSIDE,165:0:178:179,7,generic_wall_review,1,1,BATTLE_TOWER_OUTSIDE,10,8
TILESET_BATTLE_TOWER_OUTSIDE,166:168:180:170,7,generic_wall_review,1,1,BATTLE_TOWER_OUTSIDE,11,8
TILESET_BATTLE_TOWER_OUTSIDE,167:160:169:176,7,generic_wall_review,1,1,BATTLE_TOWER_OUTSIDE,6,8
TILESET_BATTLE_TOWER_OUTSIDE,16:17:13:14,7,generic_wall_review,1,1,BATTLE_TOWER_OUTSIDE,7,22
TILESET_BATTLE_TOWER_OUTSIDE,171:159:6:6,0,classified_ground,1,1,BATTLE_TOWER_OUTSIDE,6,9
TILESET_BATTLE_TOWER_OUTSIDE,173:172:6:6,0,classified_ground,1,1,BATTLE_TOWER_OUTSIDE,11,9
TILESET_BATTLE_TOWER_OUTSIDE,175:157:157:140,7,generic_wall_review,1,1,BATTLE_TOWER_OUTSIDE,13,1
TILESET_BATTLE_TOWER_OUTSIDE,17:17:14:14,7,generic_wall_review,2,1,BATTLE_TOWER_OUTSIDE,8,22
TILESET_BATTLE_TOWER_OUTSIDE,17:18:14:15,7,generic_wall_review,1,1,BATTLE_TOWER_OUTSIDE,10,22
TILESET_BATTLE_TOWER_OUTSIDE,181:182:183:184,113,classified_ground,2,1,BATTLE_TOWER_OUTSIDE,8,9
TILESET_BATTLE_TOWER_OUTSIDE,185:211:186:210,7,classified_fence,1,1,BATTLE_TOWER_OUTSIDE,10,9
TILESET_BATTLE_TOWER_OUTSIDE,188:189:6:6,0,classified_ground,1,1,BATTLE_TOWER_OUTSIDE,5,9
TILESET_BATTLE_TOWER_OUTSIDE,189:190:6:6,0,classified_ground,1,1,BATTLE_TOWER_OUTSIDE,12,9
TILESET_BATTLE_TOWER_OUTSIDE,191:6:6:6,0,classified_ground,1,1,BATTLE_TOWER_OUTSIDE,13,9
TILESET_BATTLE_TOWER_OUTSIDE,192:193:199:200,7,generic_wall_review,1,1,BATTLE_TOWER_OUTSIDE,4,0
TILESET_BATTLE_TOWER_OUTSIDE,193:193:0:0,7,generic_wall_review,4,1,BATTLE_TOWER_OUTSIDE,5,0
TILESET_BATTLE_TOWER_OUTSIDE,193:198:203:204,7,generic_wall_review,1,1,BATTLE_TOWER_OUTSIDE,13,0
TILESET_BATTLE_TOWER_OUTSIDE,194:131:201:147,7,generic_wall_review,1,1,BATTLE_TOWER_OUTSIDE,7,0
TILESET_BATTLE_TOWER_OUTSIDE,195:195:205:205,7,generic_wall_review,2,1,BATTLE_TOWER_OUTSIDE,11,1
TILESET_BATTLE_TOWER_OUTSIDE,196:196:205:205,7,generic_wall_review,2,1,BATTLE_TOWER_OUTSIDE,5,1
TILESET_BATTLE_TOWER_OUTSIDE,19:21:62:63,7,classified_tree,72,1,BATTLE_TOWER_OUTSIDE,0,1
TILESET_BATTLE_TOWER_OUTSIDE,206:131:205:147,7,generic_wall_review,1,1,BATTLE_TOWER_OUTSIDE,7,1
TILESET_BATTLE_TOWER_OUTSIDE,208:185:209:186,7,classified_fence,1,1,BATTLE_TOWER_OUTSIDE,7,9
TILESET_BATTLE_TOWER_OUTSIDE,26:27:1:2,7,generic_wall_review,1,1,BATTLE_TOWER_OUTSIDE,7,25
TILESET_BATTLE_TOWER_OUTSIDE,26:27:26:27,7,generic_wall_review,1,1,BATTLE_TOWER_OUTSIDE,7,24
TILESET_BATTLE_TOWER_OUTSIDE,27:27:27:27,7,generic_wall_review,1,1,BATTLE_TOWER_OUTSIDE,8,24
TILESET_BATTLE_TOWER_OUTSIDE,27:27:27:38,7,generic_wall_review,1,1,BATTLE_TOWER_OUTSIDE,9,24
TILESET_BATTLE_TOWER_OUTSIDE,27:27:2:2,7,generic_wall_review,1,1,BATTLE_TOWER_OUTSIDE,9,25
TILESET_BATTLE_TOWER_OUTSIDE,27:28:2:22,7,generic_wall_review,1,1,BATTLE_TOWER_OUTSIDE,10,25
TILESET_BATTLE_TOWER_OUTSIDE,27:28:38:28,7,generic_wall_review,1,1,BATTLE_TOWER_OUTSIDE,10,24
TILESET_BATTLE_TOWER_OUTSIDE,30:31:19:21,7,classified_tree,72,1,BATTLE_TOWER_OUTSIDE,0,0
TILESET_BATTLE_TOWER_OUTSIDE,30:31:62:63,21,classified_bush,34,1,BATTLE_TOWER_OUTSIDE,14,0
TILESET_BATTLE_TOWER_OUTSIDE,43:44:59:60,7,generic_wall_review,2,1,BATTLE_TOWER_OUTSIDE,0,16
TILESET_BATTLE_TOWER_OUTSIDE,44:44:60:60,7,generic_wall_review,6,1,BATTLE_TOWER_OUTSIDE,0,18
TILESET_BATTLE_TOWER_OUTSIDE,44:45:60:61,7,generic_wall_review,2,1,BATTLE_TOWER_OUTSIDE,1,16
TILESET_BATTLE_TOWER_OUTSIDE,45:60:61:45,7,generic_wall_review,2,1,BATTLE_TOWER_OUTSIDE,4,18
TILESET_BATTLE_TOWER_OUTSIDE,47:47:47:47,0,classified_ground,16,1,BATTLE_TOWER_OUTSIDE,8,10
TILESET_BATTLE_TOWER_OUTSIDE,55:56:57:58,113,classified_ground,1,1,BATTLE_TOWER_OUTSIDE,8,25
TILESET_BATTLE_TOWER_OUTSIDE,59:60:75:76,7,generic_wall_review,2,1,BATTLE_TOWER_OUTSIDE,0,17
TILESET_BATTLE_TOWER_OUTSIDE,5:5:5:5,0,classified_ground,64,1,BATTLE_TOWER_OUTSIDE,2,4
TILESET_BATTLE_TOWER_OUTSIDE,60:60:60:60,7,generic_wall_review,26,1,BATTLE_TOWER_OUTSIDE,0,19
TILESET_BATTLE_TOWER_OUTSIDE,60:61:76:77,7,generic_wall_review,2,1,BATTLE_TOWER_OUTSIDE,1,17
TILESET_BATTLE_TOWER_OUTSIDE,61:61:61:61,7,generic_wall_review,16,1,BATTLE_TOWER_OUTSIDE,4,19
TILESET_BATTLE_TOWER_OUTSIDE,64:64:64:64,112,classified_ground,2,1,BATTLE_TOWER_OUTSIDE,8,21
TILESET_BATTLE_TOWER_OUTSIDE,6:187:6:6,0,classified_ground,1,1,BATTLE_TOWER_OUTSIDE,4,9
TILESET_BATTLE_TOWER_OUTSIDE,6:6:6:6,0,classified_ground,109,1,BATTLE_TOWER_OUTSIDE,14,6
TILESET_BATTLE_TOWER_OUTSIDE,78:79:94:95,7,classified_signpost,1,1,BATTLE_TOWER_OUTSIDE,10,10
TILESET_BATTLE_TOWER_OUTSIDE,90:90:89:89,7,classified_signpost,9,1,BATTLE_TOWER_OUTSIDE,11,23
TILESET_BATTLE_TOWER_OUTSIDE,90:90:89:89,7,generic_wall_review,2,1,BATTLE_TOWER_OUTSIDE,7,21
TILESET_CAVE,10:38:23:10,7,generic_wall_review,40,15,BURNED_TOWER_B1F,3,1
TILESET_CAVE,10:38:23:20,41,classified_water,4,1,UNION_CAVE_1F,6,4
TILESET_CAVE,12:13:28:29,7,classified_rock,8,5,DIGLETTS_CAVE,6,11
TILESET_CAVE,12:13:28:29,7,generic_wall_review,767,13,BURNED_TOWER_B1F,16,6
TILESET_CAVE,14:15:30:31,123,classified_ground,4,2,SILVER_CAVE_ROOM_2,23,3
TILESET_CAVE,16:16:16:16,7,generic_wall_review,144,1,SILVER_CAVE_ROOM_3,0,0
TILESET_CAVE,16:16:16:16,96,classified_ground,1,1,VICTORY_ROAD,0,11
TILESET_CAVE,1:1:1:1,0,classified_ground,1250,14,BURNED_TOWER_B1F,16,4
TILESET_CAVE,1:1:1:1,112,classified_ground,28,11,DIGLETTS_CAVE,15,5
TILESET_CAVE,1:1:1:1,160,classified_ledge,6,2,UNION_CAVE_B1F,12,10
TILESET_CAVE,1:1:1:1,161,classified_ledge,4,1,VICTORY_ROAD,7,38
TILESET_CAVE,1:1:1:1,163,classified_ledge,12,2,MOUNT_MOON,12,12
TILESET_CAVE,1:1:38:38,7,generic_wall_review,12,2,MOUNT_MOON,12,13
TILESET_CAVE,1:23:1:23,7,generic_wall_review,6,2,UNION_CAVE_B1F,13,10
TILESET_CAVE,1:5:5:21,7,generic_wall_review,53,12,BURNED_TOWER_B1F,4,2
TILESET_CAVE,20:20:20:20,41,classified_water,530,7,SILVER_CAVE_ROOM_2,4,6
TILESET_CAVE,20:21:20:21,41,classified_water,28,6,SILVER_CAVE_ROOM_2,13,30
TILESET_CAVE,21:1:21:1,7,generic_wall_review,4,1,VICTORY_ROAD,6,38
TILESET_CAVE,21:21:21:21,7,generic_wall_review,402,15,BURNED_TOWER_B1F,16,2
TILESET_CAVE,21:22:37:38,7,generic_wall_review,12,5,BURNED_TOWER_B1F,4,11
TILESET_CAVE,21:37:37:38,7,generic_wall_review,67,12,BURNED_TOWER_B1F,16,3
TILESET_CAVE,22:22:22:22,0,classified_ground,3261,15,BURNED_TOWER_B1F,0,0
TILESET_CAVE,22:23:38:39,7,generic_wall_review,12,5,BURNED_TOWER_B1F,5,11
TILESET_CAVE,23:20:23:20,41,classified_water,18,3,UNION_CAVE_1F,6,5
TILESET_CAVE,23:23:23:23,7,generic_wall_review,422,15,BURNED_TOWER_B1F,3,2
TILESET_CAVE,26:27:22:22,7,classified_rock,19,10,DIGLETTS_CAVE,15,6
TILESET_CAVE,26:27:22:22,7,generic_wall_review,1,1,SEAFOAM_GYM,5,6
TILESET_CAVE,32:33:48:49,114,classified_ground,10,6,DIGLETTS_CAVE,17,3
TILESET_CAVE,34:35:50:51,114,classified_ground,2,2,SLOWPOKE_WELL_B1F,7,11
TILESET_CAVE,36:36:22:22,178,classified_ground,478,15,BURNED_TOWER_B1F,5,2
TILESET_CAVE,36:7:22:23,7,generic_wall_review,12,5,BURNED_TOWER_B1F,5,10
TILESET_CAVE,37:38:37:38,7,generic_wall_review,96,3,SILVER_CAVE_ROOM_2,8,0
TILESET_CAVE,38:11:11:21,7,generic_wall_review,51,15,BURNED_TOWER_B1F,16,1
TILESET_CAVE,38:11:20:21,41,classified_water,4,1,UNION_CAVE_1F,13,4
TILESET_CAVE,38:38:20:20,41,classified_water,32,6,SILVER_CAVE_ROOM_2,4,22
TILESET_CAVE,38:38:38:38,7,generic_wall_review,770,15,BURNED_TOWER_B1F,4,1
TILESET_CAVE,38:39:38:39,7,generic_wall_review,78,3,SILVER_CAVE_ROOM_2,29,6
TILESET_CAVE,39:23:38:39,7,generic_wall_review,55,11,BURNED_TOWER_B1F,3,7
TILESET_CAVE,40:41:56:57,114,classified_ground,12,8,BURNED_TOWER_B1F,7,15
TILESET_CAVE,42:43:58:59,114,classified_ground,2,2,SLOWPOKE_WELL_B2F,9,11
TILESET_CAVE,54:55:54:55,0,classified_ground,28,9,BURNED_TOWER_B1F,10,7
TILESET_CAVE,5:36:21:22,7,generic_wall_review,12,5,BURNED_TOWER_B1F,4,10
TILESET_CAVE,64:64:64:64,51,generic_wall_review,92,2,SILVER_CAVE_ROOM_2,4,0
TILESET_CAVE,7:1:23:7,7,generic_wall_review,51,12,BURNED_TOWER_B1F,13,2
TILESET_CHAMPIONS_ROOM,10:11:10:11,7,generic_wall_review,30,1,OLIVINE_GYM,0,0
TILESET_CHAMPIONS_ROOM,10:11:26:27,7,generic_wall_review,2,1,OLIVINE_GYM,0,15
TILESET_CHAMPIONS_ROOM,129:93:130:93,7,generic_wall_review,11,1,LANCES_ROOM,0,2
TILESET_CHAMPIONS_ROOM,12:13:28:29,7,generic_wall_review,5,1,GOLDENROD_BIKE_SHOP,0,2
TILESET_CHAMPIONS_ROOM,130:93:128:93,7,generic_wall_review,1,1,LANCES_ROOM,0,3
TILESET_CHAMPIONS_ROOM,131:93:128:93,7,generic_wall_review,9,1,LANCES_ROOM,0,5
TILESET_CHAMPIONS_ROOM,136:137:136:137,0,classified_ground,2,1,LANCES_ROOM,1,2
TILESET_CHAMPIONS_ROOM,136:137:136:137,7,generic_wall_review,1,1,LANCES_ROOM,1,4
TILESET_CHAMPIONS_ROOM,136:144:141:142,7,generic_wall_review,1,1,LANCES_ROOM,1,5
TILESET_CHAMPIONS_ROOM,139:140:139:140,0,classified_ground,2,1,LANCES_ROOM,8,2
TILESET_CHAMPIONS_ROOM,139:140:139:140,7,generic_wall_review,1,1,LANCES_ROOM,8,4
TILESET_CHAMPIONS_ROOM,145:145:142:142,7,generic_wall_review,4,1,LANCES_ROOM,2,5
TILESET_CHAMPIONS_ROOM,146:140:142:143,7,generic_wall_review,1,1,LANCES_ROOM,8,5
TILESET_CHAMPIONS_ROOM,148:148:147:147,0,classified_ground,2,1,LANCES_ROOM,4,5
TILESET_CHAMPIONS_ROOM,149:151:93:151,0,classified_ground,8,1,LANCES_ROOM,1,6
TILESET_CHAMPIONS_ROOM,149:151:93:93,0,classified_ground,1,1,LANCES_ROOM,1,22
TILESET_CHAMPIONS_ROOM,14:15:30:31,7,generic_wall_review,5,1,GOLDENROD_BIKE_SHOP,1,2
TILESET_CHAMPIONS_ROOM,150:93:151:150,0,classified_ground,8,1,LANCES_ROOM,8,7
TILESET_CHAMPIONS_ROOM,151:150:151:93,0,classified_ground,8,1,LANCES_ROOM,8,6
TILESET_CHAMPIONS_ROOM,151:150:93:93,0,classified_ground,1,1,LANCES_ROOM,8,22
TILESET_CHAMPIONS_ROOM,151:151:151:151,0,classified_ground,48,1,LANCES_ROOM,3,6
TILESET_CHAMPIONS_ROOM,151:151:93:93,0,classified_ground,4,1,LANCES_ROOM,2,22
TILESET_CHAMPIONS_ROOM,152:153:154:155,7,generic_wall_review,8,1,LANCES_ROOM,2,6
TILESET_CHAMPIONS_ROOM,156:157:158:159,7,generic_wall_review,8,1,LANCES_ROOM,2,7
TILESET_CHAMPIONS_ROOM,161:211:162:210,7,generic_wall_review,1,1,LANCES_ROOM,2,4
TILESET_CHAMPIONS_ROOM,164:209:167:168,0,classified_ground,1,1,LANCES_ROOM,5,2
TILESET_CHAMPIONS_ROOM,169:170:173:174,0,classified_ground,1,1,LANCES_ROOM,4,3
TILESET_CHAMPIONS_ROOM,171:172:175:212,0,classified_ground,1,1,LANCES_ROOM,5,3
TILESET_CHAMPIONS_ROOM,176:176:177:221,7,generic_wall_review,2,1,LANCES_ROOM,7,0
TILESET_CHAMPIONS_ROOM,176:176:180:181,7,generic_wall_review,1,1,LANCES_ROOM,4,0
TILESET_CHAMPIONS_ROOM,176:176:182:183,7,generic_wall_review,1,1,LANCES_ROOM,5,0
TILESET_CHAMPIONS_ROOM,176:176:221:177,7,generic_wall_review,2,1,LANCES_ROOM,1,0
TILESET_CHAMPIONS_ROOM,176:206:177:207,7,generic_wall_review,1,1,LANCES_ROOM,9,0
TILESET_CHAMPIONS_ROOM,178:208:192:205,7,generic_wall_review,1,1,LANCES_ROOM,9,1
TILESET_CHAMPIONS_ROOM,178:222:192:192,7,generic_wall_review,2,1,LANCES_ROOM,7,1
TILESET_CHAMPIONS_ROOM,17:17:17:32,0,classified_ground,1,1,GOLDENROD_BIKE_SHOP,7,1
TILESET_CHAMPIONS_ROOM,17:17:32:32,0,classified_ground,3,1,GOLDENROD_BIKE_SHOP,3,1
TILESET_CHAMPIONS_ROOM,17:32:17:32,0,classified_ground,2,1,GOLDENROD_BIKE_SHOP,7,2
TILESET_CHAMPIONS_ROOM,184:185:188:189,7,generic_wall_review,1,1,LANCES_ROOM,4,1
TILESET_CHAMPIONS_ROOM,186:187:190:191,7,generic_wall_review,1,1,LANCES_ROOM,5,1
TILESET_CHAMPIONS_ROOM,18:19:33:33,7,generic_wall_review,1,1,GOLDENROD_BIKE_SHOP,3,0
TILESET_CHAMPIONS_ROOM,18:19:43:44,7,generic_wall_review,1,1,GOLDENROD_BIKE_SHOP,5,0
TILESET_CHAMPIONS_ROOM,193:194:195:196,7,generic_wall_review,2,1,LANCES_ROOM,3,0
TILESET_CHAMPIONS_ROOM,197:198:197:198,7,generic_wall_review,2,1,LANCES_ROOM,3,1
TILESET_CHAMPIONS_ROOM,199:200:211:211,0,classified_ground,2,1,LANCES_ROOM,3,2
TILESET_CHAMPIONS_ROOM,1:1:33:33,7,generic_wall_review,1,1,GOLDENROD_BIKE_SHOP,7,0
TILESET_CHAMPIONS_ROOM,1:1:37:39,7,generic_wall_review,1,1,GOLDENROD_BIKE_SHOP,6,0
TILESET_CHAMPIONS_ROOM,202:176:203:177,7,generic_wall_review,1,1,LANCES_ROOM,0,0
TILESET_CHAMPIONS_ROOM,204:178:201:192,7,generic_wall_review,1,1,LANCES_ROOM,0,1
TILESET_CHAMPIONS_ROOM,209:163:165:166,0,classified_ground,1,1,LANCES_ROOM,4,2
TILESET_CHAMPIONS_ROOM,210:210:210:211,0,classified_ground,1,1,LANCES_ROOM,2,2
TILESET_CHAMPIONS_ROOM,210:210:211:211,0,classified_ground,1,1,LANCES_ROOM,7,2
TILESET_CHAMPIONS_ROOM,210:211:210:210,0,classified_ground,1,1,LANCES_ROOM,6,4
TILESET_CHAMPIONS_ROOM,210:211:211:210,0,classified_ground,1,1,LANCES_ROOM,7,3
TILESET_CHAMPIONS_ROOM,211:161:211:162,7,generic_wall_review,1,1,LANCES_ROOM,7,4
TILESET_CHAMPIONS_ROOM,211:210:211:211,0,classified_ground,1,1,LANCES_ROOM,2,3
TILESET_CHAMPIONS_ROOM,211:211:210:211,0,classified_ground,1,1,LANCES_ROOM,3,3
TILESET_CHAMPIONS_ROOM,211:211:211:210,0,classified_ground,1,1,LANCES_ROOM,3,4
TILESET_CHAMPIONS_ROOM,211:211:211:211,0,classified_ground,1,1,LANCES_ROOM,6,3
TILESET_CHAMPIONS_ROOM,211:211:59:60,0,classified_ground,1,1,LANCES_ROOM,4,4
TILESET_CHAMPIONS_ROOM,211:211:60:61,0,classified_ground,1,1,LANCES_ROOM,5,4
TILESET_CHAMPIONS_ROOM,222:178:192:192,7,generic_wall_review,2,1,LANCES_ROOM,1,1
TILESET_CHAMPIONS_ROOM,2:3:43:44,7,generic_wall_review,2,1,GOLDENROD_BIKE_SHOP,2,0
TILESET_CHAMPIONS_ROOM,32:32:32:32,0,classified_ground,24,1,GOLDENROD_BIKE_SHOP,4,2
TILESET_CHAMPIONS_ROOM,32:42:32:32,0,classified_ground,2,1,GOLDENROD_BIKE_SHOP,2,2
TILESET_CHAMPIONS_ROOM,34:35:50:51,7,generic_wall_review,1,1,GOLDENROD_BIKE_SHOP,0,1
TILESET_CHAMPIONS_ROOM,35:36:51:52,7,generic_wall_review,1,1,GOLDENROD_BIKE_SHOP,1,1
TILESET_CHAMPIONS_ROOM,37:38:54:55,7,generic_wall_review,1,1,GOLDENROD_BIKE_SHOP,0,0
TILESET_CHAMPIONS_ROOM,37:38:88:89,7,generic_wall_review,4,1,LANCES_ROOM,0,23
TILESET_CHAMPIONS_ROOM,38:38:7:7,144,classified_counter,1,1,GOLDENROD_BIKE_SHOP,7,4
TILESET_CHAMPIONS_ROOM,38:39:55:58,7,generic_wall_review,1,1,GOLDENROD_BIKE_SHOP,1,0
TILESET_CHAMPIONS_ROOM,38:39:88:89,7,generic_wall_review,4,1,LANCES_ROOM,1,23
TILESET_CHAMPIONS_ROOM,40:41:56:57,7,generic_wall_review,2,1,GOLDENROD_BIKE_SHOP,3,2
TILESET_CHAMPIONS_ROOM,45:45:45:45,0,classified_ground,16,1,OLIVINE_GYM,4,6
TILESET_CHAMPIONS_ROOM,46:47:62:63,7,generic_wall_review,2,1,OLIVINE_GYM,3,12
TILESET_CHAMPIONS_ROOM,4:4:20:20,112,classified_ground,4,2,GOLDENROD_BIKE_SHOP,2,7
TILESET_CHAMPIONS_ROOM,53:23:48:49,144,classified_counter,1,1,GOLDENROD_BIKE_SHOP,6,4
TILESET_CHAMPIONS_ROOM,53:23:53:23,144,classified_counter,2,1,GOLDENROD_BIKE_SHOP,6,2
TILESET_CHAMPIONS_ROOM,59:60:59:60,0,classified_ground,18,1,LANCES_ROOM,4,6
TILESET_CHAMPIONS_ROOM,5:6:21:22,7,generic_wall_review,3,1,GOLDENROD_BIKE_SHOP,2,1
TILESET_CHAMPIONS_ROOM,60:61:60:61,0,classified_ground,18,1,LANCES_ROOM,5,6
TILESET_CHAMPIONS_ROOM,66:83:82:66,7,generic_wall_review,1,1,OLIVINE_GYM,7,2
TILESET_CHAMPIONS_ROOM,68:68:68:68,7,generic_wall_review,2,1,OLIVINE_GYM,3,5
TILESET_CHAMPIONS_ROOM,69:82:68:69,7,generic_wall_review,1,1,OLIVINE_GYM,7,5
TILESET_CHAMPIONS_ROOM,70:71:86:87,7,generic_wall_review,54,1,OLIVINE_GYM,1,0
TILESET_CHAMPIONS_ROOM,72:72:81:81,178,classified_ground,4,1,OLIVINE_GYM,3,2
TILESET_CHAMPIONS_ROOM,78:79:94:95,7,generic_wall_review,2,1,OLIVINE_GYM,3,13
TILESET_CHAMPIONS_ROOM,80:67:67:68,7,generic_wall_review,1,1,OLIVINE_GYM,2,5
TILESET_CHAMPIONS_ROOM,80:80:80:80,7,generic_wall_review,2,1,OLIVINE_GYM,2,3
TILESET_CHAMPIONS_ROOM,81:81:81:81,0,classified_ground,8,1,OLIVINE_GYM,3,3
TILESET_CHAMPIONS_ROOM,82:82:82:82,7,generic_wall_review,2,1,OLIVINE_GYM,7,3
TILESET_CHAMPIONS_ROOM,83:64:64:80,7,generic_wall_review,1,1,OLIVINE_GYM,2,2
TILESET_CHAMPIONS_ROOM,83:83:83:83,0,classified_ground,28,1,OLIVINE_GYM,3,7
TILESET_CHAMPIONS_ROOM,84:85:84:85,0,classified_ground,2,1,OLIVINE_GYM,4,5
TILESET_CHAMPIONS_ROOM,8:9:24:25,144,classified_counter,1,1,GOLDENROD_BIKE_SHOP,6,1
TILESET_CHAMPIONS_ROOM,93:133:93:134,7,generic_wall_review,11,1,LANCES_ROOM,9,2
TILESET_CHAMPIONS_ROOM,93:135:93:132,7,generic_wall_review,10,1,LANCES_ROOM,9,3
TILESET_CHAMPIONS_ROOM,93:149:149:151,0,classified_ground,8,1,LANCES_ROOM,1,7
TILESET_DARK_CAVE,10:38:23:10,7,generic_wall_review,83,15,DARK_CAVE_BLACKTHORN_ENTRANCE,3,1
TILESET_DARK_CAVE,10:38:23:20,41,classified_water,24,5,DARK_CAVE_BLACKTHORN_ENTRANCE,24,8
TILESET_DARK_CAVE,12:13:28:29,7,classified_rock,18,9,DARK_CAVE_BLACKTHORN_ENTRANCE,7,13
TILESET_DARK_CAVE,12:13:28:29,7,generic_wall_review,922,15,DARK_CAVE_BLACKTHORN_ENTRANCE,4,2
TILESET_DARK_CAVE,14:15:30:31,123,classified_ground,7,5,DARK_CAVE_VIOLET_ENTRANCE,17,1
TILESET_DARK_CAVE,1:1:1:1,0,classified_ground,2401,17,DARK_CAVE_BLACKTHORN_ENTRANCE,6,2
TILESET_DARK_CAVE,1:1:1:1,112,classified_ground,28,13,DARK_CAVE_BLACKTHORN_ENTRANCE,23,3
TILESET_DARK_CAVE,1:1:1:1,160,classified_ledge,18,4,MOUNT_MORTAR_1F_INSIDE,4,22
TILESET_DARK_CAVE,1:1:1:1,161,classified_ledge,22,4,DARK_CAVE_BLACKTHORN_ENTRANCE,7,20
TILESET_DARK_CAVE,1:1:1:1,163,classified_ledge,72,6,DARK_CAVE_BLACKTHORN_ENTRANCE,4,4
TILESET_DARK_CAVE,1:1:1:1,164,classified_ledge,4,3,MOUNT_MORTAR_1F_INSIDE,32,30
TILESET_DARK_CAVE,1:1:1:1,165,classified_ledge,1,1,MOUNT_MORTAR_1F_INSIDE,23,34
TILESET_DARK_CAVE,1:1:38:38,7,generic_wall_review,77,6,DARK_CAVE_BLACKTHORN_ENTRANCE,4,5
TILESET_DARK_CAVE,1:23:1:23,7,generic_wall_review,22,5,MOUNT_MORTAR_1F_INSIDE,5,22
TILESET_DARK_CAVE,1:23:38:39,7,generic_wall_review,4,3,MOUNT_MORTAR_1F_INSIDE,33,31
TILESET_DARK_CAVE,1:5:5:21,7,generic_wall_review,136,17,DARK_CAVE_BLACKTHORN_ENTRANCE,10,4
TILESET_DARK_CAVE,20:20:20:20,41,classified_water,979,9,DARK_CAVE_BLACKTHORN_ENTRANCE,25,9
TILESET_DARK_CAVE,20:21:20:21,41,classified_water,109,7,DARK_CAVE_VIOLET_ENTRANCE,15,2
TILESET_DARK_CAVE,20:37:20:20,41,classified_water,13,6,DARK_CAVE_VIOLET_ENTRANCE,15,6
TILESET_DARK_CAVE,21:1:21:1,7,generic_wall_review,23,4,DARK_CAVE_BLACKTHORN_ENTRANCE,6,20
TILESET_DARK_CAVE,21:1:37:38,7,generic_wall_review,1,1,MOUNT_MORTAR_1F_INSIDE,22,35
TILESET_DARK_CAVE,21:21:21:21,7,generic_wall_review,730,17,DARK_CAVE_BLACKTHORN_ENTRANCE,12,2
TILESET_DARK_CAVE,21:22:37:38,7,generic_wall_review,45,11,DARK_CAVE_VIOLET_ENTRANCE,24,5
TILESET_DARK_CAVE,21:37:37:38,7,generic_wall_review,132,15,DARK_CAVE_BLACKTHORN_ENTRANCE,12,3
TILESET_DARK_CAVE,22:22:22:22,0,classified_ground,5841,17,DARK_CAVE_BLACKTHORN_ENTRANCE,0,0
TILESET_DARK_CAVE,22:23:38:39,7,generic_wall_review,45,11,DARK_CAVE_VIOLET_ENTRANCE,25,5
TILESET_DARK_CAVE,23:20:23:20,41,classified_water,120,8,DARK_CAVE_BLACKTHORN_ENTRANCE,24,9
TILESET_DARK_CAVE,23:23:23:23,7,generic_wall_review,718,17,DARK_CAVE_BLACKTHORN_ENTRANCE,3,2
TILESET_DARK_CAVE,26:27:22:22,7,classified_rock,19,13,DARK_CAVE_BLACKTHORN_ENTRANCE,23,4
TILESET_DARK_CAVE,32:33:48:49,114,classified_ground,13,7,MOUNT_MORTAR_1F_INSIDE,3,19
TILESET_DARK_CAVE,34:35:50:51,114,classified_ground,7,4,MOUNT_MORTAR_1F_OUTSIDE,7,13
TILESET_DARK_CAVE,36:36:22:22,178,classified_ground,801,17,DARK_CAVE_BLACKTHORN_ENTRANCE,11,4
TILESET_DARK_CAVE,36:7:22:23,7,generic_wall_review,45,11,DARK_CAVE_VIOLET_ENTRANCE,25,4
TILESET_DARK_CAVE,37:38:37:38,7,generic_wall_review,100,3,MOUNT_MORTAR_1F_OUTSIDE,0,0
TILESET_DARK_CAVE,38:11:11:21,7,generic_wall_review,65,14,DARK_CAVE_BLACKTHORN_ENTRANCE,12,1
TILESET_DARK_CAVE,38:11:20:21,41,classified_water,19,4,MOUNT_MORTAR_2F_INSIDE,9,8
TILESET_DARK_CAVE,38:38:20:20,41,classified_water,103,7,DARK_CAVE_BLACKTHORN_ENTRANCE,25,8
TILESET_DARK_CAVE,38:38:38:38,7,generic_wall_review,1318,17,DARK_CAVE_BLACKTHORN_ENTRANCE,4,1
TILESET_DARK_CAVE,38:39:38:39,7,generic_wall_review,102,3,MOUNT_MORTAR_1F_OUTSIDE,27,0
TILESET_DARK_CAVE,39:20:20:20,41,classified_water,17,6,DARK_CAVE_BLACKTHORN_ENTRANCE,24,12
TILESET_DARK_CAVE,39:23:38:39,7,generic_wall_review,150,16,DARK_CAVE_BLACKTHORN_ENTRANCE,3,3
TILESET_DARK_CAVE,40:41:56:57,114,classified_ground,12,7,MOUNT_MORTAR_1F_INSIDE,5,39
TILESET_DARK_CAVE,42:43:58:59,114,classified_ground,8,4,MOUNT_MORTAR_1F_INSIDE,9,9
TILESET_DARK_CAVE,54:55:54:55,0,classified_ground,39,10,DARK_CAVE_BLACKTHORN_ENTRANCE,19,7
TILESET_DARK_CAVE,5:36:21:22,7,generic_wall_review,45,11,DARK_CAVE_VIOLET_ENTRANCE,24,4
TILESET_DARK_CAVE,64:64:64:64,51,generic_wall_review,72,2,MOUNT_MORTAR_1F_OUTSIDE,16,18
TILESET_DARK_CAVE,7:1:23:7,7,generic_wall_review,130,16,DARK_CAVE_BLACKTHORN_ENTRANCE,25,4
TILESET_ELITE_FOUR_ROOM,0:0:0:0,7,generic_wall_review,520,3,GOLDENROD_UNDERGROUND_SWITCH_ROOM_ENTRANCES,26,0
TILESET_ELITE_FOUR_ROOM,10:31:31:31,0,classified_ground,7,2,AZALEA_GYM,5,7
TILESET_ELITE_FOUR_ROOM,11:12:27:28,7,generic_wall_review,7,2,AZALEA_GYM,4,6
TILESET_ELITE_FOUR_ROOM,13:31:29:31,7,generic_wall_review,7,2,AZALEA_GYM,5,6
TILESET_ELITE_FOUR_ROOM,14:14:92:14,7,generic_wall_review,8,1,WILLS_ROOM,1,8
TILESET_ELITE_FOUR_ROOM,14:93:14:90,7,generic_wall_review,8,1,WILLS_ROOM,0,8
TILESET_ELITE_FOUR_ROOM,16:16:16:16,7,generic_wall_review,173,6,BRUNOS_ROOM,0,2
TILESET_ELITE_FOUR_ROOM,17:17:1:1,0,classified_ground,60,6,BRUNOS_ROOM,0,3
TILESET_ELITE_FOUR_ROOM,19:19:18:18,7,generic_wall_review,28,2,KARENS_ROOM,0,7
TILESET_ELITE_FOUR_ROOM,19:19:18:18,96,classified_ground,3,1,BLACKTHORN_GYM_2F,8,3
TILESET_ELITE_FOUR_ROOM,19:19:19:19,7,generic_wall_review,8,1,WILLS_ROOM,0,6
TILESET_ELITE_FOUR_ROOM,1:1:1:1,0,classified_ground,626,9,BLACKTHORN_GYM_1F,3,2
TILESET_ELITE_FOUR_ROOM,26:26:26:26,7,generic_wall_review,12,1,GOLDENROD_UNDERGROUND_SWITCH_ROOM_ENTRANCES,2,7
TILESET_ELITE_FOUR_ROOM,2:2:2:2,7,generic_wall_review,14,2,BLACKTHORN_GYM_1F,1,3
TILESET_ELITE_FOUR_ROOM,2:2:2:56,7,generic_wall_review,12,2,BLACKTHORN_GYM_1F,0,1
TILESET_ELITE_FOUR_ROOM,2:2:2:91,7,generic_wall_review,14,2,BLACKTHORN_GYM_1F,0,3
TILESET_ELITE_FOUR_ROOM,2:2:56:2,7,generic_wall_review,19,2,BLACKTHORN_GYM_1F,0,2
TILESET_ELITE_FOUR_ROOM,2:2:91:2,7,generic_wall_review,3,1,BLACKTHORN_GYM_1F,2,5
TILESET_ELITE_FOUR_ROOM,2:91:2:2,7,generic_wall_review,9,2,BLACKTHORN_GYM_1F,1,1
TILESET_ELITE_FOUR_ROOM,30:31:31:31,0,classified_ground,22,2,AZALEA_GYM,0,3
TILESET_ELITE_FOUR_ROOM,31:31:30:30,0,classified_ground,22,2,AZALEA_GYM,1,3
TILESET_ELITE_FOUR_ROOM,31:31:30:31,0,classified_ground,22,2,AZALEA_GYM,1,2
TILESET_ELITE_FOUR_ROOM,31:31:31:31,0,classified_ground,22,2,AZALEA_GYM,0,2
TILESET_ELITE_FOUR_ROOM,32:33:48:49,7,generic_wall_review,18,9,AZALEA_GYM,3,12
TILESET_ELITE_FOUR_ROOM,34:35:50:51,7,generic_wall_review,18,9,AZALEA_GYM,3,13
TILESET_ELITE_FOUR_ROOM,37:38:53:54,7,generic_wall_review,15,1,GOLDENROD_UNDERGROUND_SWITCH_ROOM_ENTRANCES,6,7
TILESET_ELITE_FOUR_ROOM,37:39:53:55,7,generic_wall_review,138,5,BRUNOS_ROOM,1,0
TILESET_ELITE_FOUR_ROOM,39:38:55:54,7,generic_wall_review,138,5,BRUNOS_ROOM,0,0
TILESET_ELITE_FOUR_ROOM,3:3:3:3,0,classified_ground,352,3,AZALEA_GYM,3,5
TILESET_ELITE_FOUR_ROOM,40:40:40:40,0,classified_ground,16,1,MAHOGANY_GYM,0,2
TILESET_ELITE_FOUR_ROOM,42:43:58:59,7,generic_wall_review,82,3,BLACKTHORN_GYM_2F,0,0
TILESET_ELITE_FOUR_ROOM,44:45:60:61,114,classified_ground,3,2,BLACKTHORN_GYM_1F,1,7
TILESET_ELITE_FOUR_ROOM,46:47:31:31,0,classified_ground,7,2,AZALEA_GYM,4,7
TILESET_ELITE_FOUR_ROOM,4:4:20:20,112,classified_ground,20,9,AZALEA_GYM,4,15
TILESET_ELITE_FOUR_ROOM,52:52:52:52,7,generic_wall_review,10,1,MAHOGANY_GYM,0,1
TILESET_ELITE_FOUR_ROOM,56:2:91:2,7,generic_wall_review,14,2,BLACKTHORN_GYM_1F,1,2
TILESET_ELITE_FOUR_ROOM,57:57:2:2,7,generic_wall_review,4,1,BLACKTHORN_GYM_1F,5,5
TILESET_ELITE_FOUR_ROOM,57:57:2:91,7,generic_wall_review,7,1,BLACKTHORN_GYM_1F,3,5
TILESET_ELITE_FOUR_ROOM,57:57:57:57,7,generic_wall_review,42,4,BLACKTHORN_GYM_1F,0,0
TILESET_ELITE_FOUR_ROOM,5:6:21:22,35,classified_ground,102,1,MAHOGANY_GYM,1,2
TILESET_ELITE_FOUR_ROOM,62:63:23:24,7,generic_wall_review,83,3,AZALEA_GYM,0,1
TILESET_ELITE_FOUR_ROOM,64:65:66:67,114,classified_ground,5,3,BLACKTHORN_GYM_2F,1,7
TILESET_ELITE_FOUR_ROOM,72:73:74:75,113,classified_ground,2,1,GOLDENROD_UNDERGROUND_SWITCH_ROOM_ENTRANCES,22,10
TILESET_ELITE_FOUR_ROOM,72:73:74:75,7,generic_wall_review,8,4,BRUNOS_ROOM,4,2
TILESET_ELITE_FOUR_ROOM,76:77:16:16,7,generic_wall_review,4,1,GOLDENROD_UNDERGROUND_SWITCH_ROOM_ENTRANCES,2,1
TILESET_ELITE_FOUR_ROOM,78:79:94:95,7,generic_wall_review,2,1,BLACKTHORN_GYM_1F,4,2
TILESET_ELITE_FOUR_ROOM,7:8:23:24,7,generic_wall_review,117,3,AZALEA_GYM,0,0
TILESET_ELITE_FOUR_ROOM,80:80:36:36,7,generic_wall_review,18,2,MAHOGANY_GYM,0,0
TILESET_ELITE_FOUR_ROOM,81:81:82:82,0,classified_ground,24,3,BRUNOS_ROOM,0,5
TILESET_ELITE_FOUR_ROOM,82:82:82:82,0,classified_ground,96,3,BRUNOS_ROOM,2,6
TILESET_ELITE_FOUR_ROOM,83:84:83:84,0,classified_ground,8,4,BRUNOS_ROOM,4,4
TILESET_ELITE_FOUR_ROOM,85:86:87:88,7,generic_wall_review,12,1,VIOLET_GYM,2,2
TILESET_ELITE_FOUR_ROOM,89:83:89:83,0,classified_ground,8,4,BRUNOS_ROOM,5,4
TILESET_ELITE_FOUR_ROOM,91:2:2:2,7,generic_wall_review,5,1,BLACKTHORN_GYM_1F,2,2
TILESET_ELITE_FOUR_ROOM,92:14:14:14,7,generic_wall_review,8,1,WILLS_ROOM,0,9
TILESET_ELITE_FOUR_ROOM,93:90:90:14,7,generic_wall_review,8,1,WILLS_ROOM,1,9
TILESET_FACILITY,10:11:26:27,7,modeled_prop,42,6,MR_POKEMONS_HOUSE,6,1
TILESET_FACILITY,11:75:27:91,7,modeled_prop,3,1,TEAM_ROCKET_BASE_B2F,14,5
TILESET_FACILITY,12:13:12:13,0,classified_ground,16,2,MR_POKEMONS_HOUSE,6,2
TILESET_FACILITY,14:15:30:31,0,classified_ground,22,4,MR_POKEMONS_HOUSE,3,4
TILESET_FACILITY,16:17:32:33,114,classified_ground,6,3,TEAM_ROCKET_BASE_B2F,3,14
TILESET_FACILITY,1:1:1:1,0,classified_ground,36,1,TRAINER_HOUSE_B1F,2,8
TILESET_FACILITY,1:38:38:1,0,classified_ground,867,7,MR_POKEMONS_HOUSE,4,1
TILESET_FACILITY,28:28:28:28,0,classified_ground,74,1,POWER_PLANT,11,1
TILESET_FACILITY,2:3:18:19,7,modeled_prop,11,5,MR_POKEMONS_HOUSE,6,4
TILESET_FACILITY,34:34:34:34,7,generic_wall_review,35,5,MR_POKEMONS_HOUSE,2,0
TILESET_FACILITY,34:34:64:66,7,generic_wall_review,3,3,POWER_PLANT,10,0
TILESET_FACILITY,34:34:92:93,7,generic_wall_review,1,1,RUINS_OF_ALPH_RESEARCH_CENTER,7,0
TILESET_FACILITY,35:36:87:88,7,modeled_prop,6,3,MR_POKEMONS_HOUSE,2,1
TILESET_FACILITY,36:37:88:89,7,modeled_prop,6,3,MR_POKEMONS_HOUSE,3,1
TILESET_FACILITY,39:39:55:55,112,classified_ground,8,4,MR_POKEMONS_HOUSE,2,7
TILESET_FACILITY,40:41:40:41,145,generic_wall_review,7,4,MR_POKEMONS_HOUSE,1,1
TILESET_FACILITY,40:41:42:43,145,modeled_prop,7,4,MR_POKEMONS_HOUSE,0,1
TILESET_FACILITY,44:45:60:61,7,modeled_prop,19,6,MR_POKEMONS_HOUSE,0,6
TILESET_FACILITY,46:47:62:63,7,modeled_prop,19,6,MR_POKEMONS_HOUSE,0,7
TILESET_FACILITY,48:49:24:25,114,classified_ground,4,1,TEAM_ROCKET_BASE_B2F,3,2
TILESET_FACILITY,4:5:20:21,7,modeled_prop,11,5,MR_POKEMONS_HOUSE,7,4
TILESET_FACILITY,50:51:67:68,122,classified_ground,1,1,SILPH_CO_1F,13,0
TILESET_FACILITY,56:56:57:57,0,classified_ground,24,1,TEAM_ROCKET_BASE_B2F,8,5
TILESET_FACILITY,59:59:59:59,7,generic_wall_review,4,2,TEAM_ROCKET_BASE_B2F,14,12
TILESET_FACILITY,64:65:76:77,144,classified_counter,4,2,TEAM_ROCKET_BASE_B2F,2,8
TILESET_FACILITY,64:65:76:77,7,generic_wall_review,26,4,POWER_PLANT,7,13
TILESET_FACILITY,64:65:80:72,7,generic_wall_review,5,3,POWER_PLANT,4,8
TILESET_FACILITY,64:65:80:81,7,generic_wall_review,5,4,MR_POKEMONS_HOUSE,4,4
TILESET_FACILITY,64:66:10:11,7,modeled_prop,30,6,MR_POKEMONS_HOUSE,6,0
TILESET_FACILITY,64:66:40:41,7,generic_wall_review,7,4,MR_POKEMONS_HOUSE,1,0
TILESET_FACILITY,64:66:40:41,7,modeled_prop,7,4,MR_POKEMONS_HOUSE,0,0
TILESET_FACILITY,64:66:80:82,7,generic_wall_review,28,4,POWER_PLANT,10,5
TILESET_FACILITY,65:65:77:77,144,classified_counter,4,2,TEAM_ROCKET_BASE_B2F,3,8
TILESET_FACILITY,65:65:77:77,7,generic_wall_review,190,5,POWER_PLANT,0,13
TILESET_FACILITY,65:65:81:81,7,generic_wall_review,4,3,POWER_PLANT,4,3
TILESET_FACILITY,65:66:73:82,7,generic_wall_review,5,3,POWER_PLANT,5,8
TILESET_FACILITY,65:66:77:78,144,classified_counter,8,4,SILPH_CO_1F,4,3
TILESET_FACILITY,65:66:77:78,7,generic_wall_review,21,4,POWER_PLANT,4,13
TILESET_FACILITY,65:66:81:82,7,generic_wall_review,5,4,MR_POKEMONS_HOUSE,5,4
TILESET_FACILITY,69:59:85:59,7,generic_wall_review,9,2,POWER_PLANT,17,6
TILESET_FACILITY,69:69:85:85,7,modeled_prop,12,2,POWER_PLANT,12,6
TILESET_FACILITY,69:70:85:86,7,generic_wall_review,9,2,POWER_PLANT,16,6
TILESET_FACILITY,69:70:85:86,7,modeled_prop,3,1,TEAM_ROCKET_BASE_B2F,14,4
TILESET_FACILITY,6:7:38:1,0,classified_ground,16,5,MR_POKEMONS_HOUSE,6,5
TILESET_FACILITY,70:69:86:85,7,modeled_prop,9,2,POWER_PLANT,13,6
TILESET_FACILITY,73:82:58:84,7,generic_wall_review,1,1,MR_POKEMONS_HOUSE,5,5
TILESET_FACILITY,74:59:90:59,7,generic_wall_review,9,2,POWER_PLANT,17,7
TILESET_FACILITY,74:75:90:91,7,generic_wall_review,9,2,POWER_PLANT,16,7
TILESET_FACILITY,75:10:91:26,7,modeled_prop,9,2,POWER_PLANT,13,7
TILESET_FACILITY,80:72:83:58,7,generic_wall_review,1,1,MR_POKEMONS_HOUSE,4,5
TILESET_FACILITY,80:81:83:58,7,generic_wall_review,4,3,POWER_PLANT,3,4
TILESET_FACILITY,80:82:26:27,144,classified_counter,8,4,SILPH_CO_1F,5,3
TILESET_FACILITY,80:82:26:27,7,generic_wall_review,8,4,POWER_PLANT,10,3
TILESET_FACILITY,80:82:80:82,144,classified_counter,9,4,SILPH_CO_1F,5,1
TILESET_FACILITY,80:82:80:82,7,generic_wall_review,134,4,POWER_PLANT,10,1
TILESET_FACILITY,81:81:58:58,7,generic_wall_review,4,3,POWER_PLANT,4,4
TILESET_FACILITY,81:82:58:84,7,generic_wall_review,4,3,POWER_PLANT,5,4
TILESET_FACILITY,8:9:38:1,0,classified_ground,16,5,MR_POKEMONS_HOUSE,7,5
TILESET_FACILITY,94:95:22:23,7,generic_wall_review,1,1,RUINS_OF_ALPH_RESEARCH_CENTER,7,1
TILESET_FOREST,12:13:28:29,7,classified_foresttree,247,1,ILEX_FOREST,6,0
TILESET_FOREST,14:15:30:31,7,classified_foresttree,247,1,ILEX_FOREST,7,0
TILESET_FOREST,16:17:32:33,7,generic_wall_review,2,1,ILEX_FOREST,0,0
TILESET_FOREST,16:18:48:50,7,classified_fence,1,1,ILEX_FOREST,8,22
TILESET_FOREST,17:17:33:33,7,generic_wall_review,8,1,ILEX_FOREST,1,0
TILESET_FOREST,17:18:33:34,7,generic_wall_review,2,1,ILEX_FOREST,5,0
TILESET_FOREST,19:19:19:19,126,classified_ground,2,1,ILEX_FOREST,3,42
TILESET_FOREST,1:6:21:22,7,classified_fence,1,1,ILEX_FOREST,3,17
TILESET_FOREST,20:20:20:20,41,classified_water,16,1,ILEX_FOREST,5,9
TILESET_FOREST,20:25:20:25,41,classified_water,5,1,ILEX_FOREST,9,9
TILESET_FOREST,21:22:5:5,0,classified_ground,1,1,ILEX_FOREST,8,23
TILESET_FOREST,25:5:25:5,7,classified_fence,3,1,ILEX_FOREST,14,14
TILESET_FOREST,25:5:41:42,7,generic_wall_review,1,1,ILEX_FOREST,22,23
TILESET_FOREST,27:20:27:20,41,classified_water,5,1,ILEX_FOREST,4,9
TILESET_FOREST,32:33:32:33,7,generic_wall_review,2,1,ILEX_FOREST,0,1
TILESET_FOREST,32:33:48:49,7,generic_wall_review,2,1,ILEX_FOREST,0,2
TILESET_FOREST,33:33:33:33,7,generic_wall_review,8,1,ILEX_FOREST,1,1
TILESET_FOREST,33:33:49:49,7,generic_wall_review,8,1,ILEX_FOREST,1,2
TILESET_FOREST,33:34:33:34,7,generic_wall_review,2,1,ILEX_FOREST,5,1
TILESET_FOREST,33:34:49:50,7,generic_wall_review,2,1,ILEX_FOREST,5,2
TILESET_FOREST,35:36:35:36,7,generic_wall_review,2,1,ILEX_FOREST,0,4
TILESET_FOREST,35:36:35:4,7,generic_wall_review,2,1,ILEX_FOREST,0,3
TILESET_FOREST,35:36:51:52,7,generic_wall_review,2,1,ILEX_FOREST,0,5
TILESET_FOREST,36:36:36:36,7,generic_wall_review,8,1,ILEX_FOREST,1,4
TILESET_FOREST,36:36:36:4,7,generic_wall_review,4,1,ILEX_FOREST,2,3
TILESET_FOREST,36:36:4:36,7,generic_wall_review,4,1,ILEX_FOREST,1,3
TILESET_FOREST,36:36:52:52,7,generic_wall_review,7,1,ILEX_FOREST,2,5
TILESET_FOREST,36:37:36:37,7,generic_wall_review,2,1,ILEX_FOREST,5,4
TILESET_FOREST,36:37:4:37,7,generic_wall_review,2,1,ILEX_FOREST,5,3
TILESET_FOREST,36:37:52:53,7,generic_wall_review,2,1,ILEX_FOREST,5,5
TILESET_FOREST,38:39:54:55,21,classified_bush,152,1,ILEX_FOREST,12,0
TILESET_FOREST,3:5:5:5,0,classified_ground,22,1,ILEX_FOREST,24,1
TILESET_FOREST,40:57:56:58,18,classified_bush,1,1,ILEX_FOREST,8,25
TILESET_FOREST,42:11:20:25,41,classified_water,1,1,ILEX_FOREST,9,8
TILESET_FOREST,42:42:20:20,41,classified_water,4,1,ILEX_FOREST,5,8
TILESET_FOREST,44:45:60:61,7,classified_foresttree,247,1,ILEX_FOREST,6,1
TILESET_FOREST,46:47:62:63,7,classified_foresttree,247,1,ILEX_FOREST,7,1
TILESET_FOREST,5:27:42:43,7,generic_wall_review,1,1,ILEX_FOREST,27,23
TILESET_FOREST,5:27:5:27,7,generic_wall_review,1,1,ILEX_FOREST,27,22
TILESET_FOREST,5:5:42:42,7,generic_wall_review,6,1,ILEX_FOREST,22,3
TILESET_FOREST,5:5:5:3,0,classified_ground,22,1,ILEX_FOREST,24,0
TILESET_FOREST,5:5:5:5,0,classified_ground,306,1,ILEX_FOREST,15,0
TILESET_FOREST,5:5:5:5,161,classified_ledge,2,1,ILEX_FOREST,15,14
TILESET_FOREST,5:5:5:5,163,classified_ledge,4,1,ILEX_FOREST,22,2
TILESET_FOREST,5:5:5:5,164,classified_ledge,1,1,ILEX_FOREST,26,22
TILESET_FOREST,5:5:5:5,165,classified_ledge,1,1,ILEX_FOREST,23,22
TILESET_FOREST,7:8:23:24,113,classified_ground,1,1,ILEX_FOREST,1,5
TILESET_FOREST,9:42:27:20,41,classified_water,1,1,ILEX_FOREST,4,8
TILESET_GAME_CORNER,10:11:26:27,0,classified_ground,96,5,CELADON_CAFE,1,2
TILESET_GAME_CORNER,128:129:144:145,144,classified_counter,7,2,CELADON_GAME_CORNER,0,5
TILESET_GAME_CORNER,130:131:146:147,144,classified_counter,7,2,CELADON_GAME_CORNER,1,5
TILESET_GAME_CORNER,133:134:133:134,144,classified_counter,4,2,CELADON_GAME_CORNER,7,1
TILESET_GAME_CORNER,135:136:151:152,7,generic_wall_review,1,1,CELADON_GAME_CORNER_PRIZE_ROOM,0,0
TILESET_GAME_CORNER,13:47:12:29,7,generic_wall_review,2,2,OLIVINE_CAFE,3,2
TILESET_GAME_CORNER,140:141:153:154,7,generic_wall_review,1,1,GOLDENROD_GAME_CORNER,11,1
TILESET_GAME_CORNER,141:142:155:156,7,generic_wall_review,1,1,GOLDENROD_GAME_CORNER,12,1
TILESET_GAME_CORNER,148:134:30:31,144,classified_counter,2,2,CELADON_GAME_CORNER,7,3
TILESET_GAME_CORNER,14:14:30:30,144,classified_counter,28,6,CELADON_CAFE,9,5
TILESET_GAME_CORNER,160:161:144:145,144,classified_counter,28,2,CELADON_GAME_CORNER,0,6
TILESET_GAME_CORNER,160:161:144:145,7,modeled_prop,7,2,CELADON_GAME_CORNER,0,10
TILESET_GAME_CORNER,162:163:146:147,144,classified_counter,28,2,CELADON_GAME_CORNER,1,6
TILESET_GAME_CORNER,162:163:146:147,7,modeled_prop,7,2,CELADON_GAME_CORNER,1,10
TILESET_GAME_CORNER,166:167:34:35,7,modeled_prop,8,2,CELADON_GAME_CORNER,14,2
TILESET_GAME_CORNER,176:177:192:193,7,modeled_prop,7,2,CELADON_GAME_CORNER,0,11
TILESET_GAME_CORNER,178:179:194:195,7,modeled_prop,7,2,CELADON_GAME_CORNER,1,11
TILESET_GAME_CORNER,180:181:50:51,7,generic_wall_review,1,1,GOLDENROD_GAME_CORNER,3,1
TILESET_GAME_CORNER,1:16:13:47,7,generic_wall_review,2,1,CELADON_CAFE,3,1
TILESET_GAME_CORNER,1:16:17:18,0,classified_ground,531,7,CELADON_CAFE,0,1
TILESET_GAME_CORNER,1:16:46:13,7,generic_wall_review,2,1,CELADON_CAFE,2,1
TILESET_GAME_CORNER,1:16:52:53,0,classified_ground,2,2,CELADON_GAME_CORNER,4,2
TILESET_GAME_CORNER,20:132:61:30,144,classified_counter,4,4,CELADON_CAFE,8,5
TILESET_GAME_CORNER,20:21:20:21,144,classified_counter,14,4,CELADON_CAFE,8,1
TILESET_GAME_CORNER,22:23:38:39,7,modeled_prop,7,3,CELADON_CAFE,10,0
TILESET_GAME_CORNER,23:24:39:40,7,modeled_prop,7,3,CELADON_CAFE,11,0
TILESET_GAME_CORNER,25:44:41:60,7,modeled_prop,11,4,CELADON_GAME_CORNER,12,2
TILESET_GAME_CORNER,28:32:28:48,7,generic_wall_review,2,1,CELADON_CAFE,2,2
TILESET_GAME_CORNER,2:2:137:138,7,generic_wall_review,1,1,GOLDENROD_GAME_CORNER,11,0
TILESET_GAME_CORNER,2:2:138:139,7,generic_wall_review,1,1,GOLDENROD_GAME_CORNER,12,0
TILESET_GAME_CORNER,2:2:149:150,7,generic_wall_review,2,2,CELADON_GAME_CORNER,7,0
TILESET_GAME_CORNER,2:2:164:165,7,generic_wall_review,1,1,GOLDENROD_GAME_CORNER,3,0
TILESET_GAME_CORNER,2:2:2:2,7,generic_wall_review,40,5,CELADON_CAFE,0,0
TILESET_GAME_CORNER,2:2:4:5,7,generic_wall_review,4,4,CELADON_CAFE,8,0
TILESET_GAME_CORNER,33:29:49:29,7,generic_wall_review,2,1,CELADON_CAFE,3,2
TILESET_GAME_CORNER,3:3:19:19,112,classified_ground,14,7,CELADON_CAFE,6,7
TILESET_GAME_CORNER,42:43:58:59,7,modeled_prop,8,2,CELADON_GAME_CORNER,14,3
TILESET_GAME_CORNER,45:45:45:45,7,generic_wall_review,6,1,VERMILION_GYM,0,1
TILESET_GAME_CORNER,45:76:45:76,7,generic_wall_review,3,1,VERMILION_GYM,1,1
TILESET_GAME_CORNER,46:13:28:12,7,generic_wall_review,2,2,OLIVINE_CAFE,2,2
TILESET_GAME_CORNER,54:55:17:18,0,classified_ground,7,3,CELADON_CAFE,10,1
TILESET_GAME_CORNER,55:56:17:18,0,classified_ground,7,3,CELADON_CAFE,11,1
TILESET_GAME_CORNER,57:15:36:37,7,modeled_prop,11,4,CELADON_GAME_CORNER,12,3
TILESET_GAME_CORNER,62:80:168:78,7,generic_wall_review,4,3,CELADON_CAFE,2,3
TILESET_GAME_CORNER,64:65:30:30,144,classified_counter,2,2,CELADON_GAME_CORNER,4,3
TILESET_GAME_CORNER,66:67:82:83,7,modeled_prop,2,1,VERMILION_GYM,3,14
TILESET_GAME_CORNER,68:69:84:85,7,modeled_prop,2,1,VERMILION_GYM,3,15
TILESET_GAME_CORNER,6:7:8:9,7,generic_wall_review,3,2,CELADON_CAFE,5,0
TILESET_GAME_CORNER,70:71:86:87,7,generic_wall_review,16,2,CELADON_CAFE,7,1
TILESET_GAME_CORNER,72:73:75:45,7,generic_wall_review,1,1,VERMILION_GYM,8,0
TILESET_GAME_CORNER,72:73:88:89,7,generic_wall_review,2,1,VERMILION_GYM,0,4
TILESET_GAME_CORNER,73:73:45:45,7,generic_wall_review,2,1,VERMILION_GYM,0,0
TILESET_GAME_CORNER,73:73:89:89,7,generic_wall_review,4,1,VERMILION_GYM,1,4
TILESET_GAME_CORNER,73:74:45:76,7,generic_wall_review,1,1,VERMILION_GYM,1,0
TILESET_GAME_CORNER,73:74:89:90,7,generic_wall_review,2,1,VERMILION_GYM,3,4
TILESET_GAME_CORNER,75:45:75:45,7,generic_wall_review,3,1,VERMILION_GYM,8,1
TILESET_GAME_CORNER,77:77:196:81,7,generic_wall_review,2,1,CELADON_GAME_CORNER_PRIZE_ROOM,2,0
TILESET_GAME_CORNER,77:77:77:77,7,generic_wall_review,3,1,CELADON_GAME_CORNER_PRIZE_ROOM,1,0
TILESET_GAME_CORNER,77:77:91:91,7,generic_wall_review,10,1,VERMILION_GYM,2,0
TILESET_GAME_CORNER,77:93:91:95,7,generic_wall_review,2,1,VERMILION_GYM,3,5
TILESET_GAME_CORNER,80:63:79:169,7,generic_wall_review,4,3,CELADON_CAFE,3,3
TILESET_GAME_CORNER,92:77:94:91,7,generic_wall_review,2,1,VERMILION_GYM,0,5
TILESET_GATE,0:0:0:0,7,generic_wall_review,1040,2,GOLDENROD_UNDERGROUND,0,0
TILESET_GATE,14:15:32:33,144,classified_counter,10,10,ILEX_FOREST_AZALEA_GATE,7,2
TILESET_GATE,17:17:17:1,0,classified_ground,35,25,GOLDENROD_UNDERGROUND,19,25
TILESET_GATE,17:17:1:1,0,classified_ground,341,31,COLOSSEUM,0,1
TILESET_GATE,17:1:17:1,0,classified_ground,31,25,GOLDENROD_UNDERGROUND,19,26
TILESET_GATE,1:1:1:1,0,classified_ground,1291,31,COLOSSEUM,0,2
TILESET_GATE,1:67:67:67,0,classified_ground,6,3,COLOSSEUM,3,2
TILESET_GATE,23:53:16:16,7,generic_wall_review,3,3,GOLDENROD_UNDERGROUND,19,6
TILESET_GATE,24:25:24:25,144,classified_counter,117,28,GOLDENROD_UNDERGROUND,6,11
TILESET_GATE,24:25:36:37,144,classified_counter,56,28,GOLDENROD_UNDERGROUND,6,12
TILESET_GATE,2:3:18:19,113,classified_ground,29,15,GOLDENROD_UNDERGROUND,18,6
TILESET_GATE,32:33:24:25,144,classified_counter,14,14,ROUTE_19_FUCHSIA_GATE,1,3
TILESET_GATE,40:41:40:41,118,classified_ground,22,11,ILEX_FOREST_AZALEA_GATE,0,4
TILESET_GATE,40:41:40:41,126,classified_ground,22,11,ILEX_FOREST_AZALEA_GATE,9,4
TILESET_GATE,42:43:58:59,7,generic_wall_review,1,1,COLOSSEUM,4,4
TILESET_GATE,44:45:60:61,7,generic_wall_review,1,1,COLOSSEUM,5,4
TILESET_GATE,48:49:36:37,144,modeled_prop,2,2,TIME_CAPSULE,4,4
TILESET_GATE,4:4:20:20,112,classified_ground,44,20,COLOSSEUM,4,7
TILESET_GATE,50:51:36:37,144,classified_counter,2,2,TIME_CAPSULE,5,4
TILESET_GATE,52:52:66:69,0,classified_ground,3,3,COLOSSEUM,3,5
TILESET_GATE,52:52:69:67,0,classified_ground,3,3,COLOSSEUM,6,5
TILESET_GATE,52:52:69:69,0,classified_ground,6,3,COLOSSEUM,4,5
TILESET_GATE,55:68:52:52,0,classified_ground,2,2,TIME_CAPSULE,5,3
TILESET_GATE,56:57:21:22,7,generic_wall_review,43,11,GOLDENROD_UNDERGROUND,7,13
TILESET_GATE,56:57:5:6,7,generic_wall_review,9,1,GOLDENROD_UNDERGROUND,5,2
TILESET_GATE,5:6:21:22,7,generic_wall_review,9,1,GOLDENROD_UNDERGROUND,5,3
TILESET_GATE,64:65:62:63,0,classified_ground,6,3,COLOSSEUM,3,4
TILESET_GATE,66:1:66:66,0,classified_ground,6,3,COLOSSEUM,6,2
TILESET_GATE,66:66:1:66,0,classified_ground,6,3,COLOSSEUM,2,5
TILESET_GATE,67:67:67:1,0,classified_ground,6,3,COLOSSEUM,7,5
TILESET_GATE,67:68:52:52,0,classified_ground,3,3,COLOSSEUM,3,3
TILESET_GATE,68:54:52:52,0,classified_ground,2,2,TIME_CAPSULE,4,3
TILESET_GATE,68:66:52:52,0,classified_ground,3,3,COLOSSEUM,6,3
TILESET_GATE,68:68:39:68,0,classified_ground,2,2,TIME_CAPSULE,5,2
TILESET_GATE,68:68:47:52,7,generic_wall_review,1,1,COLOSSEUM,5,3
TILESET_GATE,68:68:52:46,7,generic_wall_review,1,1,COLOSSEUM,4,3
TILESET_GATE,68:68:68:38,0,classified_ground,2,2,TIME_CAPSULE,4,2
TILESET_GATE,68:68:68:68,0,classified_ground,2,1,COLOSSEUM,4,2
TILESET_GATE,69:69:69:69,0,classified_ground,6,3,COLOSSEUM,4,6
TILESET_GATE,70:70:70:70,0,classified_ground,3,3,COLOSSEUM,2,4
TILESET_GATE,71:71:71:71,0,classified_ground,3,3,COLOSSEUM,7,4
TILESET_GATE,74:75:78:79,147,modeled_prop,2,2,ROUTE_35_NATIONAL_PARK_GATE,7,1
TILESET_GATE,7:7:36:37,144,classified_counter,140,28,GOLDENROD_UNDERGROUND,19,29
TILESET_GATE,7:9:36:37,144,classified_counter,3,3,GOLDENROD_UNDERGROUND,20,29
TILESET_GATE,80:81:82:83,114,classified_ground,2,1,GOLDENROD_UNDERGROUND,3,2
TILESET_GATE,84:85:86:87,0,classified_ground,16,3,GOLDENROD_UNDERGROUND,5,10
TILESET_GATE,88:89:90:91,114,classified_ground,3,3,GOLDENROD_UNDERGROUND,22,27
TILESET_GATE,8:7:36:37,144,classified_counter,5,5,GOLDENROD_UNDERGROUND,23,29
TILESET_GATE,8:9:14:15,144,classified_counter,14,14,ROUTE_19_FUCHSIA_GATE,1,2
TILESET_GATE,8:9:24:25,144,classified_counter,35,23,GOLDENROD_UNDERGROUND,6,10
TILESET_GATE,92:93:16:16,7,generic_wall_review,269,31,COLOSSEUM,0,0
TILESET_GATE,92:93:72:73,7,modeled_prop,2,2,ROUTE_35_NATIONAL_PARK_GATE,7,0
TILESET_GATE,92:93:8:9,7,generic_wall_review,27,14,GOLDENROD_UNDERGROUND,18,24
TILESET_HOUSE,0:0:0:0,7,generic_wall_review,132,57,BILLS_FAMILYS_HOUSE,4,0
TILESET_HOUSE,0:0:12:13,7,generic_wall_review,51,51,BILLS_FAMILYS_HOUSE,7,0
TILESET_HOUSE,0:0:64:65,7,generic_wall_review,2,2,DAY_CARE,7,0
TILESET_HOUSE,0:0:6:7,7,generic_wall_review,50,50,BILLS_FAMILYS_HOUSE,2,0
TILESET_HOUSE,10:11:8:9,7,generic_wall_review,109,54,BILLS_FAMILYS_HOUSE,0,6
TILESET_HOUSE,14:15:30:31,145,generic_wall_review,1,1,MR_FUJIS_HOUSE,9,1
TILESET_HOUSE,14:15:30:31,145,modeled_prop,54,54,BILLS_FAMILYS_HOUSE,1,1
TILESET_HOUSE,14:15:60:59,145,generic_wall_review,54,54,BILLS_FAMILYS_HOUSE,0,1
TILESET_HOUSE,16:16:16:16,7,generic_wall_review,16,1,DAY_CARE,8,0
TILESET_HOUSE,1:1:1:1,0,classified_ground,2226,57,BILLS_FAMILYS_HOUSE,3,1
TILESET_HOUSE,1:79:1:1,0,classified_ground,8,1,SOUL_HOUSE,0,3
TILESET_HOUSE,22:23:30:31,151,modeled_prop,50,50,BILLS_FAMILYS_HOUSE,2,1
TILESET_HOUSE,26:27:24:25,7,generic_wall_review,109,54,BILLS_FAMILYS_HOUSE,0,7
TILESET_HOUSE,28:29:30:31,148,modeled_prop,51,51,BILLS_FAMILYS_HOUSE,7,1
TILESET_HOUSE,2:3:18:19,0,modeled_prop,222,56,BILLS_FAMILYS_HOUSE,2,3
TILESET_HOUSE,32:33:66:67,147,generic_wall_review,2,2,DAY_CARE,7,1
TILESET_HOUSE,35:47:83:47,7,generic_wall_review,3,3,POKEMON_FAN_CLUB,5,3
TILESET_HOUSE,36:74:52:44,157,generic_wall_review,63,57,BILLS_FAMILYS_HOUSE,5,0
TILESET_HOUSE,38:39:54:47,7,generic_wall_review,3,3,POKEMON_FAN_CLUB,3,2
TILESET_HOUSE,38:39:54:47,7,modeled_prop,52,52,BILLS_FAMILYS_HOUSE,3,3
TILESET_HOUSE,38:39:70:71,7,generic_wall_review,1,1,TRAINER_HOUSE_1F,7,9
TILESET_HOUSE,39:39:47:47,7,generic_wall_review,6,3,POKEMON_FAN_CLUB,4,2
TILESET_HOUSE,39:39:58:58,144,classified_counter,1,1,TRAINER_HOUSE_1F,0,10
TILESET_HOUSE,39:41:47:57,7,generic_wall_review,4,3,POKEMON_FAN_CLUB,6,2
TILESET_HOUSE,39:41:47:57,7,modeled_prop,52,52,BILLS_FAMILYS_HOUSE,4,3
TILESET_HOUSE,39:51:47:57,7,generic_wall_review,1,1,GOLDENROD_FLOWER_SHOP,5,4
TILESET_HOUSE,39:51:54:57,144,classified_counter,1,1,TRAINER_HOUSE_1F,1,10
TILESET_HOUSE,42:43:84:85,7,generic_wall_review,2,1,GOLDENROD_FLOWER_SHOP,7,2
TILESET_HOUSE,42:43:94:95,7,generic_wall_review,21,4,GOLDENROD_FLOWER_SHOP,2,1
TILESET_HOUSE,45:46:61:62,149,generic_wall_review,52,52,BILLS_FAMILYS_HOUSE,3,0
TILESET_HOUSE,47:21:58:59,7,generic_wall_review,4,3,POKEMON_FAN_CLUB,6,5
TILESET_HOUSE,47:21:58:59,7,modeled_prop,52,52,BILLS_FAMILYS_HOUSE,4,4
TILESET_HOUSE,47:34:47:82,7,generic_wall_review,3,3,POKEMON_FAN_CLUB,4,3
TILESET_HOUSE,47:37:47:47,7,generic_wall_review,3,3,POKEMON_FAN_CLUB,4,4
TILESET_HOUSE,47:47:58:58,7,generic_wall_review,6,3,POKEMON_FAN_CLUB,4,5
TILESET_HOUSE,47:57:47:57,7,generic_wall_review,6,3,POKEMON_FAN_CLUB,6,3
TILESET_HOUSE,48:49:30:31,145,generic_wall_review,1,1,MR_FUJIS_HOUSE,8,1
TILESET_HOUSE,4:4:20:20,112,classified_ground,114,57,BILLS_FAMILYS_HOUSE,2,7
TILESET_HOUSE,50:39:54:47,7,generic_wall_review,1,1,GOLDENROD_FLOWER_SHOP,4,4
TILESET_HOUSE,50:51:14:15,7,generic_wall_review,54,54,BILLS_FAMILYS_HOUSE,1,0
TILESET_HOUSE,50:51:48:49,7,generic_wall_review,56,54,BILLS_FAMILYS_HOUSE,0,0
TILESET_HOUSE,53:47:47:47,7,generic_wall_review,3,3,POKEMON_FAN_CLUB,5,4
TILESET_HOUSE,54:47:54:47,7,generic_wall_review,6,3,POKEMON_FAN_CLUB,3,3
TILESET_HOUSE,54:57:54:57,144,classified_counter,3,1,TRAINER_HOUSE_1F,1,11
TILESET_HOUSE,55:40:56:63,7,generic_wall_review,8,1,SOUL_HOUSE,0,2
TILESET_HOUSE,55:40:56:78,7,generic_wall_review,16,1,SOUL_HOUSE,1,2
TILESET_HOUSE,58:59:1:1,0,classified_ground,1,1,GOLDENROD_FLOWER_SHOP,5,5
TILESET_HOUSE,5:47:60:58,7,generic_wall_review,3,3,POKEMON_FAN_CLUB,3,5
TILESET_HOUSE,5:47:60:58,7,modeled_prop,52,52,BILLS_FAMILYS_HOUSE,3,4
TILESET_HOUSE,60:58:1:1,0,classified_ground,1,1,GOLDENROD_FLOWER_SHOP,4,5
TILESET_HOUSE,68:69:0:0,7,generic_wall_review,6,3,POKEMON_FAN_CLUB,7,0
TILESET_HOUSE,76:77:92:93,114,classified_ground,1,1,TRAINER_HOUSE_1F,8,2
TILESET_HOUSE,80:81:80:81,118,classified_ground,2,1,DAY_CARE,0,5
TILESET_HOUSE,84:85:94:95,7,generic_wall_review,2,1,GOLDENROD_FLOWER_SHOP,7,3
TILESET_HOUSE,86:87:60:58,7,generic_wall_review,1,1,TRAINER_HOUSE_1F,7,10
TILESET_HO_OH_WORD_ROOM,10:11:10:11,7,generic_wall_review,42,1,RUINS_OF_ALPH_HO_OH_WORD_ROOM,0,1
TILESET_HO_OH_WORD_ROOM,128:129:144:145,0,classified_ground,6,1,RUINS_OF_ALPH_HO_OH_WORD_ROOM,8,6
TILESET_HO_OH_WORD_ROOM,134:135:150:151,0,classified_ground,1,1,RUINS_OF_ALPH_HO_OH_WORD_ROOM,5,14
TILESET_HO_OH_WORD_ROOM,136:137:152:153,0,classified_ground,7,1,RUINS_OF_ALPH_HO_OH_WORD_ROOM,3,6
TILESET_HO_OH_WORD_ROOM,138:139:154:155,0,classified_ground,1,1,RUINS_OF_ALPH_HO_OH_WORD_ROOM,12,14
TILESET_HO_OH_WORD_ROOM,142:143:158:159,0,classified_ground,5,1,RUINS_OF_ALPH_HO_OH_WORD_ROOM,5,6
TILESET_HO_OH_WORD_ROOM,160:161:176:177,0,classified_ground,3,1,RUINS_OF_ALPH_HO_OH_WORD_ROOM,16,8
TILESET_HO_OH_WORD_ROOM,164:165:180:181,0,classified_ground,2,1,RUINS_OF_ALPH_HO_OH_WORD_ROOM,14,8
TILESET_HO_OH_WORD_ROOM,166:167:182:183,0,classified_ground,2,1,RUINS_OF_ALPH_HO_OH_WORD_ROOM,2,8
TILESET_HO_OH_WORD_ROOM,168:169:184:185,0,classified_ground,4,1,RUINS_OF_ALPH_HO_OH_WORD_ROOM,7,6
TILESET_HO_OH_WORD_ROOM,170:171:186:187,0,classified_ground,4,1,RUINS_OF_ALPH_HO_OH_WORD_ROOM,9,6
TILESET_HO_OH_WORD_ROOM,172:173:188:189,0,classified_ground,3,1,RUINS_OF_ALPH_HO_OH_WORD_ROOM,9,8
TILESET_HO_OH_WORD_ROOM,174:175:190:191,0,classified_ground,1,1,RUINS_OF_ALPH_HO_OH_WORD_ROOM,7,14
TILESET_HO_OH_WORD_ROOM,194:195:210:211,0,classified_ground,5,1,RUINS_OF_ALPH_HO_OH_WORD_ROOM,5,8
TILESET_HO_OH_WORD_ROOM,196:197:212:213,0,classified_ground,4,1,RUINS_OF_ALPH_HO_OH_WORD_ROOM,10,6
TILESET_HO_OH_WORD_ROOM,198:199:214:215,0,classified_ground,6,1,RUINS_OF_ALPH_HO_OH_WORD_ROOM,15,6
TILESET_HO_OH_WORD_ROOM,1:1:1:1,7,generic_wall_review,20,1,RUINS_OF_ALPH_HO_OH_WORD_ROOM,0,23
TILESET_HO_OH_WORD_ROOM,200:201:216:217,0,classified_ground,2,1,RUINS_OF_ALPH_HO_OH_WORD_ROOM,6,6
TILESET_HO_OH_WORD_ROOM,204:205:220:221,0,classified_ground,4,1,RUINS_OF_ALPH_HO_OH_WORD_ROOM,2,6
TILESET_HO_OH_WORD_ROOM,2:3:3:2,0,classified_ground,316,1,RUINS_OF_ALPH_HO_OH_WORD_ROOM,1,1
TILESET_HO_OH_WORD_ROOM,6:6:22:23,7,generic_wall_review,1,1,RUINS_OF_ALPH_HO_OH_WORD_ROOM,1,0
TILESET_HO_OH_WORD_ROOM,6:6:26:27,7,generic_wall_review,5,1,RUINS_OF_ALPH_HO_OH_WORD_ROOM,2,0
TILESET_HO_OH_WORD_ROOM,6:6:28:29,7,generic_wall_review,5,1,RUINS_OF_ALPH_HO_OH_WORD_ROOM,3,0
TILESET_HO_OH_WORD_ROOM,6:6:32:33,7,generic_wall_review,2,1,RUINS_OF_ALPH_HO_OH_WORD_ROOM,4,0
TILESET_HO_OH_WORD_ROOM,6:6:33:64,7,generic_wall_review,4,1,RUINS_OF_ALPH_HO_OH_WORD_ROOM,3,22
TILESET_HO_OH_WORD_ROOM,6:6:34:35,7,generic_wall_review,2,1,RUINS_OF_ALPH_HO_OH_WORD_ROOM,5,0
TILESET_HO_OH_WORD_ROOM,6:6:34:55,7,generic_wall_review,4,1,RUINS_OF_ALPH_HO_OH_WORD_ROOM,5,22
TILESET_HO_OH_WORD_ROOM,6:6:35:56,7,generic_wall_review,1,1,RUINS_OF_ALPH_HO_OH_WORD_ROOM,18,22
TILESET_HO_OH_WORD_ROOM,6:6:54:22,7,generic_wall_review,4,1,RUINS_OF_ALPH_HO_OH_WORD_ROOM,2,22
TILESET_HO_OH_WORD_ROOM,6:6:54:28,7,generic_wall_review,4,1,RUINS_OF_ALPH_HO_OH_WORD_ROOM,4,22
TILESET_HO_OH_WORD_ROOM,6:6:56:57,7,generic_wall_review,1,1,RUINS_OF_ALPH_HO_OH_WORD_ROOM,18,0
TILESET_HO_OH_WORD_ROOM,6:6:64:65,7,generic_wall_review,1,1,RUINS_OF_ALPH_HO_OH_WORD_ROOM,8,0
TILESET_HO_OH_WORD_ROOM,6:6:66:67,7,generic_wall_review,1,1,RUINS_OF_ALPH_HO_OH_WORD_ROOM,9,0
TILESET_HO_OH_WORD_ROOM,6:6:67:32,7,generic_wall_review,1,1,RUINS_OF_ALPH_HO_OH_WORD_ROOM,1,22
TILESET_HO_OH_WORD_ROOM,84:86:88:89,96,classified_ground,1,1,RUINS_OF_ALPH_HO_OH_WORD_ROOM,17,21
TILESET_HO_OH_WORD_ROOM,8:9:10:11,7,generic_wall_review,4,1,RUINS_OF_ALPH_HO_OH_WORD_ROOM,0,0
TILESET_HO_OH_WORD_ROOM,91:92:77:93,0,classified_ground,1,1,RUINS_OF_ALPH_HO_OH_WORD_ROOM,8,10
TILESET_ICE_PATH,10:11:26:27,114,classified_ground,6,4,ICE_PATH_B1F,3,15
TILESET_ICE_PATH,128:129:144:145,7,generic_wall_review,18,2,ICE_PATH_1F,4,1
TILESET_ICE_PATH,12:13:28:29,0,classified_ground,114,1,HALL_OF_FAME,0,1
TILESET_ICE_PATH,12:13:28:29,112,classified_ground,2,1,HALL_OF_FAME,4,13
TILESET_ICE_PATH,130:131:146:147,7,classified_rock,10,3,ICE_PATH_1F,12,5
TILESET_ICE_PATH,130:131:146:147,7,generic_wall_review,37,5,ICE_PATH_1F,7,2
TILESET_ICE_PATH,132:133:148:149,7,generic_wall_review,98,4,ICE_PATH_1F,30,8
TILESET_ICE_PATH,134:135:150:151,7,generic_wall_review,98,4,ICE_PATH_1F,31,8
TILESET_ICE_PATH,136:137:152:153,7,generic_wall_review,32,4,ICE_PATH_1F,16,2
TILESET_ICE_PATH,138:139:154:154,178,classified_ground,80,4,ICE_PATH_1F,19,2
TILESET_ICE_PATH,138:139:155:155,7,generic_wall_review,2,1,ICE_PATH_1F,5,20
TILESET_ICE_PATH,140:141:156:157,7,generic_wall_review,34,4,ICE_PATH_1F,17,2
TILESET_ICE_PATH,142:143:158:159,96,classified_ground,4,1,ICE_PATH_B1F,11,2
TILESET_ICE_PATH,152:153:168:169,7,generic_wall_review,2,2,ICE_PATH_B2F_BLACKTHORN_SIDE,2,6
TILESET_ICE_PATH,153:154:169:154,7,generic_wall_review,2,2,ICE_PATH_1F,34,16
TILESET_ICE_PATH,154:154:154:154,0,classified_ground,84,4,ICE_PATH_1F,0,0
TILESET_ICE_PATH,154:154:154:155,0,classified_ground,18,2,ICE_PATH_1F,39,3
TILESET_ICE_PATH,154:154:154:25,0,classified_ground,5,4,ICE_PATH_B1F,2,14
TILESET_ICE_PATH,154:154:155:154,0,classified_ground,37,2,ICE_PATH_1F,4,0
TILESET_ICE_PATH,154:154:155:170,0,classified_ground,3,2,ICE_PATH_1F,38,0
TILESET_ICE_PATH,154:154:155:18,0,classified_ground,5,3,ICE_PATH_1F,1,0
TILESET_ICE_PATH,154:154:25:25,0,classified_ground,61,5,ICE_PATH_1F,35,6
TILESET_ICE_PATH,154:155:154:154,0,classified_ground,39,4,ICE_PATH_1F,39,2
TILESET_ICE_PATH,154:155:154:18,0,classified_ground,5,3,ICE_PATH_1F,0,1
TILESET_ICE_PATH,154:155:170:170,0,classified_ground,26,2,ICE_PATH_1F,20,3
TILESET_ICE_PATH,154:170:154:170,0,classified_ground,2,1,ICE_PATH_B1F,5,6
TILESET_ICE_PATH,154:170:170:25,160,classified_ledge,1,1,ICE_PATH_B3F,10,9
TILESET_ICE_PATH,154:171:25:25,0,classified_ground,5,4,ICE_PATH_1F,36,4
TILESET_ICE_PATH,154:25:154:25,0,classified_ground,2,1,ICE_PATH_B1F,10,2
TILESET_ICE_PATH,154:25:170:25,0,classified_ground,46,5,ICE_PATH_1F,34,7
TILESET_ICE_PATH,154:25:25:154,0,classified_ground,46,5,ICE_PATH_1F,34,6
TILESET_ICE_PATH,154:25:25:155,0,classified_ground,3,1,ICE_PATH_1F,4,18
TILESET_ICE_PATH,154:25:25:25,0,classified_ground,11,4,ICE_PATH_1F,5,16
TILESET_ICE_PATH,155:154:154:154,0,classified_ground,24,3,ICE_PATH_1F,0,3
TILESET_ICE_PATH,155:154:170:170,0,classified_ground,1,1,ICE_PATH_B1F,11,26
TILESET_ICE_PATH,155:155:155:155,7,generic_wall_review,4,1,ICE_PATH_1F,4,21
TILESET_ICE_PATH,155:155:155:170,0,classified_ground,1,1,ICE_PATH_B1F,4,24
TILESET_ICE_PATH,155:155:186:186,7,generic_wall_review,3,2,ICE_PATH_1F,37,17
TILESET_ICE_PATH,155:155:25:154,160,classified_ledge,1,1,ICE_PATH_B3F,10,8
TILESET_ICE_PATH,155:155:25:155,0,classified_ground,14,2,ICE_PATH_1F,17,14
TILESET_ICE_PATH,155:155:25:171,0,classified_ground,1,1,ICE_PATH_B1F,5,24
TILESET_ICE_PATH,155:156:155:156,7,generic_wall_review,2,1,ICE_PATH_B3F,11,8
TILESET_ICE_PATH,155:170:170:170,0,classified_ground,7,4,ICE_PATH_1F,33,6
TILESET_ICE_PATH,155:170:170:25,0,classified_ground,1,1,ICE_PATH_B1F,10,26
TILESET_ICE_PATH,155:170:25:155,0,classified_ground,5,4,ICE_PATH_1F,37,4
TILESET_ICE_PATH,155:25:170:25,0,classified_ground,22,5,ICE_PATH_1F,36,6
TILESET_ICE_PATH,156:157:172:173,7,generic_wall_review,2,2,ICE_PATH_B2F_BLACKTHORN_SIDE,7,4
TILESET_ICE_PATH,15:74:31:75,7,generic_wall_review,1,1,HALL_OF_FAME,5,1
TILESET_ICE_PATH,160:161:176:177,7,generic_wall_review,5,3,ICE_PATH_1F,1,1
TILESET_ICE_PATH,162:163:178:179,7,generic_wall_review,3,2,ICE_PATH_1F,38,1
TILESET_ICE_PATH,164:165:180:181,7,generic_wall_review,98,4,ICE_PATH_1F,30,9
TILESET_ICE_PATH,166:167:182:183,7,generic_wall_review,98,4,ICE_PATH_1F,31,9
TILESET_ICE_PATH,168:169:168:169,7,generic_wall_review,57,4,ICE_PATH_1F,38,2
TILESET_ICE_PATH,169:155:200:186,7,generic_wall_review,2,2,ICE_PATH_1F,34,17
TILESET_ICE_PATH,170:154:170:154,0,classified_ground,3,2,ICE_PATH_1F,39,1
TILESET_ICE_PATH,170:154:25:154,0,classified_ground,118,1,ICE_PATH_1F,19,4
TILESET_ICE_PATH,170:155:186:186,7,generic_wall_review,3,2,ICE_PATH_1F,36,17
TILESET_ICE_PATH,170:170:154:25,0,classified_ground,11,3,ICE_PATH_1F,15,14
TILESET_ICE_PATH,170:170:170:25,0,classified_ground,118,1,ICE_PATH_1F,18,4
TILESET_ICE_PATH,170:171:186:186,7,generic_wall_review,2,2,ICE_PATH_1F,35,17
TILESET_ICE_PATH,170:18:155:155,0,classified_ground,7,2,ICE_PATH_1F,33,4
TILESET_ICE_PATH,170:18:170:18,0,classified_ground,1,1,ICE_PATH_B1F,4,25
TILESET_ICE_PATH,170:25:154:170,0,classified_ground,118,1,ICE_PATH_1F,18,5
TILESET_ICE_PATH,170:25:155:155,0,classified_ground,2,1,ICE_PATH_B1F,10,3
TILESET_ICE_PATH,170:25:155:25,0,classified_ground,13,3,ICE_PATH_1F,32,22
TILESET_ICE_PATH,170:25:170:25,0,classified_ground,11,4,ICE_PATH_1F,4,17
TILESET_ICE_PATH,170:25:171:25,0,classified_ground,13,3,ICE_PATH_1F,32,23
TILESET_ICE_PATH,170:25:25:25,0,classified_ground,11,5,ICE_PATH_1F,36,22
TILESET_ICE_PATH,172:173:172:173,7,generic_wall_review,53,4,ICE_PATH_1F,1,2
TILESET_ICE_PATH,174:175:190:191,0,classified_ground,11,4,ICE_PATH_1F,33,5
TILESET_ICE_PATH,184:185:200:201,7,generic_wall_review,29,4,ICE_PATH_1F,16,3
TILESET_ICE_PATH,185:186:201:202,7,generic_wall_review,11,2,ICE_PATH_1F,5,1
TILESET_ICE_PATH,186:186:202:202,7,generic_wall_review,24,3,ICE_PATH_1F,3,1
TILESET_ICE_PATH,186:187:202:203,7,generic_wall_review,26,3,ICE_PATH_1F,2,1
TILESET_ICE_PATH,188:189:204:205,7,generic_wall_review,31,4,ICE_PATH_1F,17,3
TILESET_ICE_PATH,18:155:155:171,0,classified_ground,7,2,ICE_PATH_1F,32,4
TILESET_ICE_PATH,18:25:170:18,0,classified_ground,1,1,ICE_PATH_B1F,10,27
TILESET_ICE_PATH,192:193:208:209,7,generic_wall_review,53,4,ICE_PATH_1F,22,10
TILESET_ICE_PATH,194:195:210:211,7,generic_wall_review,53,4,ICE_PATH_1F,23,10
TILESET_ICE_PATH,196:197:212:213,7,classified_rock,5,2,ICE_PATH_1F,25,15
TILESET_ICE_PATH,196:197:212:213,7,generic_wall_review,128,5,ICE_PATH_1F,36,2
TILESET_ICE_PATH,198:199:214:215,35,classified_ground,677,4,ICE_PATH_1F,2,2
TILESET_ICE_PATH,25:154:154:154,0,classified_ground,2,1,ICE_PATH_B1F,11,3
TILESET_ICE_PATH,25:154:170:25,0,classified_ground,2,1,ICE_PATH_B1F,4,6
TILESET_ICE_PATH,25:154:25:25,0,classified_ground,17,3,ICE_PATH_1F,36,3
TILESET_ICE_PATH,25:155:154:25,0,classified_ground,118,1,ICE_PATH_1F,19,5
TILESET_ICE_PATH,25:155:170:170,0,classified_ground,8,5,ICE_PATH_1F,26,16
TILESET_ICE_PATH,25:155:170:25,0,classified_ground,11,5,ICE_PATH_1F,37,23
TILESET_ICE_PATH,25:155:25:25,0,classified_ground,15,5,ICE_PATH_1F,32,6
TILESET_ICE_PATH,25:170:170:170,163,classified_ledge,3,2,ICE_PATH_1F,37,16
TILESET_ICE_PATH,25:170:170:25,165,classified_ledge,2,2,ICE_PATH_1F,35,16
TILESET_ICE_PATH,25:170:25:25,0,classified_ground,26,5,ICE_PATH_1F,37,6
TILESET_ICE_PATH,25:25:154:25,0,classified_ground,10,5,ICE_PATH_1F,36,5
TILESET_ICE_PATH,25:25:170:171,112,classified_ground,3,1,ICE_PATH_1F,4,19
TILESET_ICE_PATH,25:25:170:25,0,classified_ground,17,4,ICE_PATH_1F,5,17
TILESET_ICE_PATH,25:25:25:154,0,classified_ground,51,5,ICE_PATH_1F,35,7
TILESET_ICE_PATH,25:25:25:155,0,classified_ground,3,1,ICE_PATH_1F,5,19
TILESET_ICE_PATH,25:25:25:170,0,classified_ground,15,5,ICE_PATH_1F,30,7
TILESET_ICE_PATH,25:25:25:25,0,classified_ground,14,2,ICE_PATH_1F,16,14
TILESET_ICE_PATH,25:25:25:25,163,classified_ledge,3,2,ICE_PATH_1F,36,16
TILESET_ICE_PATH,38:39:54:55,7,generic_wall_review,1,1,HALL_OF_FAME,6,4
TILESET_ICE_PATH,42:43:58:59,114,classified_ground,6,4,ICE_PATH_1F,37,5
TILESET_ICE_PATH,57:63:86:41,7,generic_wall_review,1,1,HALL_OF_FAME,6,1
TILESET_ICE_PATH,62:56:40:84,7,generic_wall_review,1,1,HALL_OF_FAME,3,1
TILESET_ICE_PATH,62:84:76:77,7,generic_wall_review,1,1,HALL_OF_FAME,3,2
TILESET_ICE_PATH,66:67:170:25,7,generic_wall_review,2,1,ICE_PATH_1F,4,20
TILESET_ICE_PATH,69:70:28:29,0,classified_ground,1,1,HALL_OF_FAME,6,5
TILESET_ICE_PATH,6:7:22:23,7,classified_rock,3,1,ICE_PATH_B1F,11,4
TILESET_ICE_PATH,6:7:22:23,7,generic_wall_review,16,5,ICE_PATH_1F,27,17
TILESET_ICE_PATH,71:71:28:29,0,classified_ground,1,1,HALL_OF_FAME,5,3
TILESET_ICE_PATH,73:14:72:30,7,generic_wall_review,1,1,HALL_OF_FAME,4,1
TILESET_ICE_PATH,82:82:40:83,7,generic_wall_review,1,1,HALL_OF_FAME,3,0
TILESET_ICE_PATH,82:82:44:45,7,generic_wall_review,1,1,HALL_OF_FAME,4,0
TILESET_ICE_PATH,82:82:45:46,7,generic_wall_review,1,1,HALL_OF_FAME,5,0
TILESET_ICE_PATH,82:82:83:41,7,generic_wall_review,1,1,HALL_OF_FAME,6,0
TILESET_ICE_PATH,82:82:83:83,7,generic_wall_review,6,1,HALL_OF_FAME,0,0
TILESET_ICE_PATH,85:63:78:79,7,generic_wall_review,1,1,HALL_OF_FAME,6,2
TILESET_ICE_PATH,87:71:28:29,0,classified_ground,1,1,HALL_OF_FAME,4,3
TILESET_ICE_PATH,88:89:56:47,0,classified_ground,1,1,HALL_OF_FAME,4,2
TILESET_ICE_PATH,90:91:47:57,0,classified_ground,1,1,HALL_OF_FAME,5,2
TILESET_ICE_PATH,92:93:28:29,0,classified_ground,1,1,HALL_OF_FAME,3,3
TILESET_ICE_PATH,94:95:28:29,0,classified_ground,1,1,HALL_OF_FAME,6,3
TILESET_JOHTO,128:129:131:132,7,generic_wall_review,1,1,OLIVINE_CITY,28,16
TILESET_JOHTO,129:129:134:147,7,generic_wall_review,1,1,OLIVINE_CITY,30,16
TILESET_JOHTO,129:129:147:133,7,generic_wall_review,1,1,OLIVINE_CITY,29,16
TILESET_JOHTO,129:130:135:136,7,generic_wall_review,1,1,OLIVINE_CITY,31,16
TILESET_JOHTO,137:138:144:145,7,generic_wall_review,1,1,OLIVINE_CITY,28,17
TILESET_JOHTO,139:140:145:145,7,generic_wall_review,1,1,OLIVINE_CITY,29,17
TILESET_JOHTO,13:14:10:11,7,modeled_exterior,28,13,BLACKTHORN_CITY,16,9
TILESET_JOHTO,141:139:145:145,7,generic_wall_review,1,1,OLIVINE_CITY,30,17
TILESET_JOHTO,142:143:145:146,7,generic_wall_review,1,1,OLIVINE_CITY,31,17
TILESET_JOHTO,148:149:152:152,7,modeled_exterior,2,2,ECRUTEAK_CITY,19,11
TILESET_JOHTO,148:149:82:82,7,generic_wall_review,9,2,ECRUTEAK_CITY,37,0
TILESET_JOHTO,149:149:152:152,7,generic_wall_review,1,1,DRAGONS_DEN_B1F,20,29
TILESET_JOHTO,149:149:152:152,7,modeled_exterior,12,3,ECRUTEAK_CITY,18,3
TILESET_JOHTO,149:150:152:152,7,generic_wall_review,3,2,ECRUTEAK_CITY,6,5
TILESET_JOHTO,149:150:152:152,7,modeled_exterior,7,2,ECRUTEAK_CITY,17,3
TILESET_JOHTO,149:150:82:82,7,generic_wall_review,9,2,ECRUTEAK_CITY,38,0
TILESET_JOHTO,14:14:11:11,7,modeled_exterior,70,13,BLACKTHORN_CITY,17,9
TILESET_JOHTO,14:15:11:12,7,modeled_exterior,28,13,BLACKTHORN_CITY,21,9
TILESET_JOHTO,150:28:152:153,7,generic_wall_review,1,1,DRAGONS_DEN_B1F,21,29
TILESET_JOHTO,150:28:152:153,7,modeled_exterior,12,3,ECRUTEAK_CITY,19,3
TILESET_JOHTO,16:17:10:11,7,modeled_exterior,27,14,BLACKTHORN_CITY,12,20
TILESET_JOHTO,16:17:13:14,7,modeled_exterior,28,13,BLACKTHORN_CITY,16,8
TILESET_JOHTO,176:177:168:169,7,generic_wall_review,1,1,ECRUTEAK_CITY,4,3
TILESET_JOHTO,178:179:170:171,7,generic_wall_review,1,1,ECRUTEAK_CITY,5,3
TILESET_JOHTO,17:17:11:11,7,modeled_exterior,54,14,BLACKTHORN_CITY,13,20
TILESET_JOHTO,17:17:14:14,7,modeled_exterior,70,13,BLACKTHORN_CITY,17,8
TILESET_JOHTO,17:18:11:12,7,modeled_exterior,27,14,BLACKTHORN_CITY,15,20
TILESET_JOHTO,17:18:14:15,7,modeled_exterior,28,13,BLACKTHORN_CITY,21,8
TILESET_JOHTO,180:181:172:173,7,generic_wall_review,1,1,ECRUTEAK_CITY,6,3
TILESET_JOHTO,182:183:174:175,7,generic_wall_review,1,1,ECRUTEAK_CITY,7,3
TILESET_JOHTO,184:185:156:81,7,generic_wall_review,1,1,ECRUTEAK_CITY,4,4
TILESET_JOHTO,186:187:82:82,7,generic_wall_review,1,1,ECRUTEAK_CITY,5,4
TILESET_JOHTO,188:189:82:82,7,generic_wall_review,1,1,ECRUTEAK_CITY,6,4
TILESET_JOHTO,190:191:82:84,7,generic_wall_review,1,1,ECRUTEAK_CITY,7,4
TILESET_JOHTO,19:21:69:29,18,classified_bush,15,9,LAKE_OF_RAGE,23,4
TILESET_JOHTO,20:20:20:20,41,classified_water,4803,22,BLACKTHORN_CITY,19,5
TILESET_JOHTO,20:59:20:59,41,classified_water,187,18,BLACKTHORN_CITY,23,5
TILESET_JOHTO,20:75:20:20,41,classified_water,13,9,BLACKTHORN_CITY,23,6
TILESET_JOHTO,24:25:23:23,7,modeled_exterior,5,5,BLACKTHORN_CITY,16,29
TILESET_JOHTO,26:148:151:152,7,modeled_exterior,7,2,ECRUTEAK_CITY,16,3
TILESET_JOHTO,26:149:151:152,7,generic_wall_review,1,1,DRAGONS_DEN_B1F,18,29
TILESET_JOHTO,26:149:151:152,7,modeled_exterior,5,3,ECRUTEAK_CITY,22,21
TILESET_JOHTO,26:27:1:2,7,generic_wall_review,3,3,ECRUTEAK_CITY,36,27
TILESET_JOHTO,26:27:1:2,7,modeled_exterior,37,15,BLACKTHORN_CITY,16,11
TILESET_JOHTO,26:27:26:27,7,generic_wall_review,2,2,MAHOGANY_TOWN,8,0
TILESET_JOHTO,26:27:26:27,7,modeled_exterior,3,3,NEW_BARK_TOWN,12,4
TILESET_JOHTO,26:27:26:38,7,generic_wall_review,1,1,ECRUTEAK_CITY,36,26
TILESET_JOHTO,26:27:26:38,7,modeled_exterior,7,7,BLACKTHORN_CITY,16,10
TILESET_JOHTO,26:7:1:2,7,classified_fence,2,2,OLIVINE_CITY,28,27
TILESET_JOHTO,26:7:1:2,7,generic_wall_review,7,6,ROUTE_29,26,1
TILESET_JOHTO,26:7:1:2,7,modeled_exterior,18,10,BLACKTHORN_CITY,14,29
TILESET_JOHTO,26:7:26:38,7,generic_wall_review,9,6,OLIVINE_CITY,28,18
TILESET_JOHTO,26:7:26:38,7,modeled_exterior,1,1,OLIVINE_CITY,18,30
TILESET_JOHTO,26:7:26:7,7,generic_wall_review,8,4,OLIVINE_CITY,28,19
TILESET_JOHTO,26:7:26:7,7,modeled_exterior,17,10,BLACKTHORN_CITY,14,28
TILESET_JOHTO,27:27:27:27,7,classified_fence,1,1,MAHOGANY_TOWN,9,0
TILESET_JOHTO,27:27:27:27,7,generic_wall_review,1,1,RUINS_OF_ALPH_OUTSIDE,7,4
TILESET_JOHTO,27:27:27:27,7,modeled_exterior,11,9,BLACKTHORN_CITY,19,10
TILESET_JOHTO,27:27:27:38,7,generic_wall_review,3,3,ECRUTEAK_CITY,38,26
TILESET_JOHTO,27:27:27:38,7,modeled_exterior,10,9,BLACKTHORN_CITY,20,10
TILESET_JOHTO,27:27:2:2,7,generic_wall_review,4,3,ECRUTEAK_CITY,37,27
TILESET_JOHTO,27:27:2:2,7,modeled_exterior,51,15,BLACKTHORN_CITY,17,11
TILESET_JOHTO,27:27:38:27,7,generic_wall_review,1,1,ECRUTEAK_CITY,37,26
TILESET_JOHTO,27:27:38:27,7,modeled_exterior,7,7,BLACKTHORN_CITY,17,10
TILESET_JOHTO,27:28:2:22,7,generic_wall_review,3,3,ECRUTEAK_CITY,39,27
TILESET_JOHTO,27:28:2:22,7,modeled_exterior,37,15,BLACKTHORN_CITY,21,11
TILESET_JOHTO,27:28:38:28,7,generic_wall_review,3,3,ECRUTEAK_CITY,39,26
TILESET_JOHTO,27:28:38:28,7,modeled_exterior,10,9,BLACKTHORN_CITY,21,10
TILESET_JOHTO,28:61:153:61,7,generic_wall_review,3,2,ECRUTEAK_CITY,7,5
TILESET_JOHTO,30:31:46:47,7,classified_tree,3696,24,CHERRYGROVE_CITY,0,0
TILESET_JOHTO,30:31:62:63,21,classified_bush,846,21,CHERRYGROVE_CITY,34,2
TILESET_JOHTO,34:65:80:81,7,generic_wall_review,9,2,ECRUTEAK_CITY,36,0
TILESET_JOHTO,35:36:27:27,7,modeled_exterior,6,6,BLACKTHORN_CITY,18,10
TILESET_JOHTO,39:40:41:42,113,classified_ground,4,3,DRAGONS_DEN_B1F,19,29
TILESET_JOHTO,39:40:41:42,113,modeled_exterior,7,3,ECRUTEAK_CITY,18,11
TILESET_JOHTO,3:5:5:5,0,classified_ground,52,10,CHERRYGROVE_CITY,22,7
TILESET_JOHTO,43:44:59:60,7,classified_boulder,153,14,BLACKTHORN_CITY,18,2
TILESET_JOHTO,44:44:60:60,178,classified_ground,449,18,BLACKTHORN_CITY,19,16
TILESET_JOHTO,44:45:60:61,7,classified_boulder,153,14,BLACKTHORN_CITY,19,2
TILESET_JOHTO,45:60:61:45,7,classified_ledge,66,17,BLACKTHORN_CITY,23,16
TILESET_JOHTO,46:47:62:63,7,classified_tree,3696,24,CHERRYGROVE_CITY,0,1
TILESET_JOHTO,49:54:65:72,7,generic_wall_review,13,10,ECRUTEAK_CITY,36,24
TILESET_JOHTO,49:83:65:83,7,generic_wall_review,2,2,DRAGONS_DEN_B1F,18,27
TILESET_JOHTO,49:83:65:83,7,modeled_exterior,12,3,ECRUTEAK_CITY,16,1
TILESET_JOHTO,4:4:4:4,24,classified_grass,1232,17,ROUTE_26,4,60
TILESET_JOHTO,50:51:66:67,36,classified_water,6,3,DRAGONS_DEN_B1F,10,20
TILESET_JOHTO,54:52:72:68,7,generic_wall_review,13,10,ECRUTEAK_CITY,39,24
TILESET_JOHTO,54:54:72:72,7,generic_wall_review,26,10,ECRUTEAK_CITY,37,24
TILESET_JOHTO,55:56:57:58,113,classified_ground,6,6,MAHOGANY_TOWN,9,1
TILESET_JOHTO,55:56:57:58,113,modeled_exterior,54,17,BLACKTHORN_CITY,18,11
TILESET_JOHTO,59:155:59:151,7,generic_wall_review,1,1,ECRUTEAK_CITY,4,5
TILESET_JOHTO,59:26:59:151,7,classified_fence,1,1,ECRUTEAK_CITY,36,7
TILESET_JOHTO,59:26:59:151,7,generic_wall_review,1,1,VIOLET_CITY,22,5
TILESET_JOHTO,59:59:59:59,7,classified_ledge,470,19,BLACKTHORN_CITY,28,0
TILESET_JOHTO,59:5:59:5,7,classified_ledge,33,9,MAHOGANY_TOWN,4,4
TILESET_JOHTO,59:5:75:76,7,classified_ledge,13,9,MAHOGANY_TOWN,4,5
TILESET_JOHTO,59:60:75:76,7,classified_boulder,153,14,BLACKTHORN_CITY,18,3
TILESET_JOHTO,59:6:59:6,7,classified_ledge,7,2,ROUTE_45,6,32
TILESET_JOHTO,59:6:75:76,7,classified_ledge,6,4,ECRUTEAK_CITY,4,6
TILESET_JOHTO,59:75:75:76,7,classified_ledge,71,17,BLACKTHORN_CITY,24,5
TILESET_JOHTO,5:5:5:3,0,classified_ground,52,10,CHERRYGROVE_CITY,22,6
TILESET_JOHTO,5:5:5:5,0,classified_ground,2985,25,BLACKTHORN_CITY,20,2
TILESET_JOHTO,5:5:5:5,160,classified_ground,10,3,ROUTE_29,14,2
TILESET_JOHTO,5:5:5:5,161,classified_ground,20,5,ROUTE_29,9,6
TILESET_JOHTO,5:5:5:5,163,classified_ground,188,15,BLACKTHORN_CITY,34,10
TILESET_JOHTO,5:5:5:5,164,classified_ground,6,5,ROUTE_29,14,4
TILESET_JOHTO,5:5:5:5,165,classified_ground,13,9,MAHOGANY_TOWN,5,4
TILESET_JOHTO,5:5:76:76,7,classified_ledge,207,16,BLACKTHORN_CITY,34,11
TILESET_JOHTO,5:61:5:61,7,classified_ledge,16,5,ROUTE_29,15,2
TILESET_JOHTO,5:61:76:77,7,classified_ledge,6,5,ROUTE_29,15,5
TILESET_JOHTO,60:43:43:59,7,classified_ledge,77,17,BLACKTHORN_CITY,18,16
TILESET_JOHTO,60:60:160:161,7,generic_wall_review,1,1,ECRUTEAK_CITY,4,2
TILESET_JOHTO,60:60:162:163,7,generic_wall_review,1,1,ECRUTEAK_CITY,5,2
TILESET_JOHTO,60:60:164:165,7,generic_wall_review,1,1,ECRUTEAK_CITY,6,2
TILESET_JOHTO,60:60:166:167,7,generic_wall_review,1,1,ECRUTEAK_CITY,7,2
TILESET_JOHTO,60:60:60:60,0,classified_ground,4057,21,BLACKTHORN_CITY,0,0
TILESET_JOHTO,60:61:76:77,7,classified_boulder,153,14,BLACKTHORN_CITY,19,3
TILESET_JOHTO,61:20:61:20,41,classified_water,252,19,BLACKTHORN_CITY,18,5
TILESET_JOHTO,61:61:61:61,7,classified_ledge,583,19,BLACKTHORN_CITY,15,0
TILESET_JOHTO,64:64:64:64,112,classified_ground,16,7,OLIVINE_CITY,19,27
TILESET_JOHTO,64:64:64:64,118,classified_ground,14,6,ECRUTEAK_CITY,20,2
TILESET_JOHTO,64:64:64:64,126,classified_ground,8,4,ECRUTEAK_CITY,35,26
TILESET_JOHTO,65:72:81:82,7,generic_wall_review,13,10,ECRUTEAK_CITY,36,25
TILESET_JOHTO,65:83:81:82,7,generic_wall_review,2,2,DRAGONS_DEN_B1F,18,28
TILESET_JOHTO,65:83:81:82,7,modeled_exterior,12,3,ECRUTEAK_CITY,16,2
TILESET_JOHTO,68:37:84:85,7,generic_wall_review,9,2,ECRUTEAK_CITY,39,0
TILESET_JOHTO,6:61:6:61,7,classified_ledge,14,6,ECRUTEAK_CITY,9,10
TILESET_JOHTO,6:61:76:77,7,classified_ledge,9,6,ECRUTEAK_CITY,7,6
TILESET_JOHTO,6:6:154:154,0,classified_ground,3,2,ECRUTEAK_CITY,5,6
TILESET_JOHTO,6:6:6:6,0,classified_ground,4678,27,BLACKTHORN_CITY,34,16
TILESET_JOHTO,6:6:6:6,160,classified_ground,8,3,ROUTE_31,12,6
TILESET_JOHTO,6:6:6:6,161,classified_ground,4,1,ROUTE_45,7,32
TILESET_JOHTO,6:6:6:6,163,classified_ground,135,13,BLACKTHORN_CITY,6,20
TILESET_JOHTO,6:6:6:6,164,classified_ground,6,5,ECRUTEAK_CITY,8,10
TILESET_JOHTO,6:6:6:6,165,classified_ground,3,2,ROUTE_45,7,34
TILESET_JOHTO,6:6:76:76,7,classified_ledge,147,13,BLACKTHORN_CITY,6,21
TILESET_JOHTO,6:74:6:74,7,classified_signpost,47,4,OLIVINE_CITY,17,0
TILESET_JOHTO,6:74:6:74,7,generic_wall_review,25,6,DRAGONS_DEN_B1F,21,6
TILESET_JOHTO,70:71:86:87,123,classified_ground,25,11,BLACKTHORN_CITY,20,1
TILESET_JOHTO,72:68:82:84,7,generic_wall_review,13,10,ECRUTEAK_CITY,39,25
TILESET_JOHTO,72:72:82:82,7,generic_wall_review,26,10,ECRUTEAK_CITY,37,25
TILESET_JOHTO,73:73:20:20,41,classified_water,40,3,ROUTE_26,10,96
TILESET_JOHTO,74:6:74:6,7,classified_signpost,48,4,OLIVINE_CITY,22,0
TILESET_JOHTO,74:6:74:6,7,generic_wall_review,30,5,DRAGONS_DEN_B1F,18,6
TILESET_JOHTO,76:76:20:20,41,classified_water,265,20,BLACKTHORN_CITY,19,4
TILESET_JOHTO,76:76:61:76,7,classified_ledge,52,11,BLACKTHORN_CITY,17,1
TILESET_JOHTO,76:76:76:59,7,classified_ledge,36,12,BLACKTHORN_CITY,24,1
TILESET_JOHTO,76:76:76:76,7,classified_ledge,483,19,BLACKTHORN_CITY,18,1
TILESET_JOHTO,76:93:20:59,41,classified_water,33,17,BLACKTHORN_CITY,23,4
TILESET_JOHTO,77:20:20:20,41,classified_water,23,11,BLACKTHORN_CITY,18,6
TILESET_JOHTO,77:61:76:77,7,classified_ledge,87,18,BLACKTHORN_CITY,15,3
TILESET_JOHTO,78:79:94:95,7,classified_rock,1,1,DRAGONS_DEN_B1F,18,24
TILESET_JOHTO,78:79:94:95,7,classified_signpost,77,27,BLACKTHORN_CITY,21,3
TILESET_JOHTO,7:28:2:22,7,generic_wall_review,9,8,OLIVINE_CITY,31,27
TILESET_JOHTO,7:28:2:22,7,modeled_exterior,18,10,BLACKTHORN_CITY,17,29
TILESET_JOHTO,7:28:38:28,7,generic_wall_review,13,8,OLIVINE_CITY,31,18
TILESET_JOHTO,7:28:38:28,7,modeled_exterior,5,4,MAHOGANY_TOWN,13,6
TILESET_JOHTO,7:28:7:28,7,generic_wall_review,4,1,OLIVINE_CITY,31,19
TILESET_JOHTO,7:28:7:28,7,modeled_exterior,13,8,BLACKTHORN_CITY,17,28
TILESET_JOHTO,7:7:2:2,7,generic_wall_review,14,8,OLIVINE_CITY,30,27
TILESET_JOHTO,7:7:2:2,7,modeled_exterior,6,4,MAHOGANY_TOWN,12,7
TILESET_JOHTO,7:7:38:7,7,generic_wall_review,9,6,OLIVINE_CITY,29,18
TILESET_JOHTO,7:7:38:7,7,modeled_exterior,1,1,OLIVINE_CITY,19,30
TILESET_JOHTO,7:7:7:38,7,generic_wall_review,13,8,OLIVINE_CITY,30,18
TILESET_JOHTO,7:7:7:38,7,modeled_exterior,5,4,MAHOGANY_TOWN,12,6
TILESET_JOHTO,7:7:7:7,114,classified_ground,148,3,ROUTE_26,10,88
TILESET_JOHTO,7:7:7:7,7,generic_wall_review,12,4,OLIVINE_CITY,29,19
TILESET_JOHTO,7:7:7:7,7,modeled_exterior,30,10,BLACKTHORN_CITY,15,28
TILESET_JOHTO,83:52:83:68,7,generic_wall_review,2,2,DRAGONS_DEN_B1F,21,27
TILESET_JOHTO,83:52:83:68,7,modeled_exterior,12,3,ECRUTEAK_CITY,19,1
TILESET_JOHTO,83:68:82:84,7,generic_wall_review,2,2,DRAGONS_DEN_B1F,21,28
TILESET_JOHTO,83:68:82:84,7,modeled_exterior,12,3,ECRUTEAK_CITY,19,2
TILESET_JOHTO,83:83:82:82,7,generic_wall_review,4,2,DRAGONS_DEN_B1F,19,28
TILESET_JOHTO,83:83:82:82,7,modeled_exterior,28,3,ECRUTEAK_CITY,17,2
TILESET_JOHTO,83:83:83:83,7,generic_wall_review,4,2,DRAGONS_DEN_B1F,19,27
TILESET_JOHTO,83:83:83:83,7,modeled_exterior,28,3,ECRUTEAK_CITY,17,1
TILESET_JOHTO,88:88:88:88,39,classified_oceanrock,802,9,CHERRYGROVE_CITY,3,6
TILESET_JOHTO,8:9:23:23,7,modeled_exterior,8,8,BLACKTHORN_CITY,22,29
TILESET_JOHTO,90:90:74:89,7,generic_wall_review,8,4,DRAGONS_DEN_B1F,16,22
TILESET_JOHTO,90:90:89:74,7,generic_wall_review,8,5,DRAGONS_DEN_B1F,23,22
TILESET_JOHTO,90:90:89:89,7,classified_signpost,111,7,ECRUTEAK_CITY,2,8
TILESET_JOHTO,90:90:89:89,7,generic_wall_review,97,11,DRAGONS_DEN_B1F,17,22
TILESET_JOHTO,92:76:61:20,41,classified_water,48,18,BLACKTHORN_CITY,18,4
TILESET_JOHTO_MODERN,0:0:0:0,0,classified_ground,51,2,AZALEA_TOWN,3,10
TILESET_JOHTO_MODERN,0:0:6:0,0,classified_ground,27,1,ROUTE_34,6,12
TILESET_JOHTO_MODERN,13:14:10:11,7,modeled_exterior,13,3,AZALEA_TOWN,20,3
TILESET_JOHTO_MODERN,14:14:11:11,7,modeled_exterior,38,3,AZALEA_TOWN,21,3
TILESET_JOHTO_MODERN,14:15:11:12,7,modeled_exterior,13,3,AZALEA_TOWN,23,3
TILESET_JOHTO_MODERN,16:17:10:11,7,modeled_exterior,52,2,AZALEA_TOWN,8,4
TILESET_JOHTO_MODERN,16:17:13:14,7,modeled_exterior,13,3,AZALEA_TOWN,20,2
TILESET_JOHTO_MODERN,17:17:11:11,7,modeled_exterior,50,2,AZALEA_TOWN,9,4
TILESET_JOHTO_MODERN,17:17:14:14,7,modeled_exterior,38,3,AZALEA_TOWN,21,2
TILESET_JOHTO_MODERN,17:18:11:12,7,modeled_exterior,52,2,AZALEA_TOWN,11,4
TILESET_JOHTO_MODERN,17:18:14:15,7,modeled_exterior,13,3,AZALEA_TOWN,23,2
TILESET_JOHTO_MODERN,19:21:62:63,7,classified_tree,334,3,AZALEA_TOWN,0,1
TILESET_JOHTO_MODERN,20:20:20:20,41,classified_water,230,2,GOLDENROD_CITY,0,6
TILESET_JOHTO_MODERN,20:59:20:59,41,classified_water,61,2,GOLDENROD_CITY,1,14
TILESET_JOHTO_MODERN,20:75:20:20,41,classified_water,3,2,GOLDENROD_CITY,1,20
TILESET_JOHTO_MODERN,212:213:214:215,7,generic_wall_review,2,1,GOLDENROD_CITY,28,6
TILESET_JOHTO_MODERN,24:25:23:23,7,modeled_exterior,2,2,AZALEA_TOWN,22,5
TILESET_JOHTO_MODERN,26:27:1:2,7,generic_wall_review,3,2,GOLDENROD_CITY,18,1
TILESET_JOHTO_MODERN,26:27:1:2,7,modeled_exterior,57,2,AZALEA_TOWN,8,5
TILESET_JOHTO_MODERN,26:27:26:27,7,generic_wall_review,2,2,GOLDENROD_CITY,18,0
TILESET_JOHTO_MODERN,26:27:26:27,7,modeled_exterior,2,1,GOLDENROD_CITY,14,6
TILESET_JOHTO_MODERN,26:27:26:38,7,generic_wall_review,1,1,ROUTE_34,18,46
TILESET_JOHTO_MODERN,26:27:26:38,7,modeled_exterior,3,2,AZALEA_TOWN,8,14
TILESET_JOHTO_MODERN,26:38:26:7,7,modeled_exterior,2,1,GOLDENROD_CITY,22,23
TILESET_JOHTO_MODERN,26:7:1:2,7,modeled_exterior,8,3,AZALEA_TOWN,20,5
TILESET_JOHTO_MODERN,26:7:26:38,7,modeled_exterior,3,1,GOLDENROD_CITY,24,14
TILESET_JOHTO_MODERN,26:7:26:7,7,modeled_exterior,7,3,AZALEA_TOWN,20,4
TILESET_JOHTO_MODERN,27:27:27:27,7,classified_fence,1,1,GOLDENROD_CITY,19,0
TILESET_JOHTO_MODERN,27:27:27:27,7,generic_wall_review,1,1,ROUTE_34,13,40
TILESET_JOHTO_MODERN,27:27:27:27,7,modeled_exterior,4,2,AZALEA_TOWN,11,14
TILESET_JOHTO_MODERN,27:27:27:38,7,generic_wall_review,3,3,AZALEA_TOWN,0,10
TILESET_JOHTO_MODERN,27:27:27:38,7,modeled_exterior,5,2,AZALEA_TOWN,12,14
TILESET_JOHTO_MODERN,27:27:2:2,7,generic_wall_review,4,3,AZALEA_TOWN,0,11
TILESET_JOHTO_MODERN,27:27:2:2,7,modeled_exterior,52,2,AZALEA_TOWN,10,5
TILESET_JOHTO_MODERN,27:27:38:27,7,generic_wall_review,1,1,ROUTE_34,19,46
TILESET_JOHTO_MODERN,27:27:38:27,7,modeled_exterior,3,2,AZALEA_TOWN,9,14
TILESET_JOHTO_MODERN,27:28:2:22,7,generic_wall_review,3,3,AZALEA_TOWN,1,11
TILESET_JOHTO_MODERN,27:28:2:22,7,modeled_exterior,57,2,AZALEA_TOWN,11,5
TILESET_JOHTO_MODERN,27:28:38:28,7,generic_wall_review,3,3,AZALEA_TOWN,1,10
TILESET_JOHTO_MODERN,27:28:38:28,7,modeled_exterior,5,2,AZALEA_TOWN,13,14
TILESET_JOHTO_MODERN,29:33:38:38,7,generic_wall_review,6,1,GOLDENROD_CITY,5,11
TILESET_JOHTO_MODERN,29:33:53:53,7,generic_wall_review,1,1,GOLDENROD_CITY,5,14
TILESET_JOHTO_MODERN,29:33:80:33,7,generic_wall_review,1,1,GOLDENROD_CITY,6,14
TILESET_JOHTO_MODERN,29:83:29:37,7,generic_wall_review,1,1,GOLDENROD_CITY,7,15
TILESET_JOHTO_MODERN,29:83:29:83,7,generic_wall_review,1,1,GOLDENROD_CITY,7,14
TILESET_JOHTO_MODERN,29:83:38:83,7,generic_wall_review,9,1,GOLDENROD_CITY,5,5
TILESET_JOHTO_MODERN,30:31:19:21,7,classified_tree,334,3,AZALEA_TOWN,0,0
TILESET_JOHTO_MODERN,30:31:62:63,21,classified_bush,24,3,AZALEA_TOWN,6,0
TILESET_JOHTO_MODERN,35:36:27:27,7,modeled_exterior,2,2,AZALEA_TOWN,10,14
TILESET_JOHTO_MODERN,38:28:7:28,7,modeled_exterior,2,1,GOLDENROD_CITY,27,23
TILESET_JOHTO_MODERN,38:38:7:7,7,modeled_exterior,8,1,GOLDENROD_CITY,23,23
TILESET_JOHTO_MODERN,3:5:5:5,0,classified_ground,10,1,GOLDENROD_CITY,28,3
TILESET_JOHTO_MODERN,41:42:71:72,7,classified_fence,1,1,AZALEA_TOWN,32,7
TILESET_JOHTO_MODERN,41:42:71:72,7,generic_wall_review,1,1,AZALEA_TOWN,32,6
TILESET_JOHTO_MODERN,41:42:75:72,7,classified_fence,1,1,AZALEA_TOWN,31,6
TILESET_JOHTO_MODERN,41:42:75:72,7,generic_wall_review,2,1,AZALEA_TOWN,30,6
TILESET_JOHTO_MODERN,43:44:59:60,7,classified_boulder,35,4,AZALEA_TOWN,24,0
TILESET_JOHTO_MODERN,44:44:60:60,178,classified_ground,5,2,GOLDENROD_CITY,39,16
TILESET_JOHTO_MODERN,44:45:60:61,7,classified_boulder,35,4,AZALEA_TOWN,25,0
TILESET_JOHTO_MODERN,45:5:61:45,7,classified_ledge,1,1,ROUTE_33,19,10
TILESET_JOHTO_MODERN,46:86:29:48,7,generic_wall_review,1,1,GOLDENROD_CITY,6,10
TILESET_JOHTO_MODERN,46:86:80:48,7,generic_wall_review,1,1,GOLDENROD_CITY,4,4
TILESET_JOHTO_MODERN,47:222:222:47,0,classified_ground,1,1,GOLDENROD_CITY,29,6
TILESET_JOHTO_MODERN,47:222:47:47,0,classified_ground,1,1,GOLDENROD_CITY,29,7
TILESET_JOHTO_MODERN,47:47:47:47,0,classified_ground,234,1,GOLDENROD_CITY,18,2
TILESET_JOHTO_MODERN,49:50:65:70,7,generic_wall_review,2,1,ROUTE_34,12,38
TILESET_JOHTO_MODERN,4:4:4:4,24,classified_grass,112,2,ROUTE_33,6,16
TILESET_JOHTO_MODERN,50:50:70:70,7,generic_wall_review,4,2,AZALEA_TOWN,0,8
TILESET_JOHTO_MODERN,50:52:70:68,7,generic_wall_review,2,2,AZALEA_TOWN,1,8
TILESET_JOHTO_MODERN,53:53:6:6,113,classified_ground,1,1,GOLDENROD_CITY,5,15
TILESET_JOHTO_MODERN,54:54:6:6,0,classified_ground,8,1,GOLDENROD_CITY,18,12
TILESET_JOHTO_MODERN,54:54:6:6,7,generic_wall_review,18,1,GOLDENROD_CITY,14,13
TILESET_JOHTO_MODERN,54:54:70:70,7,generic_wall_review,18,1,GOLDENROD_CITY,14,12
TILESET_JOHTO_MODERN,55:56:57:58,113,classified_ground,2,2,GOLDENROD_CITY,19,1
TILESET_JOHTO_MODERN,55:56:57:58,113,modeled_exterior,19,3,AZALEA_TOWN,9,5
TILESET_JOHTO_MODERN,59:59:59:59,7,classified_ledge,38,3,AZALEA_TOWN,30,0
TILESET_JOHTO_MODERN,59:5:59:5,7,classified_ledge,3,1,ROUTE_33,8,10
TILESET_JOHTO_MODERN,59:5:75:76,7,classified_ledge,1,1,ROUTE_33,8,13
TILESET_JOHTO_MODERN,59:60:75:76,7,classified_boulder,35,4,AZALEA_TOWN,24,1
TILESET_JOHTO_MODERN,59:75:75:76,7,classified_ledge,6,3,AZALEA_TOWN,30,3
TILESET_JOHTO_MODERN,59:76:75:76,7,classified_ledge,1,1,AZALEA_TOWN,30,8
TILESET_JOHTO_MODERN,5:43:43:59,7,classified_ledge,2,2,GOLDENROD_CITY,38,16
TILESET_JOHTO_MODERN,5:5:5:3,0,classified_ground,10,1,GOLDENROD_CITY,28,2
TILESET_JOHTO_MODERN,5:5:5:5,0,classified_ground,156,4,AZALEA_TOWN,6,1
TILESET_JOHTO_MODERN,5:5:5:5,161,classified_ground,2,1,ROUTE_33,9,10
TILESET_JOHTO_MODERN,5:5:5:5,163,classified_ground,12,2,AZALEA_TOWN,6,6
TILESET_JOHTO_MODERN,5:5:5:5,165,classified_ground,1,1,ROUTE_33,9,12
TILESET_JOHTO_MODERN,5:5:76:76,7,classified_ledge,13,2,AZALEA_TOWN,6,7
TILESET_JOHTO_MODERN,5:5:91:91,0,classified_ground,2,2,AZALEA_TOWN,31,11
TILESET_JOHTO_MODERN,60:60:60:60,0,classified_ground,149,3,AZALEA_TOWN,31,0
TILESET_JOHTO_MODERN,60:61:76:77,7,classified_boulder,35,4,AZALEA_TOWN,25,1
TILESET_JOHTO_MODERN,61:20:61:20,41,classified_water,1,1,ROUTE_34,18,19
TILESET_JOHTO_MODERN,61:61:61:61,7,classified_ledge,15,1,ROUTE_33,15,0
TILESET_JOHTO_MODERN,64:64:64:64,112,classified_ground,2,1,ROUTE_34,13,37
TILESET_JOHTO_MODERN,64:64:64:64,118,classified_ground,2,1,AZALEA_TOWN,2,10
TILESET_JOHTO_MODERN,64:64:64:64,126,classified_ground,2,1,ROUTE_34,11,14
TILESET_JOHTO_MODERN,65:70:81:82,7,generic_wall_review,2,1,ROUTE_34,12,39
TILESET_JOHTO_MODERN,66:67:51:83,7,generic_wall_review,2,1,GOLDENROD_CITY,5,4
TILESET_JOHTO_MODERN,69:34:39:40,123,classified_ground,1,1,ROUTE_33,11,9
TILESET_JOHTO_MODERN,6:0:0:0,0,classified_ground,25,2,AZALEA_TOWN,3,11
TILESET_JOHTO_MODERN,6:6:6:6,0,classified_ground,633,4,AZALEA_TOWN,9,6
TILESET_JOHTO_MODERN,6:6:6:6,163,classified_ground,1,1,AZALEA_TOWN,8,6
TILESET_JOHTO_MODERN,6:6:76:76,7,classified_ledge,1,1,AZALEA_TOWN,8,7
TILESET_JOHTO_MODERN,6:6:91:91,0,classified_ground,1,1,AZALEA_TOWN,9,7
TILESET_JOHTO_MODERN,6:74:6:74,7,classified_signpost,16,3,AZALEA_TOWN,5,8
TILESET_JOHTO_MODERN,6:74:6:74,7,generic_wall_review,7,2,GOLDENROD_CITY,17,0
TILESET_JOHTO_MODERN,70:68:82:84,7,generic_wall_review,2,2,AZALEA_TOWN,1,9
TILESET_JOHTO_MODERN,70:70:82:82,7,generic_wall_review,4,2,AZALEA_TOWN,0,9
TILESET_JOHTO_MODERN,74:6:74:6,7,classified_signpost,17,2,GOLDENROD_CITY,22,2
TILESET_JOHTO_MODERN,74:6:74:6,7,generic_wall_review,3,2,GOLDENROD_CITY,22,0
TILESET_JOHTO_MODERN,76:61:76:77,7,classified_ledge,1,1,AZALEA_TOWN,32,8
TILESET_JOHTO_MODERN,76:76:20:20,41,classified_water,8,2,GOLDENROD_CITY,2,20
TILESET_JOHTO_MODERN,76:76:76:59,7,classified_ledge,2,1,ROUTE_33,8,3
TILESET_JOHTO_MODERN,76:76:76:76,7,classified_ledge,27,3,AZALEA_TOWN,31,3
TILESET_JOHTO_MODERN,76:93:20:59,41,classified_water,4,2,GOLDENROD_CITY,5,20
TILESET_JOHTO_MODERN,77:20:20:20,41,classified_water,1,1,ROUTE_34,18,20
TILESET_JOHTO_MODERN,77:61:76:77,7,classified_ledge,2,1,ROUTE_33,15,9
TILESET_JOHTO_MODERN,78:79:94:95,7,classified_signpost,18,4,AZALEA_TOWN,29,7
TILESET_JOHTO_MODERN,78:79:94:95,7,generic_wall_review,2,2,GOLDENROD_CITY,28,30
TILESET_JOHTO_MODERN,7:28:2:22,7,modeled_exterior,8,3,AZALEA_TOWN,23,5
TILESET_JOHTO_MODERN,7:28:38:28,7,modeled_exterior,4,2,GOLDENROD_CITY,13,12
TILESET_JOHTO_MODERN,7:28:7:28,7,modeled_exterior,6,2,AZALEA_TOWN,23,4
TILESET_JOHTO_MODERN,7:7:2:2,7,modeled_exterior,13,2,GOLDENROD_CITY,10,13
TILESET_JOHTO_MODERN,7:7:38:7,7,modeled_exterior,3,1,GOLDENROD_CITY,25,14
TILESET_JOHTO_MODERN,7:7:7:38,7,modeled_exterior,4,2,GOLDENROD_CITY,12,12
TILESET_JOHTO_MODERN,7:7:7:7,7,modeled_exterior,25,3,AZALEA_TOWN,21,4
TILESET_JOHTO_MODERN,80:33:32:33,7,generic_wall_review,1,1,GOLDENROD_CITY,6,15
TILESET_JOHTO_MODERN,80:33:80:38,7,generic_wall_review,9,1,GOLDENROD_CITY,4,5
TILESET_JOHTO_MODERN,80:33:80:83,7,generic_wall_review,1,1,GOLDENROD_CITY,4,14
TILESET_JOHTO_MODERN,80:83:32:37,7,classified_signpost,1,1,GOLDENROD_CITY,4,15
TILESET_JOHTO_MODERN,85:87:53:53,123,classified_ground,1,1,AZALEA_TOWN,31,7
TILESET_JOHTO_MODERN,88:88:88:88,39,classified_oceanrock,36,1,ROUTE_34,3,8
TILESET_JOHTO_MODERN,8:9:23:23,7,modeled_exterior,2,2,AZALEA_TOWN,16,9
TILESET_JOHTO_MODERN,90:90:74:89,7,generic_wall_review,3,1,GOLDENROD_CITY,2,14
TILESET_JOHTO_MODERN,90:90:89:74,7,generic_wall_review,4,2,GOLDENROD_CITY,35,6
TILESET_JOHTO_MODERN,90:90:89:89,7,classified_signpost,25,3,AZALEA_TOWN,2,9
TILESET_JOHTO_MODERN,90:90:89:89,7,generic_wall_review,57,3,AZALEA_TOWN,5,9
TILESET_JOHTO_MODERN,91:91:91:91,0,classified_ground,1,1,AZALEA_TOWN,31,8
TILESET_JOHTO_MODERN,92:76:61:20,41,classified_water,2,1,ROUTE_34,18,18
TILESET_KABUTO_WORD_ROOM,10:11:10:11,7,generic_wall_review,22,1,RUINS_OF_ALPH_KABUTO_WORD_ROOM,0,1
TILESET_KABUTO_WORD_ROOM,128:129:144:145,0,classified_ground,3,1,RUINS_OF_ALPH_KABUTO_WORD_ROOM,14,4
TILESET_KABUTO_WORD_ROOM,134:135:150:151,0,classified_ground,1,1,RUINS_OF_ALPH_KABUTO_WORD_ROOM,9,4
TILESET_KABUTO_WORD_ROOM,136:137:152:153,0,classified_ground,5,1,RUINS_OF_ALPH_KABUTO_WORD_ROOM,3,6
TILESET_KABUTO_WORD_ROOM,138:139:154:155,0,classified_ground,1,1,RUINS_OF_ALPH_KABUTO_WORD_ROOM,14,6
TILESET_KABUTO_WORD_ROOM,140:141:156:157,0,classified_ground,1,1,RUINS_OF_ALPH_KABUTO_WORD_ROOM,7,8
TILESET_KABUTO_WORD_ROOM,142:143:158:159,0,classified_ground,3,1,RUINS_OF_ALPH_KABUTO_WORD_ROOM,13,4
TILESET_KABUTO_WORD_ROOM,160:161:176:177,0,classified_ground,1,1,RUINS_OF_ALPH_KABUTO_WORD_ROOM,6,6
TILESET_KABUTO_WORD_ROOM,166:167:182:183,0,classified_ground,2,1,RUINS_OF_ALPH_KABUTO_WORD_ROOM,15,4
TILESET_KABUTO_WORD_ROOM,168:169:184:185,0,classified_ground,1,1,RUINS_OF_ALPH_KABUTO_WORD_ROOM,4,6
TILESET_KABUTO_WORD_ROOM,170:171:186:187,0,classified_ground,1,1,RUINS_OF_ALPH_KABUTO_WORD_ROOM,7,6
TILESET_KABUTO_WORD_ROOM,172:173:188:189,0,classified_ground,3,1,RUINS_OF_ALPH_KABUTO_WORD_ROOM,2,4
TILESET_KABUTO_WORD_ROOM,194:195:210:211,0,classified_ground,5,1,RUINS_OF_ALPH_KABUTO_WORD_ROOM,4,4
TILESET_KABUTO_WORD_ROOM,196:197:212:213,0,classified_ground,3,1,RUINS_OF_ALPH_KABUTO_WORD_ROOM,10,4
TILESET_KABUTO_WORD_ROOM,198:199:214:215,0,classified_ground,1,1,RUINS_OF_ALPH_KABUTO_WORD_ROOM,2,8
TILESET_KABUTO_WORD_ROOM,1:1:1:1,7,generic_wall_review,20,1,RUINS_OF_ALPH_KABUTO_WORD_ROOM,0,13
TILESET_KABUTO_WORD_ROOM,200:201:216:217,0,classified_ground,1,1,RUINS_OF_ALPH_KABUTO_WORD_ROOM,3,4
TILESET_KABUTO_WORD_ROOM,204:205:220:221,0,classified_ground,1,1,RUINS_OF_ALPH_KABUTO_WORD_ROOM,6,4
TILESET_KABUTO_WORD_ROOM,2:3:3:2,0,classified_ground,164,1,RUINS_OF_ALPH_KABUTO_WORD_ROOM,1,1
TILESET_KABUTO_WORD_ROOM,6:6:22:23,7,generic_wall_review,1,1,RUINS_OF_ALPH_KABUTO_WORD_ROOM,1,0
TILESET_KABUTO_WORD_ROOM,6:6:26:27,7,generic_wall_review,5,1,RUINS_OF_ALPH_KABUTO_WORD_ROOM,2,0
TILESET_KABUTO_WORD_ROOM,6:6:28:29,7,generic_wall_review,5,1,RUINS_OF_ALPH_KABUTO_WORD_ROOM,3,0
TILESET_KABUTO_WORD_ROOM,6:6:32:33,7,generic_wall_review,2,1,RUINS_OF_ALPH_KABUTO_WORD_ROOM,4,0
TILESET_KABUTO_WORD_ROOM,6:6:33:64,7,generic_wall_review,4,1,RUINS_OF_ALPH_KABUTO_WORD_ROOM,3,12
TILESET_KABUTO_WORD_ROOM,6:6:34:35,7,generic_wall_review,2,1,RUINS_OF_ALPH_KABUTO_WORD_ROOM,5,0
TILESET_KABUTO_WORD_ROOM,6:6:34:55,7,generic_wall_review,4,1,RUINS_OF_ALPH_KABUTO_WORD_ROOM,5,12
TILESET_KABUTO_WORD_ROOM,6:6:35:56,7,generic_wall_review,1,1,RUINS_OF_ALPH_KABUTO_WORD_ROOM,18,12
TILESET_KABUTO_WORD_ROOM,6:6:54:22,7,generic_wall_review,4,1,RUINS_OF_ALPH_KABUTO_WORD_ROOM,2,12
TILESET_KABUTO_WORD_ROOM,6:6:54:28,7,generic_wall_review,4,1,RUINS_OF_ALPH_KABUTO_WORD_ROOM,4,12
TILESET_KABUTO_WORD_ROOM,6:6:56:57,7,generic_wall_review,1,1,RUINS_OF_ALPH_KABUTO_WORD_ROOM,18,0
TILESET_KABUTO_WORD_ROOM,6:6:64:65,7,generic_wall_review,1,1,RUINS_OF_ALPH_KABUTO_WORD_ROOM,8,0
TILESET_KABUTO_WORD_ROOM,6:6:66:67,7,generic_wall_review,1,1,RUINS_OF_ALPH_KABUTO_WORD_ROOM,9,0
TILESET_KABUTO_WORD_ROOM,6:6:67:32,7,generic_wall_review,1,1,RUINS_OF_ALPH_KABUTO_WORD_ROOM,1,12
TILESET_KABUTO_WORD_ROOM,84:86:88:89,96,classified_ground,1,1,RUINS_OF_ALPH_KABUTO_WORD_ROOM,17,11
TILESET_KABUTO_WORD_ROOM,8:9:10:11,7,generic_wall_review,4,1,RUINS_OF_ALPH_KABUTO_WORD_ROOM,0,0
TILESET_KANTO,10:10:26:26,7,generic_wall_review,34,11,CELADON_CITY,7,29
TILESET_KANTO,10:10:26:26,7,modeled_exterior,39,17,CELADON_CITY,5,9
TILESET_KANTO,10:10:34:34,7,generic_wall_review,20,8,CELADON_CITY,7,28
TILESET_KANTO,10:10:34:34,7,modeled_exterior,3,2,ROUTE_5,9,10
TILESET_KANTO,10:10:75:75,7,generic_wall_review,9,7,FUCHSIA_CITY,39,22
TILESET_KANTO,10:10:75:75,7,modeled_exterior,76,16,CELADON_CITY,3,8
TILESET_KANTO,10:31:26:60,7,classified_fence,2,2,PEWTER_CITY,17,17
TILESET_KANTO,10:31:26:60,7,generic_wall_review,7,5,CELADON_CITY,11,29
TILESET_KANTO,10:31:26:60,7,modeled_exterior,1,1,ROUTE_5,11,11
TILESET_KANTO,10:31:75:31,7,generic_wall_review,7,4,LAVENDER_TOWN,17,1
TILESET_KANTO,10:31:75:31,7,modeled_exterior,30,10,CELADON_CITY,7,5
TILESET_KANTO,10:34:26:26,7,modeled_exterior,10,5,CELADON_CITY,13,15
TILESET_KANTO,10:35:26:26,7,modeled_exterior,5,1,CERULEAN_CITY,9,15
TILESET_KANTO,10:50:26:26,7,generic_wall_review,1,1,ROUTE_23,8,5
TILESET_KANTO,10:50:75:75,7,generic_wall_review,22,4,LAVENDER_TOWN,13,1
TILESET_KANTO,10:50:75:75,7,modeled_exterior,45,8,CELADON_CITY,3,5
TILESET_KANTO,10:75:75:75,7,generic_wall_review,1,1,ROUTE_23,8,4
TILESET_KANTO,11:12:27:28,113,classified_ground,14,11,CELADON_CITY,10,29
TILESET_KANTO,11:12:27:28,113,modeled_exterior,61,22,CELADON_CITY,4,9
TILESET_KANTO,11:12:27:28,7,generic_wall_review,2,2,CERULEAN_CITY,14,29
TILESET_KANTO,11:12:27:28,7,modeled_exterior,1,1,ROUTE_7,6,9
TILESET_KANTO,14:14:85:85,7,classified_fence,476,21,CELADON_CITY,16,15
TILESET_KANTO,15:10:15:75,7,generic_wall_review,7,4,LAVENDER_TOWN,12,0
TILESET_KANTO,15:10:15:75,7,modeled_exterior,45,17,CELADON_CITY,2,4
TILESET_KANTO,15:10:29:26,7,generic_wall_review,11,8,CELADON_CITY,6,29
TILESET_KANTO,15:10:29:26,7,modeled_exterior,2,2,ROUTE_5,8,11
TILESET_KANTO,15:34:29:26,7,modeled_exterior,4,3,FUCHSIA_CITY,26,27
TILESET_KANTO,15:50:15:75,7,generic_wall_review,12,7,FUCHSIA_CITY,38,22
TILESET_KANTO,15:50:15:75,7,modeled_exterior,60,9,CELADON_CITY,2,5
TILESET_KANTO,15:75:29:26,7,classified_signpost,1,1,ROUTE_10_NORTH,10,1
TILESET_KANTO,15:75:29:26,7,generic_wall_review,6,6,FUCHSIA_CITY,38,23
TILESET_KANTO,15:75:29:26,7,modeled_exterior,81,21,CELADON_CITY,2,9
TILESET_KANTO,16:35:16:35,0,classified_ground,314,7,CERULEAN_CITY,12,35
TILESET_KANTO,16:35:33:32,0,classified_ground,8,4,ROUTE_11,4,11
TILESET_KANTO,16:35:33:35,0,classified_ground,5,3,ROUTE_11,26,3
TILESET_KANTO,17:17:17:17,0,classified_ground,3514,24,CERULEAN_CITY,0,0
TILESET_KANTO,17:30:30:39,7,classified_fence,31,16,CINNABAR_ISLAND,6,2
TILESET_KANTO,17:30:30:39,7,generic_wall_review,9,7,CINNABAR_ISLAND,10,0
TILESET_KANTO,18:18:18:18,7,generic_wall_review,6,1,PEWTER_CITY,11,4
TILESET_KANTO,18:18:23:23,7,generic_wall_review,48,8,CELADON_CITY,7,27
TILESET_KANTO,1:1:17:17,178,classified_ground,508,21,CINNABAR_ISLAND,11,0
TILESET_KANTO,20:20:20:20,41,classified_water,3818,25,CELADON_CITY,13,19
TILESET_KANTO,20:51:20:20,41,classified_water,12,6,CINNABAR_ISLAND,3,12
TILESET_KANTO,20:84:20:84,41,classified_water,196,15,CINNABAR_ISLAND,3,0
TILESET_KANTO,21:22:37:38,7,generic_wall_review,1,1,PEWTER_CITY,10,5
TILESET_KANTO,21:56:21:22,7,generic_wall_review,12,8,CELADON_CITY,6,27
TILESET_KANTO,21:56:21:56,7,generic_wall_review,1,1,PEWTER_CITY,10,4
TILESET_KANTO,23:23:34:34,7,generic_wall_review,6,1,PEWTER_CITY,11,5
TILESET_KANTO,24:25:40:41,7,generic_wall_review,1,1,PEWTER_CITY,17,5
TILESET_KANTO,2:17:36:2,7,classified_fence,35,18,CINNABAR_ISLAND,19,0
TILESET_KANTO,2:17:36:2,7,generic_wall_review,3,3,ROUTE_28,9,14
TILESET_KANTO,32:32:35:35,0,classified_ground,212,5,ROUTE_11,5,0
TILESET_KANTO,32:33:35:16,0,classified_ground,6,4,ROUTE_11,13,0
TILESET_KANTO,33:32:16:35,0,classified_ground,6,4,ROUTE_11,4,0
TILESET_KANTO,33:35:16:35,0,classified_ground,9,4,CERULEAN_CITY,12,34
TILESET_KANTO,33:35:35:35,0,classified_ground,15,5,ROUTE_11,12,6
TILESET_KANTO,34:31:26:60,7,modeled_exterior,4,3,FUCHSIA_CITY,29,27
TILESET_KANTO,34:47:34:34,7,generic_wall_review,10,7,CELADON_CITY,8,28
TILESET_KANTO,35:16:32:33,0,classified_ground,8,5,ROUTE_11,9,11
TILESET_KANTO,35:16:35:16,0,classified_ground,316,7,CERULEAN_CITY,13,35
TILESET_KANTO,35:16:35:33,0,classified_ground,5,3,ROUTE_11,27,3
TILESET_KANTO,35:33:35:16,0,classified_ground,9,4,CERULEAN_CITY,13,34
TILESET_KANTO,35:33:35:35,0,classified_ground,14,5,ROUTE_11,17,6
TILESET_KANTO,35:35:32:32,0,classified_ground,216,5,ROUTE_11,6,1
TILESET_KANTO,35:35:33:35,0,classified_ground,13,5,ROUTE_11,12,1
TILESET_KANTO,35:35:35:33,0,classified_ground,12,5,ROUTE_11,5,1
TILESET_KANTO,35:35:35:35,0,classified_ground,876,25,CELADON_CITY,17,2
TILESET_KANTO,35:35:57:35,0,classified_ground,804,24,CELADON_CITY,16,2
TILESET_KANTO,35:50:26:26,7,modeled_exterior,5,1,CERULEAN_CITY,8,15
TILESET_KANTO,36:36:36:36,7,classified_fence,308,21,CERULEAN_CITY,15,0
TILESET_KANTO,36:36:36:36,7,generic_wall_review,76,17,FUCHSIA_CITY,19,33
TILESET_KANTO,37:38:15:34,7,generic_wall_review,11,8,CELADON_CITY,6,28
TILESET_KANTO,37:38:15:34,7,modeled_exterior,2,2,ROUTE_5,8,10
TILESET_KANTO,37:38:29:26,7,modeled_exterior,25,12,CELADON_CITY,12,15
TILESET_KANTO,37:38:92:23,7,modeled_exterior,4,3,FUCHSIA_CITY,26,26
TILESET_KANTO,39:39:39:39,7,classified_fence,213,21,CINNABAR_ISLAND,10,1
TILESET_KANTO,39:39:39:39,7,generic_wall_review,77,15,CINNABAR_ISLAND,14,10
TILESET_KANTO,39:44:39:44,7,classified_fence,38,6,FUCHSIA_CITY,2,26
TILESET_KANTO,39:44:54:55,7,generic_wall_review,12,6,FUCHSIA_CITY,2,31
TILESET_KANTO,39:54:54:55,7,generic_wall_review,48,20,CINNABAR_ISLAND,6,5
TILESET_KANTO,3:44:44:44,0,classified_ground,436,19,CERULEAN_CITY,6,9
TILESET_KANTO,40:41:23:93,7,modeled_exterior,4,3,FUCHSIA_CITY,29,26
TILESET_KANTO,40:41:26:60,7,modeled_exterior,25,12,CELADON_CITY,15,15
TILESET_KANTO,40:41:34:31,7,generic_wall_review,11,8,CELADON_CITY,11,28
TILESET_KANTO,40:41:34:31,7,modeled_exterior,2,2,ROUTE_5,11,10
TILESET_KANTO,42:43:58:59,7,classified_rock,2002,35,CELADON_CITY,12,16
TILESET_KANTO,44:36:44:36,7,generic_wall_review,34,6,FUCHSIA_CITY,23,26
TILESET_KANTO,44:36:55:52,7,generic_wall_review,8,6,FUCHSIA_CITY,23,31
TILESET_KANTO,44:44:44:3,0,classified_ground,436,19,CERULEAN_CITY,6,8
TILESET_KANTO,44:44:44:44,0,classified_ground,4564,35,CELADON_CITY,8,2
TILESET_KANTO,44:44:44:44,160,classified_ledge,26,6,FUCHSIA_CITY,22,26
TILESET_KANTO,44:44:44:44,161,classified_ledge,26,5,FUCHSIA_CITY,3,26
TILESET_KANTO,44:44:44:44,163,classified_ledge,378,23,CELADON_CITY,2,32
TILESET_KANTO,44:44:44:44,164,classified_ledge,8,6,FUCHSIA_CITY,22,30
TILESET_KANTO,44:44:44:44,165,classified_ledge,12,6,FUCHSIA_CITY,3,30
TILESET_KANTO,44:44:4:4,0,classified_ground,47,17,CELADON_CITY,5,33
TILESET_KANTO,44:44:55:52,7,generic_wall_review,54,17,CELADON_CITY,4,33
TILESET_KANTO,44:44:55:55,7,generic_wall_review,344,22,CELADON_CITY,2,33
TILESET_KANTO,45:46:61:62,18,classified_bush,24,13,CELADON_CITY,28,35
TILESET_KANTO,48:57:57:48,0,classified_ground,337,8,CELADON_CITY,12,8
TILESET_KANTO,49:49:20:20,41,classified_water,74,4,ROUTE_12,6,8
TILESET_KANTO,50:10:34:34,7,generic_wall_review,2,2,CERULEAN_CITY,14,28
TILESET_KANTO,50:10:34:34,7,modeled_exterior,1,1,ROUTE_7,6,8
TILESET_KANTO,50:10:75:75,7,classified_fence,1,1,ROUTE_10_NORTH,11,0
TILESET_KANTO,50:10:75:75,7,generic_wall_review,36,7,LAVENDER_TOWN,14,0
TILESET_KANTO,50:10:75:75,7,modeled_exterior,141,21,CELADON_CITY,4,4
TILESET_KANTO,50:31:26:60,7,generic_wall_review,2,2,CERULEAN_CITY,15,29
TILESET_KANTO,50:31:26:60,7,modeled_exterior,1,1,ROUTE_7,7,9
TILESET_KANTO,50:31:75:31,7,generic_wall_review,12,7,LAVENDER_TOWN,17,0
TILESET_KANTO,50:31:75:31,7,modeled_exterior,75,18,CELADON_CITY,7,4
TILESET_KANTO,50:34:23:23,7,modeled_exterior,4,3,FUCHSIA_CITY,27,26
TILESET_KANTO,50:50:23:23,7,modeled_exterior,4,3,FUCHSIA_CITY,28,26
TILESET_KANTO,50:50:75:75,7,generic_wall_review,6,3,LAVENDER_TOWN,13,0
TILESET_KANTO,50:50:75:75,7,modeled_exterior,12,2,CELADON_CITY,3,4
TILESET_KANTO,50:75:75:75,7,generic_wall_review,3,3,LAVENDER_TOWN,14,4
TILESET_KANTO,50:75:75:75,7,modeled_exterior,8,4,CELADON_CITY,4,8
TILESET_KANTO,51:20:20:20,41,classified_water,10,6,ROUTE_10_NORTH,16,12
TILESET_KANTO,51:20:51:20,41,classified_water,204,17,CINNABAR_ISLAND,14,3
TILESET_KANTO,51:51:20:20,41,classified_water,270,20,CELADON_CITY,13,18
TILESET_KANTO,51:51:20:84,41,classified_water,24,13,CINNABAR_ISLAND,17,2
TILESET_KANTO,51:51:51:20,41,classified_water,22,12,CINNABAR_ISLAND,14,2
TILESET_KANTO,52:36:55:52,7,classified_fence,1,1,ROUTE_9,49,15
TILESET_KANTO,52:36:55:52,7,generic_wall_review,53,22,CERULEAN_CITY,15,3
TILESET_KANTO,53:55:36:53,7,classified_fence,3,3,ROUTE_4,1,5
TILESET_KANTO,53:55:36:53,7,generic_wall_review,29,14,CERULEAN_CITY,3,3
TILESET_KANTO,55:19:19:39,7,generic_wall_review,28,10,CINNABAR_ISLAND,10,5
TILESET_KANTO,55:55:55:55,7,classified_fence,462,22,CERULEAN_CITY,4,3
TILESET_KANTO,55:55:55:55,7,generic_wall_review,112,14,FUCHSIA_CITY,10,25
TILESET_KANTO,56:25:24:25,7,generic_wall_review,12,8,CELADON_CITY,11,27
TILESET_KANTO,56:25:56:25,7,generic_wall_review,1,1,PEWTER_CITY,17,4
TILESET_KANTO,57:57:4:4,0,classified_ground,16,9,CERULEAN_CITY,6,19
TILESET_KANTO,57:57:54:55,7,classified_signpost,16,9,CERULEAN_CITY,7,19
TILESET_KANTO,57:57:55:55,7,classified_signpost,158,13,CINNABAR_ISLAND,8,9
TILESET_KANTO,57:57:57:57,0,classified_ground,2155,35,CELADON_CITY,16,14
TILESET_KANTO,57:57:57:57,163,classified_ledge,174,17,CERULEAN_CITY,7,18
TILESET_KANTO,5:6:21:22,7,modeled_exterior,31,16,CELADON_CITY,12,14
TILESET_KANTO,5:6:21:56,7,generic_wall_review,12,8,CELADON_CITY,6,26
TILESET_KANTO,63:34:34:34,7,generic_wall_review,10,7,CELADON_CITY,9,28
TILESET_KANTO,64:65:80:81,7,classified_roundtree,3087,27,CELADON_CITY,0,0
TILESET_KANTO,66:67:74:74,7,generic_wall_review,1,1,ROUTE_10_NORTH,12,1
TILESET_KANTO,66:67:74:74,7,modeled_exterior,10,10,CELADON_CITY,30,9
TILESET_KANTO,68:69:74:74,7,modeled_exterior,8,8,CELADON_CITY,6,9
TILESET_KANTO,70:71:86:87,7,classified_fence,72,33,CELADON_CITY,13,9
TILESET_KANTO,70:71:86:87,7,generic_wall_review,4,3,ROUTE_13,17,13
TILESET_KANTO,72:73:88:89,123,classified_ground,10,9,MOUNT_MOON_SQUARE,20,5
TILESET_KANTO,75:31:26:60,7,generic_wall_review,7,7,LAVENDER_TOWN,17,5
TILESET_KANTO,75:31:26:60,7,modeled_exterior,81,21,CELADON_CITY,7,9
TILESET_KANTO,75:50:75:75,7,generic_wall_review,4,3,LAVENDER_TOWN,15,4
TILESET_KANTO,75:50:75:75,7,modeled_exterior,8,4,CELADON_CITY,5,8
TILESET_KANTO,75:75:26:26,7,generic_wall_review,16,8,FUCHSIA_CITY,39,23
TILESET_KANTO,75:75:26:26,7,modeled_exterior,131,18,CELADON_CITY,3,9
TILESET_KANTO,75:75:75:75,114,classified_ground,340,8,CELADON_CITY,14,16
TILESET_KANTO,76:78:90:94,7,generic_wall_review,5,5,FUCHSIA_CITY,38,20
TILESET_KANTO,76:78:90:94,7,modeled_exterior,81,21,CELADON_CITY,2,2
TILESET_KANTO,78:77:94:90,7,generic_wall_review,5,5,ROUTE_10_SOUTH,17,12
TILESET_KANTO,78:77:94:90,7,modeled_exterior,81,21,CELADON_CITY,7,2
TILESET_KANTO,78:78:94:94,7,generic_wall_review,14,7,FUCHSIA_CITY,39,20
TILESET_KANTO,78:78:94:94,7,modeled_exterior,198,21,CELADON_CITY,3,2
TILESET_KANTO,79:79:79:79,112,classified_ground,14,7,CELADON_CITY,16,3
TILESET_KANTO,79:79:79:79,118,classified_ground,10,5,ROUTE_15,2,4
TILESET_KANTO,79:79:79:79,126,classified_ground,10,5,FUCHSIA_CITY,37,22
TILESET_KANTO,7:7:23:23,7,modeled_exterior,72,16,CELADON_CITY,13,14
TILESET_KANTO,82:82:82:82,24,classified_grass,1108,24,PALLET_TOWN,8,0
TILESET_KANTO,83:83:18:18,7,generic_wall_review,48,8,CELADON_CITY,7,26
TILESET_KANTO,8:9:24:25,7,modeled_exterior,31,16,CELADON_CITY,15,14
TILESET_KANTO,8:9:56:25,7,generic_wall_review,12,8,CELADON_CITY,11,26
TILESET_KANTO,90:94:92:95,7,generic_wall_review,5,5,FUCHSIA_CITY,38,21
TILESET_KANTO,90:94:92:95,7,modeled_exterior,81,21,CELADON_CITY,2,3
TILESET_KANTO,91:91:91:91,0,classified_ground,1148,11,CELADON_CITY,12,4
TILESET_KANTO,94:90:95:93,7,generic_wall_review,5,5,ROUTE_10_SOUTH,17,13
TILESET_KANTO,94:90:95:93,7,modeled_exterior,81,21,CELADON_CITY,7,3
TILESET_KANTO,94:94:95:95,7,generic_wall_review,14,7,FUCHSIA_CITY,39,21
TILESET_KANTO,94:94:95:95,7,modeled_exterior,198,21,CELADON_CITY,3,3
TILESET_LAB,10:11:26:27,7,modeled_prop,2,2,ELMS_LAB,2,1
TILESET_LAB,12:13:28:29,7,modeled_prop,2,2,ELMS_LAB,3,1
TILESET_LAB,133:134:131:132,0,modeled_prop,1,1,ELMS_LAB,3,4
TILESET_LAB,136:137:152:143,7,generic_wall_review,1,1,DRAGON_SHRINE,8,0
TILESET_LAB,136:137:152:149,7,generic_wall_review,1,1,DRAGON_SHRINE,0,0
TILESET_LAB,136:137:152:153,7,generic_wall_review,1,1,DRAGON_SHRINE,4,0
TILESET_LAB,136:139:152:155,7,generic_wall_review,2,1,DRAGON_SHRINE,2,0
TILESET_LAB,137:135:150:151,7,generic_wall_review,1,1,DRAGON_SHRINE,1,0
TILESET_LAB,137:135:154:151,7,generic_wall_review,1,1,DRAGON_SHRINE,5,0
TILESET_LAB,137:135:171:151,7,generic_wall_review,1,1,DRAGON_SHRINE,9,0
TILESET_LAB,138:138:138:138,0,classified_ground,34,1,DRAGON_SHRINE,2,2
TILESET_LAB,138:189:138:199,7,generic_wall_review,3,1,DRAGON_SHRINE,8,3
TILESET_LAB,138:215:138:218,7,generic_wall_review,3,1,DRAGON_SHRINE,8,2
TILESET_LAB,138:215:138:40,7,generic_wall_review,1,1,DRAGON_SHRINE,8,8
TILESET_LAB,138:222:138:138,0,classified_ground,1,1,DRAGON_SHRINE,0,9
TILESET_LAB,138:56:138:138,0,classified_ground,1,1,DRAGON_SHRINE,8,9
TILESET_LAB,140:135:156:151,7,generic_wall_review,2,1,DRAGON_SHRINE,3,0
TILESET_LAB,142:167:158:138,7,generic_wall_review,2,1,DRAGON_SHRINE,3,1
TILESET_LAB,145:146:161:162,7,modeled_prop,1,1,ELMS_LAB,2,5
TILESET_LAB,147:148:163:164,7,modeled_prop,1,1,ELMS_LAB,3,5
TILESET_LAB,14:15:30:31,7,modeled_prop,2,2,ELMS_LAB,9,3
TILESET_LAB,166:167:198:138,7,generic_wall_review,1,1,DRAGON_SHRINE,1,1
TILESET_LAB,168:141:138:157,7,generic_wall_review,2,1,DRAGON_SHRINE,2,1
TILESET_LAB,168:159:138:199,7,generic_wall_review,1,1,DRAGON_SHRINE,8,1
TILESET_LAB,168:165:196:197,7,generic_wall_review,1,1,DRAGON_SHRINE,0,1
TILESET_LAB,168:169:138:138,0,classified_ground,1,1,DRAGON_SHRINE,4,1
TILESET_LAB,16:16:129:130,0,modeled_prop,1,1,ELMS_LAB,2,4
TILESET_LAB,16:16:16:16,0,classified_ground,274,3,ELMS_LAB,4,1
TILESET_LAB,170:167:138:138,0,classified_ground,1,1,DRAGON_SHRINE,5,1
TILESET_LAB,173:173:138:138,0,classified_ground,2,1,DRAGON_SHRINE,4,3
TILESET_LAB,174:174:175:175,0,classified_ground,2,1,DRAGON_SHRINE,4,2
TILESET_LAB,176:177:192:193,0,classified_ground,2,1,DRAGON_SHRINE,2,6
TILESET_LAB,178:179:194:195,0,classified_ground,2,1,DRAGON_SHRINE,3,6
TILESET_LAB,190:191:200:201,7,generic_wall_review,3,1,DRAGON_SHRINE,9,3
TILESET_LAB,1:1:17:17,7,generic_wall_review,16,3,ELMS_LAB,0,0
TILESET_LAB,202:203:196:197,7,generic_wall_review,3,1,DRAGON_SHRINE,0,3
TILESET_LAB,204:138:198:138,7,generic_wall_review,3,1,DRAGON_SHRINE,1,3
TILESET_LAB,208:209:180:181,0,classified_ground,2,1,DRAGON_SHRINE,2,7
TILESET_LAB,210:211:182:183,0,classified_ground,2,1,DRAGON_SHRINE,3,7
TILESET_LAB,212:213:186:187,7,generic_wall_review,3,1,DRAGON_SHRINE,0,2
TILESET_LAB,212:213:205:206,7,generic_wall_review,1,1,DRAGON_SHRINE,0,8
TILESET_LAB,214:138:188:138,7,generic_wall_review,3,1,DRAGON_SHRINE,1,2
TILESET_LAB,214:138:207:138,7,generic_wall_review,1,1,DRAGON_SHRINE,1,8
TILESET_LAB,216:217:219:220,7,generic_wall_review,3,1,DRAGON_SHRINE,9,2
TILESET_LAB,216:217:41:72,7,generic_wall_review,1,1,DRAGON_SHRINE,9,8
TILESET_LAB,221:167:200:201,7,generic_wall_review,1,1,DRAGON_SHRINE,9,1
TILESET_LAB,223:138:138:138,0,classified_ground,1,1,DRAGON_SHRINE,1,9
TILESET_LAB,2:2:18:18,112,classified_ground,10,5,DRAGON_SHRINE,4,9
TILESET_LAB,32:33:48:49,157,generic_wall_review,3,2,ELMS_LAB,4,0
TILESET_LAB,34:35:50:51,7,generic_wall_review,1,1,ELMS_LAB,5,0
TILESET_LAB,36:36:36:36,0,classified_ground,77,1,EARLS_POKEMON_ACADEMY,0,2
TILESET_LAB,37:38:16:16,0,modeled_prop,4,2,ELMS_LAB,2,2
TILESET_LAB,38:38:16:16,0,modeled_prop,2,2,ELMS_LAB,7,4
TILESET_LAB,38:39:16:16,0,modeled_prop,4,2,ELMS_LAB,3,2
TILESET_LAB,3:4:19:20,145,modeled_prop,12,1,ELMS_LAB,6,1
TILESET_LAB,3:4:53:54,145,generic_wall_review,14,2,EARLS_POKEMON_ACADEMY,0,1
TILESET_LAB,42:43:58:59,7,generic_wall_review,8,1,EARLS_POKEMON_ACADEMY,2,4
TILESET_LAB,43:44:59:60,7,generic_wall_review,8,1,EARLS_POKEMON_ACADEMY,3,4
TILESET_LAB,46:46:62:62,7,generic_wall_review,2,1,EARLS_POKEMON_ACADEMY,3,0
TILESET_LAB,47:52:63:52,7,generic_wall_review,1,1,EARLS_POKEMON_ACADEMY,5,0
TILESET_LAB,52:45:52:61,7,generic_wall_review,1,1,EARLS_POKEMON_ACADEMY,2,0
TILESET_LAB,52:52:36:36,0,classified_ground,6,1,EARLS_POKEMON_ACADEMY,2,1
TILESET_LAB,52:52:52:52,7,generic_wall_review,2,1,EARLS_POKEMON_ACADEMY,6,0
TILESET_LAB,55:55:55:55,7,generic_wall_review,36,1,FUCHSIA_GYM,2,2
TILESET_LAB,57:138:138:138,0,classified_ground,1,1,DRAGON_SHRINE,9,9
TILESET_LAB,5:6:21:22,7,modeled_prop,2,2,ELMS_LAB,6,3
TILESET_LAB,5:7:19:20,7,generic_wall_review,1,1,EARLS_POKEMON_ACADEMY,3,2
TILESET_LAB,5:7:3:4,7,generic_wall_review,14,2,EARLS_POKEMON_ACADEMY,0,0
TILESET_LAB,5:7:3:4,7,modeled_prop,12,1,ELMS_LAB,6,0
TILESET_LAB,64:65:80:81,0,classified_ground,16,1,EARLS_POKEMON_ACADEMY,2,5
TILESET_LAB,66:67:82:83,7,modeled_prop,1,1,ELMS_LAB,0,1
TILESET_LAB,68:69:84:85,7,modeled_prop,1,1,ELMS_LAB,1,1
TILESET_LAB,6:6:22:22,7,modeled_prop,2,2,ELMS_LAB,7,3
TILESET_LAB,6:7:22:23,7,modeled_prop,2,2,ELMS_LAB,8,3
TILESET_LAB,70:71:86:87,7,modeled_prop,1,1,ELMS_LAB,0,2
TILESET_LAB,71:73:88:89,7,modeled_prop,1,1,ELMS_LAB,1,2
TILESET_LAB,76:77:92:93,7,generic_wall_review,2,1,FUCHSIA_GYM,3,14
TILESET_LAB,78:79:94:95,7,generic_wall_review,2,1,FUCHSIA_GYM,3,15
TILESET_LAB,8:9:24:25,7,generic_wall_review,2,1,OAKS_LAB,4,0
TILESET_LIGHTHOUSE,10:10:68:69,7,generic_wall_review,1,1,FAST_SHIP_CABINS_SE_SSE_CAPTAINS_CABIN,3,26
TILESET_LIGHTHOUSE,10:12:44:28,7,generic_wall_review,13,5,FAST_SHIP_B1F,11,9
TILESET_LIGHTHOUSE,130:130:11:11,7,generic_wall_review,1,1,FAST_SHIP_CABINS_SE_SSE_CAPTAINS_CABIN,3,27
TILESET_LIGHTHOUSE,130:53:129:11,7,generic_wall_review,12,5,FAST_SHIP_B1F,11,13
TILESET_LIGHTHOUSE,130:53:59:60,7,generic_wall_review,6,3,FAST_SHIP_CABINS_NNW_NNE_NE,5,25
TILESET_LIGHTHOUSE,131:132:133:134,7,modeled_prop,20,5,FAST_SHIP_B1F,21,11
TILESET_LIGHTHOUSE,13:29:29:13,0,classified_ground,539,5,FAST_SHIP_B1F,10,6
TILESET_LIGHTHOUSE,14:15:30:31,122,classified_ground,10,3,FAST_SHIP_1F,25,1
TILESET_LIGHTHOUSE,16:16:10:12,7,generic_wall_review,5,3,FAST_SHIP_CABINS_NNW_NNE_NE,5,24
TILESET_LIGHTHOUSE,16:16:18:18,7,generic_wall_review,71,5,FAST_SHIP_1F,11,5
TILESET_LIGHTHOUSE,16:16:84:85,7,generic_wall_review,1,1,FAST_SHIP_CABINS_SE_SSE_CAPTAINS_CABIN,3,24
TILESET_LIGHTHOUSE,16:33:18:49,7,generic_wall_review,5,2,FAST_SHIP_1F,23,5
TILESET_LIGHTHOUSE,19:62:54:43,7,modeled_prop,2,2,FAST_SHIP_CABINS_NNW_NNE_NE,7,12
TILESET_LIGHTHOUSE,1:1:17:17,7,generic_wall_review,70,2,FAST_SHIP_1F,24,0
TILESET_LIGHTHOUSE,1:1:1:1,7,generic_wall_review,814,11,FAST_SHIP_1F,0,0
TILESET_LIGHTHOUSE,1:1:1:1,96,classified_ground,12,5,OLIVINE_LIGHTHOUSE_2F,16,13
TILESET_LIGHTHOUSE,1:22:17:34,7,generic_wall_review,3,1,FAST_SHIP_1F,23,4
TILESET_LIGHTHOUSE,1:22:1:22,7,generic_wall_review,11,1,FAST_SHIP_1F,23,1
TILESET_LIGHTHOUSE,1:38:1:1,7,generic_wall_review,4,1,FAST_SHIP_1F,14,9
TILESET_LIGHTHOUSE,20:130:11:128,7,generic_wall_review,12,5,FAST_SHIP_B1F,10,13
TILESET_LIGHTHOUSE,20:130:59:60,7,generic_wall_review,1,1,FAST_SHIP_CABINS_SE_SSE_CAPTAINS_CABIN,2,27
TILESET_LIGHTHOUSE,20:26:59:60,7,generic_wall_review,5,3,FAST_SHIP_CABINS_NNW_NNE_NE,4,25
TILESET_LIGHTHOUSE,21:1:21:1,7,generic_wall_review,11,1,FAST_SHIP_1F,26,1
TILESET_LIGHTHOUSE,21:1:50:17,7,generic_wall_review,3,1,FAST_SHIP_1F,26,4
TILESET_LIGHTHOUSE,21:22:21:22,7,generic_wall_review,32,1,FAST_SHIP_B1F,6,7
TILESET_LIGHTHOUSE,21:38:50:17,7,generic_wall_review,2,1,FAST_SHIP_B1F,6,15
TILESET_LIGHTHOUSE,25:44:25:44,7,generic_wall_review,4,3,FAST_SHIP_B1F,10,11
TILESET_LIGHTHOUSE,25:64:25:80,7,generic_wall_review,12,5,FAST_SHIP_B1F,10,10
TILESET_LIGHTHOUSE,26:28:44:28,7,generic_wall_review,4,3,FAST_SHIP_B1F,11,11
TILESET_LIGHTHOUSE,27:63:47:46,0,classified_ground,12,1,FAST_SHIP_B1F,6,4
TILESET_LIGHTHOUSE,2:3:18:18,7,generic_wall_review,61,5,FAST_SHIP_1F,24,1
TILESET_LIGHTHOUSE,2:3:45:61,7,generic_wall_review,1,1,FAST_SHIP_CABINS_SW_SSW_NW,0,0
TILESET_LIGHTHOUSE,2:3:9:10,7,generic_wall_review,5,3,FAST_SHIP_CABINS_NNW_NNE_NE,4,24
TILESET_LIGHTHOUSE,32:16:48:18,7,generic_wall_review,5,2,FAST_SHIP_1F,26,5
TILESET_LIGHTHOUSE,35:35:4:4,0,classified_ground,44,1,FAST_SHIP_1F,10,6
TILESET_LIGHTHOUSE,36:36:52:52,112,classified_ground,12,3,FAST_SHIP_CABINS_SE_SSE_CAPTAINS_CABIN,2,7
TILESET_LIGHTHOUSE,37:1:1:1,7,generic_wall_review,4,1,FAST_SHIP_1F,16,9
TILESET_LIGHTHOUSE,37:22:17:34,7,generic_wall_review,2,1,FAST_SHIP_B1F,17,15
TILESET_LIGHTHOUSE,39:40:55:56,114,classified_ground,9,6,FAST_SHIP_1F,6,12
TILESET_LIGHTHOUSE,41:42:57:58,114,classified_ground,9,6,FAST_SHIP_B1F,5,11
TILESET_LIGHTHOUSE,46:47:47:46,0,classified_ground,778,7,FAST_SHIP_B1F,4,4
TILESET_LIGHTHOUSE,4:4:35:35,112,classified_ground,4,1,FAST_SHIP_1F,15,8
TILESET_LIGHTHOUSE,4:4:4:4,0,classified_ground,106,1,FAST_SHIP_1F,24,2
TILESET_LIGHTHOUSE,51:51:17:17,7,generic_wall_review,32,1,FAST_SHIP_B1F,7,6
TILESET_LIGHTHOUSE,51:51:1:1,7,generic_wall_review,12,1,FAST_SHIP_1F,1,8
TILESET_LIGHTHOUSE,51:6:17:34,7,generic_wall_review,2,1,FAST_SHIP_B1F,9,6
TILESET_LIGHTHOUSE,51:6:1:22,7,generic_wall_review,8,2,FAST_SHIP_1F,5,8
TILESET_LIGHTHOUSE,54:43:59:60,145,modeled_prop,2,2,FAST_SHIP_CABINS_NNW_NNE_NE,7,13
TILESET_LIGHTHOUSE,5:51:21:1,7,generic_wall_review,8,2,FAST_SHIP_1F,0,8
TILESET_LIGHTHOUSE,5:51:50:17,7,generic_wall_review,2,1,FAST_SHIP_B1F,12,6
TILESET_LIGHTHOUSE,63:63:47:46,0,classified_ground,12,1,FAST_SHIP_B1F,7,4
TILESET_LIGHTHOUSE,65:28:81:28,7,generic_wall_review,12,5,FAST_SHIP_B1F,11,10
TILESET_LIGHTHOUSE,66:67:23:24,7,generic_wall_review,1,1,FAST_SHIP_CABINS_SE_SSE_CAPTAINS_CABIN,3,25
TILESET_LIGHTHOUSE,70:71:86:87,7,modeled_prop,20,5,FAST_SHIP_B1F,21,10
TILESET_LIGHTHOUSE,72:73:88:89,7,generic_wall_review,6,4,FAST_SHIP_B1F,27,9
TILESET_LIGHTHOUSE,78:78:76:77,157,generic_wall_review,52,6,OLIVINE_LIGHTHOUSE_1F,4,1
TILESET_LIGHTHOUSE,7:8:23:24,0,modeled_prop,27,5,FAST_SHIP_B1F,9,9
TILESET_LIGHTHOUSE,82:83:92:93,147,generic_wall_review,1,1,FAST_SHIP_CABINS_SW_SSW_NW,0,1
TILESET_LIGHTHOUSE,90:91:76:77,7,generic_wall_review,238,6,OLIVINE_LIGHTHOUSE_1F,5,1
TILESET_LIGHTHOUSE,94:95:74:75,7,generic_wall_review,914,6,OLIVINE_LIGHTHOUSE_1F,2,0
TILESET_LIGHTHOUSE,9:10:25:26,7,generic_wall_review,12,5,FAST_SHIP_B1F,10,9
TILESET_LIGHTHOUSE,9:10:25:44,7,generic_wall_review,1,1,FAST_SHIP_CABINS_SE_SSE_CAPTAINS_CABIN,2,26
TILESET_MANSION,10:11:26:27,122,classified_ground,6,3,CELADON_MANSION_1F,0,0
TILESET_MANSION,128:128:144:144,7,generic_wall_review,2,1,CELADON_MANSION_ROOF,3,0
TILESET_MANSION,129:130:145:146,7,generic_wall_review,2,1,CELADON_MANSION_ROOF,0,0
TILESET_MANSION,12:15:28:15,7,generic_wall_review,3,3,CELADON_MANSION_1F,5,2
TILESET_MANSION,130:130:146:146,7,generic_wall_review,2,1,CELADON_MANSION_ROOF,1,0
TILESET_MANSION,131:192:147:144,7,generic_wall_review,8,3,CELADON_MANSION_ROOF,0,7
TILESET_MANSION,133:128:149:144,7,generic_wall_review,1,1,CELADON_MANSION_ROOF,2,0
TILESET_MANSION,133:134:149:150,7,generic_wall_review,1,1,CELADON_MANSION_ROOF,7,0
TILESET_MANSION,135:135:135:135,0,classified_ground,32,2,MOBILE_BATTLE_ROOM,1,2
TILESET_MANSION,135:194:135:194,0,classified_ground,6,2,MOBILE_BATTLE_ROOM,3,4
TILESET_MANSION,136:137:184:185,7,generic_wall_review,2,2,MOBILE_BATTLE_ROOM,4,1
TILESET_MANSION,137:136:168:169,7,generic_wall_review,1,1,MOBILE_BATTLE_ROOM,5,1
TILESET_MANSION,137:136:188:189,7,generic_wall_review,1,1,MOBILE_TRADE_ROOM,5,1
TILESET_MANSION,138:139:154:155,7,generic_wall_review,4,2,MOBILE_BATTLE_ROOM,3,0
TILESET_MANSION,143:197:159:197,0,classified_ground,2,2,MOBILE_BATTLE_ROOM,5,5
TILESET_MANSION,14:15:14:15,7,generic_wall_review,12,3,CELADON_MANSION_1F,5,1
TILESET_MANSION,14:15:30:31,7,generic_wall_review,3,3,CELADON_MANSION_1F,5,6
TILESET_MANSION,151:151:135:135,0,classified_ground,8,2,MOBILE_BATTLE_ROOM,1,1
TILESET_MANSION,161:162:177:178,7,generic_wall_review,2,1,CELADON_MANSION_ROOF,0,1
TILESET_MANSION,163:164:179:180,122,classified_ground,2,1,CELADON_MANSION_ROOF,1,1
TILESET_MANSION,165:160:181:176,177,classified_ground,1,1,CELADON_MANSION_ROOF,2,1
TILESET_MANSION,165:166:181:182,177,classified_ground,1,1,CELADON_MANSION_ROOF,7,1
TILESET_MANSION,167:7:183:39,7,generic_wall_review,1,1,MOBILE_BATTLE_ROOM,5,0
TILESET_MANSION,170:6:186:38,7,generic_wall_review,1,1,MOBILE_TRADE_ROOM,4,0
TILESET_MANSION,172:173:152:202,7,generic_wall_review,1,1,MOBILE_BATTLE_ROOM,5,2
TILESET_MANSION,174:223:190:221,7,generic_wall_review,2,2,MOBILE_BATTLE_ROOM,6,1
TILESET_MANSION,17:17:17:17,0,classified_ground,46,3,CELADON_MANSION_1F,4,3
TILESET_MANSION,18:18:18:18,7,generic_wall_review,10,3,CELADON_MANSION_1F,1,0
TILESET_MANSION,18:93:18:93,7,generic_wall_review,1,1,CELADON_MANSION_ROOF,3,5
TILESET_MANSION,191:191:197:197,0,classified_ground,2,2,MOBILE_BATTLE_ROOM,4,3
TILESET_MANSION,192:132:144:148,7,generic_wall_review,7,3,CELADON_MANSION_ROOF,7,9
TILESET_MANSION,192:192:144:144,7,generic_wall_review,18,3,CELADON_MANSION_ROOF,1,7
TILESET_MANSION,193:194:198:194,0,classified_ground,1,1,CELADON_MANSION_ROOF,5,7
TILESET_MANSION,194:135:194:135,0,classified_ground,6,2,MOBILE_BATTLE_ROOM,6,4
TILESET_MANSION,194:194:194:194,0,classified_ground,20,1,CELADON_MANSION_ROOF,3,1
TILESET_MANSION,194:194:194:194,176,classified_ground,5,1,CELADON_MANSION_ROOF,4,2
TILESET_MANSION,194:196:194:196,0,classified_ground,7,1,CELADON_MANSION_ROOF,7,2
TILESET_MANSION,195:194:195:194,0,classified_ground,6,1,CELADON_MANSION_ROOF,0,2
TILESET_MANSION,195:194:195:194,177,classified_ground,5,1,CELADON_MANSION_ROOF,5,2
TILESET_MANSION,197:142:197:158,0,classified_ground,2,2,MOBILE_BATTLE_ROOM,4,5
TILESET_MANSION,197:197:197:197,0,classified_ground,8,2,MOBILE_BATTLE_ROOM,4,4
TILESET_MANSION,199:212:199:157,7,generic_wall_review,14,2,MOBILE_BATTLE_ROOM,9,1
TILESET_MANSION,1:1:1:1,0,classified_ground,88,3,CELADON_MANSION_1F,0,1
TILESET_MANSION,200:201:175:175,7,generic_wall_review,2,2,MOBILE_BATTLE_ROOM,4,2
TILESET_MANSION,203:223:207:220,7,generic_wall_review,2,2,MOBILE_BATTLE_ROOM,6,2
TILESET_MANSION,204:205:140:141,7,generic_wall_review,1,1,MOBILE_TRADE_ROOM,5,2
TILESET_MANSION,206:220:222:218,7,generic_wall_review,1,1,MOBILE_TRADE_ROOM,5,3
TILESET_MANSION,208:209:156:73,7,generic_wall_review,2,2,MOBILE_BATTLE_ROOM,0,0
TILESET_MANSION,210:215:156:215,7,generic_wall_review,14,2,MOBILE_BATTLE_ROOM,0,1
TILESET_MANSION,211:41:84:84,7,generic_wall_review,4,2,MOBILE_BATTLE_ROOM,1,0
TILESET_MANSION,213:214:89:157,7,generic_wall_review,2,2,MOBILE_BATTLE_ROOM,9,0
TILESET_MANSION,216:219:217:218,7,generic_wall_review,2,2,MOBILE_BATTLE_ROOM,6,3
TILESET_MANSION,219:216:218:217,7,generic_wall_review,2,2,MOBILE_BATTLE_ROOM,3,3
TILESET_MANSION,221:220:153:218,7,generic_wall_review,1,1,MOBILE_BATTLE_ROOM,5,3
TILESET_MANSION,223:171:221:187,7,generic_wall_review,2,2,MOBILE_BATTLE_ROOM,3,1
TILESET_MANSION,223:203:220:207,7,generic_wall_review,2,2,MOBILE_BATTLE_ROOM,3,2
TILESET_MANSION,22:23:38:39,7,modeled_prop,1,1,CELADON_MANSION_2F,0,7
TILESET_MANSION,32:33:48:49,113,classified_ground,2,2,CELADON_MANSION_1F,3,0
TILESET_MANSION,34:35:50:51,145,modeled_prop,4,3,CELADON_MANSION_1F,0,3
TILESET_MANSION,3:3:19:19,7,generic_wall_review,25,3,CELADON_MANSION_1F,3,2
TILESET_MANSION,3:3:54:56,7,modeled_prop,4,3,CELADON_MANSION_1F,0,2
TILESET_MANSION,3:5:20:21,7,generic_wall_review,3,3,CELADON_MANSION_1F,5,8
TILESET_MANSION,42:43:58:59,7,modeled_prop,4,2,CELADON_MANSION_2F,0,3
TILESET_MANSION,44:45:60:61,7,modeled_prop,4,2,CELADON_MANSION_2F,1,3
TILESET_MANSION,46:47:94:95,7,modeled_prop,2,2,CELADON_MANSION_1F,3,3
TILESET_MANSION,4:4:40:40,112,classified_ground,6,3,CELADON_MANSION_1F,6,9
TILESET_MANSION,52:53:50:51,159,modeled_prop,1,1,CELADON_MANSION_1F,1,3
TILESET_MANSION,54:55:70:71,7,generic_wall_review,2,2,CELADON_MANSION_1F,0,6
TILESET_MANSION,54:56:36:37,7,modeled_prop,1,1,CELADON_MANSION_1F,1,2
TILESET_MANSION,55:55:71:71,7,generic_wall_review,1,1,CELADON_MANSION_ROOF,2,3
TILESET_MANSION,55:56:71:72,7,generic_wall_review,2,2,CELADON_MANSION_1F,1,6
TILESET_MANSION,57:211:84:84,7,generic_wall_review,4,2,MOBILE_BATTLE_ROOM,2,0
TILESET_MANSION,69:85:14:15,7,generic_wall_review,3,3,CELADON_MANSION_1F,5,0
TILESET_MANSION,6:167:38:183,7,generic_wall_review,1,1,MOBILE_BATTLE_ROOM,4,0
TILESET_MANSION,6:7:22:23,7,modeled_prop,1,1,CELADON_MANSION_2F,0,6
TILESET_MANSION,70:71:70:71,7,generic_wall_review,1,1,CELADON_MANSION_ROOF,1,4
TILESET_MANSION,70:71:86:87,7,generic_wall_review,1,1,CELADON_MANSION_1F,0,7
TILESET_MANSION,71:71:71:71,7,generic_wall_review,1,1,CELADON_MANSION_ROOF,2,4
TILESET_MANSION,71:72:71:72,7,generic_wall_review,1,1,CELADON_MANSION_ROOF,3,4
TILESET_MANSION,71:72:87:88,7,generic_wall_review,1,1,CELADON_MANSION_1F,1,7
TILESET_MANSION,74:75:90:91,0,classified_ground,4,2,CELADON_MANSION_2F,0,4
TILESET_MANSION,76:77:17:17,0,classified_ground,4,2,CELADON_MANSION_2F,1,4
TILESET_MANSION,7:170:39:186,7,generic_wall_review,1,1,MOBILE_TRADE_ROOM,5,0
TILESET_MANSION,8:9:24:25,122,classified_ground,4,2,CELADON_MANSION_2F,0,0
TILESET_MANSION,92:18:92:18,7,generic_wall_review,1,1,CELADON_MANSION_ROOF,1,5
TILESET_MART,10:17:73:73,7,generic_wall_review,12,12,CELADON_DEPT_STORE_1F,3,0
TILESET_MART,11:11:27:27,112,classified_ground,34,17,AZALEA_MART,2,7
TILESET_MART,129:129:142:142,7,generic_wall_review,2,1,GOLDENROD_DEPT_STORE_ROOF,7,2
TILESET_MART,129:129:145:145,0,classified_ground,11,1,GOLDENROD_DEPT_STORE_ROOF,4,0
TILESET_MART,129:130:145:146,7,generic_wall_review,1,1,GOLDENROD_DEPT_STORE_ROOF,15,0
TILESET_MART,129:156:142:172,7,generic_wall_review,1,1,GOLDENROD_DEPT_STORE_ROOF,9,2
TILESET_MART,12:13:76:77,7,generic_wall_review,8,2,CELADON_DEPT_STORE_6F,8,0
TILESET_MART,12:13:80:81,7,modeled_prop,51,15,AZALEA_MART,3,0
TILESET_MART,12:13:86:87,7,modeled_prop,64,15,AZALEA_MART,0,0
TILESET_MART,131:132:147:148,7,generic_wall_review,3,1,GOLDENROD_DEPT_STORE_ROOF,4,6
TILESET_MART,133:134:148:149,7,generic_wall_review,3,1,GOLDENROD_DEPT_STORE_ROOF,5,6
TILESET_MART,135:136:151:152,122,classified_ground,1,1,GOLDENROD_DEPT_STORE_ROOF,13,1
TILESET_MART,137:138:167:168,7,generic_wall_review,8,4,CELADON_DEPT_STORE_1F,0,3
TILESET_MART,144:145:144:145,7,generic_wall_review,6,1,GOLDENROD_DEPT_STORE_ROOF,0,1
TILESET_MART,145:145:145:145,0,classified_ground,58,1,GOLDENROD_DEPT_STORE_ROOF,4,1
TILESET_MART,145:146:145:146,7,generic_wall_review,3,1,GOLDENROD_DEPT_STORE_ROOF,15,1
TILESET_MART,14:15:28:29,7,generic_wall_review,112,14,CELADON_DEPT_STORE_1F,0,0
TILESET_MART,14:15:42:43,7,generic_wall_review,8,4,CELADON_DEPT_STORE_1F,9,0
TILESET_MART,153:154:169:170,7,generic_wall_review,3,1,GOLDENROD_DEPT_STORE_ROOF,15,3
TILESET_MART,155:129:171:141,7,generic_wall_review,1,1,GOLDENROD_DEPT_STORE_ROOF,6,2
TILESET_MART,158:158:1:1,7,generic_wall_review,2,1,GOLDENROD_DEPT_STORE_ROOF,7,3
TILESET_MART,158:172:1:172,7,generic_wall_review,1,1,GOLDENROD_DEPT_STORE_ROOF,9,3
TILESET_MART,160:161:150:150,7,generic_wall_review,1,1,GOLDENROD_DEPT_STORE_ROOF,0,7
TILESET_MART,161:161:150:150,7,generic_wall_review,14,1,GOLDENROD_DEPT_STORE_ROOF,1,7
TILESET_MART,161:162:150:150,7,generic_wall_review,1,1,GOLDENROD_DEPT_STORE_ROOF,15,7
TILESET_MART,171:158:171:158,7,generic_wall_review,1,1,GOLDENROD_DEPT_STORE_ROOF,6,3
TILESET_MART,174:175:145:145,0,classified_ground,1,1,GOLDENROD_DEPT_STORE_ROOF,6,4
TILESET_MART,175:173:145:145,0,classified_ground,1,1,GOLDENROD_DEPT_STORE_ROOF,9,4
TILESET_MART,175:175:145:145,0,classified_ground,2,1,GOLDENROD_DEPT_STORE_ROOF,7,4
TILESET_MART,17:10:73:73,7,generic_wall_review,2,2,CELADON_DEPT_STORE_ELEVATOR,3,0
TILESET_MART,17:17:42:43,7,generic_wall_review,13,13,AZALEA_MART,2,0
TILESET_MART,192:193:208:209,7,generic_wall_review,1,1,GOLDENROD_DEPT_STORE_ROOF,0,0
TILESET_MART,194:195:210:211,7,generic_wall_review,1,1,GOLDENROD_DEPT_STORE_ROOF,1,0
TILESET_MART,196:197:212:213,7,generic_wall_review,1,1,GOLDENROD_DEPT_STORE_ROOF,2,0
TILESET_MART,198:199:214:215,7,generic_wall_review,1,1,GOLDENROD_DEPT_STORE_ROOF,3,0
TILESET_MART,1:1:1:1,0,classified_ground,1050,14,CELADON_DEPT_STORE_1F,0,1
TILESET_MART,1:1:58:71,118,classified_ground,2,2,CELADON_DEPT_STORE_5F,8,2
TILESET_MART,1:1:70:58,126,classified_ground,2,2,CELADON_DEPT_STORE_5F,7,2
TILESET_MART,200:201:216:145,0,classified_ground,1,1,GOLDENROD_DEPT_STORE_ROOF,2,1
TILESET_MART,202:203:145:145,0,classified_ground,1,1,GOLDENROD_DEPT_STORE_ROOF,3,1
TILESET_MART,217:218:219:220,7,generic_wall_review,1,1,GOLDENROD_DEPT_STORE_ROOF,1,1
TILESET_MART,27:27:1:1,0,classified_ground,24,12,CELADON_DEPT_STORE_1F,2,1
TILESET_MART,2:3:18:19,122,classified_ground,10,10,CELADON_DEPT_STORE_2F,15,0
TILESET_MART,30:30:26:26,144,classified_counter,14,6,CELADON_DEPT_STORE_1F,10,2
TILESET_MART,30:47:26:25,144,classified_counter,4,4,CELADON_DEPT_STORE_1F,12,2
TILESET_MART,30:47:26:25,7,generic_wall_review,13,13,AZALEA_MART,2,4
TILESET_MART,32:33:48:49,144,classified_counter,17,17,AZALEA_MART,2,2
TILESET_MART,34:35:50:51,7,generic_wall_review,22,7,CELADON_DEPT_STORE_1F,2,4
TILESET_MART,36:37:139:140,7,generic_wall_review,2,1,GOLDENROD_DEPT_STORE_ROOF,1,3
TILESET_MART,36:37:52:53,7,generic_wall_review,20,6,CELADON_DEPT_STORE_1F,2,5
TILESET_MART,38:39:54:55,150,modeled_prop,48,17,AZALEA_MART,11,4
TILESET_MART,40:41:56:57,150,modeled_prop,48,17,AZALEA_MART,11,5
TILESET_MART,42:59:62:63,144,classified_counter,6,6,CELADON_DEPT_STORE_2F,12,4
TILESET_MART,44:45:60:61,7,generic_wall_review,12,12,CELADON_DEPT_STORE_1F,14,0
TILESET_MART,46:30:24:26,144,classified_counter,6,6,CELADON_DEPT_STORE_1F,9,2
TILESET_MART,4:5:20:21,122,classified_ground,12,12,CELADON_DEPT_STORE_1F,15,0
TILESET_MART,58:58:12:13,7,generic_wall_review,4,2,CELADON_DEPT_STORE_5F,7,6
TILESET_MART,58:58:58:58,0,classified_ground,4,2,CELADON_DEPT_STORE_5F,7,5
TILESET_MART,58:71:58:71,118,classified_ground,2,2,CELADON_DEPT_STORE_5F,8,3
TILESET_MART,59:43:62:63,144,classified_counter,2,2,CELADON_DEPT_STORE_5F,9,4
TILESET_MART,59:59:26:26,144,classified_counter,16,6,CELADON_DEPT_STORE_2F,13,4
TILESET_MART,62:63:12:13,7,generic_wall_review,4,2,CELADON_DEPT_STORE_5F,6,6
TILESET_MART,62:63:62:63,144,classified_counter,4,4,CELADON_DEPT_STORE_2F,12,6
TILESET_MART,62:63:62:63,144,modeled_prop,36,21,AZALEA_MART,2,1
TILESET_MART,64:65:80:81,7,modeled_prop,92,19,AZALEA_MART,6,0
TILESET_MART,66:43:82:69,7,modeled_prop,92,19,AZALEA_MART,7,0
TILESET_MART,67:68:83:84,150,modeled_prop,92,19,AZALEA_MART,6,1
TILESET_MART,6:7:22:23,122,classified_ground,12,12,CELADON_DEPT_STORE_1F,2,0
TILESET_MART,70:58:70:58,126,classified_ground,2,2,CELADON_DEPT_STORE_5F,7,3
TILESET_MART,72:72:72:72,0,classified_ground,611,13,AZALEA_MART,0,2
TILESET_MART,74:75:8:9,7,generic_wall_review,8,4,CELADON_DEPT_STORE_1F,0,2
TILESET_MART,76:77:78:79,7,generic_wall_review,8,2,CELADON_DEPT_STORE_6F,8,1
TILESET_MART,80:81:94:95,150,modeled_prop,51,15,AZALEA_MART,3,1
TILESET_MART,88:89:90:91,150,modeled_prop,64,15,AZALEA_MART,0,1
TILESET_MART,92:93:31:85,150,modeled_prop,92,19,AZALEA_MART,7,1
TILESET_OMANYTE_WORD_ROOM,10:11:10:11,7,generic_wall_review,26,1,RUINS_OF_ALPH_OMANYTE_WORD_ROOM,0,1
TILESET_OMANYTE_WORD_ROOM,128:129:144:145,0,classified_ground,2,1,RUINS_OF_ALPH_OMANYTE_WORD_ROOM,5,6
TILESET_OMANYTE_WORD_ROOM,134:135:150:151,0,classified_ground,3,1,RUINS_OF_ALPH_OMANYTE_WORD_ROOM,4,8
TILESET_OMANYTE_WORD_ROOM,136:137:152:153,0,classified_ground,7,1,RUINS_OF_ALPH_OMANYTE_WORD_ROOM,4,4
TILESET_OMANYTE_WORD_ROOM,138:139:154:155,0,classified_ground,1,1,RUINS_OF_ALPH_OMANYTE_WORD_ROOM,8,8
TILESET_OMANYTE_WORD_ROOM,140:141:156:157,0,classified_ground,2,1,RUINS_OF_ALPH_OMANYTE_WORD_ROOM,2,6
TILESET_OMANYTE_WORD_ROOM,142:143:158:159,0,classified_ground,3,1,RUINS_OF_ALPH_OMANYTE_WORD_ROOM,3,4
TILESET_OMANYTE_WORD_ROOM,160:161:176:177,0,classified_ground,3,1,RUINS_OF_ALPH_OMANYTE_WORD_ROOM,8,6
TILESET_OMANYTE_WORD_ROOM,166:167:182:183,0,classified_ground,1,1,RUINS_OF_ALPH_OMANYTE_WORD_ROOM,13,10
TILESET_OMANYTE_WORD_ROOM,170:171:186:187,0,classified_ground,2,1,RUINS_OF_ALPH_OMANYTE_WORD_ROOM,9,6
TILESET_OMANYTE_WORD_ROOM,172:173:188:189,0,classified_ground,3,1,RUINS_OF_ALPH_OMANYTE_WORD_ROOM,8,4
TILESET_OMANYTE_WORD_ROOM,174:175:190:191,0,classified_ground,1,1,RUINS_OF_ALPH_OMANYTE_WORD_ROOM,7,4
TILESET_OMANYTE_WORD_ROOM,194:195:210:211,0,classified_ground,3,1,RUINS_OF_ALPH_OMANYTE_WORD_ROOM,3,6
TILESET_OMANYTE_WORD_ROOM,196:197:212:213,0,classified_ground,7,1,RUINS_OF_ALPH_OMANYTE_WORD_ROOM,9,4
TILESET_OMANYTE_WORD_ROOM,198:199:214:215,0,classified_ground,5,1,RUINS_OF_ALPH_OMANYTE_WORD_ROOM,2,4
TILESET_OMANYTE_WORD_ROOM,1:1:1:1,7,generic_wall_review,20,1,RUINS_OF_ALPH_OMANYTE_WORD_ROOM,0,15
TILESET_OMANYTE_WORD_ROOM,200:201:216:217,0,classified_ground,2,1,RUINS_OF_ALPH_OMANYTE_WORD_ROOM,9,8
TILESET_OMANYTE_WORD_ROOM,204:205:220:221,0,classified_ground,1,1,RUINS_OF_ALPH_OMANYTE_WORD_ROOM,10,10
TILESET_OMANYTE_WORD_ROOM,2:3:3:2,0,classified_ground,186,1,RUINS_OF_ALPH_OMANYTE_WORD_ROOM,1,1
TILESET_OMANYTE_WORD_ROOM,6:6:22:23,7,generic_wall_review,1,1,RUINS_OF_ALPH_OMANYTE_WORD_ROOM,1,0
TILESET_OMANYTE_WORD_ROOM,6:6:26:27,7,generic_wall_review,5,1,RUINS_OF_ALPH_OMANYTE_WORD_ROOM,2,0
TILESET_OMANYTE_WORD_ROOM,6:6:28:29,7,generic_wall_review,5,1,RUINS_OF_ALPH_OMANYTE_WORD_ROOM,3,0
TILESET_OMANYTE_WORD_ROOM,6:6:32:33,7,generic_wall_review,2,1,RUINS_OF_ALPH_OMANYTE_WORD_ROOM,4,0
TILESET_OMANYTE_WORD_ROOM,6:6:33:64,7,generic_wall_review,4,1,RUINS_OF_ALPH_OMANYTE_WORD_ROOM,3,14
TILESET_OMANYTE_WORD_ROOM,6:6:34:35,7,generic_wall_review,2,1,RUINS_OF_ALPH_OMANYTE_WORD_ROOM,5,0
TILESET_OMANYTE_WORD_ROOM,6:6:34:55,7,generic_wall_review,4,1,RUINS_OF_ALPH_OMANYTE_WORD_ROOM,5,14
TILESET_OMANYTE_WORD_ROOM,6:6:35:56,7,generic_wall_review,1,1,RUINS_OF_ALPH_OMANYTE_WORD_ROOM,18,14
TILESET_OMANYTE_WORD_ROOM,6:6:54:22,7,generic_wall_review,4,1,RUINS_OF_ALPH_OMANYTE_WORD_ROOM,2,14
TILESET_OMANYTE_WORD_ROOM,6:6:54:28,7,generic_wall_review,4,1,RUINS_OF_ALPH_OMANYTE_WORD_ROOM,4,14
TILESET_OMANYTE_WORD_ROOM,6:6:56:57,7,generic_wall_review,1,1,RUINS_OF_ALPH_OMANYTE_WORD_ROOM,18,0
TILESET_OMANYTE_WORD_ROOM,6:6:64:65,7,generic_wall_review,1,1,RUINS_OF_ALPH_OMANYTE_WORD_ROOM,8,0
TILESET_OMANYTE_WORD_ROOM,6:6:66:67,7,generic_wall_review,1,1,RUINS_OF_ALPH_OMANYTE_WORD_ROOM,9,0
TILESET_OMANYTE_WORD_ROOM,6:6:67:32,7,generic_wall_review,1,1,RUINS_OF_ALPH_OMANYTE_WORD_ROOM,1,14
TILESET_OMANYTE_WORD_ROOM,84:86:88:89,96,classified_ground,1,1,RUINS_OF_ALPH_OMANYTE_WORD_ROOM,17,13
TILESET_OMANYTE_WORD_ROOM,8:9:10:11,7,generic_wall_review,4,1,RUINS_OF_ALPH_OMANYTE_WORD_ROOM,0,0
TILESET_OMANYTE_WORD_ROOM,91:92:77:93,0,classified_ground,1,1,RUINS_OF_ALPH_OMANYTE_WORD_ROOM,5,4
TILESET_PARK,0:21:21:21,7,generic_wall_review,4,2,NATIONAL_PARK,16,14
TILESET_PARK,0:22:6:0,0,classified_ground,1017,3,NATIONAL_PARK,13,4
TILESET_PARK,0:76:6:92,0,classified_ground,4,3,NATIONAL_PARK,20,40
TILESET_PARK,12:13:28:29,7,classified_foresttree,386,3,NATIONAL_PARK,0,0
TILESET_PARK,145:95:95:20,20,classified_grass,4,3,NATIONAL_PARK,18,19
TILESET_PARK,14:15:30:31,7,classified_foresttree,386,3,NATIONAL_PARK,1,0
TILESET_PARK,16:17:32:33,7,generic_wall_review,4,2,NATIONAL_PARK,34,14
TILESET_PARK,17:17:33:33,7,generic_wall_review,16,2,NATIONAL_PARK,35,14
TILESET_PARK,17:18:33:34,7,generic_wall_review,4,2,NATIONAL_PARK,39,14
TILESET_PARK,1:1:1:1,0,classified_ground,508,3,NATIONAL_PARK,10,2
TILESET_PARK,1:1:1:3,0,classified_ground,10,1,SAFARI_ZONE_BETA,6,4
TILESET_PARK,1:1:1:43,0,classified_ground,13,3,NATIONAL_PARK,11,3
TILESET_PARK,1:1:43:1,0,classified_ground,13,3,NATIONAL_PARK,24,3
TILESET_PARK,1:1:43:43,0,classified_ground,2,2,NATIONAL_PARK,27,5
TILESET_PARK,1:43:1:1,0,classified_ground,11,3,NATIONAL_PARK,1,26
TILESET_PARK,20:20:20:20,20,classified_grass,14,3,NATIONAL_PARK,16,18
TILESET_PARK,20:20:20:20,33,classified_water,20,1,SAFARI_ZONE_BETA,10,4
TILESET_PARK,20:20:20:20,7,generic_wall_review,48,2,NATIONAL_PARK,17,15
TILESET_PARK,20:20:20:21,7,generic_wall_review,4,2,NATIONAL_PARK,21,19
TILESET_PARK,20:20:21:20,7,generic_wall_review,4,2,NATIONAL_PARK,14,19
TILESET_PARK,20:20:21:21,7,generic_wall_review,12,2,NATIONAL_PARK,13,19
TILESET_PARK,20:21:20:20,7,generic_wall_review,4,2,NATIONAL_PARK,19,16
TILESET_PARK,20:21:20:21,7,generic_wall_review,8,2,NATIONAL_PARK,19,15
TILESET_PARK,20:21:21:21,7,generic_wall_review,2,2,NATIONAL_PARK,23,19
TILESET_PARK,20:95:95:128,20,classified_grass,3,3,NATIONAL_PARK,17,18
TILESET_PARK,21:0:21:21,7,generic_wall_review,4,2,NATIONAL_PARK,19,14
TILESET_PARK,21:20:20:20,7,generic_wall_review,4,2,NATIONAL_PARK,16,16
TILESET_PARK,21:20:21:20,7,generic_wall_review,8,2,NATIONAL_PARK,16,15
TILESET_PARK,21:20:21:21,7,generic_wall_review,2,2,NATIONAL_PARK,12,19
TILESET_PARK,21:21:0:21,7,generic_wall_review,4,2,NATIONAL_PARK,14,21
TILESET_PARK,21:21:20:20,7,generic_wall_review,12,2,NATIONAL_PARK,17,14
TILESET_PARK,21:21:20:21,7,generic_wall_review,2,2,NATIONAL_PARK,23,18
TILESET_PARK,21:21:21:0,7,generic_wall_review,4,2,NATIONAL_PARK,21,21
TILESET_PARK,21:21:21:20,7,generic_wall_review,2,2,NATIONAL_PARK,12,18
TILESET_PARK,27:5:67:5,7,classified_fence,30,2,NATIONAL_PARK,7,6
TILESET_PARK,27:5:67:5,7,generic_wall_review,5,3,NATIONAL_PARK,11,4
TILESET_PARK,2:2:2:2,0,classified_ground,224,1,SAFARI_ZONE_BETA,0,22
TILESET_PARK,32:33:32:33,7,generic_wall_review,4,2,NATIONAL_PARK,34,15
TILESET_PARK,32:33:48:49,7,generic_wall_review,4,2,NATIONAL_PARK,34,16
TILESET_PARK,33:33:33:33,7,generic_wall_review,16,2,NATIONAL_PARK,35,15
TILESET_PARK,33:33:49:49,7,generic_wall_review,16,2,NATIONAL_PARK,35,16
TILESET_PARK,33:34:33:34,7,generic_wall_review,4,2,NATIONAL_PARK,39,15
TILESET_PARK,33:34:49:50,7,generic_wall_review,4,2,NATIONAL_PARK,39,16
TILESET_PARK,35:36:51:52,7,classified_fence,54,2,NATIONAL_PARK,13,3
TILESET_PARK,35:36:51:52,7,generic_wall_review,30,2,NATIONAL_PARK,12,3
TILESET_PARK,37:38:53:54,7,classified_fence,74,2,NATIONAL_PARK,2,26
TILESET_PARK,37:38:53:54,7,generic_wall_review,2,2,NATIONAL_PARK,35,20
TILESET_PARK,39:40:6:0,0,classified_ground,10,2,NATIONAL_PARK,8,41
TILESET_PARK,3:1:1:1,0,classified_ground,10,1,SAFARI_ZONE_BETA,6,5
TILESET_PARK,3:1:88:88,7,classified_ground,8,2,NATIONAL_PARK,22,43
TILESET_PARK,3:3:88:88,7,classified_ground,8,2,NATIONAL_PARK,21,43
TILESET_PARK,3:73:88:89,7,classified_ground,2,2,NATIONAL_PARK,29,43
TILESET_PARK,41:42:6:0,0,classified_ground,10,2,NATIONAL_PARK,9,41
TILESET_PARK,43:1:1:1,0,classified_ground,9,3,NATIONAL_PARK,34,26
TILESET_PARK,43:5:27:5,7,generic_wall_review,10,2,NATIONAL_PARK,3,26
TILESET_PARK,44:45:60:61,7,classified_foresttree,386,3,NATIONAL_PARK,0,1
TILESET_PARK,46:47:62:63,7,classified_foresttree,386,3,NATIONAL_PARK,1,1
TILESET_PARK,4:4:4:4,24,classified_grass,424,3,NATIONAL_PARK,4,20
TILESET_PARK,55:56:71:3,7,classified_gardenrim,2,2,NATIONAL_PARK,20,42
TILESET_PARK,56:56:1:3,7,classified_gardenrim,10,2,NATIONAL_PARK,21,42
TILESET_PARK,56:56:3:3,7,classified_gardenrim,6,2,NATIONAL_PARK,22,42
TILESET_PARK,56:57:3:73,7,classified_gardenrim,2,2,NATIONAL_PARK,29,42
TILESET_PARK,58:59:74:75,20,classified_grass,500,3,NATIONAL_PARK,14,6
TILESET_PARK,5:27:5:67,7,classified_fence,28,2,NATIONAL_PARK,24,4
TILESET_PARK,5:27:5:67,7,generic_wall_review,1,1,SAFARI_ZONE_BETA,8,20
TILESET_PARK,5:43:5:27,7,generic_wall_review,10,2,NATIONAL_PARK,34,20
TILESET_PARK,5:67:5:83,7,classified_fence,26,2,NATIONAL_PARK,34,21
TILESET_PARK,5:67:5:83,7,generic_wall_review,1,1,SAFARI_ZONE_BETA,8,21
TILESET_PARK,5:83:5:43,7,generic_wall_review,12,2,NATIONAL_PARK,24,5
TILESET_PARK,64:65:64:65,7,generic_wall_review,8,2,NATIONAL_PARK,34,17
TILESET_PARK,64:65:80:81,7,generic_wall_review,4,2,NATIONAL_PARK,34,19
TILESET_PARK,65:65:65:65,7,generic_wall_review,32,2,NATIONAL_PARK,35,17
TILESET_PARK,65:65:81:81,7,generic_wall_review,16,2,NATIONAL_PARK,35,19
TILESET_PARK,65:66:65:66,7,generic_wall_review,8,2,NATIONAL_PARK,39,17
TILESET_PARK,65:66:81:82,7,generic_wall_review,4,2,NATIONAL_PARK,39,19
TILESET_PARK,67:5:83:5,7,classified_fence,34,2,NATIONAL_PARK,1,13
TILESET_PARK,67:5:83:5,7,generic_wall_review,1,1,SAFARI_ZONE_BETA,11,21
TILESET_PARK,69:70:85:86,7,classified_signpost,4,2,NATIONAL_PARK,27,31
TILESET_PARK,69:70:85:86,7,generic_wall_review,2,2,NATIONAL_PARK,12,4
TILESET_PARK,71:3:87:88,7,classified_gardenrim,2,2,NATIONAL_PARK,20,43
TILESET_PARK,77:78:93:94,7,classified_rock,2,1,SAFARI_ZONE_BETA,9,24
TILESET_PARK,77:78:93:94,7,generic_wall_review,2,2,NATIONAL_PARK,21,40
TILESET_PARK,79:79:79:79,112,classified_ground,4,2,NATIONAL_PARK,10,47
TILESET_PARK,79:79:79:79,126,classified_ground,4,2,NATIONAL_PARK,33,18
TILESET_PARK,7:8:23:24,7,modeled_prop,10,2,NATIONAL_PARK,8,40
TILESET_PARK,83:5:43:5,7,generic_wall_review,10,2,NATIONAL_PARK,11,5
TILESET_PARK,90:91:19:130,7,modeled_prop,5,3,NATIONAL_PARK,12,40
TILESET_PARK,95:144:20:95,20,classified_grass,3,3,NATIONAL_PARK,17,19
TILESET_PARK,95:20:129:95,20,classified_grass,4,3,NATIONAL_PARK,18,18
TILESET_PARK,9:10:25:26,7,modeled_prop,10,2,NATIONAL_PARK,9,40
TILESET_PLAYERS_HOUSE,14:15:30:31,7,generic_wall_review,5,5,COPYCATS_HOUSE_1F,0,0
TILESET_PLAYERS_HOUSE,14:15:46:47,7,generic_wall_review,5,5,COPYCATS_HOUSE_1F,1,0
TILESET_PLAYERS_HOUSE,14:15:58:59,7,modeled_prop,4,4,COPYCATS_HOUSE_1F,5,1
TILESET_PLAYERS_HOUSE,17:17:10:11,7,generic_wall_review,1,1,PLAYERS_HOUSE_1F,2,0
TILESET_PLAYERS_HOUSE,17:17:17:17,7,generic_wall_review,22,6,COPYCATS_HOUSE_1F,3,0
TILESET_PLAYERS_HOUSE,17:17:32:33,7,generic_wall_review,2,2,ELMS_HOUSE,0,0
TILESET_PLAYERS_HOUSE,17:17:6:7,7,generic_wall_review,5,5,COPYCATS_HOUSE_1F,4,0
TILESET_PLAYERS_HOUSE,1:1:1:1,0,classified_ground,240,6,COPYCATS_HOUSE_1F,2,1
TILESET_PLAYERS_HOUSE,21:53:50:52,7,modeled_prop,4,4,COPYCATS_HOUSE_1F,4,4
TILESET_PLAYERS_HOUSE,22:23:24:25,151,generic_wall_review,1,1,COPYCATS_HOUSE_2F,5,1
TILESET_PLAYERS_HOUSE,22:23:8:9,151,modeled_prop,4,4,COPYCATS_HOUSE_1F,4,1
TILESET_PLAYERS_HOUSE,26:27:42:43,7,modeled_prop,1,1,PLAYERS_HOUSE_1F,2,1
TILESET_PLAYERS_HOUSE,28:29:1:1,0,classified_ground,1,1,ELMS_HOUSE,0,2
TILESET_PLAYERS_HOUSE,28:64:1:1,0,classified_ground,2,2,COPYCATS_HOUSE_2F,6,2
TILESET_PLAYERS_HOUSE,28:64:1:1,0,modeled_prop,4,4,COPYCATS_HOUSE_1F,3,5
TILESET_PLAYERS_HOUSE,2:3:18:19,0,modeled_prop,18,5,COPYCATS_HOUSE_1F,2,3
TILESET_PLAYERS_HOUSE,34:36:21:53,7,generic_wall_review,1,1,COPYCATS_HOUSE_2F,3,3
TILESET_PLAYERS_HOUSE,34:36:21:53,7,modeled_prop,4,4,COPYCATS_HOUSE_1F,4,3
TILESET_PLAYERS_HOUSE,34:36:50:52,7,generic_wall_review,2,2,COPYCATS_HOUSE_2F,7,1
TILESET_PLAYERS_HOUSE,35:34:37:21,7,generic_wall_review,1,1,COPYCATS_HOUSE_2F,2,3
TILESET_PLAYERS_HOUSE,35:34:37:21,7,modeled_prop,4,4,COPYCATS_HOUSE_1F,3,3
TILESET_PLAYERS_HOUSE,35:34:51:50,7,generic_wall_review,2,2,COPYCATS_HOUSE_2F,6,1
TILESET_PLAYERS_HOUSE,37:21:51:50,7,modeled_prop,4,4,COPYCATS_HOUSE_1F,3,4
TILESET_PLAYERS_HOUSE,37:53:37:53,7,modeled_prop,2,1,PLAYERS_HOUSE_1F,3,0
TILESET_PLAYERS_HOUSE,37:53:51:52,7,modeled_prop,1,1,PLAYERS_HOUSE_1F,3,2
TILESET_PLAYERS_HOUSE,40:41:56:57,7,generic_wall_review,1,1,REDS_HOUSE_2F,0,6
TILESET_PLAYERS_HOUSE,44:45:17:17,157,generic_wall_review,3,3,COPYCATS_HOUSE_1F,6,0
TILESET_PLAYERS_HOUSE,46:47:24:25,145,generic_wall_review,5,5,COPYCATS_HOUSE_1F,0,1
TILESET_PLAYERS_HOUSE,48:49:12:13,147,generic_wall_review,2,2,ELMS_HOUSE,0,1
TILESET_PLAYERS_HOUSE,4:4:20:20,112,classified_ground,8,4,COPYCATS_HOUSE_1F,2,7
TILESET_PLAYERS_HOUSE,50:52:17:17,7,generic_wall_review,1,1,PLAYERS_HOUSE_1F,1,0
TILESET_PLAYERS_HOUSE,50:52:64:29,7,generic_wall_review,1,1,COPYCATS_HOUSE_2F,3,4
TILESET_PLAYERS_HOUSE,51:50:17:17,7,generic_wall_review,1,1,PLAYERS_HOUSE_1F,0,0
TILESET_PLAYERS_HOUSE,51:50:28:64,7,generic_wall_review,1,1,COPYCATS_HOUSE_2F,2,4
TILESET_PLAYERS_HOUSE,64:29:1:1,0,classified_ground,2,2,COPYCATS_HOUSE_2F,7,2
TILESET_PLAYERS_HOUSE,64:29:1:1,0,modeled_prop,4,4,COPYCATS_HOUSE_1F,4,5
TILESET_PLAYERS_HOUSE,67:69:24:25,7,modeled_prop,1,1,PLAYERS_HOUSE_1F,1,1
TILESET_PLAYERS_HOUSE,68:68:68:68,7,generic_wall_review,12,1,COPYCATS_HOUSE_2F,8,0
TILESET_PLAYERS_HOUSE,6:7:22:23,151,generic_wall_review,1,1,REDS_HOUSE_2F,3,4
TILESET_PLAYERS_HOUSE,72:73:88:89,7,generic_wall_review,1,1,REDS_HOUSE_2F,0,7
TILESET_PLAYERS_HOUSE,74:75:90:91,7,generic_wall_review,1,1,REDS_HOUSE_2F,3,5
TILESET_PLAYERS_HOUSE,76:77:92:93,122,classified_ground,3,3,COPYCATS_HOUSE_1F,2,0
TILESET_PLAYERS_HOUSE,78:79:94:95,122,classified_ground,2,2,COPYCATS_HOUSE_2F,3,0
TILESET_PLAYERS_HOUSE,80:81:82:83,7,modeled_prop,1,1,PLAYERS_HOUSE_1F,0,1
TILESET_PLAYERS_HOUSE,8:9:58:59,145,generic_wall_review,5,5,COPYCATS_HOUSE_1F,1,1
TILESET_PLAYERS_ROOM,16:17:32:33,7,modeled_prop,1,1,PLAYERS_HOUSE_2F,4,4
TILESET_PLAYERS_ROOM,17:18:33:34,7,modeled_prop,1,1,PLAYERS_HOUSE_2F,5,4
TILESET_PLAYERS_ROOM,1:1:1:1,0,classified_ground,28,1,PLAYERS_HOUSE_2F,0,1
TILESET_PLAYERS_ROOM,27:28:43:44,7,modeled_prop,1,1,PLAYERS_HOUSE_2F,2,1
TILESET_PLAYERS_ROOM,2:2:11:12,7,generic_wall_review,1,1,PLAYERS_HOUSE_2F,2,0
TILESET_PLAYERS_ROOM,2:2:2:2,7,generic_wall_review,3,1,PLAYERS_HOUSE_2F,0,0
TILESET_PLAYERS_ROOM,2:2:59:60,7,generic_wall_review,1,1,PLAYERS_HOUSE_2F,4,0
TILESET_PLAYERS_ROOM,35:36:51:52,7,generic_wall_review,1,1,PLAYERS_HOUSE_2F,0,5
TILESET_PLAYERS_ROOM,37:38:53:54,145,modeled_prop,1,1,PLAYERS_HOUSE_2F,5,1
TILESET_PLAYERS_ROOM,3:4:19:20,7,generic_wall_review,1,1,PLAYERS_HOUSE_2F,0,4
TILESET_PLAYERS_ROOM,48:49:1:1,0,classified_ground,2,1,PLAYERS_HOUSE_2F,2,2
TILESET_PLAYERS_ROOM,49:50:1:1,0,classified_ground,2,1,PLAYERS_HOUSE_2F,3,2
TILESET_PLAYERS_ROOM,5:6:21:22,7,modeled_prop,1,1,PLAYERS_HOUSE_2F,5,0
TILESET_PLAYERS_ROOM,64:65:80:81,122,classified_ground,1,1,PLAYERS_HOUSE_2F,7,0
TILESET_PLAYERS_ROOM,66:67:82:83,7,generic_wall_review,1,1,PLAYERS_HOUSE_2F,3,1
TILESET_PLAYERS_ROOM,68:69:84:85,149,generic_wall_review,1,1,PLAYERS_HOUSE_2F,6,0
TILESET_PLAYERS_ROOM,75:76:91:92,151,modeled_prop,1,1,PLAYERS_HOUSE_2F,4,1
TILESET_POKECENTER,10:11:26:27,7,generic_wall_review,22,22,AZALEA_POKECENTER_1F,2,1
TILESET_POKECENTER,12:12:36:36,7,modeled_prop,22,22,AZALEA_POKECENTER_1F,2,2
TILESET_POKECENTER,15:1:15:17,7,generic_wall_review,1,1,INDIGO_PLATEAU_POKECENTER_1F,10,7
TILESET_POKECENTER,17:17:17:17,0,classified_ground,1606,33,AZALEA_POKECENTER_1F,6,2
TILESET_POKECENTER,19:53:36:36,7,generic_wall_review,22,11,CELADON_POKECENTER_2F_BETA,6,2
TILESET_POKECENTER,19:53:70:71,7,modeled_prop,22,22,AZALEA_POKECENTER_1F,5,2
TILESET_POKECENTER,1:15:3:37,7,generic_wall_review,44,33,AZALEA_POKECENTER_1F,5,1
TILESET_POKECENTER,1:1:17:17,0,classified_ground,453,33,AZALEA_POKECENTER_1F,3,1
TILESET_POKECENTER,1:1:32:33,0,classified_ground,11,11,CELADON_POKECENTER_2F_BETA,2,1
TILESET_POKECENTER,22:23:13:14,7,generic_wall_review,44,11,CELADON_POKECENTER_2F_BETA,3,1
TILESET_POKECENTER,22:23:22:23,7,generic_wall_review,44,11,CELADON_POKECENTER_2F_BETA,3,0
TILESET_POKECENTER,28:29:44:45,7,modeled_prop,22,22,AZALEA_POKECENTER_1F,0,0
TILESET_POKECENTER,2:2:15:2,7,generic_wall_review,1,1,INDIGO_PLATEAU_POKECENTER_1F,10,6
TILESET_POKECENTER,2:2:2:15,7,generic_wall_review,44,33,AZALEA_POKECENTER_1F,5,0
TILESET_POKECENTER,2:2:2:2,7,generic_wall_review,150,33,AZALEA_POKECENTER_1F,3,0
TILESET_POKECENTER,2:2:32:33,7,generic_wall_review,22,22,AZALEA_POKECENTER_1F,9,0
TILESET_POKECENTER,30:31:46:47,7,modeled_prop,22,22,AZALEA_POKECENTER_1F,1,0
TILESET_POKECENTER,31:92:45:46,7,generic_wall_review,11,11,CELADON_POKECENTER_2F_BETA,13,0
TILESET_POKECENTER,34:35:50:51,113,classified_ground,33,11,CELADON_POKECENTER_2F_BETA,5,0
TILESET_POKECENTER,38:39:40:41,7,generic_wall_review,11,11,CELADON_POKECENTER_2F_BETA,8,0
TILESET_POKECENTER,48:49:64:65,147,modeled_prop,33,33,AZALEA_POKECENTER_1F,9,1
TILESET_POKECENTER,4:5:20:21,7,generic_wall_review,22,22,AZALEA_POKECENTER_1F,2,0
TILESET_POKECENTER,52:12:36:36,144,modeled_prop,22,22,AZALEA_POKECENTER_1F,4,2
TILESET_POKECENTER,52:52:36:36,144,modeled_prop,94,33,AZALEA_POKECENTER_1F,0,2
TILESET_POKECENTER,52:52:36:36,7,modeled_prop,22,11,CELADON_POKECENTER_2F_BETA,4,2
TILESET_POKECENTER,54:55:54:55,7,generic_wall_review,44,11,CELADON_POKECENTER_2F_BETA,3,2
TILESET_POKECENTER,54:55:70:71,7,generic_wall_review,55,11,CELADON_POKECENTER_2F_BETA,12,2
TILESET_POKECENTER,55:7:55:7,7,generic_wall_review,11,11,CELADON_POKECENTER_2F_BETA,14,0
TILESET_POKECENTER,56:57:70:71,7,generic_wall_review,11,11,CELADON_POKECENTER_2F_BETA,7,3
TILESET_POKECENTER,58:62:54:55,7,generic_wall_review,11,11,CELADON_POKECENTER_2F_BETA,12,1
TILESET_POKECENTER,60:61:76:77,7,modeled_prop,22,22,AZALEA_POKECENTER_1F,0,1
TILESET_POKECENTER,61:61:61:61,7,generic_wall_review,88,1,INDIGO_PLATEAU_POKECENTER_1F,0,0
TILESET_POKECENTER,61:63:78:79,7,modeled_prop,22,22,AZALEA_POKECENTER_1F,1,1
TILESET_POKECENTER,62:59:54:55,7,generic_wall_review,11,11,CELADON_POKECENTER_2F_BETA,14,1
TILESET_POKECENTER,62:62:86:87,7,generic_wall_review,11,11,CELADON_POKECENTER_2F_BETA,13,1
TILESET_POKECENTER,66:67:82:83,114,classified_ground,11,11,CELADON_POKECENTER_2F_BETA,0,7
TILESET_POKECENTER,68:69:84:85,114,modeled_prop,23,22,AZALEA_POKECENTER_1F,0,7
TILESET_POKECENTER,6:54:6:54,7,generic_wall_review,11,11,CELADON_POKECENTER_2F_BETA,12,0
TILESET_POKECENTER,72:73:88:89,7,modeled_prop,150,32,AZALEA_POKECENTER_1F,7,5
TILESET_POKECENTER,81:81:80:80,112,classified_ground,44,22,AZALEA_POKECENTER_1F,3,7
TILESET_POKECENTER,8:9:24:25,7,generic_wall_review,11,11,CELADON_POKECENTER_2F_BETA,4,0
TILESET_POKECENTER,92:93:94:95,7,generic_wall_review,2,1,INDIGO_PLATEAU_POKECENTER_1F,14,6
TILESET_POKECENTER,94:95:42:43,7,generic_wall_review,2,1,INDIGO_PLATEAU_POKECENTER_1F,14,7
TILESET_POKECOM_CENTER,10:11:26:27,7,generic_wall_review,1,1,POKECOM_CENTER_ADMIN_OFFICE_MOBILE,6,7
TILESET_POKECOM_CENTER,128:183:62:150,7,generic_wall_review,1,1,POKECOM_CENTER_ADMIN_OFFICE_MOBILE,24,3
TILESET_POKECOM_CENTER,129:129:129:129,0,classified_ground,15,1,POKECOM_CENTER_ADMIN_OFFICE_MOBILE,5,27
TILESET_POKECOM_CENTER,12:12:36:36,7,generic_wall_review,5,1,POKECOM_CENTER_ADMIN_OFFICE_MOBILE,30,2
TILESET_POKECOM_CENTER,12:52:177:164,7,generic_wall_review,1,1,POKECOM_CENTER_ADMIN_OFFICE_MOBILE,14,2
TILESET_POKECOM_CENTER,131:131:2:2,7,generic_wall_review,1,1,POKECOM_CENTER_ADMIN_OFFICE_MOBILE,7,6
TILESET_POKECOM_CENTER,131:2:2:138,7,generic_wall_review,10,1,POKECOM_CENTER_ADMIN_OFFICE_MOBILE,12,0
TILESET_POKECOM_CENTER,132:133:132:133,7,generic_wall_review,1,1,POKECOM_CENTER_ADMIN_OFFICE_MOBILE,2,26
TILESET_POKECOM_CENTER,134:135:150:151,7,generic_wall_review,1,1,POKECOM_CENTER_ADMIN_OFFICE_MOBILE,16,4
TILESET_POKECOM_CENTER,134:166:183:143,7,generic_wall_review,2,1,POKECOM_CENTER_ADMIN_OFFICE_MOBILE,25,4
TILESET_POKECOM_CENTER,135:177:182:177,7,generic_wall_review,2,1,POKECOM_CENTER_ADMIN_OFFICE_MOBILE,19,3
TILESET_POKECOM_CENTER,135:2:182:2,7,generic_wall_review,1,1,POKECOM_CENTER_ADMIN_OFFICE_MOBILE,29,1
TILESET_POKECOM_CENTER,136:137:152:153,7,generic_wall_review,1,1,POKECOM_CENTER_ADMIN_OFFICE_MOBILE,24,9
TILESET_POKECOM_CENTER,136:137:152:154,7,generic_wall_review,4,1,POKECOM_CENTER_ADMIN_OFFICE_MOBILE,24,5
TILESET_POKECOM_CENTER,138:139:6:7,7,generic_wall_review,8,1,POKECOM_CENTER_ADMIN_OFFICE_MOBILE,0,24
TILESET_POKECOM_CENTER,140:141:155:157,7,generic_wall_review,4,1,POKECOM_CENTER_ADMIN_OFFICE_MOBILE,29,5
TILESET_POKECOM_CENTER,140:141:156:157,7,generic_wall_review,1,1,POKECOM_CENTER_ADMIN_OFFICE_MOBILE,29,9
TILESET_POKECOM_CENTER,140:159:155:157,7,generic_wall_review,1,1,POKECOM_CENTER_ADMIN_OFFICE_MOBILE,29,4
TILESET_POKECOM_CENTER,142:142:142:142,7,generic_wall_review,4,1,POKECOM_CENTER_ADMIN_OFFICE_MOBILE,25,2
TILESET_POKECOM_CENTER,142:142:167:167,7,generic_wall_review,4,1,POKECOM_CENTER_ADMIN_OFFICE_MOBILE,25,3
TILESET_POKECOM_CENTER,143:182:143:182,7,generic_wall_review,4,1,POKECOM_CENTER_ADMIN_OFFICE_MOBILE,28,5
TILESET_POKECOM_CENTER,143:182:167:151,7,generic_wall_review,1,1,POKECOM_CENTER_ADMIN_OFFICE_MOBILE,28,9
TILESET_POKECOM_CENTER,147:183:163:183,7,generic_wall_review,2,1,POKECOM_CENTER_ADMIN_OFFICE_MOBILE,27,6
TILESET_POKECOM_CENTER,148:149:130:130,0,classified_ground,1,1,POKECOM_CENTER_ADMIN_OFFICE_MOBILE,2,27
TILESET_POKECOM_CENTER,158:137:152:154,7,generic_wall_review,1,1,POKECOM_CENTER_ADMIN_OFFICE_MOBILE,24,4
TILESET_POKECOM_CENTER,160:161:17:17,7,generic_wall_review,1,1,POKECOM_CENTER_ADMIN_OFFICE_MOBILE,17,6
TILESET_POKECOM_CENTER,163:177:3:37,7,generic_wall_review,1,1,POKECOM_CENTER_ADMIN_OFFICE_MOBILE,19,7
TILESET_POKECOM_CENTER,166:135:143:182,7,generic_wall_review,1,1,POKECOM_CENTER_ADMIN_OFFICE_MOBILE,28,4
TILESET_POKECOM_CENTER,166:166:142:142,7,generic_wall_review,4,1,POKECOM_CENTER_ADMIN_OFFICE_MOBILE,25,1
TILESET_POKECOM_CENTER,166:166:167:167,7,generic_wall_review,2,1,POKECOM_CENTER_ADMIN_OFFICE_MOBILE,16,3
TILESET_POKECOM_CENTER,166:166:167:9,7,generic_wall_review,1,1,POKECOM_CENTER_ADMIN_OFFICE_MOBILE,27,4
TILESET_POKECOM_CENTER,166:166:8:167,7,generic_wall_review,1,1,POKECOM_CENTER_ADMIN_OFFICE_MOBILE,26,4
TILESET_POKECOM_CENTER,166:166:9:143,7,generic_wall_review,1,1,POKECOM_CENTER_ADMIN_OFFICE_MOBILE,18,3
TILESET_POKECOM_CENTER,166:25:167:167,7,generic_wall_review,1,1,POKECOM_CENTER_ADMIN_OFFICE_MOBILE,27,9
TILESET_POKECOM_CENTER,168:169:184:185,7,generic_wall_review,1,1,POKECOM_CENTER_ADMIN_OFFICE_MOBILE,24,10
TILESET_POKECOM_CENTER,170:171:186:187,7,modeled_prop,4,1,POKECOM_CENTER_ADMIN_OFFICE_MOBILE,25,10
TILESET_POKECOM_CENTER,172:173:188:189,7,generic_wall_review,1,1,POKECOM_CENTER_ADMIN_OFFICE_MOBILE,29,10
TILESET_POKECOM_CENTER,174:175:190:191,7,generic_wall_review,4,1,POKECOM_CENTER_ADMIN_OFFICE_MOBILE,22,14
TILESET_POKECOM_CENTER,174:175:222:223,7,generic_wall_review,4,1,POKECOM_CENTER_ADMIN_OFFICE_MOBILE,24,15
TILESET_POKECOM_CENTER,176:178:16:12,7,generic_wall_review,1,1,POKECOM_CENTER_ADMIN_OFFICE_MOBILE,2,25
TILESET_POKECOM_CENTER,176:178:2:2,7,generic_wall_review,2,1,POKECOM_CENTER_ADMIN_OFFICE_MOBILE,0,25
TILESET_POKECOM_CENTER,176:178:52:52,7,generic_wall_review,5,1,POKECOM_CENTER_ADMIN_OFFICE_MOBILE,3,25
TILESET_POKECOM_CENTER,177:180:177:150,7,generic_wall_review,1,1,POKECOM_CENTER_ADMIN_OFFICE_MOBILE,14,3
TILESET_POKECOM_CENTER,177:1:3:37,7,generic_wall_review,1,1,POKECOM_CENTER_ADMIN_OFFICE_MOBILE,2,7
TILESET_POKECOM_CENTER,177:82:177:14,7,generic_wall_review,2,1,POKECOM_CENTER_ADMIN_OFFICE_MOBILE,14,5
TILESET_POKECOM_CENTER,177:82:177:82,7,generic_wall_review,2,1,POKECOM_CENTER_ADMIN_OFFICE_MOBILE,14,4
TILESET_POKECOM_CENTER,178:2:2:2,7,generic_wall_review,7,1,POKECOM_CENTER_ADMIN_OFFICE_MOBILE,13,1
TILESET_POKECOM_CENTER,17:17:17:17,0,classified_ground,202,1,POKECOM_CENTER_ADMIN_OFFICE_MOBILE,12,4
TILESET_POKECOM_CENTER,17:216:17:17,0,classified_ground,1,1,POKECOM_CENTER_ADMIN_OFFICE_MOBILE,24,12
TILESET_POKECOM_CENTER,181:166:167:167,7,generic_wall_review,1,1,POKECOM_CENTER_ADMIN_OFFICE_MOBILE,15,3
TILESET_POKECOM_CENTER,182:146:182:162,7,generic_wall_review,2,1,POKECOM_CENTER_ADMIN_OFFICE_MOBILE,26,6
TILESET_POKECOM_CENTER,182:177:151:177,7,generic_wall_review,2,1,POKECOM_CENTER_ADMIN_OFFICE_MOBILE,19,4
TILESET_POKECOM_CENTER,182:192:182:208,7,generic_wall_review,1,1,POKECOM_CENTER_ADMIN_OFFICE_MOBILE,26,7
TILESET_POKECOM_CENTER,182:1:151:17,7,generic_wall_review,1,1,POKECOM_CENTER_ADMIN_OFFICE_MOBILE,29,3
TILESET_POKECOM_CENTER,182:52:182:36,7,generic_wall_review,1,1,POKECOM_CENTER_ADMIN_OFFICE_MOBILE,29,2
TILESET_POKECOM_CENTER,182:66:182:162,7,generic_wall_review,1,1,POKECOM_CENTER_ADMIN_OFFICE_MOBILE,26,5
TILESET_POKECOM_CENTER,183:143:150:167,7,generic_wall_review,3,1,POKECOM_CENTER_ADMIN_OFFICE_MOBILE,18,4
TILESET_POKECOM_CENTER,183:143:183:143,7,generic_wall_review,4,1,POKECOM_CENTER_ADMIN_OFFICE_MOBILE,25,5
TILESET_POKECOM_CENTER,190:191:222:223,7,generic_wall_review,2,1,POKECOM_CENTER_ADMIN_OFFICE_MOBILE,23,15
TILESET_POKECOM_CENTER,190:191:94:95,7,generic_wall_review,2,1,POKECOM_CENTER_ADMIN_OFFICE_MOBILE,0,27
TILESET_POKECOM_CENTER,193:183:209:183,7,generic_wall_review,1,1,POKECOM_CENTER_ADMIN_OFFICE_MOBILE,27,7
TILESET_POKECOM_CENTER,194:195:210:211,7,generic_wall_review,1,1,POKECOM_CENTER_ADMIN_OFFICE_MOBILE,2,9
TILESET_POKECOM_CENTER,196:197:212:213,7,generic_wall_review,1,1,POKECOM_CENTER_ADMIN_OFFICE_MOBILE,23,3
TILESET_POKECOM_CENTER,19:53:36:36,7,generic_wall_review,3,1,POKECOM_CENTER_ADMIN_OFFICE_MOBILE,2,8
TILESET_POKECOM_CENTER,1:177:3:37,7,generic_wall_review,1,1,POKECOM_CENTER_ADMIN_OFFICE_MOBILE,9,7
TILESET_POKECOM_CENTER,1:1:174:175,7,generic_wall_review,2,1,POKECOM_CENTER_ADMIN_OFFICE_MOBILE,0,26
TILESET_POKECOM_CENTER,1:1:17:17,0,classified_ground,42,1,POKECOM_CENTER_ADMIN_OFFICE_MOBILE,12,3
TILESET_POKECOM_CENTER,200:201:216:217,7,generic_wall_review,1,1,POKECOM_CENTER_ADMIN_OFFICE_MOBILE,24,11
TILESET_POKECOM_CENTER,202:203:218:219,7,modeled_prop,4,1,POKECOM_CENTER_ADMIN_OFFICE_MOBILE,25,11
TILESET_POKECOM_CENTER,204:205:220:221,7,generic_wall_review,1,1,POKECOM_CENTER_ADMIN_OFFICE_MOBILE,29,11
TILESET_POKECOM_CENTER,206:207:222:223,7,generic_wall_review,2,1,POKECOM_CENTER_ADMIN_OFFICE_MOBILE,22,15
TILESET_POKECOM_CENTER,214:215:130:130,0,classified_ground,3,1,POKECOM_CENTER_ADMIN_OFFICE_MOBILE,4,27
TILESET_POKECOM_CENTER,221:17:17:17,0,classified_ground,1,1,POKECOM_CENTER_ADMIN_OFFICE_MOBILE,29,12
TILESET_POKECOM_CENTER,23:52:148:36,7,generic_wall_review,1,1,POKECOM_CENTER_ADMIN_OFFICE_MOBILE,17,8
TILESET_POKECOM_CENTER,24:166:167:167,7,generic_wall_review,1,1,POKECOM_CENTER_ADMIN_OFFICE_MOBILE,26,9
TILESET_POKECOM_CENTER,28:29:44:45,7,modeled_prop,1,1,POKECOM_CENTER_ADMIN_OFFICE_MOBILE,4,6
TILESET_POKECOM_CENTER,2:131:139:2,7,generic_wall_review,10,1,POKECOM_CENTER_ADMIN_OFFICE_MOBILE,13,0
TILESET_POKECOM_CENTER,2:131:2:177,7,generic_wall_review,1,1,POKECOM_CENTER_ADMIN_OFFICE_MOBILE,9,6
TILESET_POKECOM_CENTER,2:134:2:183,7,generic_wall_review,1,1,POKECOM_CENTER_ADMIN_OFFICE_MOBILE,24,1
TILESET_POKECOM_CENTER,2:176:2:2,7,generic_wall_review,7,1,POKECOM_CENTER_ADMIN_OFFICE_MOBILE,12,1
TILESET_POKECOM_CENTER,2:2:177:2,7,generic_wall_review,1,1,POKECOM_CENTER_ADMIN_OFFICE_MOBILE,2,6
TILESET_POKECOM_CENTER,2:2:2:2,7,generic_wall_review,4,1,POKECOM_CENTER_ADMIN_OFFICE_MOBILE,1,6
TILESET_POKECOM_CENTER,2:2:32:33,7,modeled_prop,1,1,POKECOM_CENTER_ADMIN_OFFICE_MOBILE,11,6
TILESET_POKECOM_CENTER,30:31:46:47,7,modeled_prop,1,1,POKECOM_CENTER_ADMIN_OFFICE_MOBILE,5,6
TILESET_POKECOM_CENTER,34:35:50:51,122,classified_ground,1,1,POKECOM_CENTER_ADMIN_OFFICE_MOBILE,0,6
TILESET_POKECOM_CENTER,36:36:130:130,0,classified_ground,1,1,POKECOM_CENTER_ADMIN_OFFICE_MOBILE,5,26
TILESET_POKECOM_CENTER,36:36:198:199,7,generic_wall_review,3,1,POKECOM_CENTER_ADMIN_OFFICE_MOBILE,4,26
TILESET_POKECOM_CENTER,38:39:17:17,7,generic_wall_review,1,1,POKECOM_CENTER_ADMIN_OFFICE_MOBILE,15,6
TILESET_POKECOM_CENTER,40:41:56:57,7,generic_wall_review,3,1,POKECOM_CENTER_ADMIN_OFFICE_MOBILE,3,26
TILESET_POKECOM_CENTER,44:47:76:79,7,generic_wall_review,2,1,POKECOM_CENTER_ADMIN_OFFICE_MOBILE,15,4
TILESET_POKECOM_CENTER,48:49:64:65,147,modeled_prop,1,1,POKECOM_CENTER_ADMIN_OFFICE_MOBILE,11,7
TILESET_POKECOM_CENTER,4:5:20:21,7,generic_wall_review,1,1,POKECOM_CENTER_ADMIN_OFFICE_MOBILE,6,6
TILESET_POKECOM_CENTER,52:12:36:177,7,generic_wall_review,1,1,POKECOM_CENTER_ADMIN_OFFICE_MOBILE,19,2
TILESET_POKECOM_CENTER,52:183:36:183,7,generic_wall_review,1,1,POKECOM_CENTER_ADMIN_OFFICE_MOBILE,24,2
TILESET_POKECOM_CENTER,52:22:36:149,7,generic_wall_review,1,1,POKECOM_CENTER_ADMIN_OFFICE_MOBILE,15,8
TILESET_POKECOM_CENTER,52:52:165:36,7,generic_wall_review,1,1,POKECOM_CENTER_ADMIN_OFFICE_MOBILE,15,2
TILESET_POKECOM_CENTER,52:52:36:36,144,classified_counter,5,1,POKECOM_CENTER_ADMIN_OFFICE_MOBILE,13,2
TILESET_POKECOM_CENTER,52:52:36:36,7,generic_wall_review,15,1,POKECOM_CENTER_ADMIN_OFFICE_MOBILE,12,2
TILESET_POKECOM_CENTER,58:59:130:130,0,classified_ground,3,1,POKECOM_CENTER_ADMIN_OFFICE_MOBILE,3,27
TILESET_POKECOM_CENTER,58:59:1:1,0,classified_ground,1,1,POKECOM_CENTER_ADMIN_OFFICE_MOBILE,16,5
TILESET_POKECOM_CENTER,60:61:76:77,7,modeled_prop,1,1,POKECOM_CENTER_ADMIN_OFFICE_MOBILE,4,7
TILESET_POKECOM_CENTER,61:61:61:61,7,generic_wall_review,520,1,POKECOM_CENTER_ADMIN_OFFICE_MOBILE,0,0
TILESET_POKECOM_CENTER,61:63:78:79,7,modeled_prop,1,1,POKECOM_CENTER_ADMIN_OFFICE_MOBILE,5,7
TILESET_POKECOM_CENTER,67:183:83:183,7,generic_wall_review,1,1,POKECOM_CENTER_ADMIN_OFFICE_MOBILE,27,5
TILESET_POKECOM_CENTER,68:69:84:85,114,classified_ground,1,1,POKECOM_CENTER_ADMIN_OFFICE_MOBILE,0,15
TILESET_POKECOM_CENTER,72:73:88:89,7,modeled_prop,12,1,POKECOM_CENTER_ADMIN_OFFICE_MOBILE,10,12
TILESET_POKECOM_CENTER,74:75:90:91,7,generic_wall_review,1,1,POKECOM_CENTER_ADMIN_OFFICE_MOBILE,18,7
TILESET_POKECOM_CENTER,81:81:80:80,112,classified_ground,4,1,POKECOM_CENTER_ADMIN_OFFICE_MOBILE,6,15
TILESET_POKECOM_CENTER,92:93:144:145,7,generic_wall_review,2,1,POKECOM_CENTER_ADMIN_OFFICE_MOBILE,15,5
TILESET_PORT,10:10:10:10,0,classified_ground,50,1,CERULEAN_GYM,0,1
TILESET_PORT,11:11:20:20,41,classified_water,8,1,CERULEAN_GYM,1,2
TILESET_PORT,12:13:28:29,112,classified_ground,1,1,CERULEAN_GYM,4,15
TILESET_PORT,13:21:29:14,112,classified_ground,1,1,CERULEAN_GYM,5,15
TILESET_PORT,15:15:15:15,7,generic_wall_review,10,1,CERULEAN_GYM,0,0
TILESET_PORT,1:2:17:18,7,classified_fence,134,2,OLIVINE_PORT,9,7
TILESET_PORT,1:2:17:18,7,generic_wall_review,134,2,OLIVINE_PORT,10,0
TILESET_PORT,20:20:20:20,41,classified_water,1070,3,CERULEAN_GYM,1,3
TILESET_PORT,20:20:38:39,7,generic_wall_review,2,2,OLIVINE_PORT,8,24
TILESET_PORT,20:20:40:41,7,generic_wall_review,2,2,OLIVINE_PORT,9,24
TILESET_PORT,20:20:42:20,7,generic_wall_review,2,2,OLIVINE_PORT,10,24
TILESET_PORT,20:88:20:20,7,classified_fence,2,2,OLIVINE_PORT,4,27
TILESET_PORT,26:35:36:37,0,classified_ground,2,2,OLIVINE_PORT,7,24
TILESET_PORT,34:34:20:20,41,classified_water,12,2,CERULEAN_GYM,2,5
TILESET_PORT,3:4:30:31,114,classified_ground,2,2,OLIVINE_PORT,11,7
TILESET_PORT,43:44:57:58,33,classified_water,2,2,OLIVINE_PORT,4,26
TILESET_PORT,43:44:57:58,7,generic_wall_review,2,2,OLIVINE_PORT,4,25
TILESET_PORT,45:45:58:51,7,generic_wall_review,2,2,OLIVINE_PORT,5,25
TILESET_PORT,45:51:80:81,33,classified_water,2,2,OLIVINE_PORT,5,26
TILESET_PORT,46:47:59:60,7,generic_wall_review,2,2,OLIVINE_PORT,6,25
TILESET_PORT,48:50:61:62,7,generic_wall_review,2,2,OLIVINE_PORT,7,25
TILESET_PORT,49:49:49:49,0,classified_ground,22,2,OLIVINE_PORT,10,7
TILESET_PORT,51:52:63:64,7,generic_wall_review,2,2,OLIVINE_PORT,8,25
TILESET_PORT,53:16:65:66,7,generic_wall_review,2,2,OLIVINE_PORT,9,25
TILESET_PORT,54:55:67:68,7,generic_wall_review,2,2,OLIVINE_PORT,10,25
TILESET_PORT,56:20:69:20,7,generic_wall_review,2,2,OLIVINE_PORT,11,25
TILESET_PORT,5:5:5:5,0,classified_ground,39,3,CERULEAN_GYM,4,3
TILESET_PORT,5:5:5:5,112,classified_ground,3,2,OLIVINE_PORT,7,17
TILESET_PORT,5:5:5:5,114,classified_ground,56,3,CERULEAN_GYM,4,10
TILESET_PORT,6:7:22:23,7,generic_wall_review,2,1,CERULEAN_GYM,2,12
TILESET_PORT,70:71:82:82,33,classified_water,2,2,OLIVINE_PORT,6,26
TILESET_PORT,72:73:83:83,33,classified_water,2,2,OLIVINE_PORT,7,26
TILESET_PORT,73:74:84:44,33,classified_water,2,2,OLIVINE_PORT,8,26
TILESET_PORT,75:76:45:85,33,classified_water,2,2,OLIVINE_PORT,9,26
TILESET_PORT,77:78:86:87,7,generic_wall_review,2,2,OLIVINE_PORT,10,26
TILESET_PORT,79:20:20:20,7,generic_wall_review,2,2,OLIVINE_PORT,11,26
TILESET_PORT,89:90:20:20,7,generic_wall_review,2,2,OLIVINE_PORT,5,27
TILESET_PORT,8:9:24:25,7,generic_wall_review,2,1,CERULEAN_GYM,2,13
TILESET_PORT,90:91:20:20,7,generic_wall_review,2,2,OLIVINE_PORT,6,27
TILESET_PORT,92:92:20:20,7,generic_wall_review,2,2,OLIVINE_PORT,7,27
TILESET_PORT,93:94:20:20,7,generic_wall_review,2,2,OLIVINE_PORT,8,27
TILESET_PORT,94:94:20:20,7,generic_wall_review,2,2,OLIVINE_PORT,9,27
TILESET_PORT,95:20:20:20,7,generic_wall_review,2,2,OLIVINE_PORT,10,27
TILESET_RADIO_TOWER,128:129:130:131,7,generic_wall_review,8,3,LAV_RADIO_TOWER_1F,8,4
TILESET_RADIO_TOWER,12:13:28:29,122,classified_ground,6,4,RADIO_TOWER_1F,15,0
TILESET_RADIO_TOWER,132:133:134:135,7,generic_wall_review,1,1,RADIO_TOWER_2F,0,5
TILESET_RADIO_TOWER,136:137:130:131,7,generic_wall_review,1,1,RADIO_TOWER_2F,0,6
TILESET_RADIO_TOWER,141:142:80:81,7,generic_wall_review,1,1,RADIO_TOWER_2F,5,6
TILESET_RADIO_TOWER,144:145:148:149,7,generic_wall_review,1,1,RADIO_TOWER_2F,4,4
TILESET_RADIO_TOWER,146:147:150:151,7,generic_wall_review,1,1,RADIO_TOWER_2F,5,4
TILESET_RADIO_TOWER,14:15:30:31,122,classified_ground,7,5,LAV_RADIO_TOWER_1F,15,0
TILESET_RADIO_TOWER,152:153:156:157,7,generic_wall_review,1,1,RADIO_TOWER_2F,4,5
TILESET_RADIO_TOWER,154:155:158:159,7,generic_wall_review,1,1,RADIO_TOWER_2F,5,5
TILESET_RADIO_TOWER,17:17:16:16,7,generic_wall_review,45,6,LAV_RADIO_TOWER_1F,3,0
TILESET_RADIO_TOWER,17:17:16:91,7,generic_wall_review,1,1,RADIO_TOWER_3F,14,2
TILESET_RADIO_TOWER,17:17:46:47,7,modeled_prop,2,2,LAV_RADIO_TOWER_1F,2,0
TILESET_RADIO_TOWER,17:17:48:49,7,generic_wall_review,1,1,RADIO_TOWER_3F,15,2
TILESET_RADIO_TOWER,17:17:82:52,7,generic_wall_review,2,2,LAV_RADIO_TOWER_1F,7,0
TILESET_RADIO_TOWER,17:17:82:83,7,generic_wall_review,3,2,LAV_RADIO_TOWER_1F,6,0
TILESET_RADIO_TOWER,1:138:1:139,7,generic_wall_review,8,3,LAV_RADIO_TOWER_1F,9,6
TILESET_RADIO_TOWER,1:1:1:1,0,classified_ground,455,6,LAV_RADIO_TOWER_1F,3,1
TILESET_RADIO_TOWER,1:1:86:87,7,modeled_prop,1,1,RADIO_TOWER_5F,3,4
TILESET_RADIO_TOWER,1:92:1:1,0,classified_ground,1,1,RADIO_TOWER_3F,14,3
TILESET_RADIO_TOWER,21:24:66:67,0,classified_ground,4,4,LAV_RADIO_TOWER_1F,15,7
TILESET_RADIO_TOWER,24:22:66:67,0,classified_ground,4,4,LAV_RADIO_TOWER_1F,16,7
TILESET_RADIO_TOWER,25:9:25:9,7,generic_wall_review,8,4,LAV_RADIO_TOWER_1F,16,5
TILESET_RADIO_TOWER,26:27:10:11,145,modeled_prop,7,3,LAV_RADIO_TOWER_1F,18,1
TILESET_RADIO_TOWER,2:2:18:18,112,classified_ground,4,2,LAV_RADIO_TOWER_1F,2,7
TILESET_RADIO_TOWER,32:33:37:38,7,generic_wall_review,4,4,LAV_RADIO_TOWER_1F,15,4
TILESET_RADIO_TOWER,32:33:41:42,7,generic_wall_review,8,4,LAV_RADIO_TOWER_1F,13,4
TILESET_RADIO_TOWER,32:33:7:6,7,generic_wall_review,4,4,LAV_RADIO_TOWER_1F,16,4
TILESET_RADIO_TOWER,34:35:50:51,7,generic_wall_review,4,4,LAV_RADIO_TOWER_1F,14,4
TILESET_RADIO_TOWER,36:6:23:22,144,modeled_prop,1,1,LAV_RADIO_TOWER_1F,7,5
TILESET_RADIO_TOWER,36:6:76:77,144,classified_counter,6,3,RADIO_TOWER_3F,4,3
TILESET_RADIO_TOWER,39:40:55:56,0,classified_ground,12,4,LAV_RADIO_TOWER_1F,17,5
TILESET_RADIO_TOWER,3:4:19:20,7,generic_wall_review,14,6,LAV_RADIO_TOWER_1F,5,0
TILESET_RADIO_TOWER,44:45:60:61,0,modeled_prop,17,6,LAV_RADIO_TOWER_1F,6,6
TILESET_RADIO_TOWER,48:49:26:27,7,modeled_prop,7,3,LAV_RADIO_TOWER_1F,18,0
TILESET_RADIO_TOWER,48:49:32:33,7,generic_wall_review,24,4,LAV_RADIO_TOWER_1F,12,3
TILESET_RADIO_TOWER,48:49:48:49,7,generic_wall_review,3,1,RADIO_TOWER_3F,15,3
TILESET_RADIO_TOWER,50:51:66:67,0,classified_ground,4,4,LAV_RADIO_TOWER_1F,14,5
TILESET_RADIO_TOWER,53:54:8:25,144,classified_counter,4,4,LAV_RADIO_TOWER_1F,15,5
TILESET_RADIO_TOWER,57:57:57:57,7,generic_wall_review,40,3,RADIO_TOWER_3F,14,0
TILESET_RADIO_TOWER,5:6:8:9,144,classified_counter,1,1,RADIO_TOWER_1F,13,5
TILESET_RADIO_TOWER,5:6:8:9,7,generic_wall_review,2,2,LAV_RADIO_TOWER_1F,4,5
TILESET_RADIO_TOWER,5:7:21:22,144,classified_counter,6,3,RADIO_TOWER_3F,3,3
TILESET_RADIO_TOWER,5:7:21:23,144,classified_counter,3,1,RADIO_TOWER_3F,2,6
TILESET_RADIO_TOWER,62:63:58:59,147,modeled_prop,2,2,LAV_RADIO_TOWER_1F,2,1
TILESET_RADIO_TOWER,64:67:66:67,0,classified_ground,4,2,LAV_RADIO_TOWER_1F,12,5
TILESET_RADIO_TOWER,65:33:64:42,7,generic_wall_review,4,2,LAV_RADIO_TOWER_1F,12,4
TILESET_RADIO_TOWER,66:138:66:139,7,generic_wall_review,4,1,RADIO_TOWER_5F,17,4
TILESET_RADIO_TOWER,66:67:66:67,0,classified_ground,52,4,LAV_RADIO_TOWER_1F,10,4
TILESET_RADIO_TOWER,68:69:74:75,7,generic_wall_review,8,3,LAV_RADIO_TOWER_1F,8,5
TILESET_RADIO_TOWER,68:69:74:75,7,modeled_prop,18,5,LAV_RADIO_TOWER_1F,0,1
TILESET_RADIO_TOWER,70:71:72:73,7,modeled_prop,18,5,LAV_RADIO_TOWER_1F,0,0
TILESET_RADIO_TOWER,76:77:1:1,0,classified_ground,1,1,RADIO_TOWER_1F,9,6
TILESET_RADIO_TOWER,78:79:94:95,7,generic_wall_review,4,4,LAV_RADIO_TOWER_1F,15,6
TILESET_RADIO_TOWER,7:36:23:22,144,classified_counter,1,1,RADIO_TOWER_5F,5,5
TILESET_RADIO_TOWER,7:36:23:23,144,classified_counter,1,1,RADIO_TOWER_1F,12,5
TILESET_RADIO_TOWER,7:7:23:23,144,classified_counter,7,3,LAV_RADIO_TOWER_1F,5,5
TILESET_RADIO_TOWER,7:7:23:23,144,modeled_prop,1,1,RADIO_TOWER_1F,8,5
TILESET_RADIO_TOWER,80:81:1:1,0,classified_ground,5,2,LAV_RADIO_TOWER_1F,6,1
TILESET_RADIO_TOWER,86:87:88:89,144,modeled_prop,1,1,RADIO_TOWER_1F,9,5
TILESET_RADIO_TOWER,88:89:76:77,7,modeled_prop,1,1,RADIO_TOWER_5F,3,5
TILESET_RADIO_TOWER,8:9:21:22,144,classified_counter,3,2,LAV_RADIO_TOWER_1F,4,7
TILESET_RADIO_TOWER,8:9:8:9,144,classified_counter,3,2,LAV_RADIO_TOWER_1F,4,6
TILESET_RADIO_TOWER,90:36:23:140,144,classified_counter,3,1,RADIO_TOWER_3F,3,6
TILESET_RADIO_TOWER,90:7:23:23,144,modeled_prop,1,1,LAV_RADIO_TOWER_1F,6,5
TILESET_RUINS_OF_ALPH,10:11:10:11,7,generic_wall_review,170,9,RUINS_OF_ALPH_AERODACTYL_CHAMBER,0,1
TILESET_RUINS_OF_ALPH,12:17:3:12,0,classified_ground,8,8,RUINS_OF_ALPH_AERODACTYL_CHAMBER,2,4
TILESET_RUINS_OF_ALPH,14:15:30:31,7,generic_wall_review,42,9,RUINS_OF_ALPH_AERODACTYL_CHAMBER,2,2
TILESET_RUINS_OF_ALPH,16:13:13:2,0,classified_ground,8,8,RUINS_OF_ALPH_AERODACTYL_CHAMBER,5,4
TILESET_RUINS_OF_ALPH,16:17:17:16,0,classified_ground,16,8,RUINS_OF_ALPH_AERODACTYL_CHAMBER,3,4
TILESET_RUINS_OF_ALPH,16:17:17:16,112,classified_ground,16,8,RUINS_OF_ALPH_AERODACTYL_CHAMBER,3,9
TILESET_RUINS_OF_ALPH,1:1:1:1,7,generic_wall_review,20,1,RUINS_OF_ALPH_INNER_CHAMBER,0,27
TILESET_RUINS_OF_ALPH,1:1:1:1,96,classified_ground,8,4,RUINS_OF_ALPH_AERODACTYL_CHAMBER,3,3
TILESET_RUINS_OF_ALPH,1:1:90:3,123,classified_ground,4,4,RUINS_OF_ALPH_AERODACTYL_CHAMBER,4,0
TILESET_RUINS_OF_ALPH,2:3:3:2,0,classified_ground,621,9,RUINS_OF_ALPH_AERODACTYL_CHAMBER,1,1
TILESET_RUINS_OF_ALPH,38:39:40:41,114,classified_ground,1,1,RUINS_OF_ALPH_INNER_CHAMBER,10,13
TILESET_RUINS_OF_ALPH,46:47:62:63,7,generic_wall_review,42,9,RUINS_OF_ALPH_AERODACTYL_CHAMBER,2,3
TILESET_RUINS_OF_ALPH,6:6:20:34,7,generic_wall_review,6,1,RUINS_OF_ALPH_INNER_CHAMBER,8,5
TILESET_RUINS_OF_ALPH,6:6:23:49,7,generic_wall_review,10,9,RUINS_OF_ALPH_AERODACTYL_CHAMBER,6,9
TILESET_RUINS_OF_ALPH,6:6:29:48,7,generic_wall_review,6,1,RUINS_OF_ALPH_INNER_CHAMBER,7,5
TILESET_RUINS_OF_ALPH,6:6:32:57,7,generic_wall_review,12,5,RUINS_OF_ALPH_AERODACTYL_CHAMBER,5,0
TILESET_RUINS_OF_ALPH,6:6:33:64,7,generic_wall_review,4,1,RUINS_OF_ALPH_INNER_CHAMBER,5,26
TILESET_RUINS_OF_ALPH,6:6:34:55,7,generic_wall_review,8,5,RUINS_OF_ALPH_AERODACTYL_ITEM_ROOM,4,0
TILESET_RUINS_OF_ALPH,6:6:35:29,7,generic_wall_review,12,1,RUINS_OF_ALPH_INNER_CHAMBER,5,0
TILESET_RUINS_OF_ALPH,6:6:35:56,7,generic_wall_review,1,1,RUINS_OF_ALPH_INNER_CHAMBER,18,26
TILESET_RUINS_OF_ALPH,6:6:35:75,7,generic_wall_review,4,4,RUINS_OF_ALPH_AERODACTYL_CHAMBER,3,0
TILESET_RUINS_OF_ALPH,6:6:50:22,7,generic_wall_review,11,9,RUINS_OF_ALPH_AERODACTYL_CHAMBER,1,0
TILESET_RUINS_OF_ALPH,6:6:54:22,7,generic_wall_review,4,1,RUINS_OF_ALPH_INNER_CHAMBER,4,26
TILESET_RUINS_OF_ALPH,6:6:54:28,7,generic_wall_review,8,5,RUINS_OF_ALPH_AERODACTYL_ITEM_ROOM,3,0
TILESET_RUINS_OF_ALPH,6:6:55:27,7,generic_wall_review,6,1,RUINS_OF_ALPH_INNER_CHAMBER,9,5
TILESET_RUINS_OF_ALPH,6:6:56:51,7,generic_wall_review,8,1,RUINS_OF_ALPH_INNER_CHAMBER,2,0
TILESET_RUINS_OF_ALPH,6:6:57:26,7,generic_wall_review,10,9,RUINS_OF_ALPH_AERODACTYL_CHAMBER,1,9
TILESET_RUINS_OF_ALPH,6:6:65:26,7,generic_wall_review,6,1,RUINS_OF_ALPH_INNER_CHAMBER,6,5
TILESET_RUINS_OF_ALPH,6:6:66:20,7,generic_wall_review,16,5,RUINS_OF_ALPH_AERODACTYL_CHAMBER,2,0
TILESET_RUINS_OF_ALPH,6:6:67:32,7,generic_wall_review,1,1,RUINS_OF_ALPH_INNER_CHAMBER,1,26
TILESET_RUINS_OF_ALPH,6:6:69:33,7,generic_wall_review,11,9,RUINS_OF_ALPH_AERODACTYL_CHAMBER,6,0
TILESET_RUINS_OF_ALPH,6:6:71:72,7,generic_wall_review,4,4,RUINS_OF_ALPH_AERODACTYL_CHAMBER,3,2
TILESET_RUINS_OF_ALPH,6:6:73:74,7,generic_wall_review,4,4,RUINS_OF_ALPH_AERODACTYL_CHAMBER,4,2
TILESET_RUINS_OF_ALPH,80:81:82:83,7,generic_wall_review,16,4,RUINS_OF_ALPH_AERODACTYL_ITEM_ROOM,2,4
TILESET_RUINS_OF_ALPH,84:85:88:1,96,classified_ground,4,4,RUINS_OF_ALPH_AERODACTYL_ITEM_ROOM,3,1
TILESET_RUINS_OF_ALPH,86:87:1:89,96,classified_ground,4,4,RUINS_OF_ALPH_AERODACTYL_ITEM_ROOM,4,1
TILESET_RUINS_OF_ALPH,8:9:10:11,7,generic_wall_review,68,9,RUINS_OF_ALPH_AERODACTYL_CHAMBER,0,0
TILESET_TOWER,10:11:26:27,7,generic_wall_review,16,7,SPROUT_TOWER_2F,8,4
TILESET_TOWER,11:11:27:27,7,generic_wall_review,168,10,SPROUT_TOWER_2F,9,4
TILESET_TOWER,11:27:27:27,7,generic_wall_review,32,7,TIN_TOWER_3F,5,5
TILESET_TOWER,12:13:28:29,114,classified_ground,15,10,ECRUTEAK_TIN_TOWER_ENTRANCE,17,3
TILESET_TOWER,14:15:30:31,114,classified_ground,14,10,ECRUTEAK_TIN_TOWER_ENTRANCE,5,3
TILESET_TOWER,17:17:33:33,7,generic_wall_review,366,16,BURNED_TOWER_1F,3,0
TILESET_TOWER,17:17:64:32,7,generic_wall_review,57,10,BURNED_TOWER_1F,6,4
TILESET_TOWER,17:72:33:88,7,generic_wall_review,1,1,SPROUT_TOWER_3F,9,0
TILESET_TOWER,18:19:54:55,7,generic_wall_review,33,11,BURNED_TOWER_1F,2,1
TILESET_TOWER,1:1:1:1,0,classified_ground,30,1,ECRUTEAK_GYM,5,4
TILESET_TOWER,1:1:1:1,7,generic_wall_review,1412,15,BURNED_TOWER_1F,0,0
TILESET_TOWER,1:1:1:1,96,classified_ground,30,1,ECRUTEAK_GYM,2,4
TILESET_TOWER,1:44:78:79,7,generic_wall_review,12,12,SPROUT_TOWER_1F,10,7
TILESET_TOWER,22:36:22:36,7,generic_wall_review,54,1,TIN_TOWER_ROOF,2,0
TILESET_TOWER,22:6:22:6,7,generic_wall_review,54,1,TIN_TOWER_ROOF,3,0
TILESET_TOWER,26:27:26:27,7,generic_wall_review,154,10,SPROUT_TOWER_2F,8,5
TILESET_TOWER,26:27:27:27,7,generic_wall_review,20,5,TIN_TOWER_3F,17,7
TILESET_TOWER,27:11:27:27,7,generic_wall_review,44,6,TIN_TOWER_3F,4,3
TILESET_TOWER,27:27:27:27,7,generic_wall_review,558,10,SPROUT_TOWER_2F,9,5
TILESET_TOWER,27:70:27:86,7,generic_wall_review,46,6,TIN_TOWER_3F,4,2
TILESET_TOWER,2:2:2:2,0,classified_ground,1829,18,BURNED_TOWER_1F,3,1
TILESET_TOWER,2:2:2:2,160,classified_ledge,32,7,TIN_TOWER_3F,4,4
TILESET_TOWER,2:2:2:2,161,classified_ledge,44,6,TIN_TOWER_3F,5,2
TILESET_TOWER,2:2:2:2,163,classified_ledge,36,5,TIN_TOWER_3F,16,6
TILESET_TOWER,2:2:2:2,164,classified_ledge,2,1,TIN_TOWER_5F,10,0
TILESET_TOWER,2:2:2:2,165,classified_ledge,2,1,TIN_TOWER_5F,5,2
TILESET_TOWER,34:35:50:51,7,generic_wall_review,35,12,BURNED_TOWER_1F,2,0
TILESET_TOWER,37:53:37:53,7,generic_wall_review,54,1,TIN_TOWER_ROOF,10,0
TILESET_TOWER,38:39:54:55,7,generic_wall_review,2,1,PEWTER_GYM,2,11
TILESET_TOWER,3:3:11:11,7,generic_wall_review,40,5,TIN_TOWER_3F,16,7
TILESET_TOWER,40:41:56:57,7,generic_wall_review,4,2,CIANWOOD_GYM,3,14
TILESET_TOWER,42:43:58:59,7,generic_wall_review,4,2,CIANWOOD_GYM,3,15
TILESET_TOWER,45:46:61:62,7,generic_wall_review,12,12,SPROUT_TOWER_1F,9,6
TILESET_TOWER,46:47:62:63,7,generic_wall_review,12,12,SPROUT_TOWER_1F,10,6
TILESET_TOWER,4:5:20:21,7,generic_wall_review,127,3,BURNED_TOWER_1F,6,0
TILESET_TOWER,52:53:52:53,7,generic_wall_review,54,1,TIN_TOWER_ROOF,11,0
TILESET_TOWER,60:62:77:78,7,generic_wall_review,12,12,SPROUT_TOWER_1F,9,7
TILESET_TOWER,65:49:65:49,7,generic_wall_review,216,10,BURNED_TOWER_1F,6,5
TILESET_TOWER,66:67:90:91,7,generic_wall_review,2,1,SPROUT_TOWER_3F,8,0
TILESET_TOWER,68:69:84:85,114,classified_ground,1,1,BURNED_TOWER_1F,7,15
TILESET_TOWER,71:26:87:26,7,generic_wall_review,34,7,TIN_TOWER_3F,5,4
TILESET_TOWER,73:17:89:33,7,generic_wall_review,1,1,SPROUT_TOWER_3F,10,0
TILESET_TOWER,74:75:90:91,7,generic_wall_review,5,3,SPROUT_TOWER_1F,7,14
TILESET_TOWER,76:92:54:55,7,generic_wall_review,7,3,SPROUT_TOWER_1F,7,15
TILESET_TOWER,77:78:93:94,7,generic_wall_review,12,12,SPROUT_TOWER_1F,9,8
TILESET_TOWER,78:79:94:95,7,generic_wall_review,12,12,SPROUT_TOWER_1F,10,8
TILESET_TOWER,7:8:23:24,112,classified_ground,7,7,BURNED_TOWER_1F,9,15
TILESET_TOWER,7:9:23:25,124,classified_ground,16,3,TIN_TOWER_7F,8,3
TILESET_TOWER,80:80:80:80,0,classified_ground,12,1,TIN_TOWER_6F,4,1
TILESET_TOWER,80:81:80:81,7,generic_wall_review,16,1,TIN_TOWER_ROOF,8,0
TILESET_TOWER,80:81:82:83,7,generic_wall_review,2,1,TIN_TOWER_ROOF,8,4
TILESET_TOWER,8:9:24:25,112,classified_ground,7,7,BURNED_TOWER_1F,10,15
TILESET_TOWER,94:94:1:1,7,generic_wall_review,12,1,TIN_TOWER_6F,4,3
TILESET_TOWER,94:94:1:1,96,classified_ground,1,1,BURNED_TOWER_1F,10,9
TILESET_TRADITIONAL_HOUSE,10:11:26:27,148,generic_wall_review,7,7,ECRUTEAK_ITEMFINDER_HOUSE,2,1
TILESET_TRADITIONAL_HOUSE,16:16:14:14,0,classified_ground,7,6,DANCE_THEATER,2,12
TILESET_TRADITIONAL_HOUSE,16:16:14:1,0,classified_ground,1,1,DANCE_THEATER,8,12
TILESET_TRADITIONAL_HOUSE,16:16:1:14,0,classified_ground,1,1,DANCE_THEATER,9,12
TILESET_TRADITIONAL_HOUSE,16:16:1:1,0,classified_ground,55,8,DANCE_THEATER,0,12
TILESET_TRADITIONAL_HOUSE,17:17:17:17,7,generic_wall_review,52,9,ECRUTEAK_ITEMFINDER_HOUSE,2,0
TILESET_TRADITIONAL_HOUSE,17:17:35:36,7,generic_wall_review,12,7,ECRUTEAK_ITEMFINDER_HOUSE,1,0
TILESET_TRADITIONAL_HOUSE,1:1:1:1,0,classified_ground,128,9,DANCE_THEATER,0,13
TILESET_TRADITIONAL_HOUSE,21:50:81:81,7,generic_wall_review,1,1,KURTS_HOUSE,13,2
TILESET_TRADITIONAL_HOUSE,21:67:50:52,7,generic_wall_review,5,5,ECRUTEAK_ITEMFINDER_HOUSE,4,4
TILESET_TRADITIONAL_HOUSE,29:67:81:38,7,generic_wall_review,1,1,KURTS_HOUSE,15,2
TILESET_TRADITIONAL_HOUSE,2:3:18:19,0,classified_ground,26,8,DANCE_THEATER,1,6
TILESET_TRADITIONAL_HOUSE,33:39:49:55,150,modeled_prop,6,2,MAHOGANY_MART_1F,0,5
TILESET_TRADITIONAL_HOUSE,34:34:13:50,7,generic_wall_review,1,1,KURTS_HOUSE,14,1
TILESET_TRADITIONAL_HOUSE,34:34:50:12,7,generic_wall_review,1,1,KURTS_HOUSE,13,1
TILESET_TRADITIONAL_HOUSE,34:36:21:67,7,generic_wall_review,5,5,ECRUTEAK_ITEMFINDER_HOUSE,4,3
TILESET_TRADITIONAL_HOUSE,34:36:50:52,7,generic_wall_review,1,1,KURTS_HOUSE,1,1
TILESET_TRADITIONAL_HOUSE,34:36:7:52,7,generic_wall_review,1,1,KURTS_HOUSE,15,1
TILESET_TRADITIONAL_HOUSE,35:34:51:50,7,generic_wall_review,2,1,KURTS_HOUSE,0,1
TILESET_TRADITIONAL_HOUSE,35:34:66:21,7,generic_wall_review,5,5,ECRUTEAK_ITEMFINDER_HOUSE,3,3
TILESET_TRADITIONAL_HOUSE,35:36:30:31,7,generic_wall_review,5,5,ECRUTEAK_ITEMFINDER_HOUSE,7,0
TILESET_TRADITIONAL_HOUSE,35:36:41:42,7,generic_wall_review,7,7,ECRUTEAK_ITEMFINDER_HOUSE,0,0
TILESET_TRADITIONAL_HOUSE,35:36:51:52,7,generic_wall_review,1,1,KURTS_HOUSE,0,2
TILESET_TRADITIONAL_HOUSE,35:36:62:63,7,modeled_prop,2,1,KURTS_HOUSE,2,0
TILESET_TRADITIONAL_HOUSE,35:36:66:67,144,classified_counter,2,2,MAHOGANY_MART_1F,2,2
TILESET_TRADITIONAL_HOUSE,37:38:85:86,0,classified_ground,2,1,KURTS_HOUSE,0,3
TILESET_TRADITIONAL_HOUSE,37:81:84:85,0,classified_ground,6,6,DANCE_THEATER,5,7
TILESET_TRADITIONAL_HOUSE,39:40:55:56,150,modeled_prop,6,2,MAHOGANY_MART_1F,1,5
TILESET_TRADITIONAL_HOUSE,43:44:59:60,7,generic_wall_review,1,1,DANCE_THEATER,5,6
TILESET_TRADITIONAL_HOUSE,45:75:61:91,7,generic_wall_review,1,1,DANCE_THEATER,6,6
TILESET_TRADITIONAL_HOUSE,46:47:24:25,7,generic_wall_review,5,5,ECRUTEAK_ITEMFINDER_HOUSE,7,1
TILESET_TRADITIONAL_HOUSE,4:4:20:20,112,classified_ground,18,9,DANCE_THEATER,5,13
TILESET_TRADITIONAL_HOUSE,4:4:54:54,126,classified_ground,1,1,WISE_TRIOS_ROOM,7,4
TILESET_TRADITIONAL_HOUSE,50:28:81:81,7,generic_wall_review,1,1,KURTS_HOUSE,14,2
TILESET_TRADITIONAL_HOUSE,51:52:51:52,7,generic_wall_review,2,1,KURTS_HOUSE,12,3
TILESET_TRADITIONAL_HOUSE,54:54:20:20,126,classified_ground,1,1,WISE_TRIOS_ROOM,7,5
TILESET_TRADITIONAL_HOUSE,57:58:82:83,159,generic_wall_review,7,7,ECRUTEAK_ITEMFINDER_HOUSE,0,1
TILESET_TRADITIONAL_HOUSE,62:63:24:25,145,generic_wall_review,7,7,ECRUTEAK_ITEMFINDER_HOUSE,1,1
TILESET_TRADITIONAL_HOUSE,62:63:24:25,145,modeled_prop,2,1,KURTS_HOUSE,2,1
TILESET_TRADITIONAL_HOUSE,64:64:65:65,7,generic_wall_review,16,2,ROUTE_39_BARN,0,5
TILESET_TRADITIONAL_HOUSE,66:21:35:36,7,generic_wall_review,1,1,KURTS_HOUSE,12,2
TILESET_TRADITIONAL_HOUSE,66:21:51:50,7,generic_wall_review,5,5,ECRUTEAK_ITEMFINDER_HOUSE,3,4
TILESET_TRADITIONAL_HOUSE,66:67:51:52,144,classified_counter,2,2,MAHOGANY_MART_1F,2,3
TILESET_TRADITIONAL_HOUSE,68:69:84:85,0,classified_ground,126,8,DANCE_THEATER,1,5
TILESET_TRADITIONAL_HOUSE,69:70:85:86,0,classified_ground,111,8,DANCE_THEATER,0,5
TILESET_TRADITIONAL_HOUSE,6:7:22:23,7,modeled_prop,6,2,MAHOGANY_MART_1F,0,4
TILESET_TRADITIONAL_HOUSE,71:72:87:88,7,modeled_prop,1,1,KURTS_HOUSE,8,0
TILESET_TRADITIONAL_HOUSE,73:74:89:90,7,modeled_prop,1,1,KURTS_HOUSE,9,0
TILESET_TRADITIONAL_HOUSE,76:77:92:93,114,classified_ground,1,1,WISE_TRIOS_ROOM,1,4
TILESET_TRADITIONAL_HOUSE,78:79:94:94,7,generic_wall_review,12,1,DANCE_THEATER,0,0
TILESET_TRADITIONAL_HOUSE,7:32:23:48,7,modeled_prop,6,2,MAHOGANY_MART_1F,1,4
TILESET_TRADITIONAL_HOUSE,80:80:15:15,7,generic_wall_review,10,1,DANCE_THEATER,0,4
TILESET_TRADITIONAL_HOUSE,80:80:80:80,0,classified_ground,89,8,DANCE_THEATER,0,1
TILESET_TRADITIONAL_HOUSE,80:80:80:80,163,classified_ledge,12,1,DANCE_THEATER,0,3
TILESET_TRADITIONAL_HOUSE,80:80:95:95,0,classified_ground,2,1,DANCE_THEATER,1,4
TILESET_TRADITIONAL_HOUSE,81:38:85:86,0,classified_ground,7,6,DANCE_THEATER,6,7
TILESET_TRADITIONAL_HOUSE,8:9:82:83,7,generic_wall_review,5,5,ECRUTEAK_ITEMFINDER_HOUSE,6,1
TILESET_TRAIN_STATION,10:10:26:26,7,generic_wall_review,8,2,GOLDENROD_MAGNET_TRAIN_STATION,6,4
TILESET_TRAIN_STATION,10:11:26:27,7,generic_wall_review,2,2,GOLDENROD_MAGNET_TRAIN_STATION,12,4
TILESET_TRAIN_STATION,10:9:26:25,7,generic_wall_review,2,2,GOLDENROD_MAGNET_TRAIN_STATION,10,4
TILESET_TRAIN_STATION,12:31:28:29,7,generic_wall_review,2,2,GOLDENROD_MAGNET_TRAIN_STATION,13,4
TILESET_TRAIN_STATION,14:14:30:30,112,classified_ground,10,5,CELADON_GYM,4,17
TILESET_TRAIN_STATION,16:1:90:91,7,generic_wall_review,8,1,FIGHTING_DOJO,2,1
TILESET_TRAIN_STATION,17:17:17:17,7,generic_wall_review,20,2,GOLDENROD_MAGNET_TRAIN_STATION,0,5
TILESET_TRAIN_STATION,18:19:18:19,7,generic_wall_review,12,1,VIRIDIAN_GYM,2,1
TILESET_TRAIN_STATION,2:3:18:19,7,generic_wall_review,40,1,VIRIDIAN_GYM,0,0
TILESET_TRAIN_STATION,2:3:2:33,7,generic_wall_review,2,1,VIRIDIAN_GYM,0,8
TILESET_TRAIN_STATION,2:3:2:3,7,generic_wall_review,30,1,VIRIDIAN_GYM,2,0
TILESET_TRAIN_STATION,2:3:33:3,7,generic_wall_review,2,1,VIRIDIAN_GYM,1,8
TILESET_TRAIN_STATION,31:31:49:49,7,generic_wall_review,20,2,GOLDENROD_MAGNET_TRAIN_STATION,0,4
TILESET_TRAIN_STATION,31:5:20:21,7,generic_wall_review,2,2,GOLDENROD_MAGNET_TRAIN_STATION,4,4
TILESET_TRAIN_STATION,36:37:32:31,7,generic_wall_review,2,2,GOLDENROD_MAGNET_TRAIN_STATION,4,5
TILESET_TRAIN_STATION,38:39:46:31,7,generic_wall_review,2,2,GOLDENROD_MAGNET_TRAIN_STATION,5,5
TILESET_TRAIN_STATION,40:40:31:31,7,generic_wall_review,4,2,GOLDENROD_MAGNET_TRAIN_STATION,8,5
TILESET_TRAIN_STATION,41:39:46:31,7,generic_wall_review,2,2,GOLDENROD_MAGNET_TRAIN_STATION,7,5
TILESET_TRAIN_STATION,42:41:31:46,7,generic_wall_review,2,2,GOLDENROD_MAGNET_TRAIN_STATION,10,5
TILESET_TRAIN_STATION,42:43:31:46,7,generic_wall_review,2,2,GOLDENROD_MAGNET_TRAIN_STATION,12,5
TILESET_TRAIN_STATION,44:45:31:15,7,generic_wall_review,2,2,GOLDENROD_MAGNET_TRAIN_STATION,13,5
TILESET_TRAIN_STATION,48:48:48:48,7,generic_wall_review,76,4,CELADON_GYM,0,0
TILESET_TRAIN_STATION,49:49:49:49,7,generic_wall_review,160,2,GOLDENROD_MAGNET_TRAIN_STATION,0,10
TILESET_TRAIN_STATION,50:50:51:51,0,classified_ground,40,2,GOLDENROD_MAGNET_TRAIN_STATION,0,6
TILESET_TRAIN_STATION,53:54:55:56,7,generic_wall_review,4,2,GOLDENROD_MAGNET_TRAIN_STATION,8,8
TILESET_TRAIN_STATION,55:56:55:56,7,generic_wall_review,20,2,GOLDENROD_MAGNET_TRAIN_STATION,0,0
TILESET_TRAIN_STATION,57:58:59:60,7,generic_wall_review,4,2,GOLDENROD_MAGNET_TRAIN_STATION,8,9
TILESET_TRAIN_STATION,61:61:2:3,7,generic_wall_review,6,1,VIRIDIAN_GYM,0,4
TILESET_TRAIN_STATION,61:61:61:61,0,classified_ground,200,3,GOLDENROD_MAGNET_TRAIN_STATION,8,10
TILESET_TRAIN_STATION,62:62:51:51,0,classified_ground,40,2,GOLDENROD_MAGNET_TRAIN_STATION,0,3
TILESET_TRAIN_STATION,62:62:62:62,0,classified_ground,118,2,GOLDENROD_MAGNET_TRAIN_STATION,0,2
TILESET_TRAIN_STATION,64:65:66:67,178,modeled_prop,18,2,GOLDENROD_MAGNET_TRAIN_STATION,4,10
TILESET_TRAIN_STATION,68:128:69:129,7,generic_wall_review,3,1,GOLDENROD_MAGNET_TRAIN_STATION,13,10
TILESET_TRAIN_STATION,6:10:22:26,7,generic_wall_review,2,2,GOLDENROD_MAGNET_TRAIN_STATION,5,4
TILESET_TRAIN_STATION,70:130:71:131,7,generic_wall_review,1,1,GOLDENROD_MAGNET_TRAIN_STATION,13,13
TILESET_TRAIN_STATION,72:73:88:89,7,generic_wall_review,8,1,FIGHTING_DOJO,2,0
TILESET_TRAIN_STATION,72:73:88:89,7,modeled_prop,4,2,CELADON_GYM,3,14
TILESET_TRAIN_STATION,74:75:90:91,7,modeled_prop,4,2,CELADON_GYM,3,15
TILESET_TRAIN_STATION,76:77:92:93,7,generic_wall_review,10,1,CELADON_GYM,0,1
TILESET_TRAIN_STATION,76:77:92:93,7,modeled_prop,32,1,CELADON_GYM,0,6
TILESET_TRAIN_STATION,78:79:94:95,7,generic_wall_review,2,1,FIGHTING_DOJO,4,0
TILESET_TRAIN_STATION,7:47:23:0,113,classified_ground,4,2,GOLDENROD_MAGNET_TRAIN_STATION,6,5
TILESET_TRAIN_STATION,80:81:82:83,7,generic_wall_review,1,1,SAFFRON_MAGNET_TRAIN_STATION,6,16
TILESET_TRAIN_STATION,80:81:82:83,7,modeled_prop,16,3,CELADON_GYM,0,2
TILESET_TRAIN_STATION,80:81:84:85,7,generic_wall_review,12,2,CELADON_GYM,2,2
TILESET_TRAIN_STATION,82:83:84:85,7,modeled_prop,16,3,CELADON_GYM,0,3
TILESET_TRAIN_STATION,84:85:61:61,0,classified_ground,1,1,SAFFRON_MAGNET_TRAIN_STATION,6,17
TILESET_TRAIN_STATION,86:86:86:86,0,classified_ground,148,2,CELADON_GYM,4,8
TILESET_TRAIN_STATION,87:87:87:87,0,classified_ground,38,1,CELADON_GYM,2,3
TILESET_TRAIN_STATION,8:8:24:24,7,generic_wall_review,34,2,GOLDENROD_MAGNET_TRAIN_STATION,0,9
TILESET_TRAIN_STATION,9:10:25:26,7,generic_wall_review,2,2,GOLDENROD_MAGNET_TRAIN_STATION,7,4
TILESET_UNDERGROUND,12:13:12:13,7,generic_wall_review,300,7,GOLDENROD_DEPT_STORE_B1F,0,1
TILESET_UNDERGROUND,16:16:16:16,0,classified_ground,1160,7,GOLDENROD_DEPT_STORE_B1F,1,1
TILESET_UNDERGROUND,1:1:1:1,7,generic_wall_review,456,4,GOLDENROD_DEPT_STORE_B1F,8,1
TILESET_UNDERGROUND,26:27:28:29,145,generic_wall_review,2,1,TEAM_ROCKET_BASE_B1F,20,11
TILESET_UNDERGROUND,2:2:18:18,112,classified_ground,4,2,GOLDENROD_UNDERGROUND_WAREHOUSE,2,12
TILESET_UNDERGROUND,2:2:18:18,120,classified_ground,6,3,GOLDENROD_DEPT_STORE_B1F,9,4
TILESET_UNDERGROUND,30:31:46:47,7,generic_wall_review,6,3,OLIVINE_PORT_PASSAGE,14,2
TILESET_UNDERGROUND,34:35:50:51,124,classified_ground,31,2,SAFFRON_GYM,1,3
TILESET_UNDERGROUND,3:4:19:20,7,generic_wall_review,22,7,GOLDENROD_DEPT_STORE_B1F,1,0
TILESET_UNDERGROUND,3:5:12:13,7,generic_wall_review,43,7,GOLDENROD_DEPT_STORE_B1F,0,0
TILESET_UNDERGROUND,3:5:19:21,7,generic_wall_review,29,6,GOLDENROD_DEPT_STORE_B1F,12,7
TILESET_UNDERGROUND,3:5:3:5,7,generic_wall_review,2,1,GOLDENROD_DEPT_STORE_B1F,16,4
TILESET_UNDERGROUND,40:41:56:57,0,classified_ground,1,1,TEAM_ROCKET_BASE_B1F,18,12
TILESET_UNDERGROUND,42:43:58:59,114,classified_ground,8,5,GOLDENROD_UNDERGROUND_WAREHOUSE,17,2
TILESET_UNDERGROUND,44:45:60:61,114,classified_ground,4,4,GOLDENROD_DEPT_STORE_B1F,17,2
TILESET_UNDERGROUND,4:4:20:20,7,generic_wall_review,268,7,GOLDENROD_DEPT_STORE_B1F,2,0
TILESET_UNDERGROUND,4:4:64:65,7,generic_wall_review,1,1,TEAM_ROCKET_BASE_B1F,18,10
TILESET_UNDERGROUND,4:4:78:79,7,generic_wall_review,1,1,TEAM_ROCKET_BASE_B1F,19,10
TILESET_UNDERGROUND,4:5:20:21,7,generic_wall_review,26,7,GOLDENROD_DEPT_STORE_B1F,6,0
TILESET_UNDERGROUND,52:52:52:52,0,classified_ground,20,1,TEAM_ROCKET_BASE_B1F,1,7
TILESET_UNDERGROUND,62:63:16:16,7,generic_wall_review,6,3,OLIVINE_PORT_PASSAGE,14,3
TILESET_UNDERGROUND,64:66:26:27,7,generic_wall_review,2,1,TEAM_ROCKET_BASE_B1F,20,10
TILESET_UNDERGROUND,67:68:83:84,7,generic_wall_review,96,3,GOLDENROD_DEPT_STORE_B1F,4,2
TILESET_UNDERGROUND,69:70:85:86,7,generic_wall_review,5,1,TEAM_ROCKET_BASE_B1F,6,0
TILESET_UNDERGROUND,7:8:23:24,7,generic_wall_review,1,1,SAFFRON_GYM,8,14
TILESET_UNDERGROUND,80:93:38:39,7,generic_wall_review,1,1,TEAM_ROCKET_BASE_B1F,18,11
TILESET_UNDERGROUND,94:95:54:55,7,generic_wall_review,1,1,TEAM_ROCKET_BASE_B1F,19,11
TILESET_UNDERGROUND,9:25:48:49,7,generic_wall_review,6,2,SAFFRON_GYM,8,15
