pair,metatile,kind,treatment,cells,maps,example_map,x,y
building__rom_082d4bcc,000,flat,native_fallback,252,12,FR_CERULEAN_CITY_MART,7,9
building__rom_082d4bcc,01A,flat,native_fallback,12,12,FR_CERULEAN_CITY_MART,3,8
building__rom_082d4bcc,01B,flat,native_fallback,12,12,FR_CERULEAN_CITY_MART,4,8
building__rom_082d4bcc,01C,flat,native_fallback,12,12,FR_CERULEAN_CITY_MART,5,8
building__rom_082d4bcc,281,flat,native_fallback,132,12,FR_CERULEAN_CITY_MART,5,3
building__rom_082d4bcc,282,flat,native_fallback,24,12,FR_CERULEAN_CITY_MART,0,5
building__rom_082d4bcc,283,flat,native_fallback,12,12,FR_CERULEAN_CITY_MART,4,2
building__rom_082d4bcc,284,flat,native_fallback,72,12,FR_CERULEAN_CITY_MART,5,2
building__rom_082d4bcc,285,flat,native_fallback,24,12,FR_CERULEAN_CITY_MART,3,0
building__rom_082d4bcc,286,flat,native_fallback,12,12,FR_CERULEAN_CITY_MART,2,0
building__rom_082d4bcc,287,flat,native_fallback,36,12,FR_CERULEAN_CITY_MART,6,0
building__rom_082d4bcc,28A,flat,native_fallback,24,12,FR_CERULEAN_CITY_MART,1,7
building__rom_082d4bcc,28B,flat,native_fallback,72,12,FR_CERULEAN_CITY_MART,3,6
building__rom_082d4bcc,28C,flat,native_fallback,24,12,FR_CERULEAN_CITY_MART,4,5
building__rom_082d4bcc,28E,flat,native_fallback,12,12,FR_CERULEAN_CITY_MART,2,1
building__rom_082d4bcc,28F,flat,native_fallback,36,12,FR_CERULEAN_CITY_MART,5,1
building__rom_082d4bcc,290,flat,native_fallback,12,12,FR_CERULEAN_CITY_MART,0,0
building__rom_082d4bcc,291,flat,native_fallback,12,12,FR_CERULEAN_CITY_MART,10,0
building__rom_082d4bcc,292,flat,native_fallback,12,12,FR_CERULEAN_CITY_MART,7,0
building__rom_082d4bcc,293,flat,native_fallback,12,12,FR_CERULEAN_CITY_MART,8,0
building__rom_082d4bcc,294,flat,native_fallback,12,12,FR_CERULEAN_CITY_MART,9,0
building__rom_082d4bcc,295,flat,native_fallback,12,12,FR_CERULEAN_CITY_MART,3,1
building__rom_082d4bcc,296,flat,native_fallback,24,12,FR_CERULEAN_CITY_MART,7,3
building__rom_082d4bcc,297,flat,native_fallback,12,12,FR_CERULEAN_CITY_MART,8,3
building__rom_082d4bcc,298,flat,native_fallback,12,12,FR_CERULEAN_CITY_MART,0,1
building__rom_082d4bcc,299,flat,native_fallback,12,12,FR_CERULEAN_CITY_MART,10,1
building__rom_082d4bcc,29A,flat,native_fallback,12,12,FR_CERULEAN_CITY_MART,7,1
building__rom_082d4bcc,29B,flat,native_fallback,12,12,FR_CERULEAN_CITY_MART,8,1
building__rom_082d4bcc,29C,flat,native_fallback,12,12,FR_CERULEAN_CITY_MART,9,1
building__rom_082d4bcc,29D,flat,native_fallback,12,12,FR_CERULEAN_CITY_MART,3,2
building__rom_082d4bcc,29E,flat,native_fallback,24,12,FR_CERULEAN_CITY_MART,10,4
building__rom_082d4bcc,29F,flat,native_fallback,12,12,FR_CERULEAN_CITY_MART,8,4
building__rom_082d4bcc,2A0,flat,native_fallback,12,12,FR_CERULEAN_CITY_MART,0,2
building__rom_082d4bcc,2A1,flat,native_fallback,12,12,FR_CERULEAN_CITY_MART,10,2
building__rom_082d4bcc,2A2,flat,native_fallback,12,12,FR_CERULEAN_CITY_MART,7,2
building__rom_082d4bcc,2A3,flat,native_fallback,12,12,FR_CERULEAN_CITY_MART,8,2
building__rom_082d4bcc,2A4,flat,native_fallback,12,12,FR_CERULEAN_CITY_MART,9,2
building__rom_082d4bcc,2A5,flat,native_fallback,12,12,FR_CERULEAN_CITY_MART,3,3
building__rom_082d4bcc,2A6,flat,native_fallback,24,12,FR_CERULEAN_CITY_MART,10,5
building__rom_082d4bcc,2A7,flat,native_fallback,12,12,FR_CERULEAN_CITY_MART,8,5
building__rom_082d4bcc,2A8,flat,native_fallback,12,12,FR_CERULEAN_CITY_MART,0,3
building__rom_082d4bcc,2A9,flat,native_fallback,12,12,FR_CERULEAN_CITY_MART,1,3
building__rom_082d4bcc,2AA,flat,native_fallback,12,12,FR_CERULEAN_CITY_MART,2,3
building__rom_082d4bcc,2AD,flat,native_fallback,12,12,FR_CERULEAN_CITY_MART,3,4
building__rom_082d4bcc,2AE,flat,native_fallback,24,12,FR_CERULEAN_CITY_MART,10,6
building__rom_082d4bcc,2AF,flat,native_fallback,12,12,FR_CERULEAN_CITY_MART,8,6
building__rom_082d4bcc,2B0,flat,native_fallback,12,12,FR_CERULEAN_CITY_MART,0,4
building__rom_082d4bcc,2B1,flat,native_fallback,12,12,FR_CERULEAN_CITY_MART,1,4
building__rom_082d4bcc,2B2,flat,native_fallback,12,12,FR_CERULEAN_CITY_MART,2,4
building__rom_082d4bcc,2B5,flat,native_fallback,12,12,FR_CERULEAN_CITY_MART,1,1
building__rom_082d4bcc,2B6,flat,native_fallback,12,12,FR_CERULEAN_CITY_MART,1,2
building__rom_082d4bcc,2B7,flat,native_fallback,12,12,FR_CERULEAN_CITY_MART,1,5
building__rom_082d4bcc,2B8,flat,native_fallback,12,12,FR_CERULEAN_CITY_MART,3,7
building__rom_082d4bcc,2B9,flat,native_fallback,12,12,FR_CERULEAN_CITY_MART,4,7
building__rom_082d4bcc,2BA,flat,native_fallback,12,12,FR_CERULEAN_CITY_MART,5,7
building__rom_082d4bcc,2BC,flat,native_fallback,12,12,FR_CERULEAN_CITY_MART,2,5
building__rom_082d4bcc,2BD,flat,native_fallback,12,12,FR_CERULEAN_CITY_MART,0,7
building__rom_082d4bcc,2BE,flat,native_fallback,12,12,FR_CERULEAN_CITY_MART,10,7
building__rom_082d4bcc,2C1,flat,native_fallback,12,12,FR_CERULEAN_CITY_MART,1,6
building__rom_082d4bcc,2C2,flat,native_fallback,12,12,FR_CERULEAN_CITY_MART,2,6
building__rom_082d4bcc,008,flat,native_fallback,96,12,FR_CERULEAN_CITY_MART,7,8
building__rom_082d4c2c,000,flat,native_fallback,84,4,FR_FIVE_ISLAND_RESORT_GORGEOUS_HOUSE,7,9
building__rom_082d4c2c,09B,flat,native_fallback,1,1,FR_FUCHSIA_CITY_HOUSE2,6,0
building__rom_082d4c2c,0A3,flat,native_fallback,1,1,FR_FUCHSIA_CITY_HOUSE2,6,1
building__rom_082d4c2c,0A8,roomWall,native_fallback,4,1,FR_FUCHSIA_CITY_WARDENS_HOUSE,6,0
building__rom_082d4c2c,0AC,flat,native_fallback,1,1,FR_FUCHSIA_CITY_HOUSE2,0,0
building__rom_082d4c2c,0AD,flat,native_fallback,1,1,FR_FUCHSIA_CITY_HOUSE2,1,0
building__rom_082d4c2c,0AE,flat,native_fallback,1,1,FR_FUCHSIA_CITY_WARDENS_HOUSE,4,0
building__rom_082d4c2c,0B0,flat,native_fallback,4,1,FR_FUCHSIA_CITY_WARDENS_HOUSE,6,1
building__rom_082d4c2c,0B4,roomWall,native_fallback,1,1,FR_FUCHSIA_CITY_HOUSE2,0,1
building__rom_082d4c2c,0B5,roomWall,native_fallback,1,1,FR_FUCHSIA_CITY_HOUSE2,1,1
building__rom_082d4c2c,0B6,flat,native_fallback,1,1,FR_FUCHSIA_CITY_WARDENS_HOUSE,4,1
building__rom_082d4c2c,0B8,flat,native_fallback,2,1,FR_FUCHSIA_CITY_HOUSE2,7,0
building__rom_082d4c2c,0C0,roomWall,native_fallback,2,1,FR_FUCHSIA_CITY_HOUSE2,5,1
building__rom_082d4c2c,0C2,flat,native_fallback,2,1,FR_FUCHSIA_CITY_HOUSE2,9,0
building__rom_082d4c2c,0CA,flat,native_fallback,2,1,FR_FUCHSIA_CITY_HOUSE2,9,1
building__rom_082d4c2c,0DD,flat,native_fallback,2,1,FR_FUCHSIA_CITY_WARDENS_HOUSE,0,0
building__rom_082d4c2c,0DE,flat,native_fallback,2,1,FR_FUCHSIA_CITY_WARDENS_HOUSE,3,0
building__rom_082d4c2c,0E5,flat,native_fallback,2,1,FR_FUCHSIA_CITY_WARDENS_HOUSE,2,1
building__rom_082d4c2c,0E6,flat,native_fallback,2,1,FR_FUCHSIA_CITY_WARDENS_HOUSE,3,1
building__rom_082d4c2c,0F0,flat,native_fallback,2,1,FR_FUCHSIA_CITY_WARDENS_HOUSE,11,0
building__rom_082d4c2c,0F1,flat,native_fallback,2,1,FR_FUCHSIA_CITY_WARDENS_HOUSE,9,0
building__rom_082d4c2c,0F8,flat,native_fallback,2,1,FR_FUCHSIA_CITY_WARDENS_HOUSE,11,1
building__rom_082d4c2c,0F9,flat,native_fallback,2,1,FR_FUCHSIA_CITY_WARDENS_HOUSE,12,1
building__rom_082d4c2c,102,flat,native_fallback,2,1,FR_FIVE_ISLAND_RESORT_GORGEOUS_HOUSE,0,4
building__rom_082d4c2c,103,flat,native_fallback,2,1,FR_FIVE_ISLAND_RESORT_GORGEOUS_HOUSE,0,5
building__rom_082d4c2c,106,flat,native_fallback,1,1,FR_FUCHSIA_CITY_WARDENS_HOUSE,11,5
building__rom_082d4c2c,107,flat,native_fallback,1,1,FR_FUCHSIA_CITY_WARDENS_HOUSE,11,6
building__rom_082d4c2c,109,roomWall,native_fallback,91,3,FR_FIVE_ISLAND_RESORT_GORGEOUS_HOUSE,9,3
building__rom_082d4c2c,01A,flat,native_fallback,5,4,FR_FIVE_ISLAND_RESORT_GORGEOUS_HOUSE,3,8
building__rom_082d4c2c,111,roomWall,native_fallback,26,3,FR_FIVE_ISLAND_RESORT_GORGEOUS_HOUSE,5,2
building__rom_082d4c2c,112,flat,native_fallback,2,1,FR_FUCHSIA_CITY_WARDENS_HOUSE,12,6
building__rom_082d4c2c,01B,flat,native_fallback,5,4,FR_FIVE_ISLAND_RESORT_GORGEOUS_HOUSE,4,8
building__rom_082d4c2c,11C,flat,native_fallback,1,1,FR_FUCHSIA_CITY_HOUSE2,0,2
building__rom_082d4c2c,11D,flat,native_fallback,1,1,FR_FUCHSIA_CITY_HOUSE2,1,2
building__rom_082d4c2c,11E,flat,native_fallback,1,1,FR_FUCHSIA_CITY_WARDENS_HOUSE,4,2
building__rom_082d4c2c,01C,flat,native_fallback,5,4,FR_FIVE_ISLAND_RESORT_GORGEOUS_HOUSE,5,8
building__rom_082d4c2c,123,flat,native_fallback,3,3,FR_FIVE_ISLAND_RESORT_GORGEOUS_HOUSE,3,3
building__rom_082d4c2c,124,flat,native_fallback,7,2,FR_FIVE_ISLAND_RESORT_GORGEOUS_HOUSE,5,3
building__rom_082d4c2c,125,flat,native_fallback,3,3,FR_FIVE_ISLAND_RESORT_GORGEOUS_HOUSE,8,3
building__rom_082d4c2c,126,flat,native_fallback,3,2,FR_FIVE_ISLAND_RESORT_GORGEOUS_HOUSE,4,4
building__rom_082d4c2c,127,flat,native_fallback,2,1,FR_FIVE_ISLAND_RESORT_GORGEOUS_HOUSE,7,4
building__rom_082d4c2c,128,flat,native_fallback,1,1,FR_FUCHSIA_CITY_HOUSE2,7,5
building__rom_082d4c2c,129,flat,native_fallback,1,1,FR_FUCHSIA_CITY_HOUSE2,8,5
building__rom_082d4c2c,12B,flat,native_fallback,4,2,FR_FIVE_ISLAND_RESORT_GORGEOUS_HOUSE,3,4
building__rom_082d4c2c,12C,flat,native_fallback,1,1,FR_FUCHSIA_CITY_HOUSE2,6,6
building__rom_082d4c2c,12D,flat,native_fallback,4,2,FR_FIVE_ISLAND_RESORT_GORGEOUS_HOUSE,8,4
building__rom_082d4c2c,12E,flat,native_fallback,6,1,FR_FIVE_ISLAND_RESORT_GORGEOUS_HOUSE,9,4
building__rom_082d4c2c,130,flat,native_fallback,1,1,FR_FUCHSIA_CITY_HOUSE2,7,6
building__rom_082d4c2c,131,flat,native_fallback,1,1,FR_FUCHSIA_CITY_HOUSE2,8,6
building__rom_082d4c2c,132,flat,native_fallback,2,1,FR_FUCHSIA_CITY_HOUSE2,8,2
building__rom_082d4c2c,133,flat,native_fallback,3,3,FR_FIVE_ISLAND_RESORT_GORGEOUS_HOUSE,3,6
building__rom_082d4c2c,134,flat,native_fallback,7,2,FR_FIVE_ISLAND_RESORT_GORGEOUS_HOUSE,6,6
building__rom_082d4c2c,135,flat,native_fallback,3,3,FR_FIVE_ISLAND_RESORT_GORGEOUS_HOUSE,8,6
building__rom_082d4c2c,136,flat,native_fallback,6,1,FR_FIVE_ISLAND_RESORT_GORGEOUS_HOUSE,9,5
building__rom_082d4c2c,13F,flat,native_fallback,3,3,FR_FIVE_ISLAND_RESORT_GORGEOUS_HOUSE,3,7
building__rom_082d4c2c,147,flat,native_fallback,3,3,FR_FIVE_ISLAND_RESORT_GORGEOUS_HOUSE,4,7
building__rom_082d4c2c,14D,flat,native_fallback,3,2,FR_FIVE_ISLAND_RESORT_GORGEOUS_HOUSE,8,2
building__rom_082d4c2c,14E,flat,native_fallback,3,2,FR_FIVE_ISLAND_RESORT_GORGEOUS_HOUSE,9,2
building__rom_082d4c2c,14F,flat,native_fallback,3,3,FR_FIVE_ISLAND_RESORT_GORGEOUS_HOUSE,5,7
building__rom_082d4c2c,155,flat,native_fallback,1,1,FR_FUCHSIA_CITY_WARDENS_HOUSE,12,8
building__rom_082d4c2c,156,flat,native_fallback,3,2,FR_FUCHSIA_CITY_HOUSE2,0,6
building__rom_082d4c2c,15D,flat,native_fallback,1,1,FR_FUCHSIA_CITY_WARDENS_HOUSE,12,9
building__rom_082d4c2c,15E,flat,native_fallback,3,2,FR_FUCHSIA_CITY_HOUSE2,0,7
building__rom_082d4c2c,162,flat,native_fallback,1,1,FR_FUCHSIA_CITY_HOUSE2,2,0
building__rom_082d4c2c,163,flat,native_fallback,1,1,FR_FUCHSIA_CITY_HOUSE2,3,0
building__rom_082d4c2c,164,flat,native_fallback,1,1,FR_FUCHSIA_CITY_HOUSE2,4,0
building__rom_082d4c2c,166,flat,native_fallback,1,1,FR_FUCHSIA_CITY_WARDENS_HOUSE,1,4
building__rom_082d4c2c,16A,flat,native_fallback,1,1,FR_FUCHSIA_CITY_HOUSE2,2,1
building__rom_082d4c2c,16B,flat,native_fallback,1,1,FR_FUCHSIA_CITY_HOUSE2,3,1
building__rom_082d4c2c,16C,flat,native_fallback,1,1,FR_FUCHSIA_CITY_HOUSE2,4,1
building__rom_082d4c2c,16E,flat,native_fallback,1,1,FR_FUCHSIA_CITY_WARDENS_HOUSE,1,5
building__rom_082d4c2c,172,flat,native_fallback,1,1,FR_FUCHSIA_CITY_WARDENS_HOUSE,0,4
building__rom_082d4c2c,173,flat,native_fallback,1,1,FR_FUCHSIA_CITY_WARDENS_HOUSE,0,6
building__rom_082d4c2c,17A,flat,native_fallback,1,1,FR_FUCHSIA_CITY_WARDENS_HOUSE,0,5
building__rom_082d4c2c,033,flat,native_fallback,1,1,FR_FIVE_ISLAND_RESORT_GORGEOUS_HOUSE,8,1
building__rom_082d4c2c,034,flat,native_fallback,1,1,FR_FIVE_ISLAND_RESORT_GORGEOUS_HOUSE,9,1
building__rom_082d4c2c,281,flat,native_fallback,179,2,FR_PEWTER_CITY_MUSEUM_1F,12,3
building__rom_082d4c2c,282,flat,native_fallback,42,2,FR_PEWTER_CITY_MUSEUM_1F,12,2
building__rom_082d4c2c,283,flat,native_fallback,2,1,FR_PEWTER_CITY_MUSEUM_1F,3,3
building__rom_082d4c2c,284,flat,native_fallback,2,1,FR_PEWTER_CITY_MUSEUM_1F,4,3
building__rom_082d4c2c,285,flat,native_fallback,2,1,FR_PEWTER_CITY_MUSEUM_1F,5,3
building__rom_082d4c2c,286,flat,native_fallback,2,1,FR_PEWTER_CITY_MUSEUM_1F,6,6
building__rom_082d4c2c,287,flat,native_fallback,23,3,FR_FIVE_ISLAND_RESORT_GORGEOUS_HOUSE,6,0
building__rom_082d4c2c,288,flat,native_fallback,3,2,FR_PEWTER_CITY_MUSEUM_1F,3,5
building__rom_082d4c2c,289,flat,native_fallback,3,2,FR_PEWTER_CITY_MUSEUM_1F,5,5
building__rom_082d4c2c,28A,flat,native_fallback,3,2,FR_PEWTER_CITY_MUSEUM_1F,6,5
building__rom_082d4c2c,28B,flat,native_fallback,2,1,FR_PEWTER_CITY_MUSEUM_1F,3,7
building__rom_082d4c2c,28C,flat,native_fallback,2,1,FR_PEWTER_CITY_MUSEUM_1F,4,4
building__rom_082d4c2c,28D,flat,native_fallback,2,1,FR_PEWTER_CITY_MUSEUM_1F,5,4
building__rom_082d4c2c,28E,flat,native_fallback,2,1,FR_PEWTER_CITY_MUSEUM_1F,6,4
building__rom_082d4c2c,28F,flat,native_fallback,22,3,FR_FIVE_ISLAND_RESORT_GORGEOUS_HOUSE,5,1
building__rom_082d4c2c,290,flat,native_fallback,1,1,FR_PEWTER_CITY_MUSEUM_2F,14,4
building__rom_082d4c2c,291,flat,native_fallback,1,1,FR_PEWTER_CITY_MUSEUM_2F,15,4
building__rom_082d4c2c,292,flat,native_fallback,1,1,FR_PEWTER_CITY_MUSEUM_2F,16,4
building__rom_082d4c2c,293,flat,native_fallback,7,2,FR_PEWTER_CITY_MUSEUM_1F,11,6
building__rom_082d4c2c,294,flat,native_fallback,1,1,FR_PEWTER_CITY_MUSEUM_1F,17,6
building__rom_082d4c2c,295,flat,native_fallback,2,1,FR_PEWTER_CITY_MUSEUM_1F,26,4
building__rom_082d4c2c,296,flat,native_fallback,3,2,FR_PEWTER_CITY_MUSEUM_1F,4,5
building__rom_082d4c2c,297,flat,native_fallback,1,1,FR_PEWTER_CITY_MUSEUM_1F,15,1
building__rom_082d4c2c,298,flat,native_fallback,1,1,FR_PEWTER_CITY_MUSEUM_2F,14,5
building__rom_082d4c2c,299,flat,native_fallback,1,1,FR_PEWTER_CITY_MUSEUM_2F,15,5
building__rom_082d4c2c,29A,flat,native_fallback,1,1,FR_PEWTER_CITY_MUSEUM_2F,16,5
building__rom_082d4c2c,29B,flat,native_fallback,1,1,FR_PEWTER_CITY_MUSEUM_1F,17,9
building__rom_082d4c2c,29C,flat,native_fallback,1,1,FR_PEWTER_CITY_MUSEUM_1F,16,7
building__rom_082d4c2c,29D,flat,native_fallback,2,1,FR_PEWTER_CITY_MUSEUM_1F,16,3
building__rom_082d4c2c,29E,flat,native_fallback,1,1,FR_PEWTER_CITY_MUSEUM_1F,15,6
building__rom_082d4c2c,29F,flat,native_fallback,2,2,FR_PEWTER_CITY_MUSEUM_1F,11,5
building__rom_082d4c2c,2A0,flat,native_fallback,2,1,FR_PEWTER_CITY_MUSEUM_1F,13,9
building__rom_082d4c2c,2A1,flat,native_fallback,2,1,FR_PEWTER_CITY_MUSEUM_1F,14,9
building__rom_082d4c2c,2A2,flat,native_fallback,2,1,FR_PEWTER_CITY_MUSEUM_1F,15,9
building__rom_082d4c2c,2A3,flat,native_fallback,11,2,FR_PEWTER_CITY_MUSEUM_1F,7,5
building__rom_082d4c2c,2A4,flat,native_fallback,2,2,FR_FUCHSIA_CITY_WARDENS_HOUSE,12,4
building__rom_082d4c2c,2A5,flat,native_fallback,3,2,FR_PEWTER_CITY_MUSEUM_1F,0,0
building__rom_082d4c2c,2A6,flat,native_fallback,1,1,FR_PEWTER_CITY_MUSEUM_1F,16,6
building__rom_082d4c2c,2A7,flat,native_fallback,2,2,FR_PEWTER_CITY_MUSEUM_1F,11,7
building__rom_082d4c2c,2AB,flat,native_fallback,2,2,FR_PEWTER_CITY_MUSEUM_1F,18,7
building__rom_082d4c2c,2AC,flat,native_fallback,1,1,FR_PEWTER_CITY_MUSEUM_1F,15,7
building__rom_082d4c2c,2AD,flat,native_fallback,3,2,FR_PEWTER_CITY_MUSEUM_1F,0,1
building__rom_082d4c2c,2AE,flat,native_fallback,6,2,FR_PEWTER_CITY_MUSEUM_1F,16,8
building__rom_082d4c2c,2AF,flat,native_fallback,2,2,FR_PEWTER_CITY_MUSEUM_1F,11,8
building__rom_082d4c2c,2B0,flat,native_fallback,1,1,FR_PEWTER_CITY_MUSEUM_1F,22,3
building__rom_082d4c2c,2B1,flat,native_fallback,1,1,FR_PEWTER_CITY_MUSEUM_1F,10,6
building__rom_082d4c2c,2B2,flat,native_fallback,1,1,FR_PEWTER_CITY_MUSEUM_2F,9,7
building__rom_082d4c2c,2B3,flat,native_fallback,1,1,FR_PEWTER_CITY_MUSEUM_2F,10,7
building__rom_082d4c2c,2B4,flat,native_fallback,1,1,FR_PEWTER_CITY_MUSEUM_2F,11,7
building__rom_082d4c2c,2B5,flat,native_fallback,3,2,FR_PEWTER_CITY_MUSEUM_1F,0,2
building__rom_082d4c2c,2B6,flat,native_fallback,6,2,FR_PEWTER_CITY_MUSEUM_1F,16,9
building__rom_082d4c2c,2B7,flat,native_fallback,2,2,FR_PEWTER_CITY_MUSEUM_1F,11,9
building__rom_082d4c2c,2B8,flat,native_fallback,1,1,FR_PEWTER_CITY_MUSEUM_1F,9,7
building__rom_082d4c2c,2B9,flat,native_fallback,1,1,FR_PEWTER_CITY_MUSEUM_1F,10,7
building__rom_082d4c2c,2BA,flat,native_fallback,1,1,FR_PEWTER_CITY_MUSEUM_2F,9,8
building__rom_082d4c2c,2BB,flat,native_fallback,1,1,FR_PEWTER_CITY_MUSEUM_2F,10,8
building__rom_082d4c2c,2BC,flat,native_fallback,3,1,FR_PEWTER_CITY_MUSEUM_2F,16,6
building__rom_082d4c2c,2BD,flat,native_fallback,10,3,FR_FIVE_ISLAND_RESORT_GORGEOUS_HOUSE,10,0
building__rom_082d4c2c,2BE,flat,native_fallback,1,1,FR_PEWTER_CITY_MUSEUM_2F,17,6
building__rom_082d4c2c,2BF,flat,native_fallback,8,3,FR_FIVE_ISLAND_RESORT_GORGEOUS_HOUSE,3,0
building__rom_082d4c2c,2C0,flat,native_fallback,1,1,FR_PEWTER_CITY_MUSEUM_1F,9,8
building__rom_082d4c2c,2C1,flat,native_fallback,1,1,FR_PEWTER_CITY_MUSEUM_1F,10,8
building__rom_082d4c2c,2C2,flat,native_fallback,1,1,FR_PEWTER_CITY_MUSEUM_2F,9,9
building__rom_082d4c2c,2C3,flat,native_fallback,1,1,FR_PEWTER_CITY_MUSEUM_2F,10,9
building__rom_082d4c2c,2C4,flat,native_fallback,1,1,FR_PEWTER_CITY_MUSEUM_2F,11,9
building__rom_082d4c2c,2C5,flat,native_fallback,10,3,FR_FIVE_ISLAND_RESORT_GORGEOUS_HOUSE,0,1
building__rom_082d4c2c,2C6,flat,native_fallback,8,2,FR_PEWTER_CITY_MUSEUM_1F,5,2
building__rom_082d4c2c,2C7,flat,native_fallback,8,3,FR_FIVE_ISLAND_RESORT_GORGEOUS_HOUSE,3,1
building__rom_082d4c2c,2C8,flat,native_fallback,1,1,FR_PEWTER_CITY_MUSEUM_1F,9,9
building__rom_082d4c2c,2C9,flat,native_fallback,1,1,FR_PEWTER_CITY_MUSEUM_1F,10,9
building__rom_082d4c2c,2CA,flat,native_fallback,2,2,FR_PEWTER_CITY_MUSEUM_1F,0,8
building__rom_082d4c2c,2CB,flat,native_fallback,2,2,FR_PEWTER_CITY_MUSEUM_1F,0,9
building__rom_082d4c2c,2CC,flat,native_fallback,2,1,FR_PEWTER_CITY_MUSEUM_1F,27,6
building__rom_082d4c2c,2CD,flat,native_fallback,4,1,FR_PEWTER_CITY_MUSEUM_1F,17,0
building__rom_082d4c2c,2CE,flat,native_fallback,4,1,FR_PEWTER_CITY_MUSEUM_1F,27,0
building__rom_082d4c2c,2CF,flat,native_fallback,2,1,FR_PEWTER_CITY_MUSEUM_1F,11,0
building__rom_082d4c2c,2D0,flat,native_fallback,1,1,FR_PEWTER_CITY_MUSEUM_2F,2,5
building__rom_082d4c2c,2D1,flat,native_fallback,1,1,FR_PEWTER_CITY_MUSEUM_2F,3,5
building__rom_082d4c2c,2D2,flat,native_fallback,1,1,FR_PEWTER_CITY_MUSEUM_2F,4,5
building__rom_082d4c2c,2D3,flat,native_fallback,1,1,FR_PEWTER_CITY_MUSEUM_2F,5,5
building__rom_082d4c2c,2D4,flat,native_fallback,2,1,FR_PEWTER_CITY_MUSEUM_1F,27,4
building__rom_082d4c2c,2D5,flat,native_fallback,4,1,FR_PEWTER_CITY_MUSEUM_1F,17,1
building__rom_082d4c2c,2D6,flat,native_fallback,4,1,FR_PEWTER_CITY_MUSEUM_1F,25,1
building__rom_082d4c2c,2D7,flat,native_fallback,2,1,FR_PEWTER_CITY_MUSEUM_1F,11,1
building__rom_082d4c2c,2D8,flat,native_fallback,1,1,FR_PEWTER_CITY_MUSEUM_2F,2,4
building__rom_082d4c2c,2D9,flat,native_fallback,1,1,FR_PEWTER_CITY_MUSEUM_2F,3,4
building__rom_082d4c2c,2DA,flat,native_fallback,1,1,FR_PEWTER_CITY_MUSEUM_2F,4,4
building__rom_082d4c2c,2DB,flat,native_fallback,1,1,FR_PEWTER_CITY_MUSEUM_2F,5,4
building__rom_082d4c2c,2DC,flat,native_fallback,2,1,FR_PEWTER_CITY_MUSEUM_1F,27,8
building__rom_082d4c2c,2DD,flat,native_fallback,4,1,FR_PEWTER_CITY_MUSEUM_1F,17,2
building__rom_082d4c2c,2DE,flat,native_fallback,4,1,FR_PEWTER_CITY_MUSEUM_1F,25,2
building__rom_082d4c2c,2DF,flat,native_fallback,1,1,FR_PEWTER_CITY_MUSEUM_1F,22,4
building__rom_082d4c2c,2E0,flat,native_fallback,1,1,FR_PEWTER_CITY_MUSEUM_2F,2,6
building__rom_082d4c2c,2E1,flat,native_fallback,1,1,FR_PEWTER_CITY_MUSEUM_2F,3,6
building__rom_082d4c2c,2E2,flat,native_fallback,1,1,FR_PEWTER_CITY_MUSEUM_2F,4,6
building__rom_082d4c2c,2E3,flat,native_fallback,1,1,FR_PEWTER_CITY_MUSEUM_2F,5,6
building__rom_082d4c2c,2E4,flat,native_fallback,1,1,FR_PEWTER_CITY_MUSEUM_1F,8,8
building__rom_082d4c2c,2E5,flat,native_fallback,1,1,FR_PEWTER_CITY_MUSEUM_2F,11,8
building__rom_082d4c2c,2E6,flat,native_fallback,1,1,FR_FUCHSIA_CITY_WARDENS_HOUSE,10,3
building__rom_082d4c2c,2E7,flat,native_fallback,1,1,FR_FUCHSIA_CITY_WARDENS_HOUSE,12,3
building__rom_082d4c2c,2E8,flat,native_fallback,1,1,FR_FUCHSIA_CITY_WARDENS_HOUSE,4,3
building__rom_082d4c2c,2E9,flat,native_fallback,1,1,FR_FUCHSIA_CITY_WARDENS_HOUSE,5,3
building__rom_082d4c2c,2EA,flat,native_fallback,1,1,FR_FUCHSIA_CITY_WARDENS_HOUSE,4,4
building__rom_082d4c2c,2EB,flat,native_fallback,1,1,FR_FUCHSIA_CITY_WARDENS_HOUSE,5,4
building__rom_082d4c2c,2EC,flat,native_fallback,2,1,FR_FUCHSIA_CITY_WARDENS_HOUSE,4,5
building__rom_082d4c2c,2ED,flat,native_fallback,2,1,FR_FUCHSIA_CITY_WARDENS_HOUSE,5,5
building__rom_082d4c2c,2EE,flat,native_fallback,1,1,FR_FUCHSIA_CITY_WARDENS_HOUSE,11,3
building__rom_082d4c2c,2EF,flat,native_fallback,1,1,FR_FUCHSIA_CITY_WARDENS_HOUSE,10,4
building__rom_082d4c2c,2F0,flat,native_fallback,2,1,FR_FUCHSIA_CITY_WARDENS_HOUSE,12,5
building__rom_082d4c2c,2F1,flat,native_fallback,1,1,FR_FUCHSIA_CITY_WARDENS_HOUSE,11,4
building__rom_082d4c2c,2F2,flat,native_fallback,1,1,FR_FUCHSIA_CITY_WARDENS_HOUSE,6,3
building__rom_082d4c2c,2F3,flat,native_fallback,1,1,FR_FUCHSIA_CITY_WARDENS_HOUSE,7,3
building__rom_082d4c2c,2F4,flat,native_fallback,1,1,FR_FUCHSIA_CITY_WARDENS_HOUSE,6,4
building__rom_082d4c2c,2F5,flat,native_fallback,1,1,FR_FUCHSIA_CITY_WARDENS_HOUSE,7,4
building__rom_082d4c2c,2F8,flat,native_fallback,2,1,FR_FIVE_ISLAND_RESORT_GORGEOUS_HOUSE,0,2
building__rom_082d4c2c,2F9,flat,native_fallback,1,1,FR_FIVE_ISLAND_RESORT_GORGEOUS_HOUSE,5,4
building__rom_082d4c2c,2FA,flat,native_fallback,1,1,FR_FIVE_ISLAND_RESORT_GORGEOUS_HOUSE,6,4
building__rom_082d4c2c,2FB,flat,native_fallback,1,1,FR_FIVE_ISLAND_RESORT_GORGEOUS_HOUSE,5,5
building__rom_082d4c2c,2FC,flat,native_fallback,1,1,FR_FIVE_ISLAND_RESORT_GORGEOUS_HOUSE,6,5
building__rom_082d4c2c,2FD,flat,native_fallback,1,1,FR_FIVE_ISLAND_RESORT_GORGEOUS_HOUSE,1,0
building__rom_082d4c2c,2FE,flat,native_fallback,1,1,FR_FIVE_ISLAND_RESORT_GORGEOUS_HOUSE,2,0
building__rom_082d4c2c,300,flat,native_fallback,1,1,FR_FIVE_ISLAND_RESORT_GORGEOUS_HOUSE,8,0
building__rom_082d4c2c,301,flat,native_fallback,1,1,FR_FIVE_ISLAND_RESORT_GORGEOUS_HOUSE,9,0
building__rom_082d4c2c,305,flat,native_fallback,1,1,FR_FIVE_ISLAND_RESORT_GORGEOUS_HOUSE,1,1
building__rom_082d4c2c,306,flat,native_fallback,1,1,FR_FIVE_ISLAND_RESORT_GORGEOUS_HOUSE,2,1
building__rom_082d4c2c,008,flat,native_fallback,47,4,FR_FIVE_ISLAND_RESORT_GORGEOUS_HOUSE,7,8
building__rom_082d4c44,000,flat,native_fallback,40,3,FR_BATTLE_COLOSSEUM_2P,7,9
building__rom_082d4c44,281,flat,native_fallback,102,4,FR_BATTLE_COLOSSEUM_2P,3,8
building__rom_082d4c44,282,flat,native_fallback,1,1,FR_TRADE_CENTER,3,3
building__rom_082d4c44,283,flat,native_fallback,1,1,FR_TRADE_CENTER,4,3
building__rom_082d4c44,284,flat,native_fallback,1,1,FR_TRADE_CENTER,5,3
building__rom_082d4c44,285,flat,native_fallback,1,1,FR_TRADE_CENTER,6,3
building__rom_082d4c44,286,flat,native_fallback,1,1,FR_TRADE_CENTER,7,3
building__rom_082d4c44,287,flat,native_fallback,3,1,FR_TRADE_CENTER,9,3
building__rom_082d4c44,288,flat,native_fallback,8,1,FR_TRADE_CENTER,3,7
building__rom_082d4c44,289,flat,native_fallback,2,1,FR_TRADE_CENTER,9,5
building__rom_082d4c44,28A,flat,native_fallback,1,1,FR_TRADE_CENTER,3,4
building__rom_082d4c44,28B,flat,native_fallback,1,1,FR_TRADE_CENTER,4,4
building__rom_082d4c44,28C,flat,native_fallback,1,1,FR_TRADE_CENTER,5,4
building__rom_082d4c44,28D,flat,native_fallback,1,1,FR_TRADE_CENTER,6,4
building__rom_082d4c44,28E,flat,native_fallback,1,1,FR_TRADE_CENTER,7,4
building__rom_082d4c44,28F,flat,native_fallback,1,1,FR_TRADE_CENTER,8,4
building__rom_082d4c44,290,flat,native_fallback,2,1,FR_TRADE_CENTER,1,6
building__rom_082d4c44,291,flat,native_fallback,2,1,FR_TRADE_CENTER,10,4
building__rom_082d4c44,292,flat,native_fallback,1,1,FR_TRADE_CENTER,3,5
building__rom_082d4c44,293,flat,native_fallback,1,1,FR_TRADE_CENTER,4,5
building__rom_082d4c44,294,flat,native_fallback,1,1,FR_TRADE_CENTER,5,5
building__rom_082d4c44,295,flat,native_fallback,1,1,FR_TRADE_CENTER,6,5
building__rom_082d4c44,296,flat,native_fallback,1,1,FR_TRADE_CENTER,7,5
building__rom_082d4c44,297,flat,native_fallback,1,1,FR_TRADE_CENTER,8,5
building__rom_082d4c44,298,flat,native_fallback,2,1,FR_TRADE_CENTER,6,0
building__rom_082d4c44,29A,flat,native_fallback,1,1,FR_TRADE_CENTER,3,6
building__rom_082d4c44,29B,flat,native_fallback,1,1,FR_TRADE_CENTER,4,6
building__rom_082d4c44,29C,flat,native_fallback,1,1,FR_TRADE_CENTER,5,6
building__rom_082d4c44,29D,flat,native_fallback,1,1,FR_TRADE_CENTER,6,6
building__rom_082d4c44,29E,flat,native_fallback,1,1,FR_TRADE_CENTER,7,6
building__rom_082d4c44,29F,flat,native_fallback,1,1,FR_TRADE_CENTER,8,6
building__rom_082d4c44,2A0,flat,native_fallback,2,1,FR_TRADE_CENTER,5,1
building__rom_082d4c44,2A1,flat,native_fallback,6,2,FR_BATTLE_COLOSSEUM_2P,7,8
building__rom_082d4c44,2A2,flat,native_fallback,4,1,FR_RECORD_CORNER,10,9
building__rom_082d4c44,2A3,flat,native_fallback,1,1,FR_TRADE_CENTER,4,7
building__rom_082d4c44,2A4,flat,native_fallback,1,1,FR_TRADE_CENTER,5,7
building__rom_082d4c44,2A5,flat,native_fallback,1,1,FR_TRADE_CENTER,6,7
building__rom_082d4c44,2A6,flat,native_fallback,1,1,FR_TRADE_CENTER,7,7
building__rom_082d4c44,2A8,flat,native_fallback,2,1,FR_TRADE_CENTER,5,2
building__rom_082d4c44,2AC,flat,native_fallback,1,1,FR_TRADE_CENTER,5,8
building__rom_082d4c44,2AD,flat,native_fallback,1,1,FR_TRADE_CENTER,6,8
building__rom_082d4c44,2B0,flat,native_fallback,1,1,FR_TRADE_CENTER,0,0
building__rom_082d4c44,2B1,flat,native_fallback,1,1,FR_TRADE_CENTER,1,0
building__rom_082d4c44,2B2,flat,native_fallback,1,1,FR_TRADE_CENTER,10,0
building__rom_082d4c44,2B3,flat,native_fallback,1,1,FR_TRADE_CENTER,11,0
building__rom_082d4c44,2B4,flat,native_fallback,1,1,FR_TRADE_CENTER,3,0
building__rom_082d4c44,2B5,flat,native_fallback,1,1,FR_TRADE_CENTER,4,0
building__rom_082d4c44,2B6,flat,native_fallback,1,1,FR_TRADE_CENTER,7,0
building__rom_082d4c44,2B7,flat,native_fallback,3,1,FR_TRADE_CENTER,9,0
building__rom_082d4c44,2B8,flat,native_fallback,1,1,FR_TRADE_CENTER,0,1
building__rom_082d4c44,2B9,flat,native_fallback,1,1,FR_TRADE_CENTER,1,1
building__rom_082d4c44,2BA,flat,native_fallback,1,1,FR_TRADE_CENTER,10,1
building__rom_082d4c44,2BB,flat,native_fallback,1,1,FR_TRADE_CENTER,11,1
building__rom_082d4c44,2BC,flat,native_fallback,1,1,FR_TRADE_CENTER,3,1
building__rom_082d4c44,2BD,flat,native_fallback,1,1,FR_TRADE_CENTER,4,1
building__rom_082d4c44,2BE,flat,native_fallback,1,1,FR_TRADE_CENTER,7,1
building__rom_082d4c44,2BF,flat,native_fallback,3,1,FR_TRADE_CENTER,9,1
building__rom_082d4c44,2C0,flat,native_fallback,1,1,FR_TRADE_CENTER,0,2
building__rom_082d4c44,2C1,flat,native_fallback,1,1,FR_TRADE_CENTER,1,2
building__rom_082d4c44,2C2,flat,native_fallback,1,1,FR_TRADE_CENTER,10,2
building__rom_082d4c44,2C3,flat,native_fallback,1,1,FR_TRADE_CENTER,11,2
building__rom_082d4c44,2C4,flat,native_fallback,1,1,FR_TRADE_CENTER,3,2
building__rom_082d4c44,2C5,flat,native_fallback,1,1,FR_TRADE_CENTER,4,2
building__rom_082d4c44,2C6,flat,native_fallback,1,1,FR_TRADE_CENTER,7,2
building__rom_082d4c44,2C7,flat,native_fallback,3,1,FR_TRADE_CENTER,9,2
building__rom_082d4c44,2C8,flat,native_fallback,1,1,FR_TRADE_CENTER,0,3
building__rom_082d4c44,2C9,flat,native_fallback,1,1,FR_TRADE_CENTER,1,3
building__rom_082d4c44,2CA,flat,native_fallback,1,1,FR_TRADE_CENTER,10,3
building__rom_082d4c44,2CB,flat,native_fallback,1,1,FR_TRADE_CENTER,11,3
building__rom_082d4c44,2CC,flat,native_fallback,2,2,FR_BATTLE_COLOSSEUM_2P,3,3
building__rom_082d4c44,2CD,flat,native_fallback,4,2,FR_BATTLE_COLOSSEUM_2P,4,3
building__rom_082d4c44,2CE,flat,native_fallback,2,2,FR_BATTLE_COLOSSEUM_2P,10,3
building__rom_082d4c44,2CF,flat,native_fallback,2,2,FR_BATTLE_COLOSSEUM_2P,13,0
building__rom_082d4c44,2D0,flat,native_fallback,3,1,FR_TRADE_CENTER,0,5
building__rom_082d4c44,2D1,flat,native_fallback,1,1,FR_TRADE_CENTER,1,5
building__rom_082d4c44,2D2,flat,native_fallback,1,1,FR_TRADE_CENTER,10,5
building__rom_082d4c44,2D3,flat,native_fallback,3,1,FR_TRADE_CENTER,11,6
building__rom_082d4c44,2D4,flat,native_fallback,3,2,FR_BATTLE_COLOSSEUM_2P,3,6
building__rom_082d4c44,2D5,flat,native_fallback,34,2,FR_BATTLE_COLOSSEUM_2P,5,6
building__rom_082d4c44,2D6,flat,native_fallback,3,2,FR_BATTLE_COLOSSEUM_2P,10,4
building__rom_082d4c44,2D7,flat,native_fallback,2,2,FR_BATTLE_COLOSSEUM_2P,13,1
building__rom_082d4c44,2D8,flat,native_fallback,1,1,FR_TRADE_CENTER,0,7
building__rom_082d4c44,2D9,flat,native_fallback,1,1,FR_TRADE_CENTER,1,7
building__rom_082d4c44,2DA,flat,native_fallback,1,1,FR_TRADE_CENTER,10,7
building__rom_082d4c44,2DB,flat,native_fallback,1,1,FR_TRADE_CENTER,11,7
building__rom_082d4c44,2DC,flat,native_fallback,2,2,FR_BATTLE_COLOSSEUM_2P,3,7
building__rom_082d4c44,2DD,flat,native_fallback,12,2,FR_BATTLE_COLOSSEUM_2P,4,7
building__rom_082d4c44,2DE,flat,native_fallback,2,2,FR_BATTLE_COLOSSEUM_2P,10,7
building__rom_082d4c44,2DF,flat,native_fallback,2,2,FR_BATTLE_COLOSSEUM_2P,13,2
building__rom_082d4c44,2E0,flat,native_fallback,3,2,FR_BATTLE_COLOSSEUM_2P,3,5
building__rom_082d4c44,2E1,flat,native_fallback,3,2,FR_BATTLE_COLOSSEUM_2P,10,5
building__rom_082d4c44,2E2,flat,native_fallback,2,2,FR_BATTLE_COLOSSEUM_2P,6,4
building__rom_082d4c44,2E3,flat,native_fallback,2,2,FR_BATTLE_COLOSSEUM_2P,7,4
building__rom_082d4c44,2E4,flat,native_fallback,2,2,FR_BATTLE_COLOSSEUM_2P,6,5
building__rom_082d4c44,2E5,flat,native_fallback,2,2,FR_BATTLE_COLOSSEUM_2P,7,5
building__rom_082d4c44,2E6,flat,native_fallback,2,2,FR_BATTLE_COLOSSEUM_2P,6,6
building__rom_082d4c44,2E7,flat,native_fallback,2,2,FR_BATTLE_COLOSSEUM_2P,7,6
building__rom_082d4c44,2E8,flat,native_fallback,2,2,FR_BATTLE_COLOSSEUM_2P,0,0
building__rom_082d4c44,2E9,flat,native_fallback,2,2,FR_BATTLE_COLOSSEUM_2P,1,0
building__rom_082d4c44,2EA,flat,native_fallback,6,2,FR_BATTLE_COLOSSEUM_2P,3,0
building__rom_082d4c44,2EB,flat,native_fallback,2,2,FR_BATTLE_COLOSSEUM_2P,5,0
building__rom_082d4c44,2EC,flat,native_fallback,4,2,FR_BATTLE_COLOSSEUM_2P,6,0
building__rom_082d4c44,2ED,flat,native_fallback,2,2,FR_BATTLE_COLOSSEUM_2P,8,0
building__rom_082d4c44,2EE,flat,native_fallback,6,2,FR_BATTLE_COLOSSEUM_2P,10,0
building__rom_082d4c44,2EF,flat,native_fallback,2,2,FR_BATTLE_COLOSSEUM_2P,12,0
building__rom_082d4c44,2F0,flat,native_fallback,2,2,FR_BATTLE_COLOSSEUM_2P,0,1
building__rom_082d4c44,2F1,flat,native_fallback,2,2,FR_BATTLE_COLOSSEUM_2P,1,1
building__rom_082d4c44,2F2,flat,native_fallback,6,2,FR_BATTLE_COLOSSEUM_2P,2,1
building__rom_082d4c44,2F3,flat,native_fallback,2,2,FR_BATTLE_COLOSSEUM_2P,5,1
building__rom_082d4c44,2F4,flat,native_fallback,4,2,FR_BATTLE_COLOSSEUM_2P,6,1
building__rom_082d4c44,2F5,flat,native_fallback,2,2,FR_BATTLE_COLOSSEUM_2P,8,1
building__rom_082d4c44,2F6,flat,native_fallback,6,2,FR_BATTLE_COLOSSEUM_2P,10,1
building__rom_082d4c44,2F7,flat,native_fallback,2,2,FR_BATTLE_COLOSSEUM_2P,12,1
building__rom_082d4c44,2F8,flat,native_fallback,2,2,FR_BATTLE_COLOSSEUM_2P,0,2
building__rom_082d4c44,2F9,flat,native_fallback,2,2,FR_BATTLE_COLOSSEUM_2P,1,2
building__rom_082d4c44,2FA,flat,native_fallback,6,2,FR_BATTLE_COLOSSEUM_2P,2,2
building__rom_082d4c44,2FB,flat,native_fallback,2,2,FR_BATTLE_COLOSSEUM_2P,5,2
building__rom_082d4c44,2FC,flat,native_fallback,4,2,FR_BATTLE_COLOSSEUM_2P,6,2
building__rom_082d4c44,2FD,flat,native_fallback,2,2,FR_BATTLE_COLOSSEUM_2P,8,2
building__rom_082d4c44,2FE,flat,native_fallback,6,2,FR_BATTLE_COLOSSEUM_2P,10,2
building__rom_082d4c44,2FF,flat,native_fallback,2,2,FR_BATTLE_COLOSSEUM_2P,12,2
building__rom_082d4c44,300,flat,native_fallback,2,2,FR_BATTLE_COLOSSEUM_2P,0,3
building__rom_082d4c44,301,flat,native_fallback,2,2,FR_BATTLE_COLOSSEUM_2P,1,3
building__rom_082d4c44,302,flat,native_fallback,4,2,FR_BATTLE_COLOSSEUM_2P,2,3
building__rom_082d4c44,303,flat,native_fallback,2,2,FR_BATTLE_COLOSSEUM_2P,5,3
building__rom_082d4c44,304,flat,native_fallback,4,2,FR_BATTLE_COLOSSEUM_2P,6,3
building__rom_082d4c44,305,flat,native_fallback,2,2,FR_BATTLE_COLOSSEUM_2P,8,3
building__rom_082d4c44,306,flat,native_fallback,2,2,FR_BATTLE_COLOSSEUM_2P,12,3
building__rom_082d4c44,307,flat,native_fallback,2,2,FR_BATTLE_COLOSSEUM_2P,13,3
building__rom_082d4c44,308,flat,native_fallback,2,2,FR_BATTLE_COLOSSEUM_2P,0,7
building__rom_082d4c44,309,flat,native_fallback,2,2,FR_BATTLE_COLOSSEUM_2P,1,7
building__rom_082d4c44,30A,flat,native_fallback,12,2,FR_BATTLE_COLOSSEUM_2P,4,4
building__rom_082d4c44,30B,flat,native_fallback,6,2,FR_BATTLE_COLOSSEUM_2P,12,6
building__rom_082d4c44,30C,flat,native_fallback,6,2,FR_BATTLE_COLOSSEUM_2P,0,5
building__rom_082d4c44,30D,flat,native_fallback,6,2,FR_BATTLE_COLOSSEUM_2P,13,4
building__rom_082d4c44,30E,flat,native_fallback,2,2,FR_BATTLE_COLOSSEUM_2P,12,7
building__rom_082d4c44,30F,flat,native_fallback,2,2,FR_BATTLE_COLOSSEUM_2P,13,7
building__rom_082d4c44,310,flat,native_fallback,1,1,FR_RECORD_CORNER,3,0
building__rom_082d4c44,311,flat,native_fallback,1,1,FR_RECORD_CORNER,4,0
building__rom_082d4c44,312,flat,native_fallback,1,1,FR_RECORD_CORNER,15,0
building__rom_082d4c44,313,flat,native_fallback,1,1,FR_RECORD_CORNER,16,0
building__rom_082d4c44,314,flat,native_fallback,1,1,FR_RECORD_CORNER,8,0
building__rom_082d4c44,315,flat,native_fallback,2,1,FR_RECORD_CORNER,10,0
building__rom_082d4c44,316,flat,native_fallback,1,1,FR_RECORD_CORNER,11,0
building__rom_082d4c44,317,flat,native_fallback,6,1,FR_RECORD_CORNER,14,0
building__rom_082d4c44,318,flat,native_fallback,1,1,FR_RECORD_CORNER,3,1
building__rom_082d4c44,319,flat,native_fallback,1,1,FR_RECORD_CORNER,4,1
building__rom_082d4c44,31A,flat,native_fallback,1,1,FR_RECORD_CORNER,15,1
building__rom_082d4c44,31B,flat,native_fallback,1,1,FR_RECORD_CORNER,16,1
building__rom_082d4c44,31C,flat,native_fallback,1,1,FR_RECORD_CORNER,8,1
building__rom_082d4c44,31D,flat,native_fallback,2,1,FR_RECORD_CORNER,10,1
building__rom_082d4c44,31E,flat,native_fallback,1,1,FR_RECORD_CORNER,11,1
building__rom_082d4c44,31F,flat,native_fallback,6,1,FR_RECORD_CORNER,12,1
building__rom_082d4c44,320,flat,native_fallback,1,1,FR_RECORD_CORNER,3,2
building__rom_082d4c44,321,flat,native_fallback,1,1,FR_RECORD_CORNER,4,2
building__rom_082d4c44,322,flat,native_fallback,1,1,FR_RECORD_CORNER,15,2
building__rom_082d4c44,323,flat,native_fallback,1,1,FR_RECORD_CORNER,16,2
building__rom_082d4c44,324,flat,native_fallback,1,1,FR_RECORD_CORNER,8,2
building__rom_082d4c44,325,flat,native_fallback,2,1,FR_RECORD_CORNER,10,2
building__rom_082d4c44,326,flat,native_fallback,1,1,FR_RECORD_CORNER,11,2
building__rom_082d4c44,327,flat,native_fallback,6,1,FR_RECORD_CORNER,14,2
building__rom_082d4c44,328,flat,native_fallback,5,1,FR_RECORD_CORNER,3,6
building__rom_082d4c44,329,flat,native_fallback,5,1,FR_RECORD_CORNER,4,4
building__rom_082d4c44,32A,flat,native_fallback,5,1,FR_RECORD_CORNER,15,5
building__rom_082d4c44,32B,flat,native_fallback,5,1,FR_RECORD_CORNER,16,4
building__rom_082d4c44,32C,flat,native_fallback,1,1,FR_RECORD_CORNER,6,4
building__rom_082d4c44,32D,flat,native_fallback,1,1,FR_RECORD_CORNER,6,6
building__rom_082d4c44,32E,flat,native_fallback,1,1,FR_RECORD_CORNER,13,4
building__rom_082d4c44,32F,flat,native_fallback,1,1,FR_RECORD_CORNER,13,6
building__rom_082d4c44,330,flat,native_fallback,1,1,FR_RECORD_CORNER,3,8
building__rom_082d4c44,331,flat,native_fallback,1,1,FR_RECORD_CORNER,4,8
building__rom_082d4c44,332,flat,native_fallback,1,1,FR_RECORD_CORNER,15,8
building__rom_082d4c44,333,flat,native_fallback,1,1,FR_RECORD_CORNER,16,8
building__rom_082d4c44,334,flat,native_fallback,1,1,FR_RECORD_CORNER,7,3
building__rom_082d4c44,335,flat,native_fallback,1,1,FR_RECORD_CORNER,7,5
building__rom_082d4c44,336,flat,native_fallback,1,1,FR_RECORD_CORNER,12,3
building__rom_082d4c44,337,flat,native_fallback,1,1,FR_RECORD_CORNER,12,5
building__rom_082d4c44,338,flat,native_fallback,1,1,FR_RECORD_CORNER,8,4
building__rom_082d4c44,339,flat,native_fallback,1,1,FR_RECORD_CORNER,9,4
building__rom_082d4c44,33A,flat,native_fallback,1,1,FR_RECORD_CORNER,10,4
building__rom_082d4c44,33B,flat,native_fallback,1,1,FR_RECORD_CORNER,11,4
building__rom_082d4c44,33C,flat,native_fallback,1,1,FR_RECORD_CORNER,7,4
building__rom_082d4c44,33D,flat,native_fallback,1,1,FR_RECORD_CORNER,7,6
building__rom_082d4c44,33E,flat,native_fallback,1,1,FR_RECORD_CORNER,12,4
building__rom_082d4c44,33F,flat,native_fallback,1,1,FR_RECORD_CORNER,12,6
building__rom_082d4c44,340,flat,native_fallback,1,1,FR_RECORD_CORNER,8,5
building__rom_082d4c44,341,flat,native_fallback,1,1,FR_RECORD_CORNER,9,5
building__rom_082d4c44,342,flat,native_fallback,1,1,FR_RECORD_CORNER,10,5
building__rom_082d4c44,343,flat,native_fallback,1,1,FR_RECORD_CORNER,11,5
building__rom_082d4c44,344,flat,native_fallback,30,1,FR_RECORD_CORNER,14,3
building__rom_082d4c44,346,flat,native_fallback,6,1,FR_RECORD_CORNER,8,7
building__rom_082d4c44,348,flat,native_fallback,1,1,FR_RECORD_CORNER,8,6
building__rom_082d4c44,349,flat,native_fallback,1,1,FR_RECORD_CORNER,9,6
building__rom_082d4c44,34A,flat,native_fallback,1,1,FR_RECORD_CORNER,10,6
building__rom_082d4c44,34B,flat,native_fallback,1,1,FR_RECORD_CORNER,11,6
building__rom_082d4c5c,000,flat,native_fallback,10,1,FR_CERULEAN_CITY_BIKE_SHOP,11,9
building__rom_082d4c5c,01A,flat,native_fallback,1,1,FR_CERULEAN_CITY_BIKE_SHOP,4,9
building__rom_082d4c5c,01B,flat,native_fallback,1,1,FR_CERULEAN_CITY_BIKE_SHOP,5,9
building__rom_082d4c5c,01C,flat,native_fallback,1,1,FR_CERULEAN_CITY_BIKE_SHOP,6,9
building__rom_082d4c5c,281,flat,native_fallback,1,1,FR_CERULEAN_CITY_BIKE_SHOP,0,4
building__rom_082d4c5c,282,flat,native_fallback,6,1,FR_CERULEAN_CITY_BIKE_SHOP,4,4
building__rom_082d4c5c,283,flat,native_fallback,2,1,FR_CERULEAN_CITY_BIKE_SHOP,3,3
building__rom_082d4c5c,284,flat,native_fallback,2,1,FR_CERULEAN_CITY_BIKE_SHOP,4,3
building__rom_082d4c5c,285,flat,native_fallback,1,1,FR_CERULEAN_CITY_BIKE_SHOP,0,0
building__rom_082d4c5c,286,flat,native_fallback,9,1,FR_CERULEAN_CITY_BIKE_SHOP,6,0
building__rom_082d4c5c,287,flat,native_fallback,1,1,FR_CERULEAN_CITY_BIKE_SHOP,10,0
building__rom_082d4c5c,288,flat,native_fallback,1,1,FR_CERULEAN_CITY_BIKE_SHOP,10,5
building__rom_082d4c5c,28B,flat,native_fallback,2,1,FR_CERULEAN_CITY_BIKE_SHOP,8,6
building__rom_082d4c5c,28C,flat,native_fallback,2,1,FR_CERULEAN_CITY_BIKE_SHOP,9,6
building__rom_082d4c5c,28D,flat,native_fallback,1,1,FR_CERULEAN_CITY_BIKE_SHOP,0,1
building__rom_082d4c5c,28E,flat,native_fallback,3,1,FR_CERULEAN_CITY_BIKE_SHOP,5,1
building__rom_082d4c5c,28F,flat,native_fallback,1,1,FR_CERULEAN_CITY_BIKE_SHOP,10,1
building__rom_082d4c5c,290,flat,native_fallback,1,1,FR_CERULEAN_CITY_BIKE_SHOP,8,2
building__rom_082d4c5c,291,flat,native_fallback,1,1,FR_CERULEAN_CITY_BIKE_SHOP,9,3
building__rom_082d4c5c,292,flat,native_fallback,1,1,FR_CERULEAN_CITY_BIKE_SHOP,10,3
building__rom_082d4c5c,293,flat,native_fallback,1,1,FR_CERULEAN_CITY_BIKE_SHOP,8,4
building__rom_082d4c5c,294,flat,native_fallback,1,1,FR_CERULEAN_CITY_BIKE_SHOP,5,2
building__rom_082d4c5c,295,flat,native_fallback,1,1,FR_CERULEAN_CITY_BIKE_SHOP,0,2
building__rom_082d4c5c,296,flat,native_fallback,3,1,FR_CERULEAN_CITY_BIKE_SHOP,9,2
building__rom_082d4c5c,297,flat,native_fallback,1,1,FR_CERULEAN_CITY_BIKE_SHOP,10,2
building__rom_082d4c5c,298,flat,native_fallback,1,1,FR_CERULEAN_CITY_BIKE_SHOP,8,3
building__rom_082d4c5c,299,flat,native_fallback,1,1,FR_CERULEAN_CITY_BIKE_SHOP,9,4
building__rom_082d4c5c,29A,flat,native_fallback,1,1,FR_CERULEAN_CITY_BIKE_SHOP,10,4
building__rom_082d4c5c,29B,flat,native_fallback,1,1,FR_CERULEAN_CITY_BIKE_SHOP,6,1
building__rom_082d4c5c,29C,flat,native_fallback,1,1,FR_CERULEAN_CITY_BIKE_SHOP,5,3
building__rom_082d4c5c,29D,flat,native_fallback,1,1,FR_CERULEAN_CITY_BIKE_SHOP,0,3
building__rom_082d4c5c,29E,flat,native_fallback,30,1,FR_CERULEAN_CITY_BIKE_SHOP,7,8
building__rom_082d4c5c,2A0,flat,native_fallback,2,1,FR_CERULEAN_CITY_BIKE_SHOP,3,1
building__rom_082d4c5c,2A1,flat,native_fallback,2,1,FR_CERULEAN_CITY_BIKE_SHOP,2,1
building__rom_082d4c5c,2A2,flat,native_fallback,5,1,FR_CERULEAN_CITY_BIKE_SHOP,1,8
building__rom_082d4c5c,2A3,flat,native_fallback,4,1,FR_CERULEAN_CITY_BIKE_SHOP,0,5
building__rom_082d4c5c,2A4,flat,native_fallback,1,1,FR_CERULEAN_CITY_BIKE_SHOP,7,1
building__rom_082d4c5c,2A5,flat,native_fallback,1,1,FR_CERULEAN_CITY_BIKE_SHOP,4,8
building__rom_082d4c5c,2A6,flat,native_fallback,1,1,FR_CERULEAN_CITY_BIKE_SHOP,5,8
building__rom_082d4c5c,2A7,flat,native_fallback,1,1,FR_CERULEAN_CITY_BIKE_SHOP,6,8
building__rom_082d4c5c,2A8,flat,native_fallback,2,1,FR_CERULEAN_CITY_BIKE_SHOP,1,2
building__rom_082d4c5c,2A9,flat,native_fallback,2,1,FR_CERULEAN_CITY_BIKE_SHOP,4,2
building__rom_082d4c5c,008,flat,native_fallback,8,1,FR_CERULEAN_CITY_BIKE_SHOP,7,9
building__rom_082d4ca4,000,flat,native_fallback,39,1,FR_FUCHSIA_CITY_GYM,15,15
building__rom_082d4ca4,281,flat,native_fallback,200,1,FR_FUCHSIA_CITY_GYM,1,12
building__rom_082d4ca4,282,flat,native_fallback,50,1,FR_FUCHSIA_CITY_GYM,1,14
building__rom_082d4ca4,283,flat,native_fallback,1,1,FR_FUCHSIA_CITY_GYM,6,12
building__rom_082d4ca4,284,flat,native_fallback,1,1,FR_FUCHSIA_CITY_GYM,7,12
building__rom_082d4ca4,285,flat,native_fallback,1,1,FR_FUCHSIA_CITY_GYM,8,12
building__rom_082d4ca4,286,flat,native_fallback,4,1,FR_FUCHSIA_CITY_GYM,11,0
building__rom_082d4ca4,287,flat,native_fallback,2,1,FR_FUCHSIA_CITY_GYM,10,0
building__rom_082d4ca4,288,flat,native_fallback,2,1,FR_FUCHSIA_CITY_GYM,4,18
building__rom_082d4ca4,289,flat,native_fallback,26,1,FR_FUCHSIA_CITY_GYM,0,15
building__rom_082d4ca4,28A,flat,native_fallback,4,1,FR_FUCHSIA_CITY_GYM,0,5
building__rom_082d4ca4,28B,flat,native_fallback,1,1,FR_FUCHSIA_CITY_GYM,6,13
building__rom_082d4ca4,28C,flat,native_fallback,1,1,FR_FUCHSIA_CITY_GYM,7,13
building__rom_082d4ca4,28D,flat,native_fallback,1,1,FR_FUCHSIA_CITY_GYM,8,13
building__rom_082d4ca4,28E,flat,native_fallback,4,1,FR_FUCHSIA_CITY_GYM,11,1
building__rom_082d4ca4,28F,flat,native_fallback,3,1,FR_FUCHSIA_CITY_GYM,10,1
building__rom_082d4ca4,290,flat,native_fallback,1,1,FR_FUCHSIA_CITY_GYM,6,21
building__rom_082d4ca4,291,flat,native_fallback,1,1,FR_FUCHSIA_CITY_GYM,7,21
building__rom_082d4ca4,292,flat,native_fallback,1,1,FR_FUCHSIA_CITY_GYM,8,21
building__rom_082d4ca4,293,flat,native_fallback,1,1,FR_FUCHSIA_CITY_GYM,6,14
building__rom_082d4ca4,294,flat,native_fallback,1,1,FR_FUCHSIA_CITY_GYM,7,14
building__rom_082d4ca4,295,flat,native_fallback,1,1,FR_FUCHSIA_CITY_GYM,8,14
building__rom_082d4ca4,296,flat,native_fallback,4,1,FR_FUCHSIA_CITY_GYM,11,2
building__rom_082d4ca4,297,flat,native_fallback,2,1,FR_FUCHSIA_CITY_GYM,10,19
building__rom_082d4ca4,298,flat,native_fallback,4,1,FR_FUCHSIA_CITY_GYM,5,0
building__rom_082d4ca4,299,flat,native_fallback,4,1,FR_FUCHSIA_CITY_GYM,2,0
building__rom_082d4ca4,29A,flat,native_fallback,1,1,FR_FUCHSIA_CITY_GYM,6,22
building__rom_082d4ca4,29B,flat,native_fallback,1,1,FR_FUCHSIA_CITY_GYM,7,22
building__rom_082d4ca4,29C,flat,native_fallback,1,1,FR_FUCHSIA_CITY_GYM,8,22
building__rom_082d4ca4,29F,flat,native_fallback,1,1,FR_FUCHSIA_CITY_GYM,7,0
building__rom_082d4ca4,2A0,flat,native_fallback,4,1,FR_FUCHSIA_CITY_GYM,5,1
building__rom_082d4ca4,2A1,flat,native_fallback,4,1,FR_FUCHSIA_CITY_GYM,2,1
building__rom_082d4ca4,008,flat,native_fallback,12,1,FR_FUCHSIA_CITY_GYM,0,22
building__rom_082d4cbc,281,flat,native_fallback,92,1,FR_VIRIDIAN_CITY_GYM,1,12
building__rom_082d4cbc,282,flat,native_fallback,24,1,FR_VIRIDIAN_CITY_GYM,0,15
building__rom_082d4cbc,283,flat,native_fallback,6,1,FR_VIRIDIAN_CITY_GYM,15,15
building__rom_082d4cbc,284,flat,native_fallback,29,1,FR_VIRIDIAN_CITY_GYM,9,17
building__rom_082d4cbc,285,flat,native_fallback,4,1,FR_VIRIDIAN_CITY_GYM,18,15
building__rom_082d4cbc,286,flat,native_fallback,41,1,FR_VIRIDIAN_CITY_GYM,14,15
building__rom_082d4cbc,289,flat,native_fallback,3,1,FR_VIRIDIAN_CITY_GYM,19,2
building__rom_082d4cbc,28A,flat,native_fallback,1,1,FR_VIRIDIAN_CITY_GYM,5,17
building__rom_082d4cbc,28B,flat,native_fallback,3,1,FR_VIRIDIAN_CITY_GYM,18,3
building__rom_082d4cbc,28C,flat,native_fallback,3,1,FR_VIRIDIAN_CITY_GYM,1,20
building__rom_082d4cbc,28D,flat,native_fallback,10,1,FR_VIRIDIAN_CITY_GYM,1,13
building__rom_082d4cbc,290,flat,native_fallback,2,1,FR_VIRIDIAN_CITY_GYM,4,0
building__rom_082d4cbc,291,flat,native_fallback,17,1,FR_VIRIDIAN_CITY_GYM,10,0
building__rom_082d4cbc,292,flat,native_fallback,2,1,FR_VIRIDIAN_CITY_GYM,8,3
building__rom_082d4cbc,293,flat,native_fallback,22,1,FR_VIRIDIAN_CITY_GYM,12,3
building__rom_082d4cbc,294,flat,native_fallback,6,1,FR_VIRIDIAN_CITY_GYM,9,3
building__rom_082d4cbc,298,flat,native_fallback,2,1,FR_VIRIDIAN_CITY_GYM,4,1
building__rom_082d4cbc,299,flat,native_fallback,15,1,FR_VIRIDIAN_CITY_GYM,10,1
building__rom_082d4cbc,29A,flat,native_fallback,4,1,FR_VIRIDIAN_CITY_GYM,5,15
building__rom_082d4cbc,29B,flat,native_fallback,32,1,FR_VIRIDIAN_CITY_GYM,6,15
building__rom_082d4cbc,29C,flat,native_fallback,5,1,FR_VIRIDIAN_CITY_GYM,13,15
building__rom_082d4cbc,29D,flat,native_fallback,3,1,FR_VIRIDIAN_CITY_GYM,11,4
building__rom_082d4cbc,29F,flat,native_fallback,3,1,FR_VIRIDIAN_CITY_GYM,17,4
building__rom_082d4cbc,2A0,flat,native_fallback,4,1,FR_VIRIDIAN_CITY_GYM,11,5
building__rom_082d4cbc,2A1,flat,native_fallback,2,1,FR_VIRIDIAN_CITY_GYM,19,19
building__rom_082d4cbc,2A2,flat,native_fallback,6,1,FR_VIRIDIAN_CITY_GYM,5,16
building__rom_082d4cbc,2A3,flat,native_fallback,32,1,FR_VIRIDIAN_CITY_GYM,6,16
building__rom_082d4cbc,2A4,flat,native_fallback,5,1,FR_VIRIDIAN_CITY_GYM,13,16
building__rom_082d4cbc,2A5,flat,native_fallback,2,1,FR_VIRIDIAN_CITY_GYM,4,3
building__rom_082d4cbc,2A6,flat,native_fallback,22,1,FR_VIRIDIAN_CITY_GYM,4,2
building__rom_082d4cbc,2A8,flat,native_fallback,4,1,FR_VIRIDIAN_CITY_GYM,11,6
building__rom_082d4cbc,2A9,flat,native_fallback,2,1,FR_VIRIDIAN_CITY_GYM,19,20
building__rom_082d4cbc,2AA,flat,native_fallback,1,1,FR_VIRIDIAN_CITY_GYM,16,22
building__rom_082d4cbc,2AB,flat,native_fallback,1,1,FR_VIRIDIAN_CITY_GYM,17,22
building__rom_082d4cbc,2AC,flat,native_fallback,1,1,FR_VIRIDIAN_CITY_GYM,18,22
building__rom_082d4cbc,2AD,flat,native_fallback,1,1,FR_VIRIDIAN_CITY_GYM,4,4
building__rom_082d4cbc,2AE,flat,native_fallback,2,1,FR_VIRIDIAN_CITY_GYM,7,14
building__rom_082d4cbc,2B0,flat,native_fallback,7,1,FR_VIRIDIAN_CITY_GYM,2,18
building__rom_082d4cbc,2B1,flat,native_fallback,6,1,FR_VIRIDIAN_CITY_GYM,3,14
building__rom_082d4cbc,2B2,flat,native_fallback,1,1,FR_VIRIDIAN_CITY_GYM,16,23
building__rom_082d4cbc,2B3,flat,native_fallback,1,1,FR_VIRIDIAN_CITY_GYM,17,23
building__rom_082d4cbc,2B4,flat,native_fallback,1,1,FR_VIRIDIAN_CITY_GYM,18,23
building__rom_082d4cbc,2B5,flat,native_fallback,1,1,FR_VIRIDIAN_CITY_GYM,1,1
building__rom_082d4cbc,2B6,flat,native_fallback,1,1,FR_VIRIDIAN_CITY_GYM,2,1
building__rom_082d4cbc,2B7,flat,native_fallback,1,1,FR_VIRIDIAN_CITY_GYM,3,1
building__rom_082d4cbc,2B8,flat,native_fallback,3,1,FR_VIRIDIAN_CITY_GYM,17,5
building__rom_082d4cbc,2B9,flat,native_fallback,1,1,FR_VIRIDIAN_CITY_GYM,3,18
building__rom_082d4cbc,2BA,flat,native_fallback,2,1,FR_VIRIDIAN_CITY_GYM,13,18
building__rom_082d4cbc,2BB,flat,native_fallback,1,1,FR_VIRIDIAN_CITY_GYM,11,3
building__rom_082d4cbc,2BC,flat,native_fallback,1,1,FR_VIRIDIAN_CITY_GYM,4,18
building__rom_082d4cbc,2BD,flat,native_fallback,1,1,FR_VIRIDIAN_CITY_GYM,1,2
building__rom_082d4cbc,2BE,flat,native_fallback,1,1,FR_VIRIDIAN_CITY_GYM,2,2
building__rom_082d4cbc,2BF,flat,native_fallback,1,1,FR_VIRIDIAN_CITY_GYM,3,2
building__rom_082d4cbc,2C0,flat,native_fallback,2,1,FR_VIRIDIAN_CITY_GYM,12,6
building__rom_082d4cbc,2C1,flat,native_fallback,1,1,FR_VIRIDIAN_CITY_GYM,14,10
building__rom_082d4cbc,2C2,flat,native_fallback,1,1,FR_VIRIDIAN_CITY_GYM,15,10
building__rom_082d4cbc,2C4,flat,native_fallback,2,1,FR_VIRIDIAN_CITY_GYM,12,7
building__rom_082d4cbc,2C5,flat,native_fallback,1,1,FR_VIRIDIAN_CITY_GYM,11,7
building__rom_082d4cbc,2C9,flat,native_fallback,3,1,FR_VIRIDIAN_CITY_GYM,5,3
building__rom_082d4cbc,2CB,flat,native_fallback,1,1,FR_VIRIDIAN_CITY_GYM,9,6
building__rom_082d4cbc,2CC,flat,native_fallback,1,1,FR_VIRIDIAN_CITY_GYM,9,7
building__rom_082d4cbc,2CD,flat,native_fallback,1,1,FR_VIRIDIAN_CITY_GYM,1,3
building__rom_082d4cbc,2CE,flat,native_fallback,1,1,FR_VIRIDIAN_CITY_GYM,2,3
building__rom_082d4cbc,2CF,flat,native_fallback,1,1,FR_VIRIDIAN_CITY_GYM,3,3
building__rom_082d4cbc,2D0,flat,native_fallback,1,1,FR_VIRIDIAN_CITY_GYM,7,6
building__rom_082d4cbc,2D1,flat,native_fallback,1,1,FR_VIRIDIAN_CITY_GYM,9,8
building__rom_082d4cbc,2D2,flat,native_fallback,1,1,FR_VIRIDIAN_CITY_GYM,5,14
building__rom_082d4cbc,2D3,flat,native_fallback,1,1,FR_VIRIDIAN_CITY_GYM,2,0
building__rom_082d4cbc,008,flat,native_fallback,17,1,FR_VIRIDIAN_CITY_GYM,3,23
building__rom_082d4cec,000,flat,native_fallback,28,2,FR_CELADON_CITY_GAME_CORNER,0,15
building__rom_082d4cec,01A,flat,native_fallback,3,3,FR_CELADON_CITY_GAME_CORNER,8,14
building__rom_082d4cec,01B,flat,native_fallback,3,3,FR_CELADON_CITY_GAME_CORNER,9,14
building__rom_082d4cec,01C,flat,native_fallback,3,3,FR_CELADON_CITY_GAME_CORNER,10,14
building__rom_082d4cec,281,flat,native_fallback,12,2,FR_CELADON_CITY_GAME_CORNER,10,0
building__rom_082d4cec,282,flat,native_fallback,2,2,FR_CELADON_CITY_GAME_CORNER,4,0
building__rom_082d4cec,283,flat,native_fallback,2,2,FR_CELADON_CITY_GAME_CORNER,5,0
building__rom_082d4cec,284,flat,native_fallback,2,2,FR_CELADON_CITY_GAME_CORNER,6,0
building__rom_082d4cec,285,flat,native_fallback,4,2,FR_CELADON_CITY_GAME_CORNER,2,0
building__rom_082d4cec,286,flat,native_fallback,4,2,FR_CELADON_CITY_GAME_CORNER,3,0
building__rom_082d4cec,287,flat,native_fallback,4,2,FR_CELADON_CITY_GAME_CORNER,9,1
building__rom_082d4cec,288,flat,native_fallback,4,1,FR_CELADON_CITY_GAME_CORNER,10,4
building__rom_082d4cec,289,flat,native_fallback,7,1,FR_CELADON_CITY_GAME_CORNER,10,1
building__rom_082d4cec,28A,flat,native_fallback,2,2,FR_CELADON_CITY_GAME_CORNER,4,1
building__rom_082d4cec,28B,flat,native_fallback,2,2,FR_CELADON_CITY_GAME_CORNER,5,1
building__rom_082d4cec,28C,flat,native_fallback,2,2,FR_CELADON_CITY_GAME_CORNER,6,1
building__rom_082d4cec,28D,flat,native_fallback,4,2,FR_CELADON_CITY_GAME_CORNER,2,1
building__rom_082d4cec,28E,flat,native_fallback,4,2,FR_CELADON_CITY_GAME_CORNER,3,1
building__rom_082d4cec,28F,flat,native_fallback,2,2,FR_CELADON_CITY_GAME_CORNER,9,2
building__rom_082d4cec,290,flat,native_fallback,18,2,FR_CELADON_CITY_GAME_CORNER,2,4
building__rom_082d4cec,291,flat,native_fallback,101,2,FR_CELADON_CITY_GAME_CORNER,1,12
building__rom_082d4cec,292,flat,native_fallback,10,2,FR_CELADON_CITY_GAME_CORNER,12,2
building__rom_082d4cec,293,flat,native_fallback,3,2,FR_CELADON_CITY_GAME_CORNER,10,3
building__rom_082d4cec,295,flat,native_fallback,1,1,FR_CELADON_CITY_GAME_CORNER_PRIZE_ROOM,0,7
building__rom_082d4cec,296,flat,native_fallback,2,1,FR_CELADON_CITY_GAME_CORNER_PRIZE_ROOM,8,7
building__rom_082d4cec,297,flat,native_fallback,2,2,FR_CELADON_CITY_GAME_CORNER,1,2
building__rom_082d4cec,299,flat,native_fallback,2,1,FR_CELADON_CITY_GAME_CORNER_PRIZE_ROOM,5,2
building__rom_082d4cec,29B,flat,native_fallback,2,2,FR_CELADON_CITY_GAME_CORNER,1,3
building__rom_082d4cec,29C,flat,native_fallback,1,1,FR_CELADON_CITY_GAME_CORNER_PRIZE_ROOM,4,2
building__rom_082d4cec,29D,flat,native_fallback,1,1,FR_CELADON_CITY_GAME_CORNER,15,2
building__rom_082d4cec,29E,flat,native_fallback,1,1,FR_CELADON_CITY_GAME_CORNER,16,2
building__rom_082d4cec,29F,flat,native_fallback,1,1,FR_CELADON_CITY_GAME_CORNER,17,2
building__rom_082d4cec,2A0,flat,native_fallback,1,1,FR_CELADON_CITY_GAME_CORNER,7,3
building__rom_082d4cec,2A1,flat,native_fallback,6,2,FR_CELADON_CITY_GAME_CORNER,2,3
building__rom_082d4cec,2A2,flat,native_fallback,1,1,FR_CELADON_CITY_GAME_CORNER,3,3
building__rom_082d4cec,2A3,flat,native_fallback,2,2,FR_CELADON_CITY_GAME_CORNER,9,3
building__rom_082d4cec,2A4,flat,native_fallback,3,1,FR_CELADON_CITY_GAME_CORNER_PRIZE_ROOM,6,3
building__rom_082d4cec,2A5,flat,native_fallback,1,1,FR_CELADON_CITY_GAME_CORNER,14,3
building__rom_082d4cec,2A6,flat,native_fallback,1,1,FR_CELADON_CITY_GAME_CORNER,16,3
building__rom_082d4cec,2A7,flat,native_fallback,1,1,FR_CELADON_CITY_GAME_CORNER,17,3
building__rom_082d4cec,2A8,flat,native_fallback,2,1,FR_CELADON_CITY_GAME_CORNER,11,5
building__rom_082d4cec,2A9,flat,native_fallback,2,1,FR_CELADON_CITY_GAME_CORNER,12,5
building__rom_082d4cec,2AA,flat,native_fallback,3,1,FR_CELADON_CITY_GAME_CORNER,10,6
building__rom_082d4cec,2AB,flat,native_fallback,3,1,FR_CELADON_CITY_GAME_CORNER,7,6
building__rom_082d4cec,2AC,flat,native_fallback,2,1,FR_CELADON_CITY_GAME_CORNER,14,5
building__rom_082d4cec,2AD,flat,native_fallback,1,1,FR_CELADON_CITY_GAME_CORNER,14,4
building__rom_082d4cec,2AE,flat,native_fallback,1,1,FR_CELADON_CITY_GAME_CORNER,16,4
building__rom_082d4cec,2AF,flat,native_fallback,1,1,FR_CELADON_CITY_GAME_CORNER,17,4
building__rom_082d4cec,2B2,flat,native_fallback,6,1,FR_CELADON_CITY_GAME_CORNER,10,7
building__rom_082d4cec,2B3,flat,native_fallback,6,1,FR_CELADON_CITY_GAME_CORNER,7,7
building__rom_082d4cec,2B4,flat,native_fallback,1,1,FR_CELADON_CITY_GAME_CORNER,4,2
building__rom_082d4cec,2B5,flat,native_fallback,1,1,FR_CELADON_CITY_GAME_CORNER,5,2
building__rom_082d4cec,2B6,flat,native_fallback,1,1,FR_CELADON_CITY_GAME_CORNER,6,2
building__rom_082d4cec,2B7,flat,native_fallback,1,1,FR_CELADON_CITY_GAME_CORNER,11,0
building__rom_082d4cec,2B8,flat,native_fallback,12,1,FR_CELADON_CITY_GAME_CORNER,11,6
building__rom_082d4cec,2B9,flat,native_fallback,12,1,FR_CELADON_CITY_GAME_CORNER,12,6
building__rom_082d4cec,2BA,flat,native_fallback,6,1,FR_CELADON_CITY_GAME_CORNER,10,8
building__rom_082d4cec,2BB,flat,native_fallback,6,1,FR_CELADON_CITY_GAME_CORNER,7,8
building__rom_082d4cec,2BC,flat,native_fallback,1,1,FR_CELADON_CITY_GAME_CORNER,4,3
building__rom_082d4cec,2BD,flat,native_fallback,1,1,FR_CELADON_CITY_GAME_CORNER,5,3
building__rom_082d4cec,2BE,flat,native_fallback,1,1,FR_CELADON_CITY_GAME_CORNER,6,3
building__rom_082d4cec,2BF,flat,native_fallback,1,1,FR_CELADON_CITY_GAME_CORNER,11,1
building__rom_082d4cec,2C0,flat,native_fallback,3,1,FR_CELADON_CITY_GAME_CORNER,5,10
building__rom_082d4cec,2C1,flat,native_fallback,3,1,FR_CELADON_CITY_GAME_CORNER,0,10
building__rom_082d4cec,2C4,flat,native_fallback,2,2,FR_CELADON_CITY_GAME_CORNER,2,2
building__rom_082d4cec,2C6,flat,native_fallback,1,1,FR_CELADON_CITY_GAME_CORNER,7,2
building__rom_082d4cec,2C7,flat,native_fallback,1,1,FR_CELADON_CITY_GAME_CORNER,3,2
building__rom_082d4cec,2C8,flat,native_fallback,3,1,FR_CELADON_CITY_GAME_CORNER,17,11
building__rom_082d4cec,2C9,flat,native_fallback,2,1,FR_CELADON_CITY_GAME_CORNER,6,11
building__rom_082d4cec,2CA,flat,native_fallback,1,1,FR_CELADON_CITY_GAME_CORNER_PRIZE_ROOM,7,5
building__rom_082d4cec,2CB,flat,native_fallback,2,1,FR_CELADON_CITY_GAME_CORNER_PRIZE_ROOM,8,5
building__rom_082d4cec,2CC,flat,native_fallback,2,1,FR_CELADON_CITY_GAME_CORNER_PRIZE_ROOM,0,6
building__rom_082d4cec,2CD,flat,native_fallback,2,1,FR_CELADON_CITY_GAME_CORNER_PRIZE_ROOM,8,6
building__rom_082d4cec,2CE,flat,native_fallback,1,1,FR_CELADON_CITY_GAME_CORNER,0,1
building__rom_082d4cec,2CF,flat,native_fallback,1,1,FR_CELADON_CITY_GAME_CORNER,15,3
building__rom_082d4cec,2D0,flat,native_fallback,2,2,FR_CELADON_CITY_GAME_CORNER,8,13
building__rom_082d4cec,2D1,flat,native_fallback,2,2,FR_CELADON_CITY_GAME_CORNER,9,13
building__rom_082d4cec,2D2,flat,native_fallback,2,2,FR_CELADON_CITY_GAME_CORNER,10,13
building__rom_082d4cec,2D5,flat,native_fallback,1,1,FR_CELADON_CITY_GAME_CORNER,0,12
building__rom_082d4cec,2D6,flat,native_fallback,2,1,FR_CELADON_CITY_GAME_CORNER,0,2
building__rom_082d4cec,2D7,flat,native_fallback,1,1,FR_CELADON_CITY_GAME_CORNER,15,4
building__rom_082d4cec,2D8,flat,native_fallback,1,1,FR_CELADON_CITY_GAME_CORNER,17,5
building__rom_082d4cec,2D9,flat,native_fallback,1,1,FR_CELADON_CITY_GAME_CORNER,0,5
building__rom_082d4cec,2DA,flat,native_fallback,1,1,FR_CELADON_CITY_GAME_CORNER_PRIZE_ROOM,0,5
building__rom_082d4cec,2DB,flat,native_fallback,1,1,FR_CELADON_CITY_GAME_CORNER_PRIZE_ROOM,6,2
building__rom_082d4cec,2DC,flat,native_fallback,1,1,FR_CELADON_CITY_GAME_CORNER_PRIZE_ROOM,2,2
building__rom_082d4cec,2DE,flat,native_fallback,1,1,FR_CELADON_CITY_GAME_CORNER,17,12
building__rom_082d4cec,2DF,flat,native_fallback,1,1,FR_CELADON_CITY_GAME_CORNER,17,13
building__rom_082d4cec,2E0,flat,native_fallback,37,1,FR_TWO_ISLAND_JOYFUL_GAME_CORNER,7,8
building__rom_082d4cec,2E2,flat,native_fallback,4,1,FR_TWO_ISLAND_JOYFUL_GAME_CORNER,4,4
building__rom_082d4cec,2E3,flat,native_fallback,1,1,FR_TWO_ISLAND_JOYFUL_GAME_CORNER,9,3
building__rom_082d4cec,2E4,flat,native_fallback,3,1,FR_TWO_ISLAND_JOYFUL_GAME_CORNER,5,4
building__rom_082d4cec,2E6,flat,native_fallback,2,1,FR_TWO_ISLAND_JOYFUL_GAME_CORNER,9,0
building__rom_082d4cec,2E7,flat,native_fallback,1,1,FR_TWO_ISLAND_JOYFUL_GAME_CORNER,9,1
building__rom_082d4cec,2E8,flat,native_fallback,1,1,FR_TWO_ISLAND_JOYFUL_GAME_CORNER,11,1
building__rom_082d4cec,2E9,flat,native_fallback,1,1,FR_TWO_ISLAND_JOYFUL_GAME_CORNER,0,7
building__rom_082d4cec,2EA,flat,native_fallback,1,1,FR_TWO_ISLAND_JOYFUL_GAME_CORNER,11,7
building__rom_082d4cec,2EB,flat,native_fallback,1,1,FR_TWO_ISLAND_JOYFUL_GAME_CORNER,2,0
building__rom_082d4cec,2EC,flat,native_fallback,1,1,FR_TWO_ISLAND_JOYFUL_GAME_CORNER,2,2
building__rom_082d4cec,2ED,flat,native_fallback,2,1,FR_TWO_ISLAND_JOYFUL_GAME_CORNER,3,2
building__rom_082d4cec,2EE,flat,native_fallback,1,1,FR_TWO_ISLAND_JOYFUL_GAME_CORNER,4,2
building__rom_082d4cec,2EF,flat,native_fallback,8,1,FR_TWO_ISLAND_JOYFUL_GAME_CORNER,5,2
building__rom_082d4cec,2F0,flat,native_fallback,1,1,FR_TWO_ISLAND_JOYFUL_GAME_CORNER,11,2
building__rom_082d4cec,2F1,flat,native_fallback,1,1,FR_TWO_ISLAND_JOYFUL_GAME_CORNER,0,8
building__rom_082d4cec,2F2,flat,native_fallback,1,1,FR_TWO_ISLAND_JOYFUL_GAME_CORNER,11,8
building__rom_082d4cec,2F3,flat,native_fallback,1,1,FR_TWO_ISLAND_JOYFUL_GAME_CORNER,2,1
building__rom_082d4cec,2F4,flat,native_fallback,1,1,FR_TWO_ISLAND_JOYFUL_GAME_CORNER,2,3
building__rom_082d4cec,2F5,flat,native_fallback,1,1,FR_TWO_ISLAND_JOYFUL_GAME_CORNER,3,3
building__rom_082d4cec,2F6,flat,native_fallback,1,1,FR_TWO_ISLAND_JOYFUL_GAME_CORNER,4,3
building__rom_082d4cec,2F8,flat,native_fallback,1,1,FR_TWO_ISLAND_JOYFUL_GAME_CORNER,6,2
building__rom_082d4cec,2F9,flat,native_fallback,1,1,FR_TWO_ISLAND_JOYFUL_GAME_CORNER,5,3
building__rom_082d4cec,2FA,flat,native_fallback,1,1,FR_TWO_ISLAND_JOYFUL_GAME_CORNER,8,2
building__rom_082d4cec,2FB,flat,native_fallback,1,1,FR_TWO_ISLAND_JOYFUL_GAME_CORNER,8,0
building__rom_082d4cec,2FC,flat,native_fallback,1,1,FR_TWO_ISLAND_JOYFUL_GAME_CORNER,10,0
building__rom_082d4cec,2FD,flat,native_fallback,2,1,FR_TWO_ISLAND_JOYFUL_GAME_CORNER,0,0
building__rom_082d4cec,2FE,flat,native_fallback,1,1,FR_TWO_ISLAND_JOYFUL_GAME_CORNER,4,0
building__rom_082d4cec,2FF,flat,native_fallback,1,1,FR_TWO_ISLAND_JOYFUL_GAME_CORNER,5,0
building__rom_082d4cec,300,flat,native_fallback,1,1,FR_TWO_ISLAND_JOYFUL_GAME_CORNER,6,3
building__rom_082d4cec,301,flat,native_fallback,1,1,FR_TWO_ISLAND_JOYFUL_GAME_CORNER,7,3
building__rom_082d4cec,302,flat,native_fallback,1,1,FR_TWO_ISLAND_JOYFUL_GAME_CORNER,8,3
building__rom_082d4cec,303,flat,native_fallback,1,1,FR_TWO_ISLAND_JOYFUL_GAME_CORNER,8,1
building__rom_082d4cec,304,flat,native_fallback,1,1,FR_TWO_ISLAND_JOYFUL_GAME_CORNER,10,2
building__rom_082d4cec,305,flat,native_fallback,2,1,FR_TWO_ISLAND_JOYFUL_GAME_CORNER,0,1
building__rom_082d4cec,306,flat,native_fallback,1,1,FR_TWO_ISLAND_JOYFUL_GAME_CORNER,4,1
building__rom_082d4cec,307,flat,native_fallback,1,1,FR_TWO_ISLAND_JOYFUL_GAME_CORNER,5,1
building__rom_082d4cec,308,flat,native_fallback,1,1,FR_TWO_ISLAND_JOYFUL_GAME_CORNER,6,0
building__rom_082d4cec,309,flat,native_fallback,2,1,FR_TWO_ISLAND_JOYFUL_GAME_CORNER,3,0
building__rom_082d4cec,30A,flat,native_fallback,1,1,FR_TWO_ISLAND_JOYFUL_GAME_CORNER,4,8
building__rom_082d4cec,30B,flat,native_fallback,1,1,FR_TWO_ISLAND_JOYFUL_GAME_CORNER,5,8
building__rom_082d4cec,30C,flat,native_fallback,1,1,FR_TWO_ISLAND_JOYFUL_GAME_CORNER,6,8
building__rom_082d4cec,30D,flat,native_fallback,1,1,FR_TWO_ISLAND_JOYFUL_GAME_CORNER,8,5
building__rom_082d4cec,30E,flat,native_fallback,1,1,FR_TWO_ISLAND_JOYFUL_GAME_CORNER,9,5
building__rom_082d4cec,30F,flat,native_fallback,1,1,FR_TWO_ISLAND_JOYFUL_GAME_CORNER,11,5
building__rom_082d4cec,310,flat,native_fallback,1,1,FR_TWO_ISLAND_JOYFUL_GAME_CORNER,6,1
building__rom_082d4cec,311,flat,native_fallback,2,1,FR_TWO_ISLAND_JOYFUL_GAME_CORNER,3,1
building__rom_082d4cec,312,flat,native_fallback,3,1,FR_TWO_ISLAND_JOYFUL_GAME_CORNER,2,4
building__rom_082d4cec,313,flat,native_fallback,1,1,FR_CELADON_CITY_GAME_CORNER_PRIZE_ROOM,7,7
building__rom_082d4cec,314,flat,native_fallback,2,2,FR_CELADON_CITY_GAME_CORNER,8,2
building__rom_082d4cec,315,flat,native_fallback,1,1,FR_TWO_ISLAND_JOYFUL_GAME_CORNER,8,6
building__rom_082d4cec,316,flat,native_fallback,1,1,FR_TWO_ISLAND_JOYFUL_GAME_CORNER,9,6
building__rom_082d4cec,317,flat,native_fallback,1,1,FR_TWO_ISLAND_JOYFUL_GAME_CORNER,11,6
building__rom_082d4cec,008,flat,native_fallback,30,3,FR_CELADON_CITY_GAME_CORNER,1,14
building__rom_082d4cec,062,flat,native_fallback,1,1,FR_TWO_ISLAND_JOYFUL_GAME_CORNER,10,1
building__rom_082d4d1c,000,flat,native_fallback,20,1,FR_CERULEAN_CITY_GYM,17,15
building__rom_082d4d1c,174,flat,native_fallback,1,1,FR_CERULEAN_CITY_GYM,7,19
building__rom_082d4d1c,175,flat,native_fallback,1,1,FR_CERULEAN_CITY_GYM,8,19
building__rom_082d4d1c,176,flat,native_fallback,1,1,FR_CERULEAN_CITY_GYM,9,19
building__rom_082d4d1c,281,flat,native_fallback,31,1,FR_CERULEAN_CITY_GYM,15,15
building__rom_082d4d1c,285,flat,native_fallback,1,1,FR_CERULEAN_CITY_GYM,1,0
building__rom_082d4d1c,286,flat,native_fallback,12,1,FR_CERULEAN_CITY_GYM,2,0
building__rom_082d4d1c,287,flat,native_fallback,1,1,FR_CERULEAN_CITY_GYM,15,0
building__rom_082d4d1c,288,flat,native_fallback,2,1,FR_CERULEAN_CITY_GYM,2,5
building__rom_082d4d1c,289,flat,native_fallback,7,1,FR_CERULEAN_CITY_GYM,12,5
building__rom_082d4d1c,28A,flat,native_fallback,2,1,FR_CERULEAN_CITY_GYM,9,4
building__rom_082d4d1c,28C,flat,native_fallback,15,1,FR_CERULEAN_CITY_GYM,1,12
building__rom_082d4d1c,28D,flat,native_fallback,1,1,FR_CERULEAN_CITY_GYM,1,1
building__rom_082d4d1c,28E,flat,native_fallback,8,1,FR_CERULEAN_CITY_GYM,2,1
building__rom_082d4d1c,28F,flat,native_fallback,1,1,FR_CERULEAN_CITY_GYM,15,1
building__rom_082d4d1c,290,flat,native_fallback,11,1,FR_CERULEAN_CITY_GYM,2,6
building__rom_082d4d1c,291,flat,native_fallback,47,1,FR_CERULEAN_CITY_GYM,5,15
building__rom_082d4d1c,292,flat,native_fallback,11,1,FR_CERULEAN_CITY_GYM,14,15
building__rom_082d4d1c,293,flat,native_fallback,8,1,FR_CERULEAN_CITY_GYM,10,12
building__rom_082d4d1c,294,flat,native_fallback,1,1,FR_CERULEAN_CITY_GYM,8,0
building__rom_082d4d1c,295,flat,native_fallback,1,1,FR_CERULEAN_CITY_GYM,1,2
building__rom_082d4d1c,296,flat,native_fallback,13,1,FR_CERULEAN_CITY_GYM,12,2
building__rom_082d4d1c,297,flat,native_fallback,1,1,FR_CERULEAN_CITY_GYM,15,2
building__rom_082d4d1c,298,flat,native_fallback,1,1,FR_CERULEAN_CITY_GYM,2,17
building__rom_082d4d1c,299,flat,native_fallback,3,1,FR_CERULEAN_CITY_GYM,4,17
building__rom_082d4d1c,29A,flat,native_fallback,1,1,FR_CERULEAN_CITY_GYM,14,17
building__rom_082d4d1c,29B,flat,native_fallback,1,1,FR_CERULEAN_CITY_GYM,11,17
building__rom_082d4d1c,29C,flat,native_fallback,8,1,FR_CERULEAN_CITY_GYM,9,15
building__rom_082d4d1c,29D,flat,native_fallback,1,1,FR_CERULEAN_CITY_GYM,1,3
building__rom_082d4d1c,29E,flat,native_fallback,13,1,FR_CERULEAN_CITY_GYM,12,3
building__rom_082d4d1c,29F,flat,native_fallback,1,1,FR_CERULEAN_CITY_GYM,15,3
building__rom_082d4d1c,2A0,flat,native_fallback,2,1,FR_CERULEAN_CITY_GYM,13,4
building__rom_082d4d1c,2A1,flat,native_fallback,1,1,FR_CERULEAN_CITY_GYM,4,10
building__rom_082d4d1c,2A2,flat,native_fallback,1,1,FR_CERULEAN_CITY_GYM,12,7
building__rom_082d4d1c,2A3,flat,native_fallback,1,1,FR_CERULEAN_CITY_GYM,7,6
building__rom_082d4d1c,2A4,flat,native_fallback,1,1,FR_CERULEAN_CITY_GYM,8,6
building__rom_082d4d1c,2A5,flat,native_fallback,1,1,FR_CERULEAN_CITY_GYM,9,6
building__rom_082d4d1c,2A6,flat,native_fallback,1,1,FR_CERULEAN_CITY_GYM,0,0
building__rom_082d4d1c,2A7,flat,native_fallback,1,1,FR_CERULEAN_CITY_GYM,16,0
building__rom_082d4d1c,2A8,flat,native_fallback,2,1,FR_CERULEAN_CITY_GYM,3,5
building__rom_082d4d1c,2A9,flat,native_fallback,1,1,FR_CERULEAN_CITY_GYM,4,13
building__rom_082d4d1c,2AA,flat,native_fallback,1,1,FR_CERULEAN_CITY_GYM,12,10
building__rom_082d4d1c,2AB,flat,native_fallback,1,1,FR_CERULEAN_CITY_GYM,7,7
building__rom_082d4d1c,2AC,flat,native_fallback,1,1,FR_CERULEAN_CITY_GYM,8,7
building__rom_082d4d1c,2AD,flat,native_fallback,1,1,FR_CERULEAN_CITY_GYM,9,7
building__rom_082d4d1c,2AE,flat,native_fallback,18,1,FR_CERULEAN_CITY_GYM,0,15
building__rom_082d4d1c,2AF,flat,native_fallback,18,1,FR_CERULEAN_CITY_GYM,16,15
building__rom_082d4d1c,2B0,flat,native_fallback,1,1,FR_CERULEAN_CITY_GYM,7,5
building__rom_082d4d1c,2B1,flat,native_fallback,1,1,FR_CERULEAN_CITY_GYM,4,7
building__rom_082d4d1c,2B2,flat,native_fallback,14,1,FR_CERULEAN_CITY_GYM,10,7
building__rom_082d4d1c,2B3,flat,native_fallback,1,1,FR_CERULEAN_CITY_GYM,7,8
building__rom_082d4d1c,2B4,flat,native_fallback,1,1,FR_CERULEAN_CITY_GYM,8,8
building__rom_082d4d1c,2B5,flat,native_fallback,1,1,FR_CERULEAN_CITY_GYM,9,8
building__rom_082d4d1c,2B7,flat,native_fallback,2,1,FR_CERULEAN_CITY_GYM,11,16
building__rom_082d4d1c,2B9,flat,native_fallback,2,1,FR_CERULEAN_CITY_GYM,7,16
building__rom_082d4d1c,2BA,flat,native_fallback,1,1,FR_CERULEAN_CITY_GYM,9,16
building__rom_082d4d1c,2BB,flat,native_fallback,1,1,FR_CERULEAN_CITY_GYM,7,9
building__rom_082d4d1c,2BC,flat,native_fallback,5,1,FR_CERULEAN_CITY_GYM,6,8
building__rom_082d4d1c,2BD,flat,native_fallback,8,1,FR_CERULEAN_CITY_GYM,11,8
building__rom_082d4d1c,2BE,flat,native_fallback,2,1,FR_CERULEAN_CITY_GYM,4,8
building__rom_082d4d1c,2BF,flat,native_fallback,2,1,FR_CERULEAN_CITY_GYM,10,9
building__rom_082d4d1c,2C1,flat,native_fallback,3,1,FR_CERULEAN_CITY_GYM,9,17
building__rom_082d4d1c,2C2,flat,native_fallback,1,1,FR_CERULEAN_CITY_GYM,8,1
building__rom_082d4d1c,2C3,flat,native_fallback,3,1,FR_CERULEAN_CITY_GYM,10,8
building__rom_082d4d1c,2C4,flat,native_fallback,1,1,FR_CERULEAN_CITY_GYM,9,13
building__rom_082d4d1c,2C5,flat,native_fallback,1,1,FR_CERULEAN_CITY_GYM,9,10
building__rom_082d4d1c,2C6,flat,native_fallback,2,1,FR_CERULEAN_CITY_GYM,3,17
building__rom_082d4d1c,2C7,flat,native_fallback,1,1,FR_CERULEAN_CITY_GYM,12,11
building__rom_082d4d1c,2C8,flat,native_fallback,1,1,FR_CERULEAN_CITY_GYM,7,18
building__rom_082d4d1c,2C9,flat,native_fallback,1,1,FR_CERULEAN_CITY_GYM,8,18
building__rom_082d4d1c,2CA,flat,native_fallback,1,1,FR_CERULEAN_CITY_GYM,9,18
building__rom_082d4d1c,2CB,flat,native_fallback,4,1,FR_CERULEAN_CITY_GYM,11,1
building__rom_082d4d1c,2CE,flat,native_fallback,2,1,FR_CERULEAN_CITY_GYM,13,18
building__rom_082d4d1c,2D0,flat,native_fallback,1,1,FR_CERULEAN_CITY_GYM,6,16
building__rom_082d4d1c,2D1,flat,native_fallback,1,1,FR_CERULEAN_CITY_GYM,10,16
building__rom_082d4d1c,2D2,flat,native_fallback,2,1,FR_CERULEAN_CITY_GYM,10,17
building__rom_082d4d1c,2D3,flat,native_fallback,1,1,FR_CERULEAN_CITY_GYM,8,5
building__rom_082d4d1c,008,flat,native_fallback,14,1,FR_CERULEAN_CITY_GYM,1,19
building__rom_082d4d34,000,flat,native_fallback,33,1,FR_VERMILION_CITY_GYM,1,21
building__rom_082d4d34,174,flat,native_fallback,1,1,FR_VERMILION_CITY_GYM,4,20
building__rom_082d4d34,175,flat,native_fallback,1,1,FR_VERMILION_CITY_GYM,5,20
building__rom_082d4d34,176,flat,native_fallback,1,1,FR_VERMILION_CITY_GYM,6,20
building__rom_082d4d34,281,flat,native_fallback,104,1,FR_VERMILION_CITY_GYM,4,15
building__rom_082d4d34,282,flat,native_fallback,15,1,FR_VERMILION_CITY_GYM,0,15
building__rom_082d4d34,283,flat,native_fallback,4,1,FR_VERMILION_CITY_GYM,10,8
building__rom_082d4d34,285,flat,native_fallback,1,1,FR_VERMILION_CITY_GYM,5,6
building__rom_082d4d34,286,flat,native_fallback,2,1,FR_VERMILION_CITY_GYM,2,7
building__rom_082d4d34,287,flat,native_fallback,2,1,FR_VERMILION_CITY_GYM,2,8
building__rom_082d4d34,288,flat,native_fallback,1,1,FR_VERMILION_CITY_GYM,0,0
building__rom_082d4d34,289,flat,native_fallback,1,1,FR_VERMILION_CITY_GYM,1,5
building__rom_082d4d34,28A,flat,native_fallback,3,1,FR_VERMILION_CITY_GYM,2,5
building__rom_082d4d34,28B,flat,native_fallback,1,1,FR_VERMILION_CITY_GYM,3,5
building__rom_082d4d34,28C,flat,native_fallback,1,1,FR_VERMILION_CITY_GYM,8,3
building__rom_082d4d34,28D,flat,native_fallback,1,1,FR_VERMILION_CITY_GYM,5,7
building__rom_082d4d34,28E,flat,native_fallback,1,1,FR_VERMILION_CITY_GYM,7,5
building__rom_082d4d34,28F,flat,native_fallback,1,1,FR_VERMILION_CITY_GYM,10,0
building__rom_082d4d34,290,flat,native_fallback,4,1,FR_VERMILION_CITY_GYM,0,1
building__rom_082d4d34,291,flat,native_fallback,3,1,FR_VERMILION_CITY_GYM,8,2
building__rom_082d4d34,292,flat,native_fallback,4,1,FR_VERMILION_CITY_GYM,3,0
building__rom_082d4d34,297,flat,native_fallback,4,1,FR_VERMILION_CITY_GYM,10,1
building__rom_082d4d34,298,flat,native_fallback,1,1,FR_VERMILION_CITY_GYM,0,5
building__rom_082d4d34,299,flat,native_fallback,1,1,FR_VERMILION_CITY_GYM,7,8
building__rom_082d4d34,29F,flat,native_fallback,1,1,FR_VERMILION_CITY_GYM,10,5
building__rom_082d4d34,2A0,flat,native_fallback,2,1,FR_VERMILION_CITY_GYM,3,1
building__rom_082d4d34,2A2,flat,native_fallback,1,1,FR_VERMILION_CITY_GYM,4,19
building__rom_082d4d34,2A3,flat,native_fallback,1,1,FR_VERMILION_CITY_GYM,5,19
building__rom_082d4d34,2A4,flat,native_fallback,1,1,FR_VERMILION_CITY_GYM,6,19
building__rom_082d4d34,2A5,flat,native_fallback,1,1,FR_VERMILION_CITY_GYM,4,1
building__rom_082d4d34,2A6,flat,native_fallback,1,1,FR_VERMILION_CITY_GYM,5,1
building__rom_082d4d34,2A7,flat,native_fallback,1,1,FR_VERMILION_CITY_GYM,6,1
building__rom_082d4d34,2A8,flat,native_fallback,2,1,FR_VERMILION_CITY_GYM,7,2
building__rom_082d4d34,2A9,flat,native_fallback,1,1,FR_VERMILION_CITY_GYM,3,6
building__rom_082d4d34,2AA,flat,native_fallback,1,1,FR_VERMILION_CITY_GYM,4,6
building__rom_082d4d34,2AB,flat,native_fallback,1,1,FR_VERMILION_CITY_GYM,6,6
building__rom_082d4d34,2AC,flat,native_fallback,1,1,FR_VERMILION_CITY_GYM,7,6
building__rom_082d4d34,2AD,flat,native_fallback,1,1,FR_VERMILION_CITY_GYM,4,2
building__rom_082d4d34,2AE,flat,native_fallback,1,1,FR_VERMILION_CITY_GYM,5,2
building__rom_082d4d34,2AF,flat,native_fallback,1,1,FR_VERMILION_CITY_GYM,6,2
building__rom_082d4d34,2B0,flat,native_fallback,2,1,FR_VERMILION_CITY_GYM,7,3
building__rom_082d4d34,2B1,flat,native_fallback,1,1,FR_VERMILION_CITY_GYM,3,7
building__rom_082d4d34,2B2,flat,native_fallback,1,1,FR_VERMILION_CITY_GYM,4,7
building__rom_082d4d34,2B3,flat,native_fallback,1,1,FR_VERMILION_CITY_GYM,6,7
building__rom_082d4d34,2B4,flat,native_fallback,1,1,FR_VERMILION_CITY_GYM,7,7
building__rom_082d4d34,2B5,flat,native_fallback,1,1,FR_VERMILION_CITY_GYM,4,3
building__rom_082d4d34,2B6,flat,native_fallback,1,1,FR_VERMILION_CITY_GYM,5,3
building__rom_082d4d34,2B7,flat,native_fallback,1,1,FR_VERMILION_CITY_GYM,6,3
building__rom_082d4d34,2B8,flat,native_fallback,15,1,FR_VERMILION_CITY_GYM,1,12
building__rom_082d4d34,2B9,flat,native_fallback,2,1,FR_VERMILION_CITY_GYM,7,16
building__rom_082d4d34,2BA,flat,native_fallback,2,1,FR_VERMILION_CITY_GYM,7,17
building__rom_082d4d34,2C0,flat,native_fallback,4,1,FR_VERMILION_CITY_GYM,9,6
building__rom_082d4d34,2C1,flat,native_fallback,4,1,FR_VERMILION_CITY_GYM,2,0
building__rom_082d4d34,2C2,flat,native_fallback,2,1,FR_VERMILION_CITY_GYM,2,6
building__rom_082d4d34,2C8,flat,native_fallback,4,1,FR_VERMILION_CITY_GYM,9,7
building__rom_082d4d34,2C9,flat,native_fallback,4,1,FR_VERMILION_CITY_GYM,10,7
building__rom_082d4d34,2CA,flat,native_fallback,1,1,FR_VERMILION_CITY_GYM,5,0
building__rom_082d4d34,008,flat,native_fallback,8,1,FR_VERMILION_CITY_GYM,1,20
building__rom_082d4d4c,000,flat,native_fallback,20,1,FR_CELADON_CITY_GYM,13,15
building__rom_082d4d4c,174,flat,native_fallback,1,1,FR_CELADON_CITY_GYM,5,19
building__rom_082d4d4c,175,flat,native_fallback,1,1,FR_CELADON_CITY_GYM,6,19
building__rom_082d4d4c,176,flat,native_fallback,1,1,FR_CELADON_CITY_GYM,7,19
building__rom_082d4d4c,281,flat,native_fallback,18,1,FR_CELADON_CITY_GYM,2,5
building__rom_082d4d4c,282,flat,native_fallback,21,1,FR_CELADON_CITY_GYM,2,4
building__rom_082d4d4c,283,flat,native_fallback,4,1,FR_CELADON_CITY_GYM,2,0
building__rom_082d4d4c,284,flat,native_fallback,4,1,FR_CELADON_CITY_GYM,5,0
building__rom_082d4d4c,285,flat,native_fallback,7,1,FR_CELADON_CITY_GYM,11,3
building__rom_082d4d4c,286,flat,native_fallback,5,1,FR_CELADON_CITY_GYM,9,6
building__rom_082d4d4c,287,flat,native_fallback,4,1,FR_CELADON_CITY_GYM,5,2
building__rom_082d4d4c,288,flat,native_fallback,1,1,FR_CELADON_CITY_GYM,10,2
building__rom_082d4d4c,289,flat,native_fallback,4,1,FR_CELADON_CITY_GYM,1,12
building__rom_082d4d4c,28A,flat,native_fallback,4,1,FR_CELADON_CITY_GYM,1,13
building__rom_082d4d4c,28B,flat,native_fallback,5,1,FR_CELADON_CITY_GYM,2,1
building__rom_082d4d4c,28C,flat,native_fallback,4,1,FR_CELADON_CITY_GYM,5,1
building__rom_082d4d4c,28D,flat,native_fallback,15,1,FR_CELADON_CITY_GYM,4,3
building__rom_082d4d4c,28F,flat,native_fallback,1,1,FR_CELADON_CITY_GYM,2,2
building__rom_082d4d4c,290,flat,native_fallback,1,1,FR_CELADON_CITY_GYM,0,0
building__rom_082d4d4c,291,flat,native_fallback,1,1,FR_CELADON_CITY_GYM,1,0
building__rom_082d4d4c,292,flat,native_fallback,1,1,FR_CELADON_CITY_GYM,11,0
building__rom_082d4d4c,293,flat,native_fallback,1,1,FR_CELADON_CITY_GYM,12,0
building__rom_082d4d4c,294,flat,native_fallback,2,1,FR_CELADON_CITY_GYM,0,18
building__rom_082d4d4c,295,flat,native_fallback,19,1,FR_CELADON_CITY_GYM,11,4
building__rom_082d4d4c,297,flat,native_fallback,3,1,FR_CELADON_CITY_GYM,4,2
building__rom_082d4d4c,298,flat,native_fallback,1,1,FR_CELADON_CITY_GYM,0,1
building__rom_082d4d4c,299,flat,native_fallback,1,1,FR_CELADON_CITY_GYM,1,1
building__rom_082d4d4c,29A,flat,native_fallback,1,1,FR_CELADON_CITY_GYM,11,1
building__rom_082d4d4c,29B,flat,native_fallback,1,1,FR_CELADON_CITY_GYM,12,1
building__rom_082d4d4c,29C,flat,native_fallback,1,1,FR_CELADON_CITY_GYM,1,15
building__rom_082d4d4c,29D,flat,native_fallback,10,1,FR_CELADON_CITY_GYM,9,15
building__rom_082d4d4c,29E,flat,native_fallback,1,1,FR_CELADON_CITY_GYM,5,11
building__rom_082d4d4c,29F,flat,native_fallback,1,1,FR_CELADON_CITY_GYM,7,11
building__rom_082d4d4c,2A0,flat,native_fallback,30,1,FR_CELADON_CITY_GYM,0,15
building__rom_082d4d4c,2A1,flat,native_fallback,1,1,FR_CELADON_CITY_GYM,1,2
building__rom_082d4d4c,2A2,flat,native_fallback,1,1,FR_CELADON_CITY_GYM,11,2
building__rom_082d4d4c,2A3,flat,native_fallback,2,1,FR_CELADON_CITY_GYM,12,17
building__rom_082d4d4c,2A4,flat,native_fallback,3,1,FR_CELADON_CITY_GYM,1,16
building__rom_082d4d4c,2A5,flat,native_fallback,31,1,FR_CELADON_CITY_GYM,6,15
building__rom_082d4d4c,2A6,flat,native_fallback,3,1,FR_CELADON_CITY_GYM,5,12
building__rom_082d4d4c,2A7,flat,native_fallback,3,1,FR_CELADON_CITY_GYM,7,13
building__rom_082d4d4c,2A8,flat,native_fallback,1,1,FR_CELADON_CITY_GYM,2,11
building__rom_082d4d4c,2A9,flat,native_fallback,4,1,FR_CELADON_CITY_GYM,3,11
building__rom_082d4d4c,2AA,flat,native_fallback,1,1,FR_CELADON_CITY_GYM,10,11
building__rom_082d4d4c,2AB,flat,native_fallback,2,1,FR_CELADON_CITY_GYM,2,10
building__rom_082d4d4c,2AD,flat,native_fallback,2,1,FR_CELADON_CITY_GYM,10,10
building__rom_082d4d4c,2AE,flat,native_fallback,2,1,FR_CELADON_CITY_GYM,5,15
building__rom_082d4d4c,2AF,flat,native_fallback,2,1,FR_CELADON_CITY_GYM,7,10
building__rom_082d4d4c,2B0,flat,native_fallback,1,1,FR_CELADON_CITY_GYM,5,18
building__rom_082d4d4c,2B1,flat,native_fallback,1,1,FR_CELADON_CITY_GYM,6,18
building__rom_082d4d4c,2B2,flat,native_fallback,1,1,FR_CELADON_CITY_GYM,7,18
building__rom_082d4d4c,2B3,flat,native_fallback,1,1,FR_CELADON_CITY_GYM,6,0
building__rom_082d4d4c,2B6,flat,native_fallback,4,1,FR_CELADON_CITY_GYM,8,5
building__rom_082d4d4c,2B7,flat,native_fallback,1,1,FR_CELADON_CITY_GYM,6,6
building__rom_082d4d4c,2B8,flat,native_fallback,2,1,FR_CELADON_CITY_GYM,4,15
building__rom_082d4d4c,2B9,flat,native_fallback,2,1,FR_CELADON_CITY_GYM,4,16
building__rom_082d4d4c,2BA,flat,native_fallback,1,1,FR_CELADON_CITY_GYM,1,3
building__rom_082d4d4c,2BB,flat,native_fallback,1,1,FR_CELADON_CITY_GYM,1,10
building__rom_082d4d4c,2BE,flat,native_fallback,1,1,FR_CELADON_CITY_GYM,1,11
building__rom_082d4d4c,2BF,flat,native_fallback,1,1,FR_CELADON_CITY_GYM,1,4
building__rom_082d4d4c,008,flat,native_fallback,10,1,FR_CELADON_CITY_GYM,1,19
building__rom_082d4d64,000,flat,native_fallback,55,1,FR_SAFFRON_CITY_GYM,3,25
building__rom_082d4d64,281,flat,native_fallback,324,1,FR_SAFFRON_CITY_GYM,12,6
building__rom_082d4d64,283,flat,native_fallback,62,1,FR_SAFFRON_CITY_GYM,10,0
building__rom_082d4d64,284,flat,native_fallback,6,1,FR_SAFFRON_CITY_GYM,9,0
building__rom_082d4d64,285,flat,native_fallback,1,1,FR_SAFFRON_CITY_GYM,13,23
building__rom_082d4d64,286,flat,native_fallback,1,1,FR_SAFFRON_CITY_GYM,14,23
building__rom_082d4d64,287,flat,native_fallback,1,1,FR_SAFFRON_CITY_GYM,15,23
building__rom_082d4d64,288,flat,native_fallback,33,1,FR_SAFFRON_CITY_GYM,10,3
building__rom_082d4d64,289,flat,native_fallback,9,1,FR_SAFFRON_CITY_GYM,10,2
building__rom_082d4d64,28A,flat,native_fallback,49,1,FR_SAFFRON_CITY_GYM,5,2
building__rom_082d4d64,28B,flat,native_fallback,63,1,FR_SAFFRON_CITY_GYM,10,1
building__rom_082d4d64,28C,flat,native_fallback,34,1,FR_SAFFRON_CITY_GYM,9,1
building__rom_082d4d64,28D,flat,native_fallback,1,1,FR_SAFFRON_CITY_GYM,13,24
building__rom_082d4d64,28E,flat,native_fallback,1,1,FR_SAFFRON_CITY_GYM,14,24
building__rom_082d4d64,28F,flat,native_fallback,1,1,FR_SAFFRON_CITY_GYM,15,24
building__rom_082d4d64,293,flat,native_fallback,30,1,FR_SAFFRON_CITY_GYM,12,7
building__rom_082d4d64,294,flat,native_fallback,4,1,FR_SAFFRON_CITY_GYM,9,7
building__rom_082d4d64,295,flat,native_fallback,2,1,FR_SAFFRON_CITY_GYM,9,22
building__rom_082d4d64,296,flat,native_fallback,2,1,FR_SAFFRON_CITY_GYM,12,19
building__rom_082d4d64,297,flat,native_fallback,18,1,FR_SAFFRON_CITY_GYM,11,0
building__rom_082d4d64,298,flat,native_fallback,1,1,FR_SAFFRON_CITY_GYM,12,10
building__rom_082d4d64,299,flat,native_fallback,1,1,FR_SAFFRON_CITY_GYM,13,10
building__rom_082d4d64,29A,flat,native_fallback,1,1,FR_SAFFRON_CITY_GYM,14,10
building__rom_082d4d64,29B,flat,native_fallback,1,1,FR_SAFFRON_CITY_GYM,15,10
building__rom_082d4d64,29C,flat,native_fallback,1,1,FR_SAFFRON_CITY_GYM,16,10
building__rom_082d4d64,29D,flat,native_fallback,2,1,FR_SAFFRON_CITY_GYM,9,23
building__rom_082d4d64,29E,flat,native_fallback,2,1,FR_SAFFRON_CITY_GYM,12,20
building__rom_082d4d64,29F,flat,native_fallback,18,1,FR_SAFFRON_CITY_GYM,11,1
building__rom_082d4d64,2A0,flat,native_fallback,1,1,FR_SAFFRON_CITY_GYM,12,11
building__rom_082d4d64,2A1,flat,native_fallback,1,1,FR_SAFFRON_CITY_GYM,13,11
building__rom_082d4d64,2A2,flat,native_fallback,1,1,FR_SAFFRON_CITY_GYM,14,11
building__rom_082d4d64,2A3,flat,native_fallback,1,1,FR_SAFFRON_CITY_GYM,15,11
building__rom_082d4d64,2A4,flat,native_fallback,1,1,FR_SAFFRON_CITY_GYM,16,11
building__rom_082d4d64,2A5,flat,native_fallback,1,1,FR_SAFFRON_CITY_GYM,14,8
building__rom_082d4d64,2A7,flat,native_fallback,18,1,FR_SAFFRON_CITY_GYM,11,2
building__rom_082d4d64,2A8,flat,native_fallback,1,1,FR_SAFFRON_CITY_GYM,12,12
building__rom_082d4d64,2A9,flat,native_fallback,1,1,FR_SAFFRON_CITY_GYM,13,12
building__rom_082d4d64,2AA,flat,native_fallback,1,1,FR_SAFFRON_CITY_GYM,14,12
building__rom_082d4d64,2AB,flat,native_fallback,1,1,FR_SAFFRON_CITY_GYM,15,12
building__rom_082d4d64,2AC,flat,native_fallback,1,1,FR_SAFFRON_CITY_GYM,16,12
building__rom_082d4d64,2AD,flat,native_fallback,1,1,FR_SAFFRON_CITY_GYM,14,7
building__rom_082d4d64,008,flat,native_fallback,26,1,FR_SAFFRON_CITY_GYM,3,24
building__rom_082d4d7c,000,flat,native_fallback,30,1,FR_CINNABAR_ISLAND_GYM,3,25
building__rom_082d4d7c,174,flat,native_fallback,1,1,FR_CINNABAR_ISLAND_GYM,24,24
building__rom_082d4d7c,175,flat,native_fallback,1,1,FR_CINNABAR_ISLAND_GYM,25,24
building__rom_082d4d7c,176,flat,native_fallback,1,1,FR_CINNABAR_ISLAND_GYM,26,24
building__rom_082d4d7c,281,flat,native_fallback,252,1,FR_CINNABAR_ISLAND_GYM,6,6
building__rom_082d4d7c,282,flat,native_fallback,1,1,FR_CINNABAR_ISLAND_GYM,10,22
building__rom_082d4d7c,283,flat,native_fallback,23,1,FR_CINNABAR_ISLAND_GYM,27,0
building__rom_082d4d7c,284,flat,native_fallback,2,1,FR_CINNABAR_ISLAND_GYM,29,0
building__rom_082d4d7c,285,flat,native_fallback,1,1,FR_CINNABAR_ISLAND_GYM,21,13
building__rom_082d4d7c,286,flat,native_fallback,1,1,FR_CINNABAR_ISLAND_GYM,21,7
building__rom_082d4d7c,287,flat,native_fallback,1,1,FR_CINNABAR_ISLAND_GYM,29,7
building__rom_082d4d7c,288,flat,native_fallback,10,1,FR_CINNABAR_ISLAND_GYM,9,3
building__rom_082d4d7c,289,flat,native_fallback,92,1,FR_CINNABAR_ISLAND_GYM,5,2
building__rom_082d4d7c,28A,flat,native_fallback,2,1,FR_CINNABAR_ISLAND_GYM,24,20
building__rom_082d4d7c,28B,flat,native_fallback,18,1,FR_CINNABAR_ISLAND_GYM,5,1
building__rom_082d4d7c,28C,flat,native_fallback,3,1,FR_CINNABAR_ISLAND_GYM,29,1
building__rom_082d4d7c,28D,flat,native_fallback,2,1,FR_CINNABAR_ISLAND_GYM,0,16
building__rom_082d4d7c,28E,flat,native_fallback,1,1,FR_CINNABAR_ISLAND_GYM,21,8
building__rom_082d4d7c,28F,flat,native_fallback,2,1,FR_CINNABAR_ISLAND_GYM,29,8
building__rom_082d4d7c,290,flat,native_fallback,5,1,FR_CINNABAR_ISLAND_GYM,22,9
building__rom_082d4d7c,291,flat,native_fallback,5,1,FR_CINNABAR_ISLAND_GYM,7,7
building__rom_082d4d7c,292,flat,native_fallback,18,1,FR_CINNABAR_ISLAND_GYM,3,15
building__rom_082d4d7c,293,flat,native_fallback,6,1,FR_CINNABAR_ISLAND_GYM,16,7
building__rom_082d4d7c,294,flat,native_fallback,18,1,FR_CINNABAR_ISLAND_GYM,29,2
building__rom_082d4d7c,295,flat,native_fallback,15,1,FR_CINNABAR_ISLAND_GYM,19,3
building__rom_082d4d7c,296,flat,native_fallback,2,1,FR_CINNABAR_ISLAND_GYM,29,9
building__rom_082d4d7c,297,flat,native_fallback,1,1,FR_CINNABAR_ISLAND_GYM,11,21
building__rom_082d4d7c,298,flat,native_fallback,8,1,FR_CINNABAR_ISLAND_GYM,8,2
building__rom_082d4d7c,299,flat,native_fallback,5,1,FR_CINNABAR_ISLAND_GYM,19,8
building__rom_082d4d7c,29A,flat,native_fallback,24,1,FR_CINNABAR_ISLAND_GYM,3,16
building__rom_082d4d7c,29B,flat,native_fallback,6,1,FR_CINNABAR_ISLAND_GYM,16,8
building__rom_082d4d7c,29C,flat,native_fallback,3,1,FR_CINNABAR_ISLAND_GYM,0,22
building__rom_082d4d7c,29D,flat,native_fallback,5,1,FR_CINNABAR_ISLAND_GYM,17,8
building__rom_082d4d7c,29E,flat,native_fallback,5,1,FR_CINNABAR_ISLAND_GYM,18,8
building__rom_082d4d7c,29F,flat,native_fallback,1,1,FR_CINNABAR_ISLAND_GYM,11,22
building__rom_082d4d7c,2A0,flat,native_fallback,5,1,FR_CINNABAR_ISLAND_GYM,23,9
building__rom_082d4d7c,2A1,flat,native_fallback,6,1,FR_CINNABAR_ISLAND_GYM,19,9
building__rom_082d4d7c,2A2,flat,native_fallback,14,1,FR_CINNABAR_ISLAND_GYM,3,17
building__rom_082d4d7c,2A3,flat,native_fallback,7,1,FR_CINNABAR_ISLAND_GYM,16,9
building__rom_082d4d7c,2A4,flat,native_fallback,3,1,FR_CINNABAR_ISLAND_GYM,0,23
building__rom_082d4d7c,2A5,flat,native_fallback,5,1,FR_CINNABAR_ISLAND_GYM,17,9
building__rom_082d4d7c,2A6,flat,native_fallback,5,1,FR_CINNABAR_ISLAND_GYM,18,9
building__rom_082d4d7c,2A7,flat,native_fallback,1,1,FR_CINNABAR_ISLAND_GYM,11,23
building__rom_082d4d7c,2A8,flat,native_fallback,8,1,FR_CINNABAR_ISLAND_GYM,16,2
building__rom_082d4d7c,2A9,flat,native_fallback,1,1,FR_CINNABAR_ISLAND_GYM,4,3
building__rom_082d4d7c,2AA,flat,native_fallback,1,1,FR_CINNABAR_ISLAND_GYM,5,3
building__rom_082d4d7c,2AB,flat,native_fallback,1,1,FR_CINNABAR_ISLAND_GYM,6,3
building__rom_082d4d7c,2AC,flat,native_fallback,1,1,FR_CINNABAR_ISLAND_GYM,24,23
building__rom_082d4d7c,2AD,flat,native_fallback,1,1,FR_CINNABAR_ISLAND_GYM,25,23
building__rom_082d4d7c,2AE,flat,native_fallback,1,1,FR_CINNABAR_ISLAND_GYM,26,23
building__rom_082d4d7c,2AF,flat,native_fallback,2,1,FR_CINNABAR_ISLAND_GYM,23,19
building__rom_082d4d7c,2B0,flat,native_fallback,25,1,FR_CINNABAR_ISLAND_GYM,29,3
building__rom_082d4d7c,2B1,flat,native_fallback,1,1,FR_CINNABAR_ISLAND_GYM,4,4
building__rom_082d4d7c,2B2,flat,native_fallback,1,1,FR_CINNABAR_ISLAND_GYM,5,4
building__rom_082d4d7c,2B3,flat,native_fallback,1,1,FR_CINNABAR_ISLAND_GYM,6,4
building__rom_082d4d7c,2B4,flat,native_fallback,1,1,FR_CINNABAR_ISLAND_GYM,5,0
building__rom_082d4d7c,2B7,flat,native_fallback,2,1,FR_CINNABAR_ISLAND_GYM,23,20
building__rom_082d4d7c,2B8,flat,native_fallback,6,1,FR_CINNABAR_ISLAND_GYM,22,7
building__rom_082d4d7c,2B9,flat,native_fallback,1,1,FR_CINNABAR_ISLAND_GYM,4,5
building__rom_082d4d7c,2BA,flat,native_fallback,1,1,FR_CINNABAR_ISLAND_GYM,5,5
building__rom_082d4d7c,2BB,flat,native_fallback,1,1,FR_CINNABAR_ISLAND_GYM,6,5
building__rom_082d4d7c,2BC,flat,native_fallback,1,1,FR_CINNABAR_ISLAND_GYM,26,14
building__rom_082d4d7c,2BD,flat,native_fallback,2,1,FR_CINNABAR_ISLAND_GYM,0,15
building__rom_082d4d7c,2BE,flat,native_fallback,1,1,FR_CINNABAR_ISLAND_GYM,21,14
building__rom_082d4d7c,2BF,flat,native_fallback,1,1,FR_CINNABAR_ISLAND_GYM,21,4
building__rom_082d4d7c,2C0,flat,native_fallback,2,1,FR_CINNABAR_ISLAND_GYM,23,21
building__rom_082d4d7c,2C1,flat,native_fallback,2,1,FR_CINNABAR_ISLAND_GYM,24,21
building__rom_082d4d7c,2C3,flat,native_fallback,1,1,FR_CINNABAR_ISLAND_GYM,10,0
building__rom_082d4d7c,2C4,flat,native_fallback,1,1,FR_CINNABAR_ISLAND_GYM,11,0
building__rom_082d4d7c,2C5,flat,native_fallback,1,1,FR_CINNABAR_ISLAND_GYM,12,0
building__rom_082d4d7c,2C8,flat,native_fallback,3,1,FR_CINNABAR_ISLAND_GYM,8,1
building__rom_082d4d7c,2C9,flat,native_fallback,3,1,FR_CINNABAR_ISLAND_GYM,9,1
building__rom_082d4d7c,2CB,flat,native_fallback,1,1,FR_CINNABAR_ISLAND_GYM,10,1
building__rom_082d4d7c,2CC,flat,native_fallback,19,1,FR_CINNABAR_ISLAND_GYM,11,1
building__rom_082d4d7c,2CD,flat,native_fallback,1,1,FR_CINNABAR_ISLAND_GYM,12,1
building__rom_082d4d7c,2D2,flat,native_fallback,1,1,FR_CINNABAR_ISLAND_GYM,3,0
building__rom_082d4d7c,2D3,flat,native_fallback,1,1,FR_CINNABAR_ISLAND_GYM,10,20
building__rom_082d4d7c,2D4,flat,native_fallback,1,1,FR_CINNABAR_ISLAND_GYM,11,20
building__rom_082d4d7c,2D5,flat,native_fallback,1,1,FR_CINNABAR_ISLAND_GYM,12,20
building__rom_082d4d7c,2D6,flat,native_fallback,2,1,FR_CINNABAR_ISLAND_GYM,10,7
building__rom_082d4d7c,2D7,flat,native_fallback,2,1,FR_CINNABAR_ISLAND_GYM,12,7
building__rom_082d4d7c,2DA,flat,native_fallback,1,1,FR_CINNABAR_ISLAND_GYM,3,1
building__rom_082d4d7c,2DC,flat,native_fallback,14,1,FR_CINNABAR_ISLAND_GYM,10,2
building__rom_082d4d7c,2DD,flat,native_fallback,14,1,FR_CINNABAR_ISLAND_GYM,12,6
building__rom_082d4d7c,2DE,flat,native_fallback,2,1,FR_CINNABAR_ISLAND_GYM,10,8
building__rom_082d4d7c,2DF,flat,native_fallback,2,1,FR_CINNABAR_ISLAND_GYM,12,15
building__rom_082d4d7c,008,flat,native_fallback,27,1,FR_CINNABAR_ISLAND_GYM,3,24
building__rom_082d4e24,000,flat,native_fallback,21,1,FR_SEVEN_ISLAND_HOUSE_ROOM1,7,9
building__rom_082d4e24,108,flat,native_fallback,2,1,FR_SEVEN_ISLAND_HOUSE_ROOM1,2,0
building__rom_082d4e24,109,roomWall,native_fallback,39,1,FR_SEVEN_ISLAND_HOUSE_ROOM1,3,6
building__rom_082d4e24,01A,flat,native_fallback,1,1,FR_SEVEN_ISLAND_HOUSE_ROOM1,3,8
building__rom_082d4e24,110,flat,native_fallback,2,1,FR_SEVEN_ISLAND_HOUSE_ROOM1,2,1
building__rom_082d4e24,111,roomWall,native_fallback,5,1,FR_SEVEN_ISLAND_HOUSE_ROOM1,0,5
building__rom_082d4e24,01B,flat,native_fallback,1,1,FR_SEVEN_ISLAND_HOUSE_ROOM1,4,8
building__rom_082d4e24,01C,flat,native_fallback,1,1,FR_SEVEN_ISLAND_HOUSE_ROOM1,5,8
building__rom_082d4e24,13D,flat,native_fallback,2,1,FR_SEVEN_ISLAND_HOUSE_ROOM1,9,0
building__rom_082d4e24,13E,flat,native_fallback,2,1,FR_SEVEN_ISLAND_HOUSE_ROOM1,10,0
building__rom_082d4e24,13F,flat,native_fallback,1,1,FR_SEVEN_ISLAND_HOUSE_ROOM1,3,7
building__rom_082d4e24,145,flat,native_fallback,2,1,FR_SEVEN_ISLAND_HOUSE_ROOM1,9,1
building__rom_082d4e24,146,flat,native_fallback,2,1,FR_SEVEN_ISLAND_HOUSE_ROOM1,10,1
building__rom_082d4e24,147,flat,native_fallback,1,1,FR_SEVEN_ISLAND_HOUSE_ROOM1,4,7
building__rom_082d4e24,14D,flat,native_fallback,2,1,FR_SEVEN_ISLAND_HOUSE_ROOM1,9,2
building__rom_082d4e24,14E,flat,native_fallback,2,1,FR_SEVEN_ISLAND_HOUSE_ROOM1,10,2
building__rom_082d4e24,14F,flat,native_fallback,1,1,FR_SEVEN_ISLAND_HOUSE_ROOM1,5,7
building__rom_082d4e24,150,flat,native_fallback,1,1,FR_SEVEN_ISLAND_HOUSE_ROOM1,6,0
building__rom_082d4e24,151,flat,native_fallback,1,1,FR_SEVEN_ISLAND_HOUSE_ROOM1,7,0
building__rom_082d4e24,156,flat,native_fallback,2,1,FR_SEVEN_ISLAND_HOUSE_ROOM1,0,3
building__rom_082d4e24,158,flat,native_fallback,1,1,FR_SEVEN_ISLAND_HOUSE_ROOM1,6,1
building__rom_082d4e24,159,flat,native_fallback,1,1,FR_SEVEN_ISLAND_HOUSE_ROOM1,7,1
building__rom_082d4e24,15E,flat,native_fallback,2,1,FR_SEVEN_ISLAND_HOUSE_ROOM1,0,7
building__rom_082d4e24,165,flat,native_fallback,1,1,FR_SEVEN_ISLAND_HOUSE_ROOM1,5,4
building__rom_082d4e24,166,flat,native_fallback,1,1,FR_SEVEN_ISLAND_HOUSE_ROOM1,6,4
building__rom_082d4e24,167,flat,native_fallback,2,1,FR_SEVEN_ISLAND_HOUSE_ROOM1,7,4
building__rom_082d4e24,16D,flat,native_fallback,1,1,FR_SEVEN_ISLAND_HOUSE_ROOM1,5,5
building__rom_082d4e24,16E,flat,native_fallback,1,1,FR_SEVEN_ISLAND_HOUSE_ROOM1,6,5
building__rom_082d4e24,16F,flat,native_fallback,2,1,FR_SEVEN_ISLAND_HOUSE_ROOM1,4,4
building__rom_082d4e24,17B,flat,native_fallback,1,1,FR_SEVEN_ISLAND_HOUSE_ROOM1,3,0
building__rom_082d4e24,17C,flat,native_fallback,1,1,FR_SEVEN_ISLAND_HOUSE_ROOM1,4,0
building__rom_082d4e24,17D,flat,native_fallback,1,1,FR_SEVEN_ISLAND_HOUSE_ROOM1,5,0
building__rom_082d4e24,181,flat,native_fallback,3,1,FR_SEVEN_ISLAND_HOUSE_ROOM1,5,1
building__rom_082d4e24,182,flat,native_fallback,3,1,FR_SEVEN_ISLAND_HOUSE_ROOM1,5,2
building__rom_082d4e24,008,flat,native_fallback,8,1,FR_SEVEN_ISLAND_HOUSE_ROOM1,7,8
building__rom_082d4e6c,000,flat,native_fallback,146,6,FR_CELADON_CITY_DEPARTMENT_STORE_1F,13,15
building__rom_082d4e6c,281,flat,native_fallback,25,5,FR_CELADON_CITY_DEPARTMENT_STORE_1F,6,3
building__rom_082d4e6c,283,flat,native_fallback,32,5,FR_CELADON_CITY_DEPARTMENT_STORE_1F,9,0
building__rom_082d4e6c,284,flat,native_fallback,5,5,FR_CELADON_CITY_DEPARTMENT_STORE_1F,5,0
building__rom_082d4e6c,285,flat,native_fallback,5,5,FR_CELADON_CITY_DEPARTMENT_STORE_1F,6,0
building__rom_082d4e6c,286,flat,native_fallback,5,5,FR_CELADON_CITY_DEPARTMENT_STORE_1F,7,0
building__rom_082d4e6c,287,flat,native_fallback,5,5,FR_CELADON_CITY_DEPARTMENT_STORE_1F,8,0
building__rom_082d4e6c,288,flat,native_fallback,38,1,FR_CELADON_CITY_DEPARTMENT_STORE_ROOF,1,12
building__rom_082d4e6c,289,flat,native_fallback,34,5,FR_CELADON_CITY_DEPARTMENT_STORE_1F,4,4
building__rom_082d4e6c,28A,flat,native_fallback,10,5,FR_CELADON_CITY_DEPARTMENT_STORE_1F,8,2
building__rom_082d4e6c,28B,flat,native_fallback,22,5,FR_CELADON_CITY_DEPARTMENT_STORE_1F,9,1
building__rom_082d4e6c,28C,flat,native_fallback,5,5,FR_CELADON_CITY_DEPARTMENT_STORE_1F,5,1
building__rom_082d4e6c,28D,flat,native_fallback,5,5,FR_CELADON_CITY_DEPARTMENT_STORE_1F,6,1
building__rom_082d4e6c,28E,flat,native_fallback,5,5,FR_CELADON_CITY_DEPARTMENT_STORE_1F,7,1
building__rom_082d4e6c,28F,flat,native_fallback,5,5,FR_CELADON_CITY_DEPARTMENT_STORE_1F,8,1
building__rom_082d4e6c,290,flat,native_fallback,1,1,FR_CELADON_CITY_DEPARTMENT_STORE_2F,6,2
building__rom_082d4e6c,291,flat,native_fallback,1,1,FR_CELADON_CITY_DEPARTMENT_STORE_3F,6,2
building__rom_082d4e6c,292,flat,native_fallback,1,1,FR_CELADON_CITY_DEPARTMENT_STORE_4F,6,2
building__rom_082d4e6c,293,flat,native_fallback,1,1,FR_CELADON_CITY_DEPARTMENT_STORE_5F,6,2
building__rom_082d4e6c,294,flat,native_fallback,5,5,FR_CELADON_CITY_DEPARTMENT_STORE_1F,5,2
building__rom_082d4e6c,295,flat,native_fallback,1,1,FR_CELADON_CITY_DEPARTMENT_STORE_1F,6,2
building__rom_082d4e6c,296,flat,native_fallback,5,5,FR_CELADON_CITY_DEPARTMENT_STORE_1F,7,2
building__rom_082d4e6c,297,flat,native_fallback,2,2,FR_CELADON_CITY_DEPARTMENT_STORE_2F,11,2
building__rom_082d4e6c,298,flat,native_fallback,5,5,FR_CELADON_CITY_DEPARTMENT_STORE_1F,1,0
building__rom_082d4e6c,299,flat,native_fallback,2,2,FR_CELADON_CITY_DEPARTMENT_STORE_2F,1,2
building__rom_082d4e6c,29A,flat,native_fallback,2,2,FR_CELADON_CITY_DEPARTMENT_STORE_2F,2,2
building__rom_082d4e6c,29B,flat,native_fallback,2,2,FR_CELADON_CITY_DEPARTMENT_STORE_2F,10,3
building__rom_082d4e6c,29C,flat,native_fallback,2,2,FR_CELADON_CITY_DEPARTMENT_STORE_2F,11,3
building__rom_082d4e6c,29D,flat,native_fallback,2,2,FR_CELADON_CITY_DEPARTMENT_STORE_2F,10,1
building__rom_082d4e6c,29E,flat,native_fallback,2,2,FR_CELADON_CITY_DEPARTMENT_STORE_2F,11,1
building__rom_082d4e6c,29F,flat,native_fallback,5,5,FR_CELADON_CITY_DEPARTMENT_STORE_1F,10,0
building__rom_082d4e6c,2A0,flat,native_fallback,5,5,FR_CELADON_CITY_DEPARTMENT_STORE_1F,1,3
building__rom_082d4e6c,2A1,flat,native_fallback,2,2,FR_CELADON_CITY_DEPARTMENT_STORE_2F,1,3
building__rom_082d4e6c,2A2,flat,native_fallback,2,2,FR_CELADON_CITY_DEPARTMENT_STORE_2F,2,3
building__rom_082d4e6c,2A3,flat,native_fallback,2,2,FR_CELADON_CITY_DEPARTMENT_STORE_2F,3,3
building__rom_082d4e6c,2A4,flat,native_fallback,2,2,FR_CELADON_CITY_DEPARTMENT_STORE_2F,9,3
building__rom_082d4e6c,2A5,flat,native_fallback,2,2,FR_CELADON_CITY_DEPARTMENT_STORE_2F,10,2
building__rom_082d4e6c,2A7,flat,native_fallback,4,4,FR_CELADON_CITY_DEPARTMENT_STORE_2F,12,3
building__rom_082d4e6c,2A8,flat,native_fallback,3,1,FR_CELADON_CITY_DEPARTMENT_STORE_1F,11,3
building__rom_082d4e6c,2AA,flat,native_fallback,2,1,FR_CELADON_CITY_DEPARTMENT_STORE_1F,1,14
building__rom_082d4e6c,2AB,flat,native_fallback,2,1,FR_CELADON_CITY_DEPARTMENT_STORE_1F,2,14
building__rom_082d4e6c,2AC,flat,native_fallback,2,1,FR_CELADON_CITY_DEPARTMENT_STORE_1F,11,14
building__rom_082d4e6c,2AD,flat,native_fallback,2,2,FR_CELADON_CITY_DEPARTMENT_STORE_1F,10,4
building__rom_082d4e6c,2AE,flat,native_fallback,10,5,FR_CELADON_CITY_DEPARTMENT_STORE_1F,2,4
building__rom_082d4e6c,2AF,flat,native_fallback,2,2,FR_CELADON_CITY_DEPARTMENT_STORE_1F,3,4
building__rom_082d4e6c,2B0,flat,native_fallback,10,5,FR_CELADON_CITY_DEPARTMENT_STORE_1F,1,2
building__rom_082d4e6c,2B1,flat,native_fallback,10,5,FR_CELADON_CITY_DEPARTMENT_STORE_1F,10,1
building__rom_082d4e6c,2B2,flat,native_fallback,2,1,FR_CELADON_CITY_DEPARTMENT_STORE_1F,9,15
building__rom_082d4e6c,2B3,flat,native_fallback,2,1,FR_CELADON_CITY_DEPARTMENT_STORE_1F,2,15
building__rom_082d4e6c,2B4,flat,native_fallback,2,1,FR_CELADON_CITY_DEPARTMENT_STORE_1F,11,15
building__rom_082d4e6c,2B5,flat,native_fallback,2,2,FR_CELADON_CITY_DEPARTMENT_STORE_1F,10,5
building__rom_082d4e6c,2B6,flat,native_fallback,11,5,FR_CELADON_CITY_DEPARTMENT_STORE_1F,0,5
building__rom_082d4e6c,2B7,flat,native_fallback,3,3,FR_CELADON_CITY_DEPARTMENT_STORE_1F,3,5
building__rom_082d4e6c,2B8,flat,native_fallback,31,1,FR_CELADON_CITY_DEPARTMENT_STORE_ROOF,12,6
building__rom_082d4e6c,2B9,flat,native_fallback,5,1,FR_CELADON_CITY_DEPARTMENT_STORE_ROOF,1,4
building__rom_082d4e6c,2BB,flat,native_fallback,12,1,FR_CELADON_CITY_DEPARTMENT_STORE_ROOF,12,4
building__rom_082d4e6c,2BD,flat,native_fallback,20,4,FR_CELADON_CITY_DEPARTMENT_STORE_2F,9,8
building__rom_082d4e6c,2BE,flat,native_fallback,4,3,FR_CELADON_CITY_DEPARTMENT_STORE_1F,0,6
building__rom_082d4e6c,2BF,flat,native_fallback,4,3,FR_CELADON_CITY_DEPARTMENT_STORE_1F,12,12
building__rom_082d4e6c,2C0,flat,native_fallback,179,5,FR_CELADON_CITY_DEPARTMENT_STORE_1F,3,6
building__rom_082d4e6c,2C1,flat,native_fallback,24,5,FR_CELADON_CITY_DEPARTMENT_STORE_1F,0,8
building__rom_082d4e6c,2C2,flat,native_fallback,1,1,FR_CELADON_CITY_DEPARTMENT_STORE_3F,9,9
building__rom_082d4e6c,2C3,flat,native_fallback,31,5,FR_CELADON_CITY_DEPARTMENT_STORE_1F,4,5
building__rom_082d4e6c,2C4,flat,native_fallback,17,4,FR_CELADON_CITY_DEPARTMENT_STORE_2F,12,11
building__rom_082d4e6c,2C5,flat,native_fallback,53,4,FR_CELADON_CITY_DEPARTMENT_STORE_2F,1,14
building__rom_082d4e6c,2C6,flat,native_fallback,4,3,FR_CELADON_CITY_DEPARTMENT_STORE_1F,0,7
building__rom_082d4e6c,2C7,flat,native_fallback,4,3,FR_CELADON_CITY_DEPARTMENT_STORE_1F,12,13
building__rom_082d4e6c,2C8,flat,native_fallback,1,1,FR_CELADON_CITY_DEPARTMENT_STORE_1F,2,7
building__rom_082d4e6c,2C9,flat,native_fallback,1,1,FR_CELADON_CITY_DEPARTMENT_STORE_1F,10,8
building__rom_082d4e6c,2CA,flat,native_fallback,1,1,FR_CELADON_CITY_DEPARTMENT_STORE_1F,10,7
building__rom_082d4e6c,2CB,flat,native_fallback,1,1,FR_CELADON_CITY_DEPARTMENT_STORE_1F,3,7
building__rom_082d4e6c,2CC,flat,native_fallback,5,1,FR_CELADON_CITY_DEPARTMENT_STORE_1F,4,7
building__rom_082d4e6c,2CD,flat,native_fallback,1,1,FR_CELADON_CITY_DEPARTMENT_STORE_1F,9,7
building__rom_082d4e6c,2CE,flat,native_fallback,1,1,FR_CELADON_CITY_DEPARTMENT_STORE_1F,6,10
building__rom_082d4e6c,2CF,flat,native_fallback,1,1,FR_CELADON_CITY_DEPARTMENT_STORE_3F,0,4
building__rom_082d4e6c,2D0,flat,native_fallback,4,1,FR_CELADON_CITY_DEPARTMENT_STORE_1F,2,10
building__rom_082d4e6c,2D1,flat,native_fallback,3,1,FR_CELADON_CITY_DEPARTMENT_STORE_1F,10,9
building__rom_082d4e6c,2D2,flat,native_fallback,1,1,FR_CELADON_CITY_DEPARTMENT_STORE_1F,10,12
building__rom_082d4e6c,2D3,flat,native_fallback,2,2,FR_CELADON_CITY_DEPARTMENT_STORE_1F,3,8
building__rom_082d4e6c,2D4,flat,native_fallback,21,3,FR_CELADON_CITY_DEPARTMENT_STORE_1F,7,8
building__rom_082d4e6c,2D5,flat,native_fallback,3,3,FR_CELADON_CITY_DEPARTMENT_STORE_1F,9,8
building__rom_082d4e6c,2D6,flat,native_fallback,5,5,FR_CELADON_CITY_DEPARTMENT_STORE_1F,6,11
building__rom_082d4e6c,2D7,flat,native_fallback,2,1,FR_CELADON_CITY_DEPARTMENT_STORE_3F,12,4
building__rom_082d4e6c,2D8,flat,native_fallback,1,1,FR_CELADON_CITY_DEPARTMENT_STORE_1F,2,12
building__rom_082d4e6c,2D9,flat,native_fallback,1,1,FR_CELADON_CITY_DEPARTMENT_STORE_1F,4,9
building__rom_082d4e6c,2DA,flat,native_fallback,4,1,FR_CELADON_CITY_DEPARTMENT_STORE_1F,7,9
building__rom_082d4e6c,2DB,flat,native_fallback,2,2,FR_CELADON_CITY_DEPARTMENT_STORE_1F,3,9
building__rom_082d4e6c,2DC,flat,native_fallback,7,1,FR_CELADON_CITY_DEPARTMENT_STORE_1F,3,12
building__rom_082d4e6c,2DD,flat,native_fallback,4,4,FR_CELADON_CITY_DEPARTMENT_STORE_1F,9,9
building__rom_082d4e6c,2DE,flat,native_fallback,4,1,FR_CELADON_CITY_DEPARTMENT_STORE_3F,4,9
building__rom_082d4e6c,2DF,flat,native_fallback,2,1,FR_CELADON_CITY_DEPARTMENT_STORE_3F,12,5
building__rom_082d4e6c,2E0,flat,native_fallback,3,3,FR_CELADON_CITY_DEPARTMENT_STORE_2F,10,4
building__rom_082d4e6c,2E1,flat,native_fallback,1,1,FR_CELADON_CITY_DEPARTMENT_STORE_3F,2,4
building__rom_082d4e6c,2E2,flat,native_fallback,1,1,FR_CELADON_CITY_DEPARTMENT_STORE_4F,7,14
building__rom_082d4e6c,2E3,flat,native_fallback,2,2,FR_CELADON_CITY_DEPARTMENT_STORE_1F,3,10
building__rom_082d4e6c,2E4,flat,native_fallback,1,1,FR_CELADON_CITY_DEPARTMENT_STORE_1F,4,10
building__rom_082d4e6c,2E5,flat,native_fallback,3,1,FR_CELADON_CITY_DEPARTMENT_STORE_1F,7,10
building__rom_082d4e6c,2E6,flat,native_fallback,3,3,FR_CELADON_CITY_DEPARTMENT_STORE_2F,2,8
building__rom_082d4e6c,2E7,flat,native_fallback,2,1,FR_CELADON_CITY_DEPARTMENT_STORE_3F,12,6
building__rom_082d4e6c,2E8,flat,native_fallback,1,1,FR_CELADON_CITY_DEPARTMENT_STORE_3F,8,7
building__rom_082d4e6c,2E9,flat,native_fallback,11,2,FR_CELADON_CITY_DEPARTMENT_STORE_3F,3,7
building__rom_082d4e6c,2EA,flat,native_fallback,4,2,FR_CELADON_CITY_DEPARTMENT_STORE_3F,12,7
building__rom_082d4e6c,2EB,flat,native_fallback,7,5,FR_CELADON_CITY_DEPARTMENT_STORE_1F,3,11
building__rom_082d4e6c,2EC,flat,native_fallback,2,2,FR_CELADON_CITY_DEPARTMENT_STORE_2F,2,4
building__rom_082d4e6c,2EE,flat,native_fallback,5,3,FR_CELADON_CITY_DEPARTMENT_STORE_2F,2,9
building__rom_082d4e6c,2EF,flat,native_fallback,2,1,FR_CELADON_CITY_DEPARTMENT_STORE_1F,12,4
building__rom_082d4e6c,2F1,flat,native_fallback,1,1,FR_CELADON_CITY_DEPARTMENT_STORE_3F,9,10
building__rom_082d4e6c,2F2,flat,native_fallback,5,4,FR_CELADON_CITY_DEPARTMENT_STORE_2F,0,8
building__rom_082d4e6c,2F3,flat,native_fallback,1,1,FR_CELADON_CITY_DEPARTMENT_STORE_1F,9,10
building__rom_082d4e6c,2F4,flat,native_fallback,5,1,FR_CELADON_CITY_DEPARTMENT_STORE_ROOF,5,11
building__rom_082d4e6c,2F5,flat,native_fallback,5,1,FR_CELADON_CITY_DEPARTMENT_STORE_ROOF,6,11
building__rom_082d4e6c,2F6,flat,native_fallback,5,1,FR_CELADON_CITY_DEPARTMENT_STORE_ROOF,10,11
building__rom_082d4e6c,2F7,flat,native_fallback,2,1,FR_CELADON_CITY_DEPARTMENT_STORE_1F,12,5
building__rom_082d4e6c,2F8,flat,native_fallback,4,2,FR_CELADON_CITY_DEPARTMENT_STORE_2F,1,10
building__rom_082d4e6c,2F9,flat,native_fallback,5,2,FR_CELADON_CITY_DEPARTMENT_STORE_2F,2,10
building__rom_082d4e6c,2FA,flat,native_fallback,4,2,FR_CELADON_CITY_DEPARTMENT_STORE_2F,3,12
building__rom_082d4e6c,2FB,flat,native_fallback,1,1,FR_CELADON_CITY_DEPARTMENT_STORE_1F,9,11
building__rom_082d4e6c,2FC,flat,native_fallback,5,1,FR_CELADON_CITY_DEPARTMENT_STORE_ROOF,5,12
building__rom_082d4e6c,2FD,flat,native_fallback,5,1,FR_CELADON_CITY_DEPARTMENT_STORE_ROOF,3,12
building__rom_082d4e6c,2FE,flat,native_fallback,5,1,FR_CELADON_CITY_DEPARTMENT_STORE_ROOF,10,12
building__rom_082d4e6c,2FF,flat,native_fallback,2,1,FR_CELADON_CITY_DEPARTMENT_STORE_1F,12,6
building__rom_082d4e6c,300,flat,native_fallback,6,2,FR_CELADON_CITY_DEPARTMENT_STORE_2F,1,13
building__rom_082d4e6c,301,flat,native_fallback,6,2,FR_CELADON_CITY_DEPARTMENT_STORE_2F,2,11
building__rom_082d4e6c,302,flat,native_fallback,6,2,FR_CELADON_CITY_DEPARTMENT_STORE_2F,3,11
building__rom_082d4e6c,303,flat,native_fallback,1,1,FR_CELADON_CITY_DEPARTMENT_STORE_2F,3,10
building__rom_082d4e6c,304,flat,native_fallback,4,4,FR_CELADON_CITY_DEPARTMENT_STORE_2F,1,8
building__rom_082d4e6c,306,flat,native_fallback,3,3,FR_CELADON_CITY_DEPARTMENT_STORE_2F,11,4
building__rom_082d4e6c,307,flat,native_fallback,3,3,FR_CELADON_CITY_DEPARTMENT_STORE_2F,12,4
building__rom_082d4e6c,308,flat,native_fallback,2,1,FR_CELADON_CITY_DEPARTMENT_STORE_4F,5,6
building__rom_082d4e6c,309,flat,native_fallback,1,1,FR_CELADON_CITY_DEPARTMENT_STORE_4F,6,6
building__rom_082d4e6c,30A,flat,native_fallback,1,1,FR_CELADON_CITY_DEPARTMENT_STORE_4F,7,6
building__rom_082d4e6c,30B,flat,native_fallback,4,1,FR_CELADON_CITY_DEPARTMENT_STORE_3F,4,7
building__rom_082d4e6c,30C,flat,native_fallback,4,1,FR_CELADON_CITY_DEPARTMENT_STORE_3F,2,10
building__rom_082d4e6c,30D,flat,native_fallback,3,3,FR_CELADON_CITY_DEPARTMENT_STORE_2F,10,5
building__rom_082d4e6c,30E,flat,native_fallback,3,3,FR_CELADON_CITY_DEPARTMENT_STORE_2F,11,5
building__rom_082d4e6c,30F,flat,native_fallback,3,3,FR_CELADON_CITY_DEPARTMENT_STORE_2F,12,5
building__rom_082d4e6c,310,flat,native_fallback,2,1,FR_CELADON_CITY_DEPARTMENT_STORE_2F,10,11
building__rom_082d4e6c,311,flat,native_fallback,2,1,FR_CELADON_CITY_DEPARTMENT_STORE_2F,8,11
building__rom_082d4e6c,312,flat,native_fallback,2,2,FR_CELADON_CITY_DEPARTMENT_STORE_1F,12,9
building__rom_082d4e6c,313,flat,native_fallback,4,1,FR_CELADON_CITY_DEPARTMENT_STORE_3F,4,8
building__rom_082d4e6c,314,flat,native_fallback,4,1,FR_CELADON_CITY_DEPARTMENT_STORE_3F,2,11
building__rom_082d4e6c,316,flat,native_fallback,1,1,FR_CELADON_CITY_DEPARTMENT_STORE_1F,0,9
building__rom_082d4e6c,317,flat,native_fallback,8,1,FR_CELADON_CITY_DEPARTMENT_STORE_5F,8,7
building__rom_082d4e6c,318,flat,native_fallback,5,3,FR_CELADON_CITY_DEPARTMENT_STORE_2F,10,7
building__rom_082d4e6c,319,flat,native_fallback,5,3,FR_CELADON_CITY_DEPARTMENT_STORE_2F,8,7
building__rom_082d4e6c,31A,flat,native_fallback,2,2,FR_CELADON_CITY_DEPARTMENT_STORE_1F,12,10
building__rom_082d4e6c,31B,flat,native_fallback,1,1,FR_CELADON_CITY_DEPARTMENT_STORE_5F,12,13
building__rom_082d4e6c,31C,flat,native_fallback,2,2,FR_CELADON_CITY_DEPARTMENT_STORE_2F,2,5
building__rom_082d4e6c,31E,flat,native_fallback,1,1,FR_CELADON_CITY_DEPARTMENT_STORE_1F,0,10
building__rom_082d4e6c,31F,flat,native_fallback,8,1,FR_CELADON_CITY_DEPARTMENT_STORE_5F,7,8
building__rom_082d4e6c,320,flat,native_fallback,7,3,FR_CELADON_CITY_DEPARTMENT_STORE_2F,7,8
building__rom_082d4e6c,321,flat,native_fallback,7,3,FR_CELADON_CITY_DEPARTMENT_STORE_2F,8,8
building__rom_082d4e6c,322,flat,native_fallback,2,2,FR_CELADON_CITY_DEPARTMENT_STORE_1F,12,11
building__rom_082d4e6c,323,flat,native_fallback,1,1,FR_CELADON_CITY_DEPARTMENT_STORE_5F,12,14
building__rom_082d4e6c,324,flat,native_fallback,2,2,FR_CELADON_CITY_DEPARTMENT_STORE_2F,2,6
building__rom_082d4e6c,325,flat,native_fallback,3,1,FR_CELADON_CITY_DEPARTMENT_STORE_ROOF,12,2
building__rom_082d4e6c,326,flat,native_fallback,1,1,FR_CELADON_CITY_DEPARTMENT_STORE_1F,0,11
building__rom_082d4e6c,327,flat,native_fallback,8,1,FR_CELADON_CITY_DEPARTMENT_STORE_5F,7,9
building__rom_082d4e6c,328,flat,native_fallback,7,3,FR_CELADON_CITY_DEPARTMENT_STORE_2F,7,9
building__rom_082d4e6c,329,flat,native_fallback,7,3,FR_CELADON_CITY_DEPARTMENT_STORE_2F,11,9
building__rom_082d4e6c,32A,flat,native_fallback,1,1,FR_CELADON_CITY_DEPARTMENT_STORE_ROOF,3,4
building__rom_082d4e6c,32B,flat,native_fallback,2,1,FR_CELADON_CITY_DEPARTMENT_STORE_ROOF,5,4
building__rom_082d4e6c,32C,flat,native_fallback,1,1,FR_CELADON_CITY_DEPARTMENT_STORE_ROOF,6,4
building__rom_082d4e6c,32D,flat,native_fallback,3,1,FR_CELADON_CITY_DEPARTMENT_STORE_ROOF,12,3
building__rom_082d4e6c,32E,flat,native_fallback,1,1,FR_CELADON_CITY_DEPARTMENT_STORE_ROOF,13,0
building__rom_082d4e6c,32F,flat,native_fallback,3,1,FR_CELADON_CITY_DEPARTMENT_STORE_ROOF,16,0
building__rom_082d4e6c,330,flat,native_fallback,7,3,FR_CELADON_CITY_DEPARTMENT_STORE_2F,10,10
building__rom_082d4e6c,331,flat,native_fallback,7,3,FR_CELADON_CITY_DEPARTMENT_STORE_2F,11,14
building__rom_082d4e6c,332,flat,native_fallback,1,1,FR_CELADON_CITY_DEPARTMENT_STORE_ROOF,3,7
building__rom_082d4e6c,333,flat,native_fallback,1,1,FR_CELADON_CITY_DEPARTMENT_STORE_ROOF,6,7
building__rom_082d4e6c,334,flat,native_fallback,2,1,FR_CELADON_CITY_DEPARTMENT_STORE_ROOF,3,5
building__rom_082d4e6c,335,flat,native_fallback,2,1,FR_CELADON_CITY_DEPARTMENT_STORE_ROOF,6,5
building__rom_082d4e6c,336,flat,native_fallback,6,1,FR_CELADON_CITY_DEPARTMENT_STORE_ROOF,16,2
building__rom_082d4e6c,337,flat,native_fallback,3,1,FR_CELADON_CITY_DEPARTMENT_STORE_ROOF,15,1
building__rom_082d4e6c,338,flat,native_fallback,1,1,FR_CELADON_CITY_DEPARTMENT_STORE_ROOF,0,1
building__rom_082d4e6c,339,flat,native_fallback,12,1,FR_CELADON_CITY_DEPARTMENT_STORE_ROOF,2,1
building__rom_082d4e6c,33A,flat,native_fallback,14,1,FR_CELADON_CITY_DEPARTMENT_STORE_ROOF,2,8
building__rom_082d4e6c,33B,flat,native_fallback,4,1,FR_CELADON_CITY_DEPARTMENT_STORE_ROOF,18,10
building__rom_082d4e6c,33C,flat,native_fallback,1,1,FR_CELADON_CITY_DEPARTMENT_STORE_ROOF,14,2
building__rom_082d4e6c,33D,flat,native_fallback,2,1,FR_CELADON_CITY_DEPARTMENT_STORE_ROOF,13,2
building__rom_082d4e6c,33E,flat,native_fallback,1,1,FR_CELADON_CITY_DEPARTMENT_STORE_ROOF,15,2
building__rom_082d4e6c,33F,flat,native_fallback,6,1,FR_CELADON_CITY_DEPARTMENT_STORE_ROOF,17,1
building__rom_082d4e6c,340,flat,native_fallback,1,1,FR_CELADON_CITY_DEPARTMENT_STORE_ROOF,0,2
building__rom_082d4e6c,341,flat,native_fallback,26,1,FR_CELADON_CITY_DEPARTMENT_STORE_ROOF,2,2
building__rom_082d4e6c,342,flat,native_fallback,1,1,FR_CELADON_CITY_DEPARTMENT_STORE_ROOF,1,8
building__rom_082d4e6c,343,flat,native_fallback,4,1,FR_CELADON_CITY_DEPARTMENT_STORE_ROOF,0,13
building__rom_082d4e6c,344,flat,native_fallback,1,1,FR_CELADON_CITY_DEPARTMENT_STORE_ROOF,14,3
building__rom_082d4e6c,345,flat,native_fallback,1,1,FR_CELADON_CITY_DEPARTMENT_STORE_ROOF,13,3
building__rom_082d4e6c,346,flat,native_fallback,1,1,FR_CELADON_CITY_DEPARTMENT_STORE_ROOF,15,3
building__rom_082d4e6c,347,flat,native_fallback,1,1,FR_CELADON_CITY_DEPARTMENT_STORE_ROOF,17,7
building__rom_082d4e6c,348,flat,native_fallback,5,1,FR_CELADON_CITY_DEPARTMENT_STORE_ROOF,0,5
building__rom_082d4e6c,349,flat,native_fallback,1,1,FR_CELADON_CITY_DEPARTMENT_STORE_ROOF,16,8
building__rom_082d4e6c,34A,flat,native_fallback,1,1,FR_CELADON_CITY_DEPARTMENT_STORE_ROOF,17,8
building__rom_082d4e6c,34B,flat,native_fallback,1,1,FR_CELADON_CITY_DEPARTMENT_STORE_ROOF,4,5
building__rom_082d4e6c,34C,flat,native_fallback,1,1,FR_CELADON_CITY_DEPARTMENT_STORE_ROOF,5,5
building__rom_082d4e6c,34D,flat,native_fallback,1,1,FR_CELADON_CITY_DEPARTMENT_STORE_ROOF,15,4
building__rom_082d4e6c,34E,flat,native_fallback,1,1,FR_CELADON_CITY_DEPARTMENT_STORE_ROOF,15,6
building__rom_082d4e6c,34F,flat,native_fallback,1,1,FR_CELADON_CITY_DEPARTMENT_STORE_ROOF,17,0
building__rom_082d4e6c,350,flat,native_fallback,1,1,FR_CELADON_CITY_DEPARTMENT_STORE_ROOF,0,8
building__rom_082d4e6c,351,flat,native_fallback,1,1,FR_CELADON_CITY_DEPARTMENT_STORE_ROOF,18,2
building__rom_082d4e6c,352,flat,native_fallback,1,1,FR_CELADON_CITY_DEPARTMENT_STORE_ROOF,18,8
building__rom_082d4e6c,353,flat,native_fallback,1,1,FR_CELADON_CITY_DEPARTMENT_STORE_ROOF,4,6
building__rom_082d4e6c,354,flat,native_fallback,1,1,FR_CELADON_CITY_DEPARTMENT_STORE_ROOF,5,6
building__rom_082d4e6c,355,flat,native_fallback,1,1,FR_CELADON_CITY_DEPARTMENT_STORE_ROOF,15,5
building__rom_082d4e6c,356,flat,native_fallback,1,1,FR_CELADON_CITY_DEPARTMENT_STORE_ROOF,15,7
building__rom_082d4e6c,357,flat,native_fallback,14,1,FR_CELADON_CITY_DEPARTMENT_STORE_ROOF,2,0
building__rom_082d4e6c,358,flat,native_fallback,1,1,FR_CELADON_CITY_DEPARTMENT_STORE_ROOF,0,9
building__rom_082d4e6c,359,flat,native_fallback,5,1,FR_CELADON_CITY_DEPARTMENT_STORE_ROOF,18,4
building__rom_082d4e6c,35A,flat,native_fallback,1,1,FR_CELADON_CITY_DEPARTMENT_STORE_ROOF,18,9
building__rom_082d4e6c,35B,flat,native_fallback,1,1,FR_CELADON_CITY_DEPARTMENT_STORE_ROOF,4,7
building__rom_082d4e6c,35C,flat,native_fallback,1,1,FR_CELADON_CITY_DEPARTMENT_STORE_ROOF,5,7
building__rom_082d4e6c,35D,flat,native_fallback,1,1,FR_CELADON_CITY_DEPARTMENT_STORE_ROOF,18,1
building__rom_082d4e6c,35E,flat,native_fallback,2,2,FR_CELADON_CITY_DEPARTMENT_STORE_2F,3,2
building__rom_082d4e6c,35F,flat,native_fallback,2,2,FR_CELADON_CITY_DEPARTMENT_STORE_2F,9,2
building__rom_082d4e6c,360,flat,native_fallback,3,3,FR_CELADON_CITY_DEPARTMENT_STORE_1F,2,1
building__rom_082d4e6c,361,flat,native_fallback,3,3,FR_CELADON_CITY_DEPARTMENT_STORE_1F,3,1
building__rom_082d4e6c,363,flat,native_fallback,1,1,FR_CELADON_CITY_DEPARTMENT_STORE_ROOF,9,3
building__rom_082d4e6c,365,flat,native_fallback,1,1,FR_CELADON_CITY_DEPARTMENT_STORE_1F,10,3
building__rom_082d4e6c,368,flat,native_fallback,3,3,FR_CELADON_CITY_DEPARTMENT_STORE_1F,2,2
building__rom_082d4e6c,369,flat,native_fallback,3,3,FR_CELADON_CITY_DEPARTMENT_STORE_1F,3,2
building__rom_082d4e6c,36A,flat,native_fallback,3,3,FR_CELADON_CITY_DEPARTMENT_STORE_1F,4,2
building__rom_082d4e6c,36B,flat,native_fallback,2,2,FR_CELADON_CITY_DEPARTMENT_STORE_3F,9,2
building__rom_082d4e6c,36C,flat,native_fallback,2,2,FR_CELADON_CITY_DEPARTMENT_STORE_3F,10,2
building__rom_082d4e6c,36D,flat,native_fallback,2,2,FR_CELADON_CITY_DEPARTMENT_STORE_3F,11,2
building__rom_082d4e6c,370,flat,native_fallback,3,3,FR_CELADON_CITY_DEPARTMENT_STORE_1F,2,3
building__rom_082d4e6c,371,flat,native_fallback,3,3,FR_CELADON_CITY_DEPARTMENT_STORE_1F,3,3
building__rom_082d4e6c,372,flat,native_fallback,3,3,FR_CELADON_CITY_DEPARTMENT_STORE_1F,4,3
building__rom_082d4e6c,373,flat,native_fallback,2,2,FR_CELADON_CITY_DEPARTMENT_STORE_3F,9,3
building__rom_082d4e6c,374,flat,native_fallback,2,2,FR_CELADON_CITY_DEPARTMENT_STORE_3F,10,3
building__rom_082d4e6c,375,flat,native_fallback,2,2,FR_CELADON_CITY_DEPARTMENT_STORE_3F,11,3
building__rom_082d4e6c,008,flat,native_fallback,16,1,FR_CELADON_CITY_DEPARTMENT_STORE_1F,0,15
building__rom_082d4e9c,000,flat,native_fallback,40,1,FR_POWER_PLANT,49,25
building__rom_082d4e9c,281,flat,native_fallback,1,1,FR_POWER_PLANT,10,6
building__rom_082d4e9c,282,flat,native_fallback,3,1,FR_POWER_PLANT,30,5
building__rom_082d4e9c,283,flat,native_fallback,1,1,FR_POWER_PLANT,0,0
building__rom_082d4e9c,284,flat,native_fallback,4,1,FR_POWER_PLANT,11,0
building__rom_082d4e9c,285,flat,native_fallback,36,1,FR_POWER_PLANT,41,0
building__rom_082d4e9c,286,flat,native_fallback,4,1,FR_POWER_PLANT,19,0
building__rom_082d4e9c,287,flat,native_fallback,1,1,FR_POWER_PLANT,48,0
building__rom_082d4e9c,289,flat,native_fallback,1,1,FR_POWER_PLANT,33,13
building__rom_082d4e9c,28A,flat,native_fallback,1,1,FR_POWER_PLANT,44,27
building__rom_082d4e9c,28B,flat,native_fallback,1,1,FR_POWER_PLANT,0,1
building__rom_082d4e9c,28C,flat,native_fallback,4,1,FR_POWER_PLANT,11,1
building__rom_082d4e9c,28D,flat,native_fallback,137,1,FR_POWER_PLANT,11,34
building__rom_082d4e9c,28E,flat,native_fallback,4,1,FR_POWER_PLANT,32,1
building__rom_082d4e9c,28F,flat,native_fallback,1,1,FR_POWER_PLANT,48,1
building__rom_082d4e9c,290,flat,native_fallback,1,1,FR_POWER_PLANT,10,19
building__rom_082d4e9c,291,flat,native_fallback,11,1,FR_POWER_PLANT,16,34
building__rom_082d4e9c,292,flat,native_fallback,11,1,FR_POWER_PLANT,13,34
building__rom_082d4e9c,293,flat,native_fallback,28,1,FR_POWER_PLANT,0,34
building__rom_082d4e9c,294,flat,native_fallback,4,1,FR_POWER_PLANT,11,2
building__rom_082d4e9c,295,flat,native_fallback,126,1,FR_POWER_PLANT,21,29
building__rom_082d4e9c,296,flat,native_fallback,4,1,FR_POWER_PLANT,32,2
building__rom_082d4e9c,297,flat,native_fallback,35,1,FR_POWER_PLANT,48,25
building__rom_082d4e9c,298,flat,native_fallback,68,1,FR_POWER_PLANT,10,34
building__rom_082d4e9c,299,flat,native_fallback,11,1,FR_POWER_PLANT,8,30
building__rom_082d4e9c,29A,flat,native_fallback,11,1,FR_POWER_PLANT,5,30
building__rom_082d4e9c,29B,flat,native_fallback,74,1,FR_POWER_PLANT,14,34
building__rom_082d4e9c,29C,flat,native_fallback,4,1,FR_POWER_PLANT,11,3
building__rom_082d4e9c,29D,flat,native_fallback,97,1,FR_POWER_PLANT,10,5
building__rom_082d4e9c,29E,flat,native_fallback,4,1,FR_POWER_PLANT,19,3
building__rom_082d4e9c,29F,flat,native_fallback,537,1,FR_POWER_PLANT,4,34
building__rom_082d4e9c,2A0,flat,native_fallback,5,1,FR_POWER_PLANT,10,2
building__rom_082d4e9c,2A1,flat,native_fallback,10,1,FR_POWER_PLANT,8,28
building__rom_082d4e9c,2A2,flat,native_fallback,143,1,FR_POWER_PLANT,44,33
building__rom_082d4e9c,2A3,flat,native_fallback,10,1,FR_POWER_PLANT,16,28
building__rom_082d4e9c,2A4,flat,native_fallback,1,1,FR_POWER_PLANT,30,18
building__rom_082d4e9c,2A5,flat,native_fallback,2,1,FR_POWER_PLANT,20,13
building__rom_082d4e9c,2A6,flat,native_fallback,4,1,FR_POWER_PLANT,10,7
building__rom_082d4e9c,2A7,flat,native_fallback,4,1,FR_POWER_PLANT,20,27
building__rom_082d4e9c,2A8,flat,native_fallback,5,1,FR_POWER_PLANT,10,3
building__rom_082d4e9c,2A9,flat,native_fallback,1,1,FR_POWER_PLANT,0,39
building__rom_082d4e9c,2AA,flat,native_fallback,1,1,FR_POWER_PLANT,3,39
building__rom_082d4e9c,2AB,flat,native_fallback,40,1,FR_POWER_PLANT,16,39
building__rom_082d4e9c,2AC,flat,native_fallback,1,1,FR_POWER_PLANT,7,39
building__rom_082d4e9c,2AD,flat,native_fallback,1,1,FR_POWER_PLANT,48,39
building__rom_082d4e9c,2AE,flat,native_fallback,2,1,FR_POWER_PLANT,10,39
building__rom_082d4e9c,2B0,flat,native_fallback,5,1,FR_POWER_PLANT,10,4
building__rom_082d4e9c,2B1,flat,native_fallback,2,1,FR_POWER_PLANT,10,28
building__rom_082d4e9c,2B2,flat,native_fallback,6,1,FR_POWER_PLANT,21,30
building__rom_082d4e9c,2B3,flat,native_fallback,15,1,FR_POWER_PLANT,11,5
building__rom_082d4e9c,2B4,flat,native_fallback,3,1,FR_POWER_PLANT,10,0
building__rom_082d4e9c,2B5,flat,native_fallback,54,1,FR_POWER_PLANT,46,36
building__rom_082d4e9c,2B6,flat,native_fallback,117,1,FR_POWER_PLANT,9,34
building__rom_082d4e9c,2B7,flat,native_fallback,1,1,FR_POWER_PLANT,4,10
building__rom_082d4e9c,2B8,flat,native_fallback,1,1,FR_POWER_PLANT,0,7
building__rom_082d4e9c,2B9,flat,native_fallback,9,1,FR_POWER_PLANT,17,34
building__rom_082d4e9c,2BA,flat,native_fallback,9,1,FR_POWER_PLANT,4,30
building__rom_082d4e9c,2BB,flat,native_fallback,2,1,FR_POWER_PLANT,3,10
building__rom_082d4e9c,2BC,flat,native_fallback,3,1,FR_POWER_PLANT,10,1
building__rom_082d4e9c,2BD,flat,native_fallback,1,1,FR_POWER_PLANT,0,10
building__rom_082d4e9c,2BE,flat,native_fallback,1,1,FR_POWER_PLANT,1,10
building__rom_082d4e9c,2BF,flat,native_fallback,1,1,FR_POWER_PLANT,0,13
building__rom_082d4e9c,2C0,flat,native_fallback,1,1,FR_POWER_PLANT,0,8
building__rom_082d4e9c,2C1,flat,native_fallback,1,1,FR_POWER_PLANT,4,38
building__rom_082d4e9c,2C2,flat,native_fallback,1,1,FR_POWER_PLANT,5,38
building__rom_082d4e9c,2C3,flat,native_fallback,1,1,FR_POWER_PLANT,6,38
building__rom_082d4e9c,2C4,flat,native_fallback,10,1,FR_POWER_PLANT,3,12
building__rom_082d4e9c,2C5,flat,native_fallback,1,1,FR_POWER_PLANT,0,11
building__rom_082d4e9c,2C6,flat,native_fallback,1,1,FR_POWER_PLANT,1,11
building__rom_082d4e9c,2C7,flat,native_fallback,2,1,FR_POWER_PLANT,48,33
building__rom_082d4e9c,2C8,flat,native_fallback,1,1,FR_POWER_PLANT,0,9
building__rom_082d4e9c,2C9,flat,native_fallback,1,1,FR_POWER_PLANT,4,39
building__rom_082d4e9c,2CA,flat,native_fallback,1,1,FR_POWER_PLANT,5,39
building__rom_082d4e9c,2CB,flat,native_fallback,1,1,FR_POWER_PLANT,6,39
building__rom_082d4e9c,2CC,flat,native_fallback,10,1,FR_POWER_PLANT,5,37
building__rom_082d4e9c,2CD,flat,native_fallback,1,1,FR_POWER_PLANT,0,12
building__rom_082d4e9c,2CE,flat,native_fallback,1,1,FR_POWER_PLANT,1,12
building__rom_082d4e9c,2CF,flat,native_fallback,2,1,FR_POWER_PLANT,0,19
building__rom_082d4e9c,2D0,flat,native_fallback,14,1,FR_POWER_PLANT,38,36
building__rom_082d4e9c,2D1,flat,native_fallback,25,1,FR_POWER_PLANT,34,36
building__rom_082d4e9c,2D2,flat,native_fallback,5,1,FR_POWER_PLANT,8,14
building__rom_082d4e9c,2D3,flat,native_fallback,5,1,FR_POWER_PLANT,9,14
building__rom_082d4e9c,2D4,flat,native_fallback,3,1,FR_POWER_PLANT,11,14
building__rom_082d4e9c,2D5,flat,native_fallback,3,1,FR_POWER_PLANT,12,14
building__rom_082d4e9c,2D6,flat,native_fallback,4,1,FR_POWER_PLANT,12,1
building__rom_082d4e9c,2D7,flat,native_fallback,4,1,FR_POWER_PLANT,8,1
building__rom_082d4e9c,2D8,flat,native_fallback,29,1,FR_POWER_PLANT,45,36
building__rom_082d4e9c,2D9,flat,native_fallback,41,1,FR_POWER_PLANT,34,37
building__rom_082d4e9c,2DA,flat,native_fallback,5,1,FR_POWER_PLANT,8,15
building__rom_082d4e9c,2DB,flat,native_fallback,5,1,FR_POWER_PLANT,9,15
building__rom_082d4e9c,2DC,flat,native_fallback,3,1,FR_POWER_PLANT,11,15
building__rom_082d4e9c,2DD,flat,native_fallback,3,1,FR_POWER_PLANT,12,15
building__rom_082d4e9c,2DE,flat,native_fallback,4,1,FR_POWER_PLANT,35,2
building__rom_082d4e9c,2DF,flat,native_fallback,4,1,FR_POWER_PLANT,8,2
building__rom_082d4e9c,2E0,flat,native_fallback,2,1,FR_POWER_PLANT,45,35
building__rom_082d4e9c,2E1,flat,native_fallback,1,1,FR_POWER_PLANT,4,9
building__rom_082d4e9c,2E2,flat,native_fallback,19,1,FR_POWER_PLANT,34,4
building__rom_082d4e9c,2E6,flat,native_fallback,4,1,FR_POWER_PLANT,36,1
building__rom_082d4e9c,2E7,flat,native_fallback,4,1,FR_POWER_PLANT,7,1
building__rom_082d4e9c,2E8,flat,native_fallback,1,1,FR_POWER_PLANT,7,9
building__rom_082d4e9c,2E9,flat,native_fallback,1,1,FR_POWER_PLANT,8,9
building__rom_082d4e9c,2EA,flat,native_fallback,1,1,FR_POWER_PLANT,9,9
building__rom_082d4e9c,2EB,flat,native_fallback,1,1,FR_POWER_PLANT,28,35
building__rom_082d4e9c,2EC,flat,native_fallback,1,1,FR_POWER_PLANT,29,35
building__rom_082d4e9c,2ED,flat,native_fallback,1,1,FR_POWER_PLANT,30,35
building__rom_082d4e9c,2EE,flat,native_fallback,6,1,FR_POWER_PLANT,28,15
building__rom_082d4e9c,2EF,flat,native_fallback,5,1,FR_POWER_PLANT,27,15
building__rom_082d4e9c,2F0,flat,native_fallback,1,1,FR_POWER_PLANT,7,10
building__rom_082d4e9c,2F1,flat,native_fallback,1,1,FR_POWER_PLANT,8,10
building__rom_082d4e9c,2F2,flat,native_fallback,1,1,FR_POWER_PLANT,9,10
building__rom_082d4e9c,2F3,flat,native_fallback,1,1,FR_POWER_PLANT,28,36
building__rom_082d4e9c,2F4,flat,native_fallback,1,1,FR_POWER_PLANT,29,36
building__rom_082d4e9c,2F5,flat,native_fallback,1,1,FR_POWER_PLANT,30,36
building__rom_082d4e9c,2F6,flat,native_fallback,6,1,FR_POWER_PLANT,42,36
building__rom_082d4e9c,2F7,flat,native_fallback,5,1,FR_POWER_PLANT,43,36
building__rom_082d4e9c,2F8,flat,native_fallback,1,1,FR_POWER_PLANT,7,11
building__rom_082d4e9c,2F9,flat,native_fallback,1,1,FR_POWER_PLANT,8,11
building__rom_082d4e9c,2FA,flat,native_fallback,1,1,FR_POWER_PLANT,9,11
building__rom_082d4e9c,2FB,flat,native_fallback,1,1,FR_POWER_PLANT,28,37
building__rom_082d4e9c,2FC,flat,native_fallback,1,1,FR_POWER_PLANT,29,37
building__rom_082d4e9c,2FD,flat,native_fallback,1,1,FR_POWER_PLANT,30,37
building__rom_082d4e9c,300,flat,native_fallback,1,1,FR_POWER_PLANT,7,12
building__rom_082d4e9c,301,flat,native_fallback,1,1,FR_POWER_PLANT,8,12
building__rom_082d4e9c,302,flat,native_fallback,1,1,FR_POWER_PLANT,9,12
building__rom_082d4e9c,303,flat,native_fallback,1,1,FR_POWER_PLANT,28,38
building__rom_082d4e9c,304,flat,native_fallback,1,1,FR_POWER_PLANT,29,38
building__rom_082d4e9c,305,flat,native_fallback,1,1,FR_POWER_PLANT,30,38
building__rom_082d4e9c,308,flat,native_fallback,2,1,FR_POWER_PLANT,27,34
building__rom_082d4e9c,310,flat,native_fallback,2,1,FR_POWER_PLANT,29,15
building__rom_082d4e9c,318,flat,native_fallback,2,1,FR_POWER_PLANT,27,36
building__rom_082d4eb4,000,flat,native_fallback,27,1,FR_ROUTE_25_SEA_COTTAGE,2,11
building__rom_082d4eb4,099,flat,native_fallback,3,1,FR_ROUTE_25_SEA_COTTAGE,1,3
building__rom_082d4eb4,01A,flat,native_fallback,1,1,FR_ROUTE_25_SEA_COTTAGE,6,10
building__rom_082d4eb4,01B,flat,native_fallback,1,1,FR_ROUTE_25_SEA_COTTAGE,7,10
building__rom_082d4eb4,01C,flat,native_fallback,1,1,FR_ROUTE_25_SEA_COTTAGE,8,10
building__rom_082d4eb4,281,flat,native_fallback,2,1,FR_ROUTE_25_SEA_COTTAGE,2,0
building__rom_082d4eb4,282,flat,native_fallback,2,1,FR_ROUTE_25_SEA_COTTAGE,10,0
building__rom_082d4eb4,283,flat,native_fallback,2,1,FR_ROUTE_25_SEA_COTTAGE,11,0
building__rom_082d4eb4,284,flat,native_fallback,4,1,FR_ROUTE_25_SEA_COTTAGE,6,0
building__rom_082d4eb4,285,flat,native_fallback,4,1,FR_ROUTE_25_SEA_COTTAGE,6,1
building__rom_082d4eb4,286,flat,native_fallback,1,1,FR_ROUTE_25_SEA_COTTAGE,9,1
building__rom_082d4eb4,287,flat,native_fallback,1,1,FR_ROUTE_25_SEA_COTTAGE,11,1
building__rom_082d4eb4,288,flat,native_fallback,57,1,FR_ROUTE_25_SEA_COTTAGE,7,8
building__rom_082d4eb4,289,flat,native_fallback,1,1,FR_ROUTE_25_SEA_COTTAGE,2,1
building__rom_082d4eb4,28A,flat,native_fallback,2,1,FR_ROUTE_25_SEA_COTTAGE,10,1
building__rom_082d4eb4,28B,flat,native_fallback,1,1,FR_ROUTE_25_SEA_COTTAGE,4,1
building__rom_082d4eb4,28C,flat,native_fallback,1,1,FR_ROUTE_25_SEA_COTTAGE,8,3
building__rom_082d4eb4,28D,flat,native_fallback,1,1,FR_ROUTE_25_SEA_COTTAGE,7,3
building__rom_082d4eb4,28E,flat,native_fallback,1,1,FR_ROUTE_25_SEA_COTTAGE,9,2
building__rom_082d4eb4,28F,flat,native_fallback,1,1,FR_ROUTE_25_SEA_COTTAGE,11,2
building__rom_082d4eb4,290,flat,native_fallback,4,1,FR_ROUTE_25_SEA_COTTAGE,13,2
building__rom_082d4eb4,291,flat,native_fallback,1,1,FR_ROUTE_25_SEA_COTTAGE,2,2
building__rom_082d4eb4,292,flat,native_fallback,2,1,FR_ROUTE_25_SEA_COTTAGE,10,2
building__rom_082d4eb4,293,flat,native_fallback,1,1,FR_ROUTE_25_SEA_COTTAGE,4,2
building__rom_082d4eb4,295,flat,native_fallback,2,1,FR_ROUTE_25_SEA_COTTAGE,2,3
building__rom_082d4eb4,296,flat,native_fallback,2,1,FR_ROUTE_25_SEA_COTTAGE,10,3
building__rom_082d4eb4,297,flat,native_fallback,2,1,FR_ROUTE_25_SEA_COTTAGE,11,3
building__rom_082d4eb4,298,flat,native_fallback,2,1,FR_ROUTE_25_SEA_COTTAGE,1,0
building__rom_082d4eb4,299,flat,native_fallback,2,1,FR_ROUTE_25_SEA_COTTAGE,14,0
building__rom_082d4eb4,29A,flat,native_fallback,1,1,FR_ROUTE_25_SEA_COTTAGE,13,0
building__rom_082d4eb4,29B,flat,native_fallback,4,1,FR_ROUTE_25_SEA_COTTAGE,2,8
building__rom_082d4eb4,29C,flat,native_fallback,3,1,FR_ROUTE_25_SEA_COTTAGE,0,8
building__rom_082d4eb4,29D,flat,native_fallback,1,1,FR_ROUTE_25_SEA_COTTAGE,6,9
building__rom_082d4eb4,29E,flat,native_fallback,1,1,FR_ROUTE_25_SEA_COTTAGE,7,9
building__rom_082d4eb4,29F,flat,native_fallback,1,1,FR_ROUTE_25_SEA_COTTAGE,8,9
building__rom_082d4eb4,2A0,flat,native_fallback,2,1,FR_ROUTE_25_SEA_COTTAGE,12,1
building__rom_082d4eb4,2A1,flat,native_fallback,2,1,FR_ROUTE_25_SEA_COTTAGE,0,1
building__rom_082d4eb4,2A2,flat,native_fallback,1,1,FR_ROUTE_25_SEA_COTTAGE,13,1
building__rom_082d4eb4,2A3,flat,native_fallback,4,1,FR_ROUTE_25_SEA_COTTAGE,13,9
building__rom_082d4eb4,2A4,flat,native_fallback,2,1,FR_ROUTE_25_SEA_COTTAGE,14,3
building__rom_082d4eb4,2A5,flat,native_fallback,1,1,FR_ROUTE_25_SEA_COTTAGE,4,5
building__rom_082d4eb4,2A6,flat,native_fallback,1,1,FR_ROUTE_25_SEA_COTTAGE,5,5
building__rom_082d4eb4,2A7,flat,native_fallback,1,1,FR_ROUTE_25_SEA_COTTAGE,5,4
building__rom_082d4eb4,2A8,flat,native_fallback,2,1,FR_ROUTE_25_SEA_COTTAGE,12,2
building__rom_082d4eb4,2A9,flat,native_fallback,2,1,FR_ROUTE_25_SEA_COTTAGE,2,6
building__rom_082d4eb4,2AA,flat,native_fallback,2,1,FR_ROUTE_25_SEA_COTTAGE,3,6
building__rom_082d4eb4,2AB,flat,native_fallback,2,1,FR_ROUTE_25_SEA_COTTAGE,2,7
building__rom_082d4eb4,2AC,flat,native_fallback,2,1,FR_ROUTE_25_SEA_COTTAGE,3,7
building__rom_082d4eb4,2AD,flat,native_fallback,1,1,FR_ROUTE_25_SEA_COTTAGE,4,6
building__rom_082d4eb4,2AE,flat,native_fallback,1,1,FR_ROUTE_25_SEA_COTTAGE,5,6
building__rom_082d4eb4,2AF,flat,native_fallback,1,1,FR_ROUTE_25_SEA_COTTAGE,0,9
building__rom_082d4eb4,2B0,flat,native_fallback,2,1,FR_ROUTE_25_SEA_COTTAGE,13,3
building__rom_082d4eb4,2B2,flat,native_fallback,2,1,FR_ROUTE_25_SEA_COTTAGE,6,3
building__rom_082d4eb4,2B3,flat,native_fallback,2,1,FR_ROUTE_25_SEA_COTTAGE,0,7
building__rom_082d4eb4,2B4,flat,native_fallback,4,1,FR_ROUTE_25_SEA_COTTAGE,5,2
building__rom_082d4eb4,008,flat,native_fallback,12,1,FR_ROUTE_25_SEA_COTTAGE,2,10
building__rom_082d4ecc,000,flat,native_fallback,392,12,FR_CELADON_CITY_DEPARTMENT_STORE_ELEVATOR,3,7
building__rom_082d4ecc,3E8,flat,native_fallback,1,1,FR_ROCKET_HIDEOUT_B1F,23,17
building__rom_082d4ecc,3ED,flat,native_fallback,2,1,FR_FIVE_ISLAND_ROCKET_WAREHOUSE,12,6
building__rom_082d4ecc,3EE,flat,native_fallback,1,1,FR_FIVE_ISLAND_ROCKET_WAREHOUSE,9,6
building__rom_082d4ecc,3EF,flat,native_fallback,1,1,FR_SILPH_CO_11F,5,6
building__rom_082d4ecc,3F0,flat,native_fallback,4,1,FR_FIVE_ISLAND_ROCKET_WAREHOUSE,10,4
building__rom_082d4ecc,3F1,flat,native_fallback,4,1,FR_FIVE_ISLAND_ROCKET_WAREHOUSE,11,4
building__rom_082d4ecc,3F2,flat,native_fallback,3,1,FR_FIVE_ISLAND_ROCKET_WAREHOUSE,11,1
building__rom_082d4ecc,3F3,flat,native_fallback,3,1,FR_FIVE_ISLAND_ROCKET_WAREHOUSE,10,1
building__rom_082d4ecc,3F4,flat,native_fallback,1,1,FR_FIVE_ISLAND_ROCKET_WAREHOUSE,26,11
building__rom_082d4ecc,3F5,flat,native_fallback,1,1,FR_FIVE_ISLAND_ROCKET_WAREHOUSE,24,8
building__rom_082d4ecc,3F6,flat,native_fallback,1,1,FR_FIVE_ISLAND_ROCKET_WAREHOUSE,25,8
building__rom_082d4ecc,3F7,flat,native_fallback,1,1,FR_SILPH_CO_11F,5,8
building__rom_082d4ecc,3F8,flat,native_fallback,7,1,FR_FIVE_ISLAND_ROCKET_WAREHOUSE,10,5
building__rom_082d4ecc,3F9,flat,native_fallback,7,1,FR_FIVE_ISLAND_ROCKET_WAREHOUSE,10,2
building__rom_082d4ecc,099,flat,native_fallback,58,9,FR_FIVE_ISLAND_ROCKET_WAREHOUSE,10,17
building__rom_082d4ecc,01A,flat,native_fallback,6,6,FR_CELADON_CITY_DEPARTMENT_STORE_ELEVATOR,1,6
building__rom_082d4ecc,01B,flat,native_fallback,6,6,FR_CELADON_CITY_DEPARTMENT_STORE_ELEVATOR,2,6
building__rom_082d4ecc,01C,flat,native_fallback,6,6,FR_CELADON_CITY_DEPARTMENT_STORE_ELEVATOR,3,6
building__rom_082d4ecc,250,flat,native_fallback,1,1,FR_ROCKET_HIDEOUT_B4F,11,14
building__rom_082d4ecc,251,flat,native_fallback,1,1,FR_ROCKET_HIDEOUT_B4F,12,14
building__rom_082d4ecc,252,flat,native_fallback,1,1,FR_ROCKET_HIDEOUT_B1F,10,1
building__rom_082d4ecc,253,flat,native_fallback,1,1,FR_ROCKET_HIDEOUT_B1F,11,1
building__rom_082d4ecc,254,flat,native_fallback,1,1,FR_ROCKET_HIDEOUT_B1F,12,1
building__rom_082d4ecc,255,flat,native_fallback,3,2,FR_ROCKET_HIDEOUT_B1F,15,29
building__rom_082d4ecc,256,flat,native_fallback,3,2,FR_ROCKET_HIDEOUT_B1F,18,1
building__rom_082d4ecc,257,flat,native_fallback,3,2,FR_ROCKET_HIDEOUT_B1F,17,29
building__rom_082d4ecc,258,flat,native_fallback,1,1,FR_ROCKET_HIDEOUT_B4F,11,15
building__rom_082d4ecc,259,flat,native_fallback,1,1,FR_ROCKET_HIDEOUT_B4F,12,15
building__rom_082d4ecc,25A,flat,native_fallback,1,1,FR_ROCKET_HIDEOUT_B1F,10,2
building__rom_082d4ecc,25B,flat,native_fallback,1,1,FR_ROCKET_HIDEOUT_B1F,11,2
building__rom_082d4ecc,25C,flat,native_fallback,1,1,FR_ROCKET_HIDEOUT_B1F,12,2
building__rom_082d4ecc,25D,flat,native_fallback,3,2,FR_ROCKET_HIDEOUT_B1F,17,2
building__rom_082d4ecc,25E,flat,native_fallback,3,2,FR_ROCKET_HIDEOUT_B1F,18,2
building__rom_082d4ecc,25F,flat,native_fallback,3,2,FR_ROCKET_HIDEOUT_B1F,19,2
building__rom_082d4ecc,260,flat,native_fallback,1,1,FR_ROCKET_HIDEOUT_B4F,11,16
building__rom_082d4ecc,261,flat,native_fallback,1,1,FR_ROCKET_HIDEOUT_B4F,12,16
building__rom_082d4ecc,262,flat,native_fallback,1,1,FR_ROCKET_HIDEOUT_B1F,10,3
building__rom_082d4ecc,263,flat,native_fallback,1,1,FR_ROCKET_HIDEOUT_B1F,11,3
building__rom_082d4ecc,264,flat,native_fallback,1,1,FR_ROCKET_HIDEOUT_B1F,12,3
building__rom_082d4ecc,265,flat,native_fallback,3,2,FR_ROCKET_HIDEOUT_B1F,15,31
building__rom_082d4ecc,266,flat,native_fallback,3,2,FR_ROCKET_HIDEOUT_B1F,16,31
building__rom_082d4ecc,267,flat,native_fallback,3,2,FR_ROCKET_HIDEOUT_B1F,19,3
building__rom_082d4ecc,268,flat,native_fallback,1,1,FR_ROCKET_HIDEOUT_B4F,13,14
building__rom_082d4ecc,269,flat,native_fallback,11,11,FR_SILPH_CO_10F,7,0
building__rom_082d4ecc,26A,flat,native_fallback,5,5,FR_SILPH_CO_10F,4,1
building__rom_082d4ecc,26B,flat,native_fallback,5,5,FR_SILPH_CO_10F,5,1
building__rom_082d4ecc,26C,flat,native_fallback,1,1,FR_ROCKET_HIDEOUT_B1F,10,0
building__rom_082d4ecc,26D,flat,native_fallback,1,1,FR_ROCKET_HIDEOUT_B4F,12,17
building__rom_082d4ecc,26E,flat,native_fallback,1,1,FR_ROCKET_HIDEOUT_B3F,13,17
building__rom_082d4ecc,26F,flat,native_fallback,5,5,FR_SILPH_CO_10F,10,1
building__rom_082d4ecc,270,flat,native_fallback,1,1,FR_ROCKET_HIDEOUT_B4F,13,15
building__rom_082d4ecc,271,flat,native_fallback,11,11,FR_SILPH_CO_10F,7,1
building__rom_082d4ecc,272,flat,native_fallback,5,5,FR_SILPH_CO_10F,4,2
building__rom_082d4ecc,273,flat,native_fallback,5,5,FR_SILPH_CO_10F,5,2
building__rom_082d4ecc,274,flat,native_fallback,5,5,FR_SILPH_CO_10F,6,2
building__rom_082d4ecc,275,flat,native_fallback,5,5,FR_SILPH_CO_10F,8,2
building__rom_082d4ecc,276,flat,native_fallback,5,5,FR_SILPH_CO_10F,9,2
building__rom_082d4ecc,277,flat,native_fallback,5,5,FR_SILPH_CO_10F,10,2
building__rom_082d4ecc,278,flat,native_fallback,1,1,FR_ROCKET_HIDEOUT_B4F,13,16
building__rom_082d4ecc,279,flat,native_fallback,1,1,FR_ROCKET_HIDEOUT_B4F,13,13
building__rom_082d4ecc,27A,flat,native_fallback,5,5,FR_SILPH_CO_10F,4,3
building__rom_082d4ecc,27B,flat,native_fallback,5,5,FR_SILPH_CO_10F,5,3
building__rom_082d4ecc,27C,flat,native_fallback,5,5,FR_SILPH_CO_10F,6,3
building__rom_082d4ecc,27D,flat,native_fallback,5,5,FR_SILPH_CO_10F,8,3
building__rom_082d4ecc,27E,flat,native_fallback,5,5,FR_SILPH_CO_10F,9,3
building__rom_082d4ecc,27F,flat,native_fallback,5,5,FR_SILPH_CO_10F,10,3
building__rom_082d4ecc,281,flat,native_fallback,912,5,FR_FIVE_ISLAND_ROCKET_WAREHOUSE,11,7
building__rom_082d4ecc,282,flat,native_fallback,334,5,FR_FIVE_ISLAND_ROCKET_WAREHOUSE,10,7
building__rom_082d4ecc,283,flat,native_fallback,35,3,FR_FIVE_ISLAND_ROCKET_WAREHOUSE,6,4
building__rom_082d4ecc,284,flat,native_fallback,5,1,FR_FIVE_ISLAND_ROCKET_WAREHOUSE,27,3
building__rom_082d4ecc,285,flat,native_fallback,38,5,FR_FIVE_ISLAND_ROCKET_WAREHOUSE,10,3
building__rom_082d4ecc,286,flat,native_fallback,15,4,FR_FIVE_ISLAND_ROCKET_WAREHOUSE,6,5
building__rom_082d4ecc,287,flat,native_fallback,21,5,FR_FIVE_ISLAND_ROCKET_WAREHOUSE,10,18
building__rom_082d4ecc,288,flat,native_fallback,62,16,FR_FIVE_ISLAND_ROCKET_WAREHOUSE,14,0
building__rom_082d4ecc,289,flat,native_fallback,166,5,FR_FIVE_ISLAND_ROCKET_WAREHOUSE,10,0
building__rom_082d4ecc,28A,flat,native_fallback,19,4,FR_FIVE_ISLAND_ROCKET_WAREHOUSE,5,0
building__rom_082d4ecc,28B,flat,native_fallback,10,5,FR_FIVE_ISLAND_ROCKET_WAREHOUSE,4,0
building__rom_082d4ecc,28C,flat,native_fallback,69,16,FR_FIVE_ISLAND_ROCKET_WAREHOUSE,28,0
building__rom_082d4ecc,28D,flat,native_fallback,10,2,FR_ROCKET_HIDEOUT_B2F,11,9
building__rom_082d4ecc,28E,flat,native_fallback,8,2,FR_ROCKET_HIDEOUT_B2F,6,11
building__rom_082d4ecc,28F,flat,native_fallback,37,3,FR_FIVE_ISLAND_ROCKET_WAREHOUSE,3,21
building__rom_082d4ecc,290,flat,native_fallback,433,16,FR_FIVE_ISLAND_ROCKET_WAREHOUSE,21,2
building__rom_082d4ecc,291,flat,native_fallback,108,5,FR_FIVE_ISLAND_ROCKET_WAREHOUSE,19,1
building__rom_082d4ecc,292,flat,native_fallback,18,4,FR_FIVE_ISLAND_ROCKET_WAREHOUSE,5,1
building__rom_082d4ecc,293,flat,native_fallback,9,5,FR_FIVE_ISLAND_ROCKET_WAREHOUSE,24,1
building__rom_082d4ecc,294,flat,native_fallback,435,16,FR_FIVE_ISLAND_ROCKET_WAREHOUSE,20,1
building__rom_082d4ecc,295,flat,native_fallback,8,2,FR_ROCKET_HIDEOUT_B2F,11,10
building__rom_082d4ecc,296,flat,native_fallback,10,2,FR_ROCKET_HIDEOUT_B2F,16,4
building__rom_082d4ecc,297,flat,native_fallback,1,1,FR_ROCKET_HIDEOUT_B2F,5,1
building__rom_082d4ecc,298,flat,native_fallback,29,14,FR_FIVE_ISLAND_ROCKET_WAREHOUSE,14,6
building__rom_082d4ecc,299,flat,native_fallback,13,4,FR_FIVE_ISLAND_ROCKET_WAREHOUSE,7,6
building__rom_082d4ecc,29A,flat,native_fallback,102,5,FR_FIVE_ISLAND_ROCKET_WAREHOUSE,6,6
building__rom_082d4ecc,29C,flat,native_fallback,40,15,FR_FIVE_ISLAND_ROCKET_WAREHOUSE,20,6
building__rom_082d4ecc,29D,flat,native_fallback,12,2,FR_ROCKET_HIDEOUT_B2F,10,5
building__rom_082d4ecc,29E,flat,native_fallback,21,2,FR_ROCKET_HIDEOUT_B2F,10,6
building__rom_082d4ecc,29F,flat,native_fallback,18,2,FR_ROCKET_HIDEOUT_B2F,12,16
building__rom_082d4ecc,2A0,flat,native_fallback,48,3,FR_FIVE_ISLAND_ROCKET_WAREHOUSE,3,14
building__rom_082d4ecc,2A1,flat,native_fallback,42,3,FR_FIVE_ISLAND_ROCKET_WAREHOUSE,10,12
building__rom_082d4ecc,2A2,flat,native_fallback,3,3,FR_ROCKET_HIDEOUT_B1F,23,24
building__rom_082d4ecc,2A3,flat,native_fallback,3,3,FR_ROCKET_HIDEOUT_B1F,24,24
building__rom_082d4ecc,2A4,flat,native_fallback,3,3,FR_ROCKET_HIDEOUT_B1F,25,24
building__rom_082d4ecc,2A5,flat,native_fallback,18,2,FR_ROCKET_HIDEOUT_B2F,10,19
building__rom_082d4ecc,2A7,flat,native_fallback,38,2,FR_ROCKET_HIDEOUT_B2F,6,5
building__rom_082d4ecc,2A8,flat,native_fallback,49,3,FR_FIVE_ISLAND_ROCKET_WAREHOUSE,10,8
building__rom_082d4ecc,2A9,flat,native_fallback,35,3,FR_FIVE_ISLAND_ROCKET_WAREHOUSE,10,14
building__rom_082d4ecc,2AA,flat,native_fallback,3,3,FR_ROCKET_HIDEOUT_B1F,23,25
building__rom_082d4ecc,2AB,flat,native_fallback,3,3,FR_ROCKET_HIDEOUT_B1F,24,25
building__rom_082d4ecc,2AC,flat,native_fallback,3,3,FR_ROCKET_HIDEOUT_B1F,25,25
building__rom_082d4ecc,2AD,flat,native_fallback,6,3,FR_FIVE_ISLAND_ROCKET_WAREHOUSE,1,0
building__rom_082d4ecc,2AE,flat,native_fallback,13,2,FR_ROCKET_HIDEOUT_B2F,10,8
building__rom_082d4ecc,2AF,flat,native_fallback,6,3,FR_FIVE_ISLAND_ROCKET_WAREHOUSE,2,0
building__rom_082d4ecc,2B0,flat,native_fallback,9,2,FR_ROCKET_HIDEOUT_B1F,4,28
building__rom_082d4ecc,2B1,flat,native_fallback,9,2,FR_ROCKET_HIDEOUT_B1F,5,28
building__rom_082d4ecc,2B2,flat,native_fallback,9,2,FR_ROCKET_HIDEOUT_B1F,6,28
building__rom_082d4ecc,2B3,flat,native_fallback,12,5,FR_FIVE_ISLAND_ROCKET_WAREHOUSE,26,13
building__rom_082d4ecc,2B4,flat,native_fallback,6,4,FR_FIVE_ISLAND_ROCKET_WAREHOUSE,23,13
building__rom_082d4ecc,2B5,flat,native_fallback,6,3,FR_FIVE_ISLAND_ROCKET_WAREHOUSE,1,1
building__rom_082d4ecc,2B6,flat,native_fallback,6,3,FR_FIVE_ISLAND_ROCKET_WAREHOUSE,2,1
building__rom_082d4ecc,2B7,flat,native_fallback,6,3,FR_FIVE_ISLAND_ROCKET_WAREHOUSE,3,1
building__rom_082d4ecc,2B8,flat,native_fallback,18,7,FR_ROCKET_HIDEOUT_B1F,7,30
building__rom_082d4ecc,2B9,flat,native_fallback,54,9,FR_ROCKET_HIDEOUT_B1F,8,30
building__rom_082d4ecc,2BA,flat,native_fallback,27,10,FR_FIVE_ISLAND_ROCKET_WAREHOUSE,27,10
building__rom_082d4ecc,2BB,flat,native_fallback,13,8,FR_FIVE_ISLAND_ROCKET_WAREHOUSE,25,3
building__rom_082d4ecc,2BC,flat,native_fallback,3,2,FR_ROCKET_HIDEOUT_B1F,7,31
building__rom_082d4ecc,2BD,flat,native_fallback,6,3,FR_FIVE_ISLAND_ROCKET_WAREHOUSE,1,2
building__rom_082d4ecc,2BE,flat,native_fallback,6,3,FR_FIVE_ISLAND_ROCKET_WAREHOUSE,2,2
building__rom_082d4ecc,2BF,flat,native_fallback,6,3,FR_FIVE_ISLAND_ROCKET_WAREHOUSE,3,2
building__rom_082d4ecc,2C0,flat,native_fallback,8,3,FR_FIVE_ISLAND_ROCKET_WAREHOUSE,25,5
building__rom_082d4ecc,2C1,flat,native_fallback,9,2,FR_ROCKET_HIDEOUT_B1F,8,31
building__rom_082d4ecc,2C2,flat,native_fallback,11,3,FR_FIVE_ISLAND_ROCKET_WAREHOUSE,26,5
building__rom_082d4ecc,2C3,flat,native_fallback,12,8,FR_FIVE_ISLAND_ROCKET_WAREHOUSE,25,4
building__rom_082d4ecc,2C4,flat,native_fallback,17,9,FR_FIVE_ISLAND_ROCKET_WAREHOUSE,26,3
building__rom_082d4ecc,2C5,flat,native_fallback,3,2,FR_ROCKET_HIDEOUT_B2F,25,10
building__rom_082d4ecc,2C9,flat,native_fallback,1,1,FR_ROCKET_HIDEOUT_B3F,14,17
building__rom_082d4ecc,2CA,flat,native_fallback,1,1,FR_ROCKET_HIDEOUT_B3F,15,17
building__rom_082d4ecc,2CB,flat,native_fallback,3,2,FR_ROCKET_HIDEOUT_B2F,28,1
building__rom_082d4ecc,2CC,flat,native_fallback,3,2,FR_ROCKET_HIDEOUT_B2F,29,1
building__rom_082d4ecc,2CD,flat,native_fallback,3,2,FR_ROCKET_HIDEOUT_B2F,30,1
building__rom_082d4ecc,2D0,flat,native_fallback,1,1,FR_ROCKET_HIDEOUT_B3F,13,18
building__rom_082d4ecc,2D1,flat,native_fallback,1,1,FR_ROCKET_HIDEOUT_B3F,14,18
building__rom_082d4ecc,2D2,flat,native_fallback,1,1,FR_ROCKET_HIDEOUT_B3F,15,18
building__rom_082d4ecc,2D3,flat,native_fallback,3,2,FR_ROCKET_HIDEOUT_B2F,28,2
building__rom_082d4ecc,2D4,flat,native_fallback,3,2,FR_ROCKET_HIDEOUT_B2F,29,2
building__rom_082d4ecc,2D5,flat,native_fallback,3,2,FR_ROCKET_HIDEOUT_B2F,30,2
building__rom_082d4ecc,2D8,flat,native_fallback,1,1,FR_ROCKET_HIDEOUT_B3F,13,19
building__rom_082d4ecc,2D9,flat,native_fallback,1,1,FR_ROCKET_HIDEOUT_B3F,14,19
building__rom_082d4ecc,2DA,flat,native_fallback,1,1,FR_ROCKET_HIDEOUT_B3F,15,19
building__rom_082d4ecc,2DB,flat,native_fallback,3,2,FR_ROCKET_HIDEOUT_B2F,28,3
building__rom_082d4ecc,2DC,flat,native_fallback,3,2,FR_ROCKET_HIDEOUT_B2F,29,3
building__rom_082d4ecc,2DD,flat,native_fallback,3,2,FR_ROCKET_HIDEOUT_B2F,25,13
building__rom_082d4ecc,2DE,flat,native_fallback,14,5,FR_FIVE_ISLAND_ROCKET_WAREHOUSE,9,7
building__rom_082d4ecc,2DF,flat,native_fallback,18,5,FR_FIVE_ISLAND_ROCKET_WAREHOUSE,12,7
building__rom_082d4ecc,2E0,flat,native_fallback,1,1,FR_FIVE_ISLAND_ROCKET_WAREHOUSE,20,17
building__rom_082d4ecc,2E1,flat,native_fallback,4,2,FR_FIVE_ISLAND_ROCKET_WAREHOUSE,15,6
building__rom_082d4ecc,2E2,flat,native_fallback,11,11,FR_SILPH_CO_10F,13,3
building__rom_082d4ecc,2E3,flat,native_fallback,8,3,FR_FIVE_ISLAND_ROCKET_WAREHOUSE,24,3
building__rom_082d4ecc,2E4,flat,native_fallback,10,3,FR_FIVE_ISLAND_ROCKET_WAREHOUSE,18,4
building__rom_082d4ecc,2E5,flat,native_fallback,7,2,FR_ROCKET_HIDEOUT_B2F,11,3
building__rom_082d4ecc,2E6,flat,native_fallback,14,5,FR_FIVE_ISLAND_ROCKET_WAREHOUSE,15,8
building__rom_082d4ecc,2E7,flat,native_fallback,17,4,FR_FIVE_ISLAND_ROCKET_WAREHOUSE,19,8
building__rom_082d4ecc,2E8,flat,native_fallback,12,4,FR_CELADON_CITY_DEPARTMENT_STORE_ELEVATOR,1,0
building__rom_082d4ecc,2EB,flat,native_fallback,4,4,FR_CELADON_CITY_DEPARTMENT_STORE_ELEVATOR,0,0
building__rom_082d4ecc,2EC,flat,native_fallback,4,4,FR_CELADON_CITY_DEPARTMENT_STORE_ELEVATOR,4,0
building__rom_082d4ecc,2ED,flat,native_fallback,4,4,FR_CELADON_CITY_DEPARTMENT_STORE_ELEVATOR,0,3
building__rom_082d4ecc,2EE,flat,native_fallback,16,4,FR_CELADON_CITY_DEPARTMENT_STORE_ELEVATOR,4,3
building__rom_082d4ecc,2EF,flat,native_fallback,8,4,FR_CELADON_CITY_DEPARTMENT_STORE_ELEVATOR,4,4
building__rom_082d4ecc,2F0,flat,native_fallback,12,4,FR_CELADON_CITY_DEPARTMENT_STORE_ELEVATOR,1,1
building__rom_082d4ecc,2F3,flat,native_fallback,4,4,FR_CELADON_CITY_DEPARTMENT_STORE_ELEVATOR,0,1
building__rom_082d4ecc,2F4,flat,native_fallback,4,4,FR_CELADON_CITY_DEPARTMENT_STORE_ELEVATOR,4,1
building__rom_082d4ecc,2F5,flat,native_fallback,8,4,FR_CELADON_CITY_DEPARTMENT_STORE_ELEVATOR,0,4
building__rom_082d4ecc,2F6,flat,native_fallback,12,4,FR_CELADON_CITY_DEPARTMENT_STORE_ELEVATOR,2,4
building__rom_082d4ecc,2F7,flat,native_fallback,4,4,FR_CELADON_CITY_DEPARTMENT_STORE_ELEVATOR,3,5
building__rom_082d4ecc,2F8,flat,native_fallback,12,4,FR_CELADON_CITY_DEPARTMENT_STORE_ELEVATOR,1,2
building__rom_082d4ecc,2FB,flat,native_fallback,4,4,FR_CELADON_CITY_DEPARTMENT_STORE_ELEVATOR,0,2
building__rom_082d4ecc,2FC,flat,native_fallback,4,4,FR_CELADON_CITY_DEPARTMENT_STORE_ELEVATOR,4,2
building__rom_082d4ecc,2FD,flat,native_fallback,4,4,FR_CELADON_CITY_DEPARTMENT_STORE_ELEVATOR,1,5
building__rom_082d4ecc,2FE,flat,native_fallback,4,4,FR_CELADON_CITY_DEPARTMENT_STORE_ELEVATOR,2,5
building__rom_082d4ecc,2FF,flat,native_fallback,8,5,FR_FIVE_ISLAND_ROCKET_WAREHOUSE,22,0
building__rom_082d4ecc,300,flat,native_fallback,9,2,FR_ROCKET_HIDEOUT_B1F,16,14
building__rom_082d4ecc,301,flat,native_fallback,10,3,FR_ROCKET_HIDEOUT_B1F,10,12
building__rom_082d4ecc,302,flat,native_fallback,3,1,FR_ROCKET_HIDEOUT_B4F,2,1
building__rom_082d4ecc,305,flat,native_fallback,7,5,FR_FIVE_ISLAND_ROCKET_WAREHOUSE,27,15
building__rom_082d4ecc,306,flat,native_fallback,12,5,FR_FIVE_ISLAND_ROCKET_WAREHOUSE,23,1
building__rom_082d4ecc,307,flat,native_fallback,8,5,FR_FIVE_ISLAND_ROCKET_WAREHOUSE,22,1
building__rom_082d4ecc,308,flat,native_fallback,9,2,FR_ROCKET_HIDEOUT_B1F,16,13
building__rom_082d4ecc,309,flat,native_fallback,13,3,FR_ROCKET_HIDEOUT_B1F,10,13
building__rom_082d4ecc,30D,flat,native_fallback,7,5,FR_FIVE_ISLAND_ROCKET_WAREHOUSE,27,16
building__rom_082d4ecc,30E,flat,native_fallback,12,5,FR_FIVE_ISLAND_ROCKET_WAREHOUSE,23,2
building__rom_082d4ecc,30F,flat,native_fallback,8,5,FR_FIVE_ISLAND_ROCKET_WAREHOUSE,22,2
building__rom_082d4ecc,310,flat,native_fallback,32,7,FR_ROCKET_HIDEOUT_B1F,16,21
building__rom_082d4ecc,311,flat,native_fallback,32,7,FR_ROCKET_HIDEOUT_B1F,17,21
building__rom_082d4ecc,312,flat,native_fallback,15,7,FR_SILPH_CO_1F,5,5
building__rom_082d4ecc,313,flat,native_fallback,4,3,FR_FIVE_ISLAND_ROCKET_WAREHOUSE,16,3
building__rom_082d4ecc,314,flat,native_fallback,3,2,FR_ROCKET_HIDEOUT_B1F,21,14
building__rom_082d4ecc,315,flat,native_fallback,4,3,FR_FIVE_ISLAND_ROCKET_WAREHOUSE,17,3
building__rom_082d4ecc,316,flat,native_fallback,1,1,FR_ROCKET_HIDEOUT_B1F,24,15
building__rom_082d4ecc,317,flat,native_fallback,1,1,FR_ROCKET_HIDEOUT_B1F,25,15
building__rom_082d4ecc,318,flat,native_fallback,6,5,FR_ROCKET_HIDEOUT_B1F,16,23
building__rom_082d4ecc,319,flat,native_fallback,5,4,FR_ROCKET_HIDEOUT_B1F,17,23
building__rom_082d4ecc,31A,flat,native_fallback,2,1,FR_SILPH_CO_8F,0,7
building__rom_082d4ecc,31B,flat,native_fallback,2,2,FR_FIVE_ISLAND_ROCKET_WAREHOUSE,16,4
building__rom_082d4ecc,31C,flat,native_fallback,4,2,FR_SILPH_CO_3F,16,12
building__rom_082d4ecc,31D,flat,native_fallback,5,4,FR_FIVE_ISLAND_ROCKET_WAREHOUSE,17,4
building__rom_082d4ecc,31E,flat,native_fallback,1,1,FR_ROCKET_HIDEOUT_B1F,20,15
building__rom_082d4ecc,31F,flat,native_fallback,1,1,FR_ROCKET_HIDEOUT_B1F,21,15
building__rom_082d4ecc,320,flat,native_fallback,1,1,FR_ROCKET_HIDEOUT_B4F,18,3
building__rom_082d4ecc,321,flat,native_fallback,1,1,FR_ROCKET_HIDEOUT_B4F,19,3
building__rom_082d4ecc,322,flat,native_fallback,1,1,FR_ROCKET_HIDEOUT_B4F,20,3
building__rom_082d4ecc,323,flat,native_fallback,14,7,FR_ROCKET_HIDEOUT_B1F,20,16
building__rom_082d4ecc,324,flat,native_fallback,4,3,FR_ROCKET_HIDEOUT_B1F,21,16
building__rom_082d4ecc,325,flat,native_fallback,7,4,FR_ROCKET_HIDEOUT_B1F,22,16
building__rom_082d4ecc,326,flat,native_fallback,2,1,FR_ROCKET_HIDEOUT_B1F,8,29
building__rom_082d4ecc,327,flat,native_fallback,2,1,FR_ROCKET_HIDEOUT_B1F,9,29
building__rom_082d4ecc,328,flat,native_fallback,3,3,FR_FIVE_ISLAND_ROCKET_WAREHOUSE,24,9
building__rom_082d4ecc,329,flat,native_fallback,2,2,FR_ROCKET_HIDEOUT_B4F,19,4
building__rom_082d4ecc,32A,flat,native_fallback,3,3,FR_FIVE_ISLAND_ROCKET_WAREHOUSE,25,9
building__rom_082d4ecc,32B,flat,native_fallback,3,3,FR_FIVE_ISLAND_ROCKET_WAREHOUSE,16,5
building__rom_082d4ecc,32C,flat,native_fallback,3,2,FR_ROCKET_HIDEOUT_B1F,21,17
building__rom_082d4ecc,32D,flat,native_fallback,4,3,FR_FIVE_ISLAND_ROCKET_WAREHOUSE,17,5
building__rom_082d4ecc,32E,flat,native_fallback,1,1,FR_ROCKET_HIDEOUT_B1F,4,29
building__rom_082d4ecc,32F,flat,native_fallback,1,1,FR_ROCKET_HIDEOUT_B1F,5,29
building__rom_082d4ecc,330,flat,native_fallback,477,11,FR_SILPH_CO_10F,2,2
building__rom_082d4ecc,331,flat,native_fallback,26,10,FR_SILPH_CO_10F,0,10
building__rom_082d4ecc,332,flat,native_fallback,315,10,FR_SILPH_CO_10F,10,5
building__rom_082d4ecc,334,flat,native_fallback,1959,11,FR_SILPH_CO_10F,5,15
building__rom_082d4ecc,335,flat,native_fallback,932,11,FR_SILPH_CO_10F,1,13
building__rom_082d4ecc,336,flat,native_fallback,57,8,FR_SILPH_CO_10F,15,15
building__rom_082d4ecc,337,flat,native_fallback,3,1,FR_SILPH_CO_4F,7,13
building__rom_082d4ecc,338,flat,native_fallback,370,11,FR_SILPH_CO_10F,2,3
building__rom_082d4ecc,339,flat,native_fallback,25,9,FR_SILPH_CO_10F,7,5
building__rom_082d4ecc,33A,flat,native_fallback,20,8,FR_SILPH_CO_11F,14,5
building__rom_082d4ecc,33B,flat,native_fallback,35,11,FR_SILPH_CO_10F,5,4
building__rom_082d4ecc,33C,flat,native_fallback,24,11,FR_SILPH_CO_10F,6,4
building__rom_082d4ecc,33D,flat,native_fallback,13,4,FR_SILPH_CO_11F,7,14
building__rom_082d4ecc,33E,flat,native_fallback,34,11,FR_SILPH_CO_10F,3,2
building__rom_082d4ecc,33F,flat,native_fallback,34,11,FR_SILPH_CO_10F,11,2
building__rom_082d4ecc,340,flat,native_fallback,11,11,FR_SILPH_CO_10F,12,2
building__rom_082d4ecc,341,flat,native_fallback,11,11,FR_SILPH_CO_10F,14,2
building__rom_082d4ecc,342,flat,native_fallback,11,11,FR_SILPH_CO_10F,13,2
building__rom_082d4ecc,343,flat,native_fallback,7,3,FR_SILPH_CO_1F,30,12
building__rom_082d4ecc,344,flat,native_fallback,7,3,FR_SILPH_CO_1F,31,16
building__rom_082d4ecc,345,flat,native_fallback,9,3,FR_SILPH_CO_1F,33,16
building__rom_082d4ecc,346,flat,native_fallback,34,11,FR_SILPH_CO_10F,3,3
building__rom_082d4ecc,347,flat,native_fallback,34,11,FR_SILPH_CO_10F,11,3
building__rom_082d4ecc,348,flat,native_fallback,11,11,FR_SILPH_CO_10F,12,3
building__rom_082d4ecc,349,flat,native_fallback,11,11,FR_SILPH_CO_10F,14,3
building__rom_082d4ecc,34A,flat,native_fallback,9,3,FR_SILPH_CO_1F,33,13
building__rom_082d4ecc,34B,flat,native_fallback,7,3,FR_SILPH_CO_1F,30,13
building__rom_082d4ecc,34C,flat,native_fallback,7,3,FR_SILPH_CO_1F,31,13
building__rom_082d4ecc,34D,flat,native_fallback,33,8,FR_SILPH_CO_10F,6,6
building__rom_082d4ecc,34E,flat,native_fallback,16,7,FR_SILPH_CO_10F,9,8
building__rom_082d4ecc,34F,flat,native_fallback,54,9,FR_SILPH_CO_11F,9,17
building__rom_082d4ecc,350,flat,native_fallback,5,5,FR_SILPH_CO_1F,32,1
building__rom_082d4ecc,351,flat,native_fallback,5,5,FR_SILPH_CO_1F,33,1
building__rom_082d4ecc,352,flat,native_fallback,5,5,FR_SILPH_CO_11F,5,2
building__rom_082d4ecc,353,flat,native_fallback,5,5,FR_SILPH_CO_11F,6,2
building__rom_082d4ecc,354,flat,native_fallback,5,5,FR_SILPH_CO_11F,5,1
building__rom_082d4ecc,355,flat,native_fallback,33,8,FR_SILPH_CO_10F,6,7
building__rom_082d4ecc,356,flat,native_fallback,70,11,FR_SILPH_CO_10F,0,15
building__rom_082d4ecc,357,flat,native_fallback,24,7,FR_SILPH_CO_10F,15,14
building__rom_082d4ecc,358,flat,native_fallback,5,5,FR_SILPH_CO_1F,32,2
building__rom_082d4ecc,359,flat,native_fallback,5,5,FR_SILPH_CO_1F,33,2
building__rom_082d4ecc,35A,flat,native_fallback,5,5,FR_SILPH_CO_11F,5,3
building__rom_082d4ecc,35B,flat,native_fallback,5,5,FR_SILPH_CO_11F,6,3
building__rom_082d4ecc,35C,flat,native_fallback,5,5,FR_SILPH_CO_11F,7,3
building__rom_082d4ecc,35D,flat,native_fallback,16,10,FR_SILPH_CO_10F,1,2
building__rom_082d4ecc,35E,flat,native_fallback,19,11,FR_SILPH_CO_10F,10,6
building__rom_082d4ecc,35F,flat,native_fallback,19,11,FR_SILPH_CO_10F,11,6
building__rom_082d4ecc,360,flat,native_fallback,5,5,FR_SILPH_CO_1F,32,3
building__rom_082d4ecc,361,flat,native_fallback,5,5,FR_SILPH_CO_1F,33,3
building__rom_082d4ecc,362,flat,native_fallback,5,2,FR_SILPH_CO_1F,1,12
building__rom_082d4ecc,363,flat,native_fallback,4,1,FR_SILPH_CO_1F,6,15
building__rom_082d4ecc,364,flat,native_fallback,2,2,FR_SILPH_CO_1F,6,3
building__rom_082d4ecc,365,flat,native_fallback,16,10,FR_SILPH_CO_10F,1,3
building__rom_082d4ecc,366,flat,native_fallback,19,11,FR_SILPH_CO_10F,10,7
building__rom_082d4ecc,367,flat,native_fallback,19,11,FR_SILPH_CO_10F,11,7
building__rom_082d4ecc,368,flat,native_fallback,2,2,FR_SILPH_CO_1F,0,7
building__rom_082d4ecc,369,flat,native_fallback,8,2,FR_SILPH_CO_1F,2,7
building__rom_082d4ecc,36A,flat,native_fallback,5,2,FR_SILPH_CO_1F,5,13
building__rom_082d4ecc,36B,flat,native_fallback,4,1,FR_SILPH_CO_1F,6,13
building__rom_082d4ecc,36C,flat,native_fallback,2,1,FR_SILPH_CO_1F,6,4
building__rom_082d4ecc,36D,flat,native_fallback,11,5,FR_SILPH_CO_10F,11,15
building__rom_082d4ecc,36E,flat,native_fallback,8,3,FR_SILPH_CO_2F,17,14
building__rom_082d4ecc,36F,flat,native_fallback,11,5,FR_SILPH_CO_10F,12,15
building__rom_082d4ecc,370,flat,native_fallback,2,2,FR_SILPH_CO_1F,0,8
building__rom_082d4ecc,371,flat,native_fallback,8,2,FR_SILPH_CO_1F,2,8
building__rom_082d4ecc,372,flat,native_fallback,2,2,FR_SILPH_CO_1F,6,8
building__rom_082d4ecc,373,flat,native_fallback,2,2,FR_SILPH_CO_1F,6,7
building__rom_082d4ecc,374,flat,native_fallback,2,2,FR_SILPH_CO_1F,6,6
building__rom_082d4ecc,375,flat,native_fallback,11,5,FR_SILPH_CO_10F,13,16
building__rom_082d4ecc,376,flat,native_fallback,8,3,FR_SILPH_CO_2F,17,16
building__rom_082d4ecc,377,flat,native_fallback,11,5,FR_SILPH_CO_10F,14,16
building__rom_082d4ecc,378,flat,native_fallback,9,7,FR_SILPH_CO_2F,29,17
building__rom_082d4ecc,379,flat,native_fallback,16,7,FR_SILPH_CO_2F,30,17
building__rom_082d4ecc,37A,flat,native_fallback,11,7,FR_SILPH_CO_2F,31,17
building__rom_082d4ecc,37B,flat,native_fallback,9,6,FR_SILPH_CO_2F,34,14
building__rom_082d4ecc,37C,flat,native_fallback,10,8,FR_SILPH_CO_10F,16,12
building__rom_082d4ecc,37D,flat,native_fallback,20,8,FR_SILPH_CO_2F,11,15
building__rom_082d4ecc,37E,flat,native_fallback,20,8,FR_SILPH_CO_2F,11,17
building__rom_082d4ecc,37F,flat,native_fallback,25,10,FR_SILPH_CO_10F,15,6
building__rom_082d4ecc,380,flat,native_fallback,12,7,FR_SILPH_CO_2F,29,20
building__rom_082d4ecc,381,flat,native_fallback,16,7,FR_SILPH_CO_2F,3,20
building__rom_082d4ecc,382,flat,native_fallback,12,7,FR_SILPH_CO_2F,31,20
building__rom_082d4ecc,383,flat,native_fallback,9,6,FR_SILPH_CO_2F,34,15
building__rom_082d4ecc,008,flat,native_fallback,888,20,FR_CELADON_CITY_DEPARTMENT_STORE_ELEVATOR,4,6
building__rom_082d4ecc,384,flat,native_fallback,10,8,FR_SILPH_CO_10F,16,13
building__rom_082d4ecc,385,flat,native_fallback,20,8,FR_SILPH_CO_2F,11,16
building__rom_082d4ecc,386,flat,native_fallback,12,4,FR_SILPH_CO_2F,19,15
building__rom_082d4ecc,387,flat,native_fallback,25,10,FR_SILPH_CO_10F,1,12
building__rom_082d4ecc,388,flat,native_fallback,7,3,FR_SILPH_CO_2F,17,15
building__rom_082d4ecc,389,flat,native_fallback,7,3,FR_SILPH_CO_2F,18,15
building__rom_082d4ecc,38A,flat,native_fallback,7,4,FR_SILPH_CO_3F,34,8
building__rom_082d4ecc,38B,flat,native_fallback,7,4,FR_SILPH_CO_3F,35,8
building__rom_082d4ecc,38C,flat,native_fallback,7,4,FR_SILPH_CO_3F,34,9
building__rom_082d4ecc,38D,flat,native_fallback,7,4,FR_SILPH_CO_3F,35,9
building__rom_082d4ecc,38E,flat,native_fallback,7,4,FR_SILPH_CO_3F,32,10
building__rom_082d4ecc,38F,flat,native_fallback,7,4,FR_SILPH_CO_3F,33,10
building__rom_082d4ecc,390,flat,native_fallback,34,10,FR_SILPH_CO_10F,14,17
building__rom_082d4ecc,391,flat,native_fallback,3,2,FR_SILPH_CO_3F,15,12
building__rom_082d4ecc,392,flat,native_fallback,16,5,FR_SILPH_CO_10F,4,17
building__rom_082d4ecc,393,flat,native_fallback,4,2,FR_SILPH_CO_4F,1,12
building__rom_082d4ecc,394,flat,native_fallback,5,4,FR_SILPH_CO_10F,4,16
building__rom_082d4ecc,395,flat,native_fallback,45,5,FR_FIVE_ISLAND_ROCKET_WAREHOUSE,10,15
building__rom_082d4ecc,396,flat,native_fallback,2,1,FR_SILPH_CO_5F,28,10
building__rom_082d4ecc,397,flat,native_fallback,2,1,FR_SILPH_CO_5F,25,15
building__rom_082d4ecc,398,flat,native_fallback,1,1,FR_SILPH_CO_5F,30,13
building__rom_082d4ecc,399,flat,native_fallback,2,2,FR_SILPH_CO_8F,19,8
building__rom_082d4ecc,39A,flat,native_fallback,2,2,FR_SILPH_CO_8F,20,8
building__rom_082d4ecc,39B,flat,native_fallback,2,2,FR_SILPH_CO_8F,21,8
building__rom_082d4ecc,39C,flat,native_fallback,2,2,FR_SILPH_CO_8F,22,8
building__rom_082d4ecc,39D,flat,native_fallback,1,1,FR_SILPH_CO_11F,8,8
building__rom_082d4ecc,39E,flat,native_fallback,1,1,FR_SILPH_CO_11F,9,8
building__rom_082d4ecc,39F,flat,native_fallback,1,1,FR_SILPH_CO_11F,10,8
building__rom_082d4ecc,3A0,flat,native_fallback,1,1,FR_SILPH_CO_9F,29,11
building__rom_082d4ecc,3A1,flat,native_fallback,2,2,FR_SILPH_CO_8F,19,9
building__rom_082d4ecc,3A2,flat,native_fallback,2,2,FR_SILPH_CO_8F,20,9
building__rom_082d4ecc,3A3,flat,native_fallback,2,2,FR_SILPH_CO_8F,21,9
building__rom_082d4ecc,3A4,flat,native_fallback,2,2,FR_SILPH_CO_8F,22,9
building__rom_082d4ecc,3A5,flat,native_fallback,1,1,FR_SILPH_CO_11F,7,10
building__rom_082d4ecc,3A6,flat,native_fallback,3,1,FR_SILPH_CO_11F,10,10
building__rom_082d4ecc,3A7,flat,native_fallback,1,1,FR_SILPH_CO_11F,11,10
building__rom_082d4ecc,3A8,flat,native_fallback,1,1,FR_SILPH_CO_11F,9,12
building__rom_082d4ecc,3A9,flat,native_fallback,5,5,FR_SILPH_CO_1F,31,3
building__rom_082d4ecc,3AA,flat,native_fallback,1,1,FR_SILPH_CO_1F,7,20
building__rom_082d4ecc,3AB,flat,native_fallback,1,1,FR_SILPH_CO_1F,8,20
building__rom_082d4ecc,3AC,flat,native_fallback,1,1,FR_SILPH_CO_1F,9,20
building__rom_082d4ecc,3AD,flat,native_fallback,1,1,FR_SILPH_CO_11F,7,11
building__rom_082d4ecc,3AE,flat,native_fallback,1,1,FR_SILPH_CO_11F,9,11
building__rom_082d4ecc,3AF,flat,native_fallback,1,1,FR_SILPH_CO_11F,11,11
building__rom_082d4ecc,3B2,flat,native_fallback,5,5,FR_SILPH_CO_11F,7,2
building__rom_082d4ecc,3B3,flat,native_fallback,5,5,FR_SILPH_CO_1F,31,2
building__rom_082d4ecc,3B4,flat,native_fallback,1,1,FR_SILPH_CO_7F,28,9
building__rom_082d4ecc,3B5,flat,native_fallback,1,1,FR_SILPH_CO_11F,7,12
building__rom_082d4ecc,3B6,flat,native_fallback,4,1,FR_SILPH_CO_11F,10,11
building__rom_082d4ecc,3B7,flat,native_fallback,1,1,FR_SILPH_CO_11F,11,12
building__rom_082d4ecc,3BA,flat,native_fallback,2,2,FR_SILPH_CO_8F,23,8
building__rom_082d4ecc,3BB,flat,native_fallback,2,2,FR_SILPH_CO_8F,23,9
building__rom_082d4ecc,3BC,flat,native_fallback,1,1,FR_SILPH_CO_7F,29,9
building__rom_082d4ecc,3BD,flat,native_fallback,1,1,FR_SILPH_CO_11F,7,13
building__rom_082d4ecc,3BE,flat,native_fallback,3,1,FR_SILPH_CO_11F,10,13
building__rom_082d4ecc,3BF,flat,native_fallback,1,1,FR_SILPH_CO_11F,11,13
building__rom_082d4ecc,3C6,flat,native_fallback,6,1,FR_SILPH_CO_1F,24,13
building__rom_082d4ecc,3C7,flat,native_fallback,6,1,FR_SILPH_CO_1F,10,12
building__rom_082d4ecc,3C8,flat,native_fallback,8,1,FR_SILPH_CO_1F,21,9
building__rom_082d4ecc,3C9,flat,native_fallback,2,1,FR_SILPH_CO_1F,21,12
building__rom_082d4ecc,3CA,flat,native_fallback,4,1,FR_SILPH_CO_1F,17,13
building__rom_082d4ecc,3CC,flat,native_fallback,4,1,FR_SILPH_CO_1F,21,8
building__rom_082d4ecc,3CE,flat,native_fallback,6,1,FR_SILPH_CO_1F,10,11
building__rom_082d4ecc,3CF,flat,native_fallback,6,1,FR_SILPH_CO_1F,15,8
building__rom_082d4ecc,3D0,flat,native_fallback,5,1,FR_SILPH_CO_1F,16,13
building__rom_082d4ecc,3D1,flat,native_fallback,5,1,FR_SILPH_CO_1F,12,13
building__rom_082d4ecc,3D2,flat,native_fallback,5,1,FR_SILPH_CO_1F,20,9
building__rom_082d4ecc,3D3,flat,native_fallback,5,1,FR_SILPH_CO_1F,15,9
building__rom_082d4ecc,3D4,flat,native_fallback,4,1,FR_SILPH_CO_1F,13,10
building__rom_082d4ecc,3D5,flat,native_fallback,4,1,FR_SILPH_CO_1F,15,10
building__rom_082d4ecc,3D6,flat,native_fallback,4,1,FR_SILPH_CO_1F,13,13
building__rom_082d4ecc,3D7,flat,native_fallback,4,1,FR_SILPH_CO_1F,22,13
building__rom_082d4ecc,3D9,flat,native_fallback,2,1,FR_SILPH_CO_1F,14,13
building__rom_082d4ecc,3DA,flat,native_fallback,2,1,FR_SILPH_CO_1F,13,11
building__rom_082d4ecc,3DB,flat,native_fallback,2,1,FR_SILPH_CO_1F,22,11
building__rom_082d4ecc,3DC,flat,native_fallback,2,1,FR_SILPH_CO_1F,13,12
building__rom_082d4ecc,3DD,flat,native_fallback,2,1,FR_SILPH_CO_1F,22,12
building__rom_082d4ecc,062,flat,native_fallback,1,1,FR_SILPH_CO_11F,5,7
building__rom_082d4ecc,3DE,flat,native_fallback,2,1,FR_SILPH_CO_1F,14,10
building__rom_082d4ecc,3DF,flat,native_fallback,2,1,FR_SILPH_CO_1F,14,11
building__rom_082d4ecc,3E0,flat,native_fallback,1,1,FR_FIVE_ISLAND_ROCKET_WAREHOUSE,23,25
building__rom_082d4ecc,3E1,flat,native_fallback,1,1,FR_FIVE_ISLAND_ROCKET_WAREHOUSE,24,25
building__rom_082d4ecc,3E2,flat,native_fallback,1,1,FR_FIVE_ISLAND_ROCKET_WAREHOUSE,25,25
building__rom_082d4ecc,3E3,flat,native_fallback,2,1,FR_FIVE_ISLAND_ROCKET_WAREHOUSE,26,9
building__rom_082d4ecc,3E5,flat,native_fallback,2,1,FR_FIVE_ISLAND_ROCKET_WAREHOUSE,26,2
building__rom_082d4ee4,000,flat,native_fallback,88,2,FR_UNDERGROUND_PATH_EAST_WEST_TUNNEL,60,7
building__rom_082d4ee4,281,flat,native_fallback,1,1,FR_UNDERGROUND_PATH_NORTH_SOUTH_TUNNEL,6,19
building__rom_082d4ee4,283,flat,native_fallback,2,2,FR_UNDERGROUND_PATH_EAST_WEST_TUNNEL,0,0
building__rom_082d4ee4,284,flat,native_fallback,2,2,FR_UNDERGROUND_PATH_EAST_WEST_TUNNEL,1,0
building__rom_082d4ee4,285,flat,native_fallback,80,2,FR_UNDERGROUND_PATH_EAST_WEST_TUNNEL,60,0
building__rom_082d4ee4,286,flat,native_fallback,2,2,FR_UNDERGROUND_PATH_EAST_WEST_TUNNEL,78,0
building__rom_082d4ee4,287,flat,native_fallback,2,2,FR_UNDERGROUND_PATH_EAST_WEST_TUNNEL,79,0
building__rom_082d4ee4,288,flat,native_fallback,21,1,FR_UNDERGROUND_PATH_NORTH_SOUTH_TUNNEL,1,12
building__rom_082d4ee4,289,flat,native_fallback,168,2,FR_UNDERGROUND_PATH_EAST_WEST_TUNNEL,60,5
building__rom_082d4ee4,28A,flat,native_fallback,22,1,FR_UNDERGROUND_PATH_NORTH_SOUTH_TUNNEL,6,50
building__rom_082d4ee4,28B,flat,native_fallback,2,2,FR_UNDERGROUND_PATH_EAST_WEST_TUNNEL,0,1
building__rom_082d4ee4,28C,flat,native_fallback,2,2,FR_UNDERGROUND_PATH_EAST_WEST_TUNNEL,1,1
building__rom_082d4ee4,28D,flat,native_fallback,70,2,FR_UNDERGROUND_PATH_EAST_WEST_TUNNEL,60,1
building__rom_082d4ee4,28F,flat,native_fallback,2,2,FR_UNDERGROUND_PATH_EAST_WEST_TUNNEL,79,1
building__rom_082d4ee4,290,flat,native_fallback,5,1,FR_UNDERGROUND_PATH_NORTH_SOUTH_TUNNEL,1,15
building__rom_082d4ee4,291,flat,native_fallback,93,2,FR_UNDERGROUND_PATH_EAST_WEST_TUNNEL,60,4
building__rom_082d4ee4,292,flat,native_fallback,4,1,FR_UNDERGROUND_PATH_NORTH_SOUTH_TUNNEL,6,15
building__rom_082d4ee4,293,flat,native_fallback,62,2,FR_UNDERGROUND_PATH_EAST_WEST_TUNNEL,0,4
building__rom_082d4ee4,294,flat,native_fallback,1,1,FR_UNDERGROUND_PATH_NORTH_SOUTH_TUNNEL,1,2
building__rom_082d4ee4,295,flat,native_fallback,78,2,FR_UNDERGROUND_PATH_EAST_WEST_TUNNEL,60,2
building__rom_082d4ee4,297,flat,native_fallback,62,2,FR_UNDERGROUND_PATH_EAST_WEST_TUNNEL,79,3
building__rom_082d4ee4,298,flat,native_fallback,10,1,FR_UNDERGROUND_PATH_NORTH_SOUTH_TUNNEL,1,20
building__rom_082d4ee4,299,flat,native_fallback,40,1,FR_UNDERGROUND_PATH_NORTH_SOUTH_TUNNEL,4,28
building__rom_082d4ee4,29A,flat,native_fallback,10,1,FR_UNDERGROUND_PATH_NORTH_SOUTH_TUNNEL,6,29
building__rom_082d4ee4,29B,flat,native_fallback,2,2,FR_UNDERGROUND_PATH_EAST_WEST_TUNNEL,0,5
building__rom_082d4ee4,29D,flat,native_fallback,8,2,FR_UNDERGROUND_PATH_EAST_WEST_TUNNEL,67,1
building__rom_082d4ee4,29E,flat,native_fallback,2,2,FR_UNDERGROUND_PATH_EAST_WEST_TUNNEL,78,5
building__rom_082d4ee4,29F,flat,native_fallback,2,2,FR_UNDERGROUND_PATH_EAST_WEST_TUNNEL,79,5
building__rom_082d4ee4,2A0,flat,native_fallback,5,1,FR_UNDERGROUND_PATH_NORTH_SOUTH_TUNNEL,1,31
building__rom_082d4ee4,2A1,flat,native_fallback,20,1,FR_UNDERGROUND_PATH_NORTH_SOUTH_TUNNEL,5,34
building__rom_082d4ee4,2A2,flat,native_fallback,1,1,FR_UNDERGROUND_PATH_NORTH_SOUTH_TUNNEL,6,34
building__rom_082d4ee4,2A3,flat,native_fallback,2,2,FR_UNDERGROUND_PATH_EAST_WEST_TUNNEL,0,6
building__rom_082d4ee4,2A4,flat,native_fallback,2,2,FR_UNDERGROUND_PATH_EAST_WEST_TUNNEL,1,6
building__rom_082d4ee4,2A5,flat,native_fallback,80,2,FR_UNDERGROUND_PATH_EAST_WEST_TUNNEL,12,6
building__rom_082d4ee4,2A6,flat,native_fallback,2,2,FR_UNDERGROUND_PATH_EAST_WEST_TUNNEL,78,6
building__rom_082d4ee4,2A7,flat,native_fallback,2,2,FR_UNDERGROUND_PATH_EAST_WEST_TUNNEL,79,6
building__rom_082d4ee4,2A8,flat,native_fallback,9,1,FR_UNDERGROUND_PATH_NORTH_SOUTH_TUNNEL,1,43
building__rom_082d4ee4,2A9,flat,native_fallback,36,1,FR_UNDERGROUND_PATH_NORTH_SOUTH_TUNNEL,4,35
building__rom_082d4ee4,2AA,flat,native_fallback,9,1,FR_UNDERGROUND_PATH_NORTH_SOUTH_TUNNEL,6,41
building__rom_082d4ee4,2AB,flat,native_fallback,4,1,FR_UNDERGROUND_PATH_NORTH_SOUTH_TUNNEL,6,31
building__rom_082d4ee4,2AC,flat,native_fallback,1,1,FR_UNDERGROUND_PATH_NORTH_SOUTH_TUNNEL,1,58
building__rom_082d4ee4,2AD,flat,native_fallback,1,1,FR_UNDERGROUND_PATH_EAST_WEST_TUNNEL,1,2
building__rom_082d4ee4,2AE,flat,native_fallback,2,2,FR_UNDERGROUND_PATH_EAST_WEST_TUNNEL,77,1
building__rom_082d4ee4,2AF,flat,native_fallback,2,2,FR_UNDERGROUND_PATH_EAST_WEST_TUNNEL,78,1
building__rom_082d4ee4,2B0,flat,native_fallback,5,1,FR_UNDERGROUND_PATH_NORTH_SOUTH_TUNNEL,1,46
building__rom_082d4ee4,2B1,flat,native_fallback,20,1,FR_UNDERGROUND_PATH_NORTH_SOUTH_TUNNEL,2,44
building__rom_082d4ee4,2B2,flat,native_fallback,4,1,FR_UNDERGROUND_PATH_NORTH_SOUTH_TUNNEL,6,46
building__rom_082d4ee4,2B3,flat,native_fallback,1,1,FR_UNDERGROUND_PATH_NORTH_SOUTH_TUNNEL,6,48
building__rom_082d4ee4,2B4,flat,native_fallback,2,2,FR_UNDERGROUND_PATH_EAST_WEST_TUNNEL,1,3
building__rom_082d4ee4,2B5,flat,native_fallback,2,2,FR_UNDERGROUND_PATH_EAST_WEST_TUNNEL,2,3
building__rom_082d4ee4,2B6,flat,native_fallback,2,2,FR_UNDERGROUND_PATH_EAST_WEST_TUNNEL,77,2
building__rom_082d4ee4,2B7,flat,native_fallback,2,2,FR_UNDERGROUND_PATH_EAST_WEST_TUNNEL,78,2
building__rom_082d4ee4,2B8,flat,native_fallback,1,1,FR_UNDERGROUND_PATH_EAST_WEST_TUNNEL,77,4
building__rom_082d4ee4,2B9,flat,native_fallback,1,1,FR_UNDERGROUND_PATH_EAST_WEST_TUNNEL,78,4
building__rom_082d4ee4,2BB,flat,native_fallback,73,1,FR_UNDERGROUND_PATH_EAST_WEST_TUNNEL,60,3
building__rom_082d4ee4,2BC,flat,native_fallback,2,2,FR_UNDERGROUND_PATH_EAST_WEST_TUNNEL,1,4
building__rom_082d4ee4,2BD,flat,native_fallback,2,2,FR_UNDERGROUND_PATH_EAST_WEST_TUNNEL,2,4
building__rom_082d4ee4,2BE,flat,native_fallback,2,2,FR_UNDERGROUND_PATH_EAST_WEST_TUNNEL,77,3
building__rom_082d4ee4,2BF,flat,native_fallback,2,2,FR_UNDERGROUND_PATH_EAST_WEST_TUNNEL,78,3
building__rom_082d4ee4,2C0,flat,native_fallback,1,1,FR_UNDERGROUND_PATH_EAST_WEST_TUNNEL,3,4
building__rom_082d4ee4,2C1,flat,native_fallback,1,1,FR_UNDERGROUND_PATH_EAST_WEST_TUNNEL,76,3
building__rom_082d4ee4,2C2,flat,native_fallback,1,1,FR_UNDERGROUND_PATH_NORTH_SOUTH_TUNNEL,3,60
building__rom_082d4ee4,2C3,flat,native_fallback,1,1,FR_UNDERGROUND_PATH_NORTH_SOUTH_TUNNEL,4,3
building__rom_082d4ee4,2C4,flat,native_fallback,2,2,FR_UNDERGROUND_PATH_EAST_WEST_TUNNEL,1,5
building__rom_082d4ee4,2C5,flat,native_fallback,2,2,FR_UNDERGROUND_PATH_EAST_WEST_TUNNEL,2,5
building__rom_082d4ee4,2C6,flat,native_fallback,1,1,FR_UNDERGROUND_PATH_NORTH_SOUTH_TUNNEL,5,4
building__rom_082d4ee4,2C7,flat,native_fallback,1,1,FR_UNDERGROUND_PATH_NORTH_SOUTH_TUNNEL,6,4
building__rom_082d4efc,01A,flat,native_fallback,1,1,FR_POKEMON_TOWER_1F,10,19
building__rom_082d4efc,01B,flat,native_fallback,1,1,FR_POKEMON_TOWER_1F,11,19
building__rom_082d4efc,01C,flat,native_fallback,1,1,FR_POKEMON_TOWER_1F,12,19
building__rom_082d4efc,281,flat,native_fallback,1355,7,FR_POKEMON_TOWER_1F,1,12
building__rom_082d4efc,282,flat,native_fallback,879,7,FR_POKEMON_TOWER_1F,5,15
building__rom_082d4efc,284,flat,native_fallback,65,7,FR_POKEMON_TOWER_1F,12,2
building__rom_082d4efc,285,flat,native_fallback,17,7,FR_POKEMON_TOWER_1F,2,9
building__rom_082d4efc,286,flat,native_fallback,1,1,FR_POKEMON_TOWER_1F,11,18
building__rom_082d4efc,287,flat,native_fallback,1,1,FR_POKEMON_TOWER_1F,12,18
building__rom_082d4efc,288,flat,native_fallback,35,7,FR_POKEMON_TOWER_1F,2,6
building__rom_082d4efc,289,flat,native_fallback,92,1,FR_POKEMON_TOWER_7F,5,15
building__rom_082d4efc,28A,flat,native_fallback,7,7,FR_POKEMON_TOWER_1F,2,5
building__rom_082d4efc,28B,flat,native_fallback,7,7,FR_POKEMON_TOWER_1F,20,5
building__rom_082d4efc,28C,flat,native_fallback,35,7,FR_POKEMON_TOWER_1F,2,4
building__rom_082d4efc,28D,flat,native_fallback,35,7,FR_POKEMON_TOWER_1F,18,2
building__rom_082d4efc,28E,flat,native_fallback,24,7,FR_POKEMON_TOWER_1F,5,5
building__rom_082d4efc,290,flat,native_fallback,35,7,FR_POKEMON_TOWER_1F,16,2
building__rom_082d4efc,291,flat,native_fallback,341,6,FR_POKEMON_TOWER_2F,9,17
building__rom_082d4efc,292,flat,native_fallback,30,7,FR_POKEMON_TOWER_1F,2,8
building__rom_082d4efc,293,flat,native_fallback,7,5,FR_POKEMON_TOWER_2F,5,5
building__rom_082d4efc,294,flat,native_fallback,3,3,FR_POKEMON_TOWER_1F,18,8
building__rom_082d4efc,295,flat,native_fallback,3,2,FR_POKEMON_TOWER_2F,20,12
building__rom_082d4efc,296,flat,native_fallback,3,3,FR_POKEMON_TOWER_1F,19,9
building__rom_082d4efc,298,flat,native_fallback,63,7,FR_POKEMON_TOWER_1F,10,0
building__rom_082d4efc,299,flat,native_fallback,1,1,FR_POKEMON_TOWER_5F,10,8
building__rom_082d4efc,29A,flat,native_fallback,1,1,FR_POKEMON_TOWER_5F,11,8
building__rom_082d4efc,29B,flat,native_fallback,1,1,FR_POKEMON_TOWER_5F,12,8
building__rom_082d4efc,29C,flat,native_fallback,3,3,FR_POKEMON_TOWER_1F,18,10
building__rom_082d4efc,29D,flat,native_fallback,3,3,FR_POKEMON_TOWER_1F,19,8
building__rom_082d4efc,29E,flat,native_fallback,3,3,FR_POKEMON_TOWER_1F,19,10
building__rom_082d4efc,29F,flat,native_fallback,3,3,FR_POKEMON_TOWER_1F,20,8
building__rom_082d4efc,2A0,flat,native_fallback,132,7,FR_POKEMON_TOWER_1F,10,1
building__rom_082d4efc,2A1,flat,native_fallback,1,1,FR_POKEMON_TOWER_5F,10,9
building__rom_082d4efc,2A2,flat,native_fallback,1,1,FR_POKEMON_TOWER_5F,11,9
building__rom_082d4efc,2A3,flat,native_fallback,1,1,FR_POKEMON_TOWER_5F,12,9
building__rom_082d4efc,2A4,flat,native_fallback,3,3,FR_POKEMON_TOWER_1F,20,9
building__rom_082d4efc,2A5,flat,native_fallback,1,1,FR_POKEMON_TOWER_7F,9,15
building__rom_082d4efc,2A6,flat,native_fallback,3,3,FR_POKEMON_TOWER_3F,3,9
building__rom_082d4efc,2A7,flat,native_fallback,3,3,FR_POKEMON_TOWER_3F,4,9
building__rom_082d4efc,2A8,flat,native_fallback,3,3,FR_POKEMON_TOWER_1F,18,9
building__rom_082d4efc,2A9,flat,native_fallback,1,1,FR_POKEMON_TOWER_5F,10,10
building__rom_082d4efc,2AA,flat,native_fallback,1,1,FR_POKEMON_TOWER_5F,11,10
building__rom_082d4efc,2AB,flat,native_fallback,1,1,FR_POKEMON_TOWER_5F,12,10
building__rom_082d4efc,2AC,flat,native_fallback,3,3,FR_POKEMON_TOWER_1F,20,10
building__rom_082d4efc,2AD,flat,native_fallback,3,3,FR_POKEMON_TOWER_3F,2,10
building__rom_082d4efc,2AE,flat,native_fallback,3,3,FR_POKEMON_TOWER_3F,3,10
building__rom_082d4efc,2AF,flat,native_fallback,3,3,FR_POKEMON_TOWER_3F,4,10
building__rom_082d4efc,2B0,flat,native_fallback,3,3,FR_POKEMON_TOWER_2F,18,9
building__rom_082d4efc,2B1,flat,native_fallback,3,3,FR_POKEMON_TOWER_2F,19,9
building__rom_082d4efc,2B2,flat,native_fallback,3,3,FR_POKEMON_TOWER_2F,20,9
building__rom_082d4efc,2B3,flat,native_fallback,1,1,FR_POKEMON_TOWER_6F,9,14
building__rom_082d4efc,2B4,flat,native_fallback,1,1,FR_POKEMON_TOWER_1F,10,18
building__rom_082d4efc,2B5,flat,native_fallback,3,3,FR_POKEMON_TOWER_3F,2,11
building__rom_082d4efc,2B6,flat,native_fallback,3,3,FR_POKEMON_TOWER_3F,3,11
building__rom_082d4efc,2B7,flat,native_fallback,3,3,FR_POKEMON_TOWER_3F,4,11
building__rom_082d4efc,2B8,flat,native_fallback,3,3,FR_POKEMON_TOWER_2F,18,10
building__rom_082d4efc,2B9,flat,native_fallback,3,3,FR_POKEMON_TOWER_2F,19,10
building__rom_082d4efc,2BA,flat,native_fallback,3,3,FR_POKEMON_TOWER_2F,20,10
building__rom_082d4efc,2BB,flat,native_fallback,3,3,FR_POKEMON_TOWER_2F,2,9
building__rom_082d4efc,2BC,flat,native_fallback,3,3,FR_POKEMON_TOWER_2F,3,9
building__rom_082d4efc,2BD,flat,native_fallback,3,3,FR_POKEMON_TOWER_2F,4,9
building__rom_082d4efc,2BE,flat,native_fallback,2,2,FR_POKEMON_TOWER_3F,2,9
building__rom_082d4efc,2BF,flat,native_fallback,2,2,FR_POKEMON_TOWER_3F,20,8
building__rom_082d4efc,2C0,flat,native_fallback,3,3,FR_POKEMON_TOWER_2F,18,11
building__rom_082d4efc,2C1,flat,native_fallback,3,3,FR_POKEMON_TOWER_2F,19,11
building__rom_082d4efc,2C2,flat,native_fallback,3,3,FR_POKEMON_TOWER_2F,20,11
building__rom_082d4efc,2C3,flat,native_fallback,3,3,FR_POKEMON_TOWER_2F,2,10
building__rom_082d4efc,2C4,flat,native_fallback,3,3,FR_POKEMON_TOWER_2F,3,10
building__rom_082d4efc,2C5,flat,native_fallback,3,3,FR_POKEMON_TOWER_2F,4,10
building__rom_082d4efc,2C6,flat,native_fallback,1,1,FR_POKEMON_TOWER_7F,9,2
building__rom_082d4efc,2C8,flat,native_fallback,2,1,FR_POKEMON_TOWER_1F,15,15
building__rom_082d4efc,2C9,flat,native_fallback,1,1,FR_POKEMON_TOWER_1F,15,11
building__rom_082d4efc,2CA,flat,native_fallback,5,1,FR_POKEMON_TOWER_1F,17,11
building__rom_082d4efc,2CC,flat,native_fallback,3,3,FR_POKEMON_TOWER_2F,3,11
building__rom_082d4efc,2CD,flat,native_fallback,3,3,FR_POKEMON_TOWER_2F,4,11
building__rom_082d4efc,2CE,flat,native_fallback,1,1,FR_POKEMON_TOWER_1F,20,7
building__rom_082d4efc,2CF,flat,native_fallback,2,1,FR_POKEMON_TOWER_7F,13,3
building__rom_082d4efc,2D0,flat,native_fallback,1,1,FR_POKEMON_TOWER_1F,15,16
building__rom_082d4efc,2D1,flat,native_fallback,1,1,FR_POKEMON_TOWER_1F,15,12
building__rom_082d4efc,2D2,flat,native_fallback,4,1,FR_POKEMON_TOWER_1F,20,12
building__rom_082d4efc,2D3,flat,native_fallback,1,1,FR_POKEMON_TOWER_1F,18,12
building__rom_082d4efc,2D4,flat,native_fallback,1,1,FR_POKEMON_TOWER_1F,15,13
building__rom_082d4efc,2D5,flat,native_fallback,3,3,FR_POKEMON_TOWER_2F,2,11
building__rom_082d4efc,2D6,flat,native_fallback,1,1,FR_POKEMON_TOWER_2F,2,8
building__rom_082d4efc,2D7,flat,native_fallback,2,1,FR_POKEMON_TOWER_7F,9,4
building__rom_082d4efc,2D8,flat,native_fallback,23,5,FR_POKEMON_TOWER_2F,12,2
building__rom_082d4efc,2D9,flat,native_fallback,8,3,FR_POKEMON_TOWER_2F,5,4
building__rom_082d4efc,2DA,flat,native_fallback,1,1,FR_POKEMON_TOWER_4F,2,8
building__rom_082d4efc,2DC,flat,native_fallback,3,1,FR_POKEMON_TOWER_7F,3,7
building__rom_082d4efc,2DD,flat,native_fallback,5,1,FR_POKEMON_TOWER_7F,5,5
building__rom_082d4efc,2DE,flat,native_fallback,1,1,FR_POKEMON_TOWER_7F,13,2
building__rom_082d4efc,2DF,flat,native_fallback,2,1,FR_POKEMON_TOWER_7F,9,5
building__rom_082d4efc,2E0,flat,native_fallback,1,1,FR_POKEMON_TOWER_3F,4,12
building__rom_082d4efc,2E1,flat,native_fallback,1,1,FR_POKEMON_TOWER_2F,18,12
building__rom_082d4efc,2E2,flat,native_fallback,1,1,FR_POKEMON_TOWER_3F,2,12
building__rom_082d4efc,2E3,flat,native_fallback,1,1,FR_POKEMON_TOWER_4F,18,12
building__rom_082d4efc,2E4,flat,native_fallback,2,1,FR_POKEMON_TOWER_4F,20,12
building__rom_082d4f14,000,flat,native_fallback,185,8,FR_FOUR_ISLAND_LORELEIS_HOUSE,7,9
building__rom_082d4f14,108,flat,native_fallback,4,1,FR_FOUR_ISLAND_LORELEIS_HOUSE,2,0
building__rom_082d4f14,10B,flat,native_fallback,1,1,FR_FOUR_ISLAND_LORELEIS_HOUSE,8,0
building__rom_082d4f14,10C,flat,native_fallback,1,1,FR_FOUR_ISLAND_LORELEIS_HOUSE,3,0
building__rom_082d4f14,10D,flat,native_fallback,1,1,FR_FOUR_ISLAND_LORELEIS_HOUSE,4,0
building__rom_082d4f14,01A,flat,native_fallback,8,8,FR_FOUR_ISLAND_LORELEIS_HOUSE,3,8
building__rom_082d4f14,110,flat,native_fallback,4,1,FR_FOUR_ISLAND_LORELEIS_HOUSE,2,1
building__rom_082d4f14,113,flat,native_fallback,1,1,FR_FOUR_ISLAND_LORELEIS_HOUSE,8,1
building__rom_082d4f14,114,flat,native_fallback,1,1,FR_FOUR_ISLAND_LORELEIS_HOUSE,3,1
building__rom_082d4f14,115,flat,native_fallback,1,1,FR_FOUR_ISLAND_LORELEIS_HOUSE,4,1
building__rom_082d4f14,01B,flat,native_fallback,8,8,FR_FOUR_ISLAND_LORELEIS_HOUSE,4,8
building__rom_082d4f14,118,flat,native_fallback,1,1,FR_FOUR_ISLAND_LORELEIS_HOUSE,5,0
building__rom_082d4f14,120,flat,native_fallback,1,1,FR_FOUR_ISLAND_LORELEIS_HOUSE,5,1
building__rom_082d4f14,01C,flat,native_fallback,8,8,FR_FOUR_ISLAND_LORELEIS_HOUSE,5,8
building__rom_082d4f14,160,flat,native_fallback,1,1,FR_FOUR_ISLAND_LORELEIS_HOUSE,6,0
building__rom_082d4f14,168,flat,native_fallback,1,1,FR_FOUR_ISLAND_LORELEIS_HOUSE,6,1
building__rom_082d4f14,281,flat,native_fallback,68,6,FR_FUCHSIA_CITY_SAFARI_ZONE_OFFICE,16,0
building__rom_082d4f14,282,flat,native_fallback,6,1,FR_FUCHSIA_CITY_SAFARI_ZONE_ENTRANCE,6,0
building__rom_082d4f14,283,flat,native_fallback,1,1,FR_FUCHSIA_CITY_SAFARI_ZONE_ENTRANCE,3,0
building__rom_082d4f14,284,flat,native_fallback,1,1,FR_FUCHSIA_CITY_SAFARI_ZONE_ENTRANCE,4,0
building__rom_082d4f14,285,flat,native_fallback,1,1,FR_FUCHSIA_CITY_SAFARI_ZONE_ENTRANCE,5,0
building__rom_082d4f14,286,flat,native_fallback,49,2,FR_FOUR_ISLAND_LORELEIS_HOUSE,9,6
building__rom_082d4f14,287,flat,native_fallback,4,2,FR_FOUR_ISLAND_LORELEIS_HOUSE,5,2
building__rom_082d4f14,288,flat,native_fallback,1,1,FR_FUCHSIA_CITY_SAFARI_ZONE_ENTRANCE,4,4
building__rom_082d4f14,289,flat,native_fallback,50,6,FR_FUCHSIA_CITY_SAFARI_ZONE_OFFICE,16,1
building__rom_082d4f14,28B,flat,native_fallback,1,1,FR_FUCHSIA_CITY_SAFARI_ZONE_ENTRANCE,3,1
building__rom_082d4f14,28C,flat,native_fallback,1,1,FR_FUCHSIA_CITY_SAFARI_ZONE_ENTRANCE,4,1
building__rom_082d4f14,28D,flat,native_fallback,1,1,FR_FUCHSIA_CITY_SAFARI_ZONE_ENTRANCE,5,1
building__rom_082d4f14,28E,flat,native_fallback,18,5,FR_SAFARI_ZONE_CENTER_REST_HOUSE,0,1
building__rom_082d4f14,28F,flat,native_fallback,4,1,FR_FUCHSIA_CITY_SAFARI_ZONE_ENTRANCE,0,1
building__rom_082d4f14,290,flat,native_fallback,292,6,FR_FUCHSIA_CITY_SAFARI_ZONE_OFFICE,18,4
building__rom_082d4f14,291,flat,native_fallback,16,4,FR_SAFARI_ZONE_CENTER_REST_HOUSE,5,7
building__rom_082d4f14,292,flat,native_fallback,4,1,FR_FUCHSIA_CITY_SAFARI_ZONE_ENTRANCE,5,3
building__rom_082d4f14,293,flat,native_fallback,3,1,FR_FUCHSIA_CITY_SAFARI_ZONE_ENTRANCE,4,5
building__rom_082d4f14,294,flat,native_fallback,2,1,FR_FUCHSIA_CITY_SAFARI_ZONE_ENTRANCE,6,1
building__rom_082d4f14,295,flat,native_fallback,4,4,FR_SAFARI_ZONE_CENTER_REST_HOUSE,8,5
building__rom_082d4f14,296,flat,native_fallback,19,6,FR_FUCHSIA_CITY_SAFARI_ZONE_OFFICE,0,9
building__rom_082d4f14,297,flat,native_fallback,4,1,FR_FUCHSIA_CITY_SAFARI_ZONE_ENTRANCE,0,2
building__rom_082d4f14,298,flat,native_fallback,87,6,FR_FUCHSIA_CITY_SAFARI_ZONE_OFFICE,3,6
building__rom_082d4f14,299,flat,native_fallback,1,1,FR_FUCHSIA_CITY_SAFARI_ZONE_ENTRANCE,3,2
building__rom_082d4f14,29A,flat,native_fallback,1,1,FR_FUCHSIA_CITY_SAFARI_ZONE_ENTRANCE,5,2
building__rom_082d4f14,29B,flat,native_fallback,1,1,FR_FUCHSIA_CITY_SAFARI_ZONE_ENTRANCE,4,2
building__rom_082d4f14,29C,flat,native_fallback,18,5,FR_FUCHSIA_CITY_SAFARI_ZONE_ENTRANCE,6,3
building__rom_082d4f14,29D,flat,native_fallback,16,4,FR_SAFARI_ZONE_CENTER_REST_HOUSE,12,5
building__rom_082d4f14,29E,flat,native_fallback,2,1,FR_FUCHSIA_CITY_SAFARI_ZONE_ENTRANCE,8,3
building__rom_082d4f14,29F,flat,native_fallback,12,6,FR_FUCHSIA_CITY_SAFARI_ZONE_ENTRANCE,0,6
building__rom_082d4f14,2A0,flat,native_fallback,4,1,FR_FUCHSIA_CITY_SAFARI_ZONE_ENTRANCE,1,3
building__rom_082d4f14,2A1,flat,native_fallback,4,1,FR_FUCHSIA_CITY_SAFARI_ZONE_ENTRANCE,3,6
building__rom_082d4f14,2A2,flat,native_fallback,6,1,FR_FUCHSIA_CITY_SAFARI_ZONE_ENTRANCE,1,5
building__rom_082d4f14,2A3,flat,native_fallback,1,1,FR_FUCHSIA_CITY_SAFARI_ZONE_ENTRANCE,0,3
building__rom_082d4f14,2A4,flat,native_fallback,6,5,FR_FUCHSIA_CITY_SAFARI_ZONE_ENTRANCE,2,7
building__rom_082d4f14,2A5,flat,native_fallback,8,4,FR_SAFARI_ZONE_CENTER_REST_HOUSE,10,6
building__rom_082d4f14,2A6,flat,native_fallback,20,6,FR_FUCHSIA_CITY_SAFARI_ZONE_ENTRANCE,0,7
building__rom_082d4f14,2A7,flat,native_fallback,2,2,FR_FUCHSIA_CITY_SAFARI_ZONE_ENTRANCE,0,4
building__rom_082d4f14,2A8,flat,native_fallback,15,6,FR_FUCHSIA_CITY_SAFARI_ZONE_OFFICE,2,0
building__rom_082d4f14,2A9,flat,native_fallback,15,6,FR_FUCHSIA_CITY_SAFARI_ZONE_OFFICE,5,0
building__rom_082d4f14,2AA,flat,native_fallback,6,6,FR_FUCHSIA_CITY_SAFARI_ZONE_OFFICE,5,9
building__rom_082d4f14,2AB,flat,native_fallback,6,6,FR_FUCHSIA_CITY_SAFARI_ZONE_OFFICE,6,9
building__rom_082d4f14,2AC,flat,native_fallback,6,6,FR_FUCHSIA_CITY_SAFARI_ZONE_OFFICE,7,9
building__rom_082d4f14,2AD,flat,native_fallback,4,4,FR_SAFARI_ZONE_CENTER_REST_HOUSE,9,7
building__rom_082d4f14,2AE,flat,native_fallback,4,4,FR_SAFARI_ZONE_CENTER_REST_HOUSE,10,7
building__rom_082d4f14,2AF,flat,native_fallback,10,6,FR_FUCHSIA_CITY_SAFARI_ZONE_ENTRANCE,0,5
building__rom_082d4f14,2B0,flat,native_fallback,15,6,FR_FUCHSIA_CITY_SAFARI_ZONE_OFFICE,2,1
building__rom_082d4f14,2B1,flat,native_fallback,15,6,FR_FUCHSIA_CITY_SAFARI_ZONE_OFFICE,1,1
building__rom_082d4f14,2B2,flat,native_fallback,4,1,FR_FUCHSIA_CITY_SAFARI_ZONE_OFFICE,0,8
building__rom_082d4f14,2B5,flat,native_fallback,10,5,FR_SAFARI_ZONE_CENTER_REST_HOUSE,9,8
building__rom_082d4f14,2B6,flat,native_fallback,4,4,FR_SAFARI_ZONE_CENTER_REST_HOUSE,8,6
building__rom_082d4f14,2B8,flat,native_fallback,15,6,FR_FUCHSIA_CITY_SAFARI_ZONE_OFFICE,2,2
building__rom_082d4f14,2B9,flat,native_fallback,15,6,FR_FUCHSIA_CITY_SAFARI_ZONE_OFFICE,5,2
building__rom_082d4f14,2BA,flat,native_fallback,7,5,FR_SAFARI_ZONE_CENTER_REST_HOUSE,10,8
building__rom_082d4f14,2BB,flat,native_fallback,8,4,FR_SAFARI_ZONE_CENTER_REST_HOUSE,12,6
building__rom_082d4f14,2BC,flat,native_fallback,1,1,FR_FUCHSIA_CITY_SAFARI_ZONE_ENTRANCE,3,7
building__rom_082d4f14,2BD,flat,native_fallback,1,1,FR_FUCHSIA_CITY_SAFARI_ZONE_ENTRANCE,4,7
building__rom_082d4f14,2BE,flat,native_fallback,1,1,FR_FUCHSIA_CITY_SAFARI_ZONE_ENTRANCE,5,7
building__rom_082d4f14,2BF,flat,native_fallback,3,1,FR_FUCHSIA_CITY_SAFARI_ZONE_OFFICE,19,9
building__rom_082d4f14,2C0,flat,native_fallback,2,1,FR_SAFARI_ZONE_SECRET_HOUSE,8,4
building__rom_082d4f14,2C1,flat,native_fallback,2,1,FR_SAFARI_ZONE_SECRET_HOUSE,4,4
building__rom_082d4f14,2C2,flat,native_fallback,2,1,FR_SAFARI_ZONE_SECRET_HOUSE,3,6
building__rom_082d4f14,2C3,flat,native_fallback,1,1,FR_SAFARI_ZONE_SECRET_HOUSE,2,8
building__rom_082d4f14,2C4,flat,native_fallback,2,1,FR_SAFARI_ZONE_SECRET_HOUSE,8,5
building__rom_082d4f14,2C5,flat,native_fallback,2,1,FR_SAFARI_ZONE_SECRET_HOUSE,4,5
building__rom_082d4f14,2C6,flat,native_fallback,1,1,FR_SAFARI_ZONE_SECRET_HOUSE,1,6
building__rom_082d4f14,2C8,flat,native_fallback,2,1,FR_FUCHSIA_CITY_SAFARI_ZONE_OFFICE,9,0
building__rom_082d4f14,2C9,flat,native_fallback,2,1,FR_FUCHSIA_CITY_SAFARI_ZONE_OFFICE,14,0
building__rom_082d4f14,2CA,flat,native_fallback,2,1,FR_FUCHSIA_CITY_SAFARI_ZONE_OFFICE,9,1
building__rom_082d4f14,2CB,flat,native_fallback,2,1,FR_FUCHSIA_CITY_SAFARI_ZONE_OFFICE,10,1
building__rom_082d4f14,2CC,flat,native_fallback,4,1,FR_FUCHSIA_CITY_SAFARI_ZONE_OFFICE,14,3
building__rom_082d4f14,2CD,flat,native_fallback,4,1,FR_FUCHSIA_CITY_SAFARI_ZONE_OFFICE,10,3
building__rom_082d4f14,2CE,flat,native_fallback,4,1,FR_FUCHSIA_CITY_SAFARI_ZONE_OFFICE,16,4
building__rom_082d4f14,2CF,flat,native_fallback,4,1,FR_FUCHSIA_CITY_SAFARI_ZONE_OFFICE,17,4
building__rom_082d4f14,2D0,flat,native_fallback,1,1,FR_FOUR_ISLAND_LORELEIS_HOUSE,8,2
building__rom_082d4f14,2D1,flat,native_fallback,1,1,FR_FOUR_ISLAND_LORELEIS_HOUSE,3,2
building__rom_082d4f14,2D2,flat,native_fallback,1,1,FR_FOUR_ISLAND_LORELEIS_HOUSE,4,2
building__rom_082d4f14,2D5,flat,native_fallback,1,1,FR_FOUR_ISLAND_LORELEIS_HOUSE,3,7
building__rom_082d4f14,2D6,flat,native_fallback,1,1,FR_FOUR_ISLAND_LORELEIS_HOUSE,4,7
building__rom_082d4f14,2D7,flat,native_fallback,1,1,FR_FOUR_ISLAND_LORELEIS_HOUSE,5,7
building__rom_082d4f14,2D8,flat,native_fallback,4,1,FR_FOUR_ISLAND_LORELEIS_HOUSE,0,5
building__rom_082d4f14,2DC,flat,native_fallback,1,1,FR_FOUR_ISLAND_LORELEIS_HOUSE,3,3
building__rom_082d4f14,2DD,flat,native_fallback,4,1,FR_FOUR_ISLAND_LORELEIS_HOUSE,5,3
building__rom_082d4f14,2DE,flat,native_fallback,1,1,FR_FOUR_ISLAND_LORELEIS_HOUSE,8,3
building__rom_082d4f14,2DF,flat,native_fallback,1,1,FR_FOUR_ISLAND_LORELEIS_HOUSE,4,4
building__rom_082d4f14,2E0,flat,native_fallback,1,1,FR_FOUR_ISLAND_LORELEIS_HOUSE,3,6
building__rom_082d4f14,2E1,flat,native_fallback,4,1,FR_FOUR_ISLAND_LORELEIS_HOUSE,6,6
building__rom_082d4f14,2E2,flat,native_fallback,1,1,FR_FOUR_ISLAND_LORELEIS_HOUSE,8,6
building__rom_082d4f14,2E3,flat,native_fallback,1,1,FR_FOUR_ISLAND_LORELEIS_HOUSE,7,4
building__rom_082d4f14,2E4,flat,native_fallback,2,1,FR_FOUR_ISLAND_LORELEIS_HOUSE,3,4
building__rom_082d4f14,2E5,flat,native_fallback,2,1,FR_FOUR_ISLAND_LORELEIS_HOUSE,4,5
building__rom_082d4f14,2E6,flat,native_fallback,2,1,FR_FOUR_ISLAND_LORELEIS_HOUSE,8,4
building__rom_082d4f14,2E8,flat,native_fallback,1,1,FR_FOUR_ISLAND_LORELEIS_HOUSE,0,2
building__rom_082d4f14,2E9,flat,native_fallback,1,1,FR_FOUR_ISLAND_LORELEIS_HOUSE,1,2
building__rom_082d4f14,2EA,flat,native_fallback,1,1,FR_FOUR_ISLAND_LORELEIS_HOUSE,2,2
building__rom_082d4f14,2EB,flat,native_fallback,1,1,FR_FOUR_ISLAND_LORELEIS_HOUSE,5,4
building__rom_082d4f14,2EC,flat,native_fallback,1,1,FR_FOUR_ISLAND_LORELEIS_HOUSE,6,4
building__rom_082d4f14,2ED,flat,native_fallback,1,1,FR_FOUR_ISLAND_LORELEIS_HOUSE,9,3
building__rom_082d4f14,2EE,flat,native_fallback,1,1,FR_FOUR_ISLAND_LORELEIS_HOUSE,10,3
building__rom_082d4f14,2EF,flat,native_fallback,1,1,FR_FOUR_ISLAND_LORELEIS_HOUSE,9,5
building__rom_082d4f14,2F0,flat,native_fallback,1,1,FR_FOUR_ISLAND_LORELEIS_HOUSE,0,3
building__rom_082d4f14,2F1,flat,native_fallback,1,1,FR_FOUR_ISLAND_LORELEIS_HOUSE,1,3
building__rom_082d4f14,2F2,flat,native_fallback,1,1,FR_FOUR_ISLAND_LORELEIS_HOUSE,2,3
building__rom_082d4f14,2F3,flat,native_fallback,1,1,FR_FOUR_ISLAND_LORELEIS_HOUSE,5,5
building__rom_082d4f14,2F4,flat,native_fallback,1,1,FR_FOUR_ISLAND_LORELEIS_HOUSE,6,5
building__rom_082d4f14,2F5,flat,native_fallback,1,1,FR_FOUR_ISLAND_LORELEIS_HOUSE,9,4
building__rom_082d4f14,2F6,flat,native_fallback,1,1,FR_FOUR_ISLAND_LORELEIS_HOUSE,10,4
building__rom_082d4f14,2F7,flat,native_fallback,1,1,FR_FOUR_ISLAND_LORELEIS_HOUSE,10,5
building__rom_082d4f14,2FA,flat,native_fallback,1,1,FR_FOUR_ISLAND_LORELEIS_HOUSE,9,0
building__rom_082d4f14,2FB,flat,native_fallback,1,1,FR_FOUR_ISLAND_LORELEIS_HOUSE,10,0
building__rom_082d4f14,2FC,flat,native_fallback,1,1,FR_FOUR_ISLAND_LORELEIS_HOUSE,9,1
building__rom_082d4f14,2FD,flat,native_fallback,1,1,FR_FOUR_ISLAND_LORELEIS_HOUSE,10,1
building__rom_082d4f14,2FE,flat,native_fallback,1,1,FR_FOUR_ISLAND_LORELEIS_HOUSE,9,2
building__rom_082d4f14,2FF,flat,native_fallback,1,1,FR_FOUR_ISLAND_LORELEIS_HOUSE,10,2
building__rom_082d4f14,008,flat,native_fallback,81,8,FR_FOUR_ISLAND_LORELEIS_HOUSE,7,8
building__rom_082d4f2c,000,flat,native_fallback,114,3,FR_POKEMON_MANSION_1F,37,35
building__rom_082d4f2c,01A,flat,native_fallback,2,1,FR_POKEMON_MANSION_1F,7,34
building__rom_082d4f2c,01B,flat,native_fallback,2,1,FR_POKEMON_MANSION_1F,8,34
building__rom_082d4f2c,01C,flat,native_fallback,2,1,FR_POKEMON_MANSION_1F,9,34
building__rom_082d4f2c,282,flat,native_fallback,27,1,FR_POKEMON_MANSION_2F,18,27
building__rom_082d4f2c,283,flat,native_fallback,13,1,FR_POKEMON_MANSION_2F,17,27
building__rom_082d4f2c,284,flat,native_fallback,854,3,FR_POKEMON_MANSION_1F,10,27
building__rom_082d4f2c,285,flat,native_fallback,269,3,FR_POKEMON_MANSION_1F,17,27
building__rom_082d4f2c,286,flat,native_fallback,454,1,FR_POKEMON_MANSION_B1F,10,27
building__rom_082d4f2c,287,flat,native_fallback,139,1,FR_POKEMON_MANSION_B1F,17,27
building__rom_082d4f2c,288,flat,native_fallback,10,3,FR_POKEMON_MANSION_1F,1,3
building__rom_082d4f2c,289,flat,native_fallback,9,3,FR_POKEMON_MANSION_1F,36,27
building__rom_082d4f2c,28C,flat,native_fallback,30,3,FR_POKEMON_MANSION_1F,12,27
building__rom_082d4f2c,28D,flat,native_fallback,19,3,FR_POKEMON_MANSION_1F,5,28
building__rom_082d4f2c,28E,flat,native_fallback,5,1,FR_POKEMON_MANSION_B1F,23,29
building__rom_082d4f2c,28F,flat,native_fallback,1,1,FR_POKEMON_MANSION_B1F,24,30
building__rom_082d4f2c,290,flat,native_fallback,1,1,FR_POKEMON_MANSION_B1F,1,3
building__rom_082d4f2c,291,flat,native_fallback,1,1,FR_POKEMON_MANSION_B1F,36,3
building__rom_082d4f2c,295,flat,native_fallback,13,3,FR_POKEMON_MANSION_1F,6,28
building__rom_082d4f2c,297,flat,native_fallback,1,1,FR_POKEMON_MANSION_B1F,25,30
building__rom_082d4f2c,29B,flat,native_fallback,5,3,FR_POKEMON_MANSION_1F,1,9
building__rom_082d4f2c,29C,flat,native_fallback,125,3,FR_POKEMON_MANSION_1F,31,4
building__rom_082d4f2c,29D,flat,native_fallback,4,3,FR_POKEMON_MANSION_1F,36,16
building__rom_082d4f2c,29F,flat,native_fallback,78,1,FR_POKEMON_MANSION_B1F,10,13
building__rom_082d4f2c,2A0,flat,native_fallback,8,4,FR_POKEMON_MANSION_1F,0,10
building__rom_082d4f2c,2A1,flat,native_fallback,11,4,FR_POKEMON_MANSION_1F,1,0
building__rom_082d4f2c,2A2,flat,native_fallback,356,4,FR_POKEMON_MANSION_1F,10,0
building__rom_082d4f2c,2A3,flat,native_fallback,10,4,FR_POKEMON_MANSION_1F,36,0
building__rom_082d4f2c,2A4,flat,native_fallback,7,4,FR_POKEMON_MANSION_1F,37,0
building__rom_082d4f2c,2A5,flat,native_fallback,7,4,FR_POKEMON_MANSION_1F,13,13
building__rom_082d4f2c,2A6,flat,native_fallback,1,1,FR_POKEMON_MANSION_2F,17,33
building__rom_082d4f2c,2A8,flat,native_fallback,104,4,FR_POKEMON_MANSION_1F,0,29
building__rom_082d4f2c,2A9,flat,native_fallback,11,4,FR_POKEMON_MANSION_1F,1,1
building__rom_082d4f2c,2AA,flat,native_fallback,310,4,FR_POKEMON_MANSION_1F,31,6
building__rom_082d4f2c,2AB,flat,native_fallback,10,4,FR_POKEMON_MANSION_1F,36,1
building__rom_082d4f2c,2AC,flat,native_fallback,89,4,FR_POKEMON_MANSION_1F,37,3
building__rom_082d4f2c,2AD,flat,native_fallback,7,4,FR_POKEMON_MANSION_1F,13,14
building__rom_082d4f2c,2B0,flat,native_fallback,1,1,FR_POKEMON_MANSION_B1F,16,30
building__rom_082d4f2c,2B1,flat,native_fallback,11,4,FR_POKEMON_MANSION_1F,1,2
building__rom_082d4f2c,2B2,flat,native_fallback,270,4,FR_POKEMON_MANSION_1F,11,2
building__rom_082d4f2c,2B3,flat,native_fallback,10,4,FR_POKEMON_MANSION_1F,36,19
building__rom_082d4f2c,2B4,flat,native_fallback,119,4,FR_POKEMON_MANSION_1F,16,27
building__rom_082d4f2c,2B5,flat,native_fallback,15,3,FR_POKEMON_MANSION_1F,5,29
building__rom_082d4f2c,2B6,flat,native_fallback,20,1,FR_POKEMON_MANSION_1F,7,13
building__rom_082d4f2c,2B7,flat,native_fallback,20,1,FR_POKEMON_MANSION_1F,9,28
building__rom_082d4f2c,2B8,flat,native_fallback,11,3,FR_POKEMON_MANSION_1F,35,5
building__rom_082d4f2c,2B9,flat,native_fallback,21,3,FR_POKEMON_MANSION_1F,15,19
building__rom_082d4f2c,2BA,flat,native_fallback,16,3,FR_POKEMON_MANSION_1F,3,19
building__rom_082d4f2c,2BB,flat,native_fallback,9,2,FR_POKEMON_MANSION_2F,3,5
building__rom_082d4f2c,2BC,flat,native_fallback,10,3,FR_POKEMON_MANSION_1F,26,13
building__rom_082d4f2c,2BD,flat,native_fallback,19,4,FR_POKEMON_MANSION_1F,19,5
building__rom_082d4f2c,2BF,flat,native_fallback,1,1,FR_POKEMON_MANSION_2F,19,21
building__rom_082d4f2c,2C0,flat,native_fallback,18,3,FR_POKEMON_MANSION_1F,35,6
building__rom_082d4f2c,2C2,flat,native_fallback,28,3,FR_POKEMON_MANSION_1F,3,20
building__rom_082d4f2c,2C3,flat,native_fallback,10,3,FR_POKEMON_MANSION_1F,4,7
building__rom_082d4f2c,2C4,flat,native_fallback,8,2,FR_POKEMON_MANSION_2F,28,18
building__rom_082d4f2c,2C5,flat,native_fallback,6,1,FR_POKEMON_MANSION_1F,5,21
building__rom_082d4f2c,2C6,flat,native_fallback,20,1,FR_POKEMON_MANSION_1F,8,28
building__rom_082d4f2c,2C7,flat,native_fallback,10,1,FR_POKEMON_MANSION_2F,19,27
building__rom_082d4f2c,2C8,flat,native_fallback,18,3,FR_POKEMON_MANSION_1F,25,13
building__rom_082d4f2c,2C9,flat,native_fallback,26,3,FR_POKEMON_MANSION_1F,4,8
building__rom_082d4f2c,2CA,flat,native_fallback,18,3,FR_POKEMON_MANSION_1F,5,8
building__rom_082d4f2c,2CB,flat,native_fallback,41,3,FR_POKEMON_MANSION_1F,29,12
building__rom_082d4f2c,2CC,flat,native_fallback,104,3,FR_POKEMON_MANSION_1F,14,9
building__rom_082d4f2c,2CD,flat,native_fallback,10,1,FR_POKEMON_MANSION_1F,11,27
building__rom_082d4f2c,2CE,flat,native_fallback,13,1,FR_POKEMON_MANSION_2F,30,24
building__rom_082d4f2c,2CF,flat,native_fallback,1,1,FR_POKEMON_MANSION_2F,19,33
building__rom_082d4f2c,2D0,flat,native_fallback,5,3,FR_POKEMON_MANSION_1F,23,27
building__rom_082d4f2c,2D1,flat,native_fallback,5,3,FR_POKEMON_MANSION_1F,24,27
building__rom_082d4f2c,2D2,flat,native_fallback,5,3,FR_POKEMON_MANSION_1F,25,27
building__rom_082d4f2c,2D3,flat,native_fallback,3,2,FR_POKEMON_MANSION_2F,4,13
building__rom_082d4f2c,2D4,flat,native_fallback,2,2,FR_POKEMON_MANSION_1F,23,26
building__rom_082d4f2c,2D5,flat,native_fallback,5,3,FR_POKEMON_MANSION_1F,10,12
building__rom_082d4f2c,2D6,flat,native_fallback,5,3,FR_POKEMON_MANSION_1F,11,12
building__rom_082d4f2c,2D7,flat,native_fallback,5,3,FR_POKEMON_MANSION_1F,12,12
building__rom_082d4f2c,2D8,flat,native_fallback,5,3,FR_POKEMON_MANSION_1F,23,28
building__rom_082d4f2c,2D9,flat,native_fallback,5,3,FR_POKEMON_MANSION_1F,24,28
building__rom_082d4f2c,2DA,flat,native_fallback,5,3,FR_POKEMON_MANSION_1F,25,28
building__rom_082d4f2c,2DB,flat,native_fallback,9,3,FR_POKEMON_MANSION_1F,19,16
building__rom_082d4f2c,2DC,flat,native_fallback,3,2,FR_POKEMON_MANSION_2F,21,0
building__rom_082d4f2c,2DD,flat,native_fallback,3,2,FR_POKEMON_MANSION_1F,10,13
building__rom_082d4f2c,2DE,flat,native_fallback,5,3,FR_POKEMON_MANSION_1F,11,13
building__rom_082d4f2c,2DF,flat,native_fallback,5,3,FR_POKEMON_MANSION_1F,12,13
building__rom_082d4f2c,2E0,flat,native_fallback,5,3,FR_POKEMON_MANSION_1F,23,29
building__rom_082d4f2c,2E1,flat,native_fallback,5,3,FR_POKEMON_MANSION_1F,24,29
building__rom_082d4f2c,2E2,flat,native_fallback,5,3,FR_POKEMON_MANSION_1F,25,29
building__rom_082d4f2c,2E3,flat,native_fallback,5,3,FR_POKEMON_MANSION_1F,0,9
building__rom_082d4f2c,2E4,flat,native_fallback,4,3,FR_POKEMON_MANSION_1F,37,16
building__rom_082d4f2c,2E5,flat,native_fallback,3,2,FR_POKEMON_MANSION_1F,10,14
building__rom_082d4f2c,2E6,flat,native_fallback,5,3,FR_POKEMON_MANSION_1F,11,14
building__rom_082d4f2c,2E7,flat,native_fallback,5,3,FR_POKEMON_MANSION_1F,12,14
building__rom_082d4f2c,2E8,flat,native_fallback,1,1,FR_POKEMON_MANSION_1F,7,33
building__rom_082d4f2c,2E9,flat,native_fallback,1,1,FR_POKEMON_MANSION_1F,8,33
building__rom_082d4f2c,2EA,flat,native_fallback,1,1,FR_POKEMON_MANSION_1F,9,33
building__rom_082d4f2c,2EB,flat,native_fallback,18,3,FR_POKEMON_MANSION_1F,16,16
building__rom_082d4f2c,2EC,flat,native_fallback,15,3,FR_POKEMON_MANSION_1F,21,8
building__rom_082d4f2c,2ED,flat,native_fallback,7,4,FR_POKEMON_MANSION_1F,23,23
building__rom_082d4f2c,2EE,flat,native_fallback,8,4,FR_POKEMON_MANSION_1F,13,9
building__rom_082d4f2c,2EF,flat,native_fallback,7,4,FR_POKEMON_MANSION_1F,18,16
building__rom_082d4f2c,2F0,flat,native_fallback,4,3,FR_POKEMON_MANSION_1F,6,7
building__rom_082d4f2c,2F1,flat,native_fallback,7,3,FR_POKEMON_MANSION_1F,10,5
building__rom_082d4f2c,2F3,flat,native_fallback,24,4,FR_POKEMON_MANSION_1F,30,24
building__rom_082d4f2c,2F4,flat,native_fallback,22,4,FR_POKEMON_MANSION_1F,30,17
building__rom_082d4f2c,2F5,flat,native_fallback,9,4,FR_POKEMON_MANSION_1F,16,17
building__rom_082d4f2c,2F6,flat,native_fallback,8,4,FR_POKEMON_MANSION_1F,13,10
building__rom_082d4f2c,2F7,flat,native_fallback,5,3,FR_POKEMON_MANSION_1F,23,17
building__rom_082d4f2c,2F8,flat,native_fallback,6,4,FR_POKEMON_MANSION_1F,22,10
building__rom_082d4f2c,2F9,flat,native_fallback,6,4,FR_POKEMON_MANSION_1F,23,10
building__rom_082d4f2c,2FA,flat,native_fallback,6,4,FR_POKEMON_MANSION_1F,24,10
building__rom_082d4f2c,2FB,flat,native_fallback,24,4,FR_POKEMON_MANSION_1F,30,25
building__rom_082d4f2c,2FC,flat,native_fallback,22,4,FR_POKEMON_MANSION_1F,30,18
building__rom_082d4f2c,300,flat,native_fallback,5,3,FR_POKEMON_MANSION_1F,32,26
building__rom_082d4f2c,301,flat,native_fallback,5,3,FR_POKEMON_MANSION_1F,23,11
building__rom_082d4f2c,302,flat,native_fallback,5,3,FR_POKEMON_MANSION_1F,24,11
building__rom_082d4f2c,303,flat,native_fallback,22,4,FR_POKEMON_MANSION_1F,30,26
building__rom_082d4f2c,304,flat,native_fallback,22,4,FR_POKEMON_MANSION_1F,30,19
building__rom_082d4f2c,308,flat,native_fallback,6,3,FR_POKEMON_MANSION_1F,7,4
building__rom_082d4f2c,309,flat,native_fallback,6,3,FR_POKEMON_MANSION_1F,8,4
building__rom_082d4f2c,30A,flat,native_fallback,6,3,FR_POKEMON_MANSION_1F,34,9
building__rom_082d4f2c,30B,flat,native_fallback,10,1,FR_POKEMON_MANSION_1F,19,31
building__rom_082d4f2c,30C,flat,native_fallback,1,1,FR_POKEMON_MANSION_B1F,25,6
building__rom_082d4f2c,310,flat,native_fallback,8,4,FR_POKEMON_MANSION_1F,7,5
building__rom_082d4f2c,311,flat,native_fallback,7,4,FR_POKEMON_MANSION_1F,8,5
building__rom_082d4f2c,312,flat,native_fallback,8,4,FR_POKEMON_MANSION_1F,9,5
building__rom_082d4f2c,313,flat,native_fallback,10,1,FR_POKEMON_MANSION_1F,24,32
building__rom_082d4f2c,314,flat,native_fallback,3,3,FR_POKEMON_MANSION_1F,5,4
building__rom_082d4f2c,316,flat,native_fallback,2,1,FR_POKEMON_MANSION_B1F,24,28
building__rom_082d4f2c,317,flat,native_fallback,11,3,FR_POKEMON_MANSION_2F,32,1
building__rom_082d4f2c,318,flat,native_fallback,9,4,FR_POKEMON_MANSION_1F,7,6
building__rom_082d4f2c,319,flat,native_fallback,9,4,FR_POKEMON_MANSION_1F,8,6
building__rom_082d4f2c,31A,flat,native_fallback,9,4,FR_POKEMON_MANSION_1F,9,6
building__rom_082d4f2c,31C,flat,native_fallback,3,3,FR_POKEMON_MANSION_1F,5,5
building__rom_082d4f2c,31D,flat,native_fallback,12,3,FR_POKEMON_MANSION_2F,33,2
building__rom_082d4f2c,31E,flat,native_fallback,8,3,FR_POKEMON_MANSION_2F,22,15
building__rom_082d4f2c,31F,flat,native_fallback,11,3,FR_POKEMON_MANSION_2F,32,2
building__rom_082d4f2c,320,flat,native_fallback,7,3,FR_POKEMON_MANSION_1F,7,7
building__rom_082d4f2c,321,flat,native_fallback,7,3,FR_POKEMON_MANSION_1F,8,7
building__rom_082d4f2c,322,flat,native_fallback,7,3,FR_POKEMON_MANSION_1F,9,7
building__rom_082d4f2c,323,flat,native_fallback,5,2,FR_POKEMON_MANSION_1F,21,20
building__rom_082d4f2c,324,flat,native_fallback,5,2,FR_POKEMON_MANSION_1F,19,19
building__rom_082d4f2c,325,flat,native_fallback,5,2,FR_POKEMON_MANSION_2F,33,3
building__rom_082d4f2c,326,flat,native_fallback,3,2,FR_POKEMON_MANSION_2F,22,16
building__rom_082d4f2c,327,flat,native_fallback,5,2,FR_POKEMON_MANSION_2F,20,16
building__rom_082d4f2c,328,flat,native_fallback,1,1,FR_POKEMON_MANSION_2F,24,21
building__rom_082d4f2c,329,flat,native_fallback,1,1,FR_POKEMON_MANSION_2F,25,3
building__rom_082d4f2c,32A,flat,native_fallback,1,1,FR_POKEMON_MANSION_2F,26,3
building__rom_082d4f2c,32B,flat,native_fallback,1,1,FR_POKEMON_MANSION_2F,27,3
building__rom_082d4f2c,32C,flat,native_fallback,2,1,FR_POKEMON_MANSION_B1F,27,5
building__rom_082d4f2c,32D,flat,native_fallback,4,2,FR_POKEMON_MANSION_2F,0,34
building__rom_082d4f2c,32E,flat,native_fallback,7,3,FR_POKEMON_MANSION_2F,37,18
building__rom_082d4f2c,32F,flat,native_fallback,1,1,FR_POKEMON_MANSION_2F,34,22
building__rom_082d4f2c,330,flat,native_fallback,1,1,FR_POKEMON_MANSION_2F,24,23
building__rom_082d4f2c,331,flat,native_fallback,3,3,FR_POKEMON_MANSION_2F,0,35
building__rom_082d4f2c,332,flat,native_fallback,2,2,FR_POKEMON_MANSION_3F,37,22
building__rom_082d4f2c,333,flat,native_fallback,1,1,FR_POKEMON_MANSION_2F,1,4
building__rom_082d4f2c,334,flat,native_fallback,1,1,FR_POKEMON_MANSION_3F,35,3
building__rom_082d4f2c,335,flat,native_fallback,2,1,FR_POKEMON_MANSION_B1F,0,14
building__rom_082d4f2c,336,flat,native_fallback,6,3,FR_POKEMON_MANSION_2F,37,19
building__rom_082d4f2c,337,flat,native_fallback,1,1,FR_POKEMON_MANSION_2F,34,23
building__rom_082d4f2c,338,flat,native_fallback,1,1,FR_POKEMON_MANSION_2F,24,24
building__rom_082d4f2c,339,flat,native_fallback,3,3,FR_POKEMON_MANSION_2F,0,36
building__rom_082d4f2c,33A,flat,native_fallback,2,2,FR_POKEMON_MANSION_3F,37,23
building__rom_082d4f2c,33B,flat,native_fallback,5,3,FR_POKEMON_MANSION_1F,25,12
building__rom_082d4f2c,33C,flat,native_fallback,3,2,FR_POKEMON_MANSION_2F,5,3
building__rom_082d4f2c,33D,flat,native_fallback,6,3,FR_POKEMON_MANSION_1F,14,8
building__rom_082d4f2c,33F,flat,native_fallback,1,1,FR_POKEMON_MANSION_3F,1,11
building__rom_082d4f2c,340,flat,native_fallback,1,1,FR_POKEMON_MANSION_2F,19,22
building__rom_082d4f2c,341,flat,native_fallback,3,3,FR_POKEMON_MANSION_2F,0,37
building__rom_082d4f2c,342,flat,native_fallback,2,2,FR_POKEMON_MANSION_3F,37,24
building__rom_082d4f2c,343,flat,native_fallback,2,2,FR_POKEMON_MANSION_2F,30,11
building__rom_082d4f2c,345,flat,native_fallback,9,3,FR_POKEMON_MANSION_1F,1,24
building__rom_082d4f2c,346,flat,native_fallback,1,1,FR_POKEMON_MANSION_3F,34,3
building__rom_082d4f2c,347,flat,native_fallback,1,1,FR_POKEMON_MANSION_2F,1,5
building__rom_082d4f2c,348,flat,native_fallback,1,1,FR_POKEMON_MANSION_1F,33,33
building__rom_082d4f2c,349,flat,native_fallback,1,1,FR_POKEMON_MANSION_1F,34,33
building__rom_082d4f2c,34A,flat,native_fallback,1,1,FR_POKEMON_MANSION_1F,35,33
building__rom_082d4f2c,34B,flat,native_fallback,1,1,FR_POKEMON_MANSION_3F,19,18
building__rom_082d4f2c,34C,flat,native_fallback,2,1,FR_POKEMON_MANSION_3F,20,18
building__rom_082d4f2c,350,flat,native_fallback,2,2,FR_POKEMON_MANSION_2F,10,28
building__rom_082d4f2c,351,flat,native_fallback,7,1,FR_POKEMON_MANSION_B1F,34,6
building__rom_082d4f2c,352,flat,native_fallback,9,1,FR_POKEMON_MANSION_B1F,13,5
building__rom_082d4f2c,353,flat,native_fallback,7,1,FR_POKEMON_MANSION_B1F,4,13
building__rom_082d4f2c,354,flat,native_fallback,1,1,FR_POKEMON_MANSION_B1F,20,23
building__rom_082d4f2c,355,flat,native_fallback,1,1,FR_POKEMON_MANSION_B1F,21,23
building__rom_082d4f2c,356,flat,native_fallback,1,1,FR_POKEMON_MANSION_B1F,22,23
building__rom_082d4f2c,357,flat,native_fallback,1,1,FR_POKEMON_MANSION_B1F,28,6
building__rom_082d4f2c,358,flat,native_fallback,2,2,FR_POKEMON_MANSION_2F,10,29
building__rom_082d4f2c,359,flat,native_fallback,6,1,FR_POKEMON_MANSION_B1F,3,20
building__rom_082d4f2c,35A,flat,native_fallback,2,1,FR_POKEMON_MANSION_B1F,3,8
building__rom_082d4f2c,35B,flat,native_fallback,3,1,FR_POKEMON_MANSION_B1F,23,27
building__rom_082d4f2c,35C,flat,native_fallback,2,1,FR_POKEMON_MANSION_B1F,5,6
building__rom_082d4f2c,35D,flat,native_fallback,2,1,FR_POKEMON_MANSION_B1F,6,6
building__rom_082d4f2c,35E,flat,native_fallback,2,1,FR_POKEMON_MANSION_B1F,7,6
building__rom_082d4f2c,35F,flat,native_fallback,2,1,FR_POKEMON_MANSION_3F,18,18
building__rom_082d4f2c,360,flat,native_fallback,1,1,FR_POKEMON_MANSION_2F,10,30
building__rom_082d4f2c,361,flat,native_fallback,12,1,FR_POKEMON_MANSION_B1F,10,18
building__rom_082d4f2c,362,flat,native_fallback,1,1,FR_POKEMON_MANSION_B1F,12,10
building__rom_082d4f2c,363,flat,native_fallback,1,1,FR_POKEMON_MANSION_B1F,34,29
building__rom_082d4f2c,364,flat,native_fallback,2,1,FR_POKEMON_MANSION_B1F,5,9
building__rom_082d4f2c,365,flat,native_fallback,2,1,FR_POKEMON_MANSION_B1F,21,29
building__rom_082d4f2c,366,flat,native_fallback,2,1,FR_POKEMON_MANSION_B1F,7,9
building__rom_082d4f2c,367,flat,native_fallback,1,1,FR_POKEMON_MANSION_2F,24,22
building__rom_082d4f2c,368,flat,native_fallback,1,1,FR_POKEMON_MANSION_2F,10,31
building__rom_082d4f2c,369,flat,native_fallback,6,1,FR_POKEMON_MANSION_B1F,10,17
building__rom_082d4f2c,36A,flat,native_fallback,1,1,FR_POKEMON_MANSION_B1F,12,11
building__rom_082d4f2c,36B,flat,native_fallback,1,1,FR_POKEMON_MANSION_B1F,34,30
building__rom_082d4f2c,36C,flat,native_fallback,7,1,FR_POKEMON_MANSION_B1F,4,3
building__rom_082d4f2c,36D,flat,native_fallback,5,1,FR_POKEMON_MANSION_B1F,5,3
building__rom_082d4f2c,36E,flat,native_fallback,6,1,FR_POKEMON_MANSION_B1F,21,3
building__rom_082d4f2c,370,flat,native_fallback,1,1,FR_POKEMON_MANSION_2F,10,32
building__rom_082d4f2c,372,flat,native_fallback,1,1,FR_POKEMON_MANSION_B1F,12,12
building__rom_082d4f2c,374,flat,native_fallback,5,3,FR_POKEMON_MANSION_1F,12,11
building__rom_082d4f2c,375,flat,native_fallback,1,1,FR_POKEMON_MANSION_2F,25,4
building__rom_082d4f2c,376,flat,native_fallback,2,2,FR_POKEMON_MANSION_2F,6,31
building__rom_082d4f2c,377,flat,native_fallback,1,1,FR_POKEMON_MANSION_3F,8,16
building__rom_082d4f2c,378,flat,native_fallback,15,3,FR_POKEMON_MANSION_1F,9,1
building__rom_082d4f2c,379,flat,native_fallback,15,3,FR_POKEMON_MANSION_1F,10,1
building__rom_082d4f2c,37A,flat,native_fallback,3,2,FR_POKEMON_MANSION_1F,10,15
building__rom_082d4f2c,37B,flat,native_fallback,1,1,FR_POKEMON_MANSION_1F,27,16
building__rom_082d4f2c,37C,flat,native_fallback,2,1,FR_POKEMON_MANSION_1F,28,16
building__rom_082d4f2c,37D,flat,native_fallback,1,1,FR_POKEMON_MANSION_1F,30,16
building__rom_082d4f2c,380,flat,native_fallback,15,3,FR_POKEMON_MANSION_1F,3,2
building__rom_082d4f2c,381,flat,native_fallback,15,3,FR_POKEMON_MANSION_1F,10,2
building__rom_082d4f2c,008,flat,native_fallback,742,3,FR_POKEMON_MANSION_1F,0,34
building__rom_082d4f44,000,flat,native_fallback,56,2,FR_CELADON_CITY_HOTEL,17,4
building__rom_082d4f44,01A,flat,native_fallback,2,2,FR_CELADON_CITY_HOTEL,3,10
building__rom_082d4f44,01B,flat,native_fallback,2,2,FR_CELADON_CITY_HOTEL,4,10
building__rom_082d4f44,01C,flat,native_fallback,2,2,FR_CELADON_CITY_HOTEL,5,10
building__rom_082d4f44,281,flat,native_fallback,4,1,FR_CELADON_CITY_HOTEL,8,8
building__rom_082d4f44,282,flat,native_fallback,3,1,FR_CELADON_CITY_HOTEL,14,0
building__rom_082d4f44,283,flat,native_fallback,3,1,FR_CELADON_CITY_HOTEL,2,0
building__rom_082d4f44,284,flat,native_fallback,1,1,FR_CELADON_CITY_HOTEL,9,0
building__rom_082d4f44,285,flat,native_fallback,2,1,FR_CELADON_CITY_HOTEL,10,0
building__rom_082d4f44,286,flat,native_fallback,6,1,FR_CELADON_CITY_HOTEL,6,0
building__rom_082d4f44,287,flat,native_fallback,2,1,FR_CELADON_CITY_HOTEL,16,0
building__rom_082d4f44,288,flat,native_fallback,1,1,FR_CELADON_CITY_HOTEL,8,5
building__rom_082d4f44,289,flat,native_fallback,4,1,FR_CELADON_CITY_HOTEL,7,9
building__rom_082d4f44,28A,flat,native_fallback,3,1,FR_CELADON_CITY_HOTEL,12,1
building__rom_082d4f44,28B,flat,native_fallback,3,1,FR_CELADON_CITY_HOTEL,2,1
building__rom_082d4f44,28C,flat,native_fallback,3,1,FR_CELADON_CITY_HOTEL,9,3
building__rom_082d4f44,28D,flat,native_fallback,1,1,FR_CELADON_CITY_HOTEL,10,1
building__rom_082d4f44,28E,flat,native_fallback,5,1,FR_CELADON_CITY_HOTEL,6,1
building__rom_082d4f44,28F,flat,native_fallback,2,1,FR_CELADON_CITY_HOTEL,16,1
building__rom_082d4f44,290,flat,native_fallback,1,1,FR_CELADON_CITY_HOTEL,0,1
building__rom_082d4f44,291,flat,native_fallback,1,1,FR_CELADON_CITY_HOTEL,1,1
building__rom_082d4f44,292,flat,native_fallback,2,1,FR_CELADON_CITY_HOTEL,13,7
building__rom_082d4f44,293,flat,native_fallback,2,1,FR_CELADON_CITY_HOTEL,14,3
building__rom_082d4f44,294,flat,native_fallback,1,1,FR_CELADON_CITY_HOTEL,9,4
building__rom_082d4f44,295,flat,native_fallback,1,1,FR_CELADON_CITY_HOTEL,10,2
building__rom_082d4f44,296,flat,native_fallback,18,1,FR_CELADON_CITY_HOTEL,3,6
building__rom_082d4f44,297,flat,native_fallback,2,1,FR_CELADON_CITY_HOTEL,8,2
building__rom_082d4f44,298,flat,native_fallback,1,1,FR_CELADON_CITY_HOTEL,0,2
building__rom_082d4f44,299,flat,native_fallback,1,1,FR_CELADON_CITY_HOTEL,1,2
building__rom_082d4f44,29A,flat,native_fallback,2,1,FR_CELADON_CITY_HOTEL,13,4
building__rom_082d4f44,29B,flat,native_fallback,2,1,FR_CELADON_CITY_HOTEL,14,4
building__rom_082d4f44,29C,flat,native_fallback,1,1,FR_CELADON_CITY_HOTEL,9,5
building__rom_082d4f44,29D,flat,native_fallback,5,1,FR_CELADON_CITY_HOTEL,2,3
building__rom_082d4f44,29E,flat,native_fallback,53,1,FR_CELADON_CITY_HOTEL,3,7
building__rom_082d4f44,29F,flat,native_fallback,8,1,FR_CELADON_CITY_HOTEL,15,4
building__rom_082d4f44,2A0,flat,native_fallback,1,1,FR_CELADON_CITY_HOTEL,0,3
building__rom_082d4f44,2A1,flat,native_fallback,1,1,FR_CELADON_CITY_HOTEL,1,3
building__rom_082d4f44,2A2,flat,native_fallback,1,1,FR_CELADON_CITY_HOTEL,0,4
building__rom_082d4f44,2A3,flat,native_fallback,6,1,FR_CELADON_CITY_HOTEL,4,4
building__rom_082d4f44,2A4,flat,native_fallback,1,1,FR_CELADON_CITY_HOTEL,7,4
building__rom_082d4f44,2A5,flat,native_fallback,1,1,FR_CELADON_CITY_HOTEL,3,9
building__rom_082d4f44,2A6,flat,native_fallback,1,1,FR_CELADON_CITY_HOTEL,4,9
building__rom_082d4f44,2A7,flat,native_fallback,1,1,FR_CELADON_CITY_HOTEL,5,9
building__rom_082d4f44,2A8,flat,native_fallback,1,1,FR_CELADON_CITY_HOTEL,2,2
building__rom_082d4f44,2A9,flat,native_fallback,1,1,FR_CELADON_CITY_HOTEL,10,6
building__rom_082d4f44,2AA,flat,native_fallback,1,1,FR_CELADON_CITY_HOTEL,0,5
building__rom_082d4f44,2AB,flat,native_fallback,6,1,FR_CELADON_CITY_HOTEL,4,5
building__rom_082d4f44,2AC,flat,native_fallback,1,1,FR_CELADON_CITY_HOTEL,7,5
building__rom_082d4f44,2B0,flat,native_fallback,1,1,FR_CELADON_CITY_HOTEL,0,6
building__rom_082d4f44,2B1,flat,native_fallback,7,1,FR_CELADON_CITY_RESTAURANT,0,5
building__rom_082d4f44,2B4,flat,native_fallback,1,1,FR_CELADON_CITY_RESTAURANT,0,0
building__rom_082d4f44,2B5,flat,native_fallback,9,1,FR_CELADON_CITY_RESTAURANT,6,0
building__rom_082d4f44,2B6,flat,native_fallback,4,1,FR_CELADON_CITY_RESTAURANT,10,0
building__rom_082d4f44,2B7,flat,native_fallback,1,1,FR_CELADON_CITY_RESTAURANT,14,0
building__rom_082d4f44,2B8,flat,native_fallback,1,1,FR_CELADON_CITY_HOTEL,0,7
building__rom_082d4f44,2B9,flat,native_fallback,1,1,FR_CELADON_CITY_RESTAURANT,1,7
building__rom_082d4f44,2BA,flat,native_fallback,1,1,FR_CELADON_CITY_RESTAURANT,2,3
building__rom_082d4f44,2BB,flat,native_fallback,1,1,FR_CELADON_CITY_RESTAURANT,1,3
building__rom_082d4f44,2BC,flat,native_fallback,1,1,FR_CELADON_CITY_RESTAURANT,0,1
building__rom_082d4f44,2BD,flat,native_fallback,3,1,FR_CELADON_CITY_RESTAURANT,6,1
building__rom_082d4f44,2BE,flat,native_fallback,1,1,FR_CELADON_CITY_RESTAURANT,13,1
building__rom_082d4f44,2BF,flat,native_fallback,1,1,FR_CELADON_CITY_RESTAURANT,14,1
building__rom_082d4f44,2C0,flat,native_fallback,1,1,FR_CELADON_CITY_HOTEL,0,8
building__rom_082d4f44,2C1,flat,native_fallback,2,1,FR_CELADON_CITY_RESTAURANT,1,8
building__rom_082d4f44,2C2,flat,native_fallback,2,1,FR_CELADON_CITY_RESTAURANT,2,4
building__rom_082d4f44,2C3,flat,native_fallback,1,1,FR_CELADON_CITY_RESTAURANT,2,7
building__rom_082d4f44,2C4,flat,native_fallback,1,1,FR_CELADON_CITY_RESTAURANT,0,2
building__rom_082d4f44,2C5,flat,native_fallback,6,1,FR_CELADON_CITY_RESTAURANT,5,2
building__rom_082d4f44,2C6,flat,native_fallback,1,1,FR_CELADON_CITY_RESTAURANT,13,2
building__rom_082d4f44,2C7,flat,native_fallback,1,1,FR_CELADON_CITY_RESTAURANT,14,2
building__rom_082d4f44,2C8,flat,native_fallback,2,1,FR_CELADON_CITY_RESTAURANT,2,1
building__rom_082d4f44,2C9,flat,native_fallback,2,1,FR_CELADON_CITY_RESTAURANT,2,6
building__rom_082d4f44,2CA,flat,native_fallback,1,1,FR_CELADON_CITY_RESTAURANT,11,1
building__rom_082d4f44,2CB,flat,native_fallback,1,1,FR_CELADON_CITY_RESTAURANT,12,1
building__rom_082d4f44,2CD,flat,native_fallback,4,1,FR_CELADON_CITY_RESTAURANT,9,3
building__rom_082d4f44,2CE,flat,native_fallback,4,1,FR_CELADON_CITY_RESTAURANT,3,7
building__rom_082d4f44,2CF,flat,native_fallback,12,1,FR_CELADON_CITY_RESTAURANT,14,3
building__rom_082d4f44,2D0,flat,native_fallback,4,1,FR_CELADON_CITY_RESTAURANT,5,1
building__rom_082d4f44,2D1,flat,native_fallback,4,1,FR_CELADON_CITY_RESTAURANT,11,3
building__rom_082d4f44,2D2,flat,native_fallback,1,1,FR_CELADON_CITY_RESTAURANT,11,2
building__rom_082d4f44,2D3,flat,native_fallback,1,1,FR_CELADON_CITY_RESTAURANT,12,2
building__rom_082d4f44,2D4,flat,native_fallback,47,1,FR_CELADON_CITY_RESTAURANT,7,8
building__rom_082d4f44,2D5,flat,native_fallback,1,1,FR_CELADON_CITY_RESTAURANT,5,9
building__rom_082d4f44,2D6,flat,native_fallback,1,1,FR_CELADON_CITY_RESTAURANT,6,9
building__rom_082d4f44,2D7,flat,native_fallback,1,1,FR_CELADON_CITY_RESTAURANT,7,9
building__rom_082d4f44,2D8,flat,native_fallback,1,1,FR_CELADON_CITY_RESTAURANT,10,1
building__rom_082d4f44,2D9,flat,native_fallback,1,1,FR_CELADON_CITY_RESTAURANT,10,7
building__rom_082d4f44,2DA,flat,native_fallback,1,1,FR_CELADON_CITY_RESTAURANT,11,7
building__rom_082d4f44,2DB,flat,native_fallback,2,1,FR_CELADON_CITY_RESTAURANT,13,7
building__rom_082d4f44,2DC,flat,native_fallback,1,1,FR_CELADON_CITY_RESTAURANT,14,7
building__rom_082d4f44,2E0,flat,native_fallback,4,1,FR_CELADON_CITY_RESTAURANT,10,2
building__rom_082d4f44,2E1,flat,native_fallback,1,1,FR_CELADON_CITY_RESTAURANT,10,8
building__rom_082d4f44,2E2,flat,native_fallback,1,1,FR_CELADON_CITY_RESTAURANT,11,8
building__rom_082d4f44,2E3,flat,native_fallback,2,1,FR_CELADON_CITY_RESTAURANT,12,8
building__rom_082d4f44,2E4,flat,native_fallback,1,1,FR_CELADON_CITY_RESTAURANT,14,8
building__rom_082d4f44,2E5,flat,native_fallback,2,1,FR_CELADON_CITY_RESTAURANT,2,2
building__rom_082d4f44,2E6,flat,native_fallback,1,1,FR_CELADON_CITY_RESTAURANT,9,2
building__rom_082d4f44,2E7,flat,native_fallback,1,1,FR_CELADON_CITY_RESTAURANT,10,4
building__rom_082d4f44,008,flat,native_fallback,26,2,FR_CELADON_CITY_HOTEL,2,10
building__rom_082d4f5c,000,flat,native_fallback,20,2,FR_CELADON_CITY_CONDOMINIUMS_ROOF_ROOM,7,9
building__rom_082d4f5c,01A,flat,native_fallback,2,2,FR_CELADON_CITY_CONDOMINIUMS_ROOF_ROOM,3,8
building__rom_082d4f5c,01B,flat,native_fallback,2,2,FR_CELADON_CITY_CONDOMINIUMS_ROOF_ROOM,4,8
building__rom_082d4f5c,01C,flat,native_fallback,2,2,FR_CELADON_CITY_CONDOMINIUMS_ROOF_ROOM,5,8
building__rom_082d4f5c,281,flat,native_fallback,2,2,FR_CELADON_CITY_CONDOMINIUMS_ROOF_ROOM,0,6
building__rom_082d4f5c,282,flat,native_fallback,2,2,FR_CELADON_CITY_CONDOMINIUMS_ROOF_ROOM,9,6
building__rom_082d4f5c,283,flat,native_fallback,2,2,FR_CELADON_CITY_CONDOMINIUMS_ROOF_ROOM,4,0
building__rom_082d4f5c,284,flat,native_fallback,2,2,FR_CELADON_CITY_CONDOMINIUMS_ROOF_ROOM,5,0
building__rom_082d4f5c,285,flat,native_fallback,2,2,FR_CELADON_CITY_CONDOMINIUMS_ROOF_ROOM,0,0
building__rom_082d4f5c,286,flat,native_fallback,4,2,FR_CELADON_CITY_CONDOMINIUMS_ROOF_ROOM,2,0
building__rom_082d4f5c,287,flat,native_fallback,2,2,FR_CELADON_CITY_CONDOMINIUMS_ROOF_ROOM,3,0
building__rom_082d4f5c,288,flat,native_fallback,4,2,FR_CELADON_CITY_CONDOMINIUMS_ROOF_ROOM,5,5
building__rom_082d4f5c,289,flat,native_fallback,2,2,FR_CELADON_CITY_CONDOMINIUMS_ROOF_ROOM,0,7
building__rom_082d4f5c,28A,flat,native_fallback,2,2,FR_CELADON_CITY_CONDOMINIUMS_ROOF_ROOM,9,7
building__rom_082d4f5c,28B,flat,native_fallback,2,2,FR_CELADON_CITY_CONDOMINIUMS_ROOF_ROOM,4,1
building__rom_082d4f5c,28C,flat,native_fallback,2,2,FR_CELADON_CITY_CONDOMINIUMS_ROOF_ROOM,5,1
building__rom_082d4f5c,28D,flat,native_fallback,2,2,FR_CELADON_CITY_CONDOMINIUMS_ROOF_ROOM,0,1
building__rom_082d4f5c,28E,flat,native_fallback,4,2,FR_CELADON_CITY_CONDOMINIUMS_ROOF_ROOM,2,1
building__rom_082d4f5c,28F,flat,native_fallback,2,2,FR_CELADON_CITY_CONDOMINIUMS_ROOF_ROOM,3,1
building__rom_082d4f5c,290,flat,native_fallback,4,2,FR_CELADON_CITY_CONDOMINIUMS_ROOF_ROOM,5,6
building__rom_082d4f5c,291,flat,native_fallback,2,2,FR_CELADON_CITY_CONDOMINIUMS_ROOF_ROOM,4,3
building__rom_082d4f5c,292,flat,native_fallback,2,2,FR_CELADON_CITY_CONDOMINIUMS_ROOF_ROOM,5,3
building__rom_082d4f5c,293,flat,native_fallback,2,2,FR_CELADON_CITY_CONDOMINIUMS_ROOF_ROOM,4,2
building__rom_082d4f5c,294,flat,native_fallback,2,2,FR_CELADON_CITY_CONDOMINIUMS_ROOF_ROOM,5,2
building__rom_082d4f5c,295,flat,native_fallback,4,2,FR_CELADON_CITY_CONDOMINIUMS_ROOF_ROOM,6,2
building__rom_082d4f5c,296,flat,native_fallback,10,2,FR_CELADON_CITY_CONDOMINIUMS_ROOF_ROOM,2,2
building__rom_082d4f5c,297,flat,native_fallback,2,2,FR_CELADON_CITY_CONDOMINIUMS_ROOF_ROOM,3,2
building__rom_082d4f5c,299,flat,native_fallback,2,2,FR_CELADON_CITY_CONDOMINIUMS_ROOF_ROOM,4,4
building__rom_082d4f5c,29A,flat,native_fallback,2,2,FR_CELADON_CITY_CONDOMINIUMS_ROOF_ROOM,5,4
building__rom_082d4f5c,29B,flat,native_fallback,2,2,FR_CELADON_CITY_CONDOMINIUMS_ROOF_ROOM,8,1
building__rom_082d4f5c,29C,flat,native_fallback,2,2,FR_CELADON_CITY_CONDOMINIUMS_ROOF_ROOM,9,1
building__rom_082d4f5c,29D,flat,native_fallback,6,2,FR_CELADON_CITY_CONDOMINIUMS_ROOF_ROOM,0,5
building__rom_082d4f5c,29E,flat,native_fallback,58,2,FR_CELADON_CITY_CONDOMINIUMS_ROOF_ROOM,3,6
building__rom_082d4f5c,2A0,flat,native_fallback,2,2,FR_CELADON_CITY_CONDOMINIUMS_ROOF_ROOM,6,0
building__rom_082d4f5c,2A1,flat,native_fallback,6,2,FR_CELADON_CITY_CONDOMINIUMS_ROOF_ROOM,9,0
building__rom_082d4f5c,2A3,flat,native_fallback,2,2,FR_CELADON_CITY_CONDOMINIUMS_ROOF_ROOM,8,2
building__rom_082d4f5c,2A4,flat,native_fallback,2,2,FR_CELADON_CITY_CONDOMINIUMS_ROOF_ROOM,9,2
building__rom_082d4f5c,2A5,flat,native_fallback,2,2,FR_CELADON_CITY_CONDOMINIUMS_ROOF_ROOM,3,7
building__rom_082d4f5c,2A6,flat,native_fallback,2,2,FR_CELADON_CITY_CONDOMINIUMS_ROOF_ROOM,4,7
building__rom_082d4f5c,2A7,flat,native_fallback,2,2,FR_CELADON_CITY_CONDOMINIUMS_ROOF_ROOM,5,7
building__rom_082d4f5c,2A8,flat,native_fallback,2,2,FR_CELADON_CITY_CONDOMINIUMS_ROOF_ROOM,6,1
building__rom_082d4f5c,2A9,flat,native_fallback,2,2,FR_CELADON_CITY_CONDOMINIUMS_ROOF_ROOM,7,1
building__rom_082d4f5c,2AC,flat,native_fallback,1,1,FR_CELADON_CITY_CONDOMINIUMS_ROOF_ROOM,7,3
building__rom_082d4f5c,2AD,flat,native_fallback,1,1,FR_CELADON_CITY_CONDOMINIUMS_ROOF_ROOM,7,4
building__rom_082d4f5c,008,flat,native_fallback,14,2,FR_CELADON_CITY_CONDOMINIUMS_ROOF_ROOM,7,8
building__rom_082d4f74,000,flat,native_fallback,65,4,FR_FOUR_ISLAND_POKEMON_DAY_CARE,7,9
building__rom_082d4f74,01A,flat,native_fallback,5,5,FR_FOUR_ISLAND_POKEMON_DAY_CARE,3,8
building__rom_082d4f74,01B,flat,native_fallback,5,5,FR_FOUR_ISLAND_POKEMON_DAY_CARE,4,8
building__rom_082d4f74,01C,flat,native_fallback,5,5,FR_FOUR_ISLAND_POKEMON_DAY_CARE,5,8
building__rom_082d4f74,035,flat,native_fallback,2,2,FR_LAVENDER_TOWN_VOLUNTEER_POKEMON_HOUSE,5,1
building__rom_082d4f74,281,flat,native_fallback,1,1,FR_VERMILION_CITY_POKEMON_FAN_CLUB,0,0
building__rom_082d4f74,282,flat,native_fallback,4,1,FR_SAFFRON_CITY_POKEMON_TRAINER_FAN_CLUB,5,0
building__rom_082d4f74,283,flat,native_fallback,1,1,FR_VERMILION_CITY_POKEMON_FAN_CLUB,11,0
building__rom_082d4f74,284,flat,native_fallback,3,3,FR_FOUR_ISLAND_POKEMON_DAY_CARE,0,0
building__rom_082d4f74,285,flat,native_fallback,8,3,FR_FOUR_ISLAND_POKEMON_DAY_CARE,6,0
building__rom_082d4f74,286,flat,native_fallback,3,3,FR_FOUR_ISLAND_POKEMON_DAY_CARE,11,0
building__rom_082d4f74,287,flat,native_fallback,76,3,FR_FOUR_ISLAND_POKEMON_DAY_CARE,3,6
building__rom_082d4f74,288,flat,native_fallback,83,2,FR_SAFFRON_CITY_POKEMON_TRAINER_FAN_CLUB,7,8
building__rom_082d4f74,289,flat,native_fallback,1,1,FR_VERMILION_CITY_POKEMON_FAN_CLUB,0,1
building__rom_082d4f74,28A,flat,native_fallback,4,1,FR_SAFFRON_CITY_POKEMON_TRAINER_FAN_CLUB,6,1
building__rom_082d4f74,28B,flat,native_fallback,1,1,FR_VERMILION_CITY_POKEMON_FAN_CLUB,11,1
building__rom_082d4f74,28C,flat,native_fallback,3,3,FR_FOUR_ISLAND_POKEMON_DAY_CARE,0,1
building__rom_082d4f74,28D,flat,native_fallback,8,3,FR_FOUR_ISLAND_POKEMON_DAY_CARE,6,1
building__rom_082d4f74,28E,flat,native_fallback,3,3,FR_FOUR_ISLAND_POKEMON_DAY_CARE,11,1
building__rom_082d4f74,28F,flat,native_fallback,1,1,FR_LAVENDER_TOWN_VOLUNTEER_POKEMON_HOUSE,0,3
building__rom_082d4f74,290,flat,native_fallback,3,2,FR_SAFFRON_CITY_POKEMON_TRAINER_FAN_CLUB,0,11
building__rom_082d4f74,291,flat,native_fallback,1,1,FR_VERMILION_CITY_POKEMON_FAN_CLUB,0,2
building__rom_082d4f74,292,flat,native_fallback,12,2,FR_SAFFRON_CITY_POKEMON_TRAINER_FAN_CLUB,2,10
building__rom_082d4f74,293,flat,native_fallback,1,1,FR_VERMILION_CITY_POKEMON_FAN_CLUB,11,2
building__rom_082d4f74,294,flat,native_fallback,1,1,FR_LAVENDER_TOWN_VOLUNTEER_POKEMON_HOUSE,0,2
building__rom_082d4f74,295,flat,native_fallback,13,3,FR_FOUR_ISLAND_POKEMON_DAY_CARE,4,4
building__rom_082d4f74,296,flat,native_fallback,2,2,FR_FOUR_ISLAND_POKEMON_DAY_CARE,11,2
building__rom_082d4f74,297,flat,native_fallback,1,1,FR_ROUTE_5_POKEMON_DAY_CARE,0,2
building__rom_082d4f74,298,flat,native_fallback,4,2,FR_SAFFRON_CITY_POKEMON_TRAINER_FAN_CLUB,2,0
building__rom_082d4f74,299,flat,native_fallback,4,2,FR_SAFFRON_CITY_POKEMON_TRAINER_FAN_CLUB,3,0
building__rom_082d4f74,29A,flat,native_fallback,5,4,FR_FOUR_ISLAND_POKEMON_DAY_CARE,6,3
building__rom_082d4f74,29B,flat,native_fallback,22,4,FR_FOUR_ISLAND_POKEMON_DAY_CARE,9,3
building__rom_082d4f74,29C,flat,native_fallback,5,4,FR_FOUR_ISLAND_POKEMON_DAY_CARE,11,3
building__rom_082d4f74,29D,flat,native_fallback,5,4,FR_FOUR_ISLAND_POKEMON_DAY_CARE,8,4
building__rom_082d4f74,29E,flat,native_fallback,2,1,FR_SAFFRON_CITY_POKEMON_TRAINER_FAN_CLUB,5,4
building__rom_082d4f74,29F,flat,native_fallback,5,4,FR_FOUR_ISLAND_POKEMON_DAY_CARE,9,4
building__rom_082d4f74,2A0,flat,native_fallback,4,2,FR_SAFFRON_CITY_POKEMON_TRAINER_FAN_CLUB,2,1
building__rom_082d4f74,2A1,flat,native_fallback,4,2,FR_SAFFRON_CITY_POKEMON_TRAINER_FAN_CLUB,3,1
building__rom_082d4f74,2A2,flat,native_fallback,7,3,FR_FOUR_ISLAND_POKEMON_DAY_CARE,6,4
building__rom_082d4f74,2A3,flat,native_fallback,4,1,FR_VERMILION_CITY_POKEMON_FAN_CLUB,4,4
building__rom_082d4f74,2A4,flat,native_fallback,7,3,FR_FOUR_ISLAND_POKEMON_DAY_CARE,11,5
building__rom_082d4f74,2A5,flat,native_fallback,6,5,FR_FOUR_ISLAND_POKEMON_DAY_CARE,8,5
building__rom_082d4f74,2A6,flat,native_fallback,2,1,FR_SAFFRON_CITY_POKEMON_TRAINER_FAN_CLUB,5,5
building__rom_082d4f74,2A7,flat,native_fallback,6,5,FR_FOUR_ISLAND_POKEMON_DAY_CARE,9,5
building__rom_082d4f74,2A8,flat,native_fallback,4,2,FR_SAFFRON_CITY_POKEMON_TRAINER_FAN_CLUB,2,2
building__rom_082d4f74,2A9,flat,native_fallback,4,2,FR_SAFFRON_CITY_POKEMON_TRAINER_FAN_CLUB,1,2
building__rom_082d4f74,2AA,flat,native_fallback,5,4,FR_FOUR_ISLAND_POKEMON_DAY_CARE,6,6
building__rom_082d4f74,2AB,flat,native_fallback,24,4,FR_FOUR_ISLAND_POKEMON_DAY_CARE,9,6
building__rom_082d4f74,2AC,flat,native_fallback,5,4,FR_FOUR_ISLAND_POKEMON_DAY_CARE,11,6
building__rom_082d4f74,2AD,flat,native_fallback,2,2,FR_SAFFRON_CITY_POKEMON_TRAINER_FAN_CLUB,4,15
building__rom_082d4f74,2AE,flat,native_fallback,2,2,FR_SAFFRON_CITY_POKEMON_TRAINER_FAN_CLUB,5,15
building__rom_082d4f74,2AF,flat,native_fallback,2,2,FR_SAFFRON_CITY_POKEMON_TRAINER_FAN_CLUB,6,15
building__rom_082d4f74,2B0,flat,native_fallback,2,1,FR_VERMILION_CITY_POKEMON_FAN_CLUB,11,3
building__rom_082d4f74,2B1,flat,native_fallback,2,1,FR_VERMILION_CITY_POKEMON_FAN_CLUB,0,9
building__rom_082d4f74,2B2,flat,native_fallback,8,2,FR_SAFFRON_CITY_POKEMON_TRAINER_FAN_CLUB,10,8
building__rom_082d4f74,2B3,flat,native_fallback,14,3,FR_FOUR_ISLAND_POKEMON_DAY_CARE,9,0
building__rom_082d4f74,2B4,flat,native_fallback,2,1,FR_SAFFRON_CITY_POKEMON_TRAINER_FAN_CLUB,9,9
building__rom_082d4f74,2B5,flat,native_fallback,4,1,FR_SAFFRON_CITY_POKEMON_TRAINER_FAN_CLUB,2,12
building__rom_082d4f74,2B6,flat,native_fallback,4,1,FR_SAFFRON_CITY_POKEMON_TRAINER_FAN_CLUB,8,5
building__rom_082d4f74,2B7,flat,native_fallback,1,1,FR_LAVENDER_TOWN_VOLUNTEER_POKEMON_HOUSE,5,4
building__rom_082d4f74,2B8,flat,native_fallback,2,1,FR_VERMILION_CITY_POKEMON_FAN_CLUB,11,4
building__rom_082d4f74,2B9,flat,native_fallback,2,1,FR_VERMILION_CITY_POKEMON_FAN_CLUB,0,10
building__rom_082d4f74,2BA,flat,native_fallback,6,2,FR_SAFFRON_CITY_POKEMON_TRAINER_FAN_CLUB,9,1
building__rom_082d4f74,2BB,flat,native_fallback,9,3,FR_FOUR_ISLAND_POKEMON_DAY_CARE,5,1
building__rom_082d4f74,2BC,flat,native_fallback,2,1,FR_SAFFRON_CITY_POKEMON_TRAINER_FAN_CLUB,10,10
building__rom_082d4f74,2BD,flat,native_fallback,1,1,FR_SAFFRON_CITY_POKEMON_TRAINER_FAN_CLUB,0,8
building__rom_082d4f74,2BE,flat,native_fallback,1,1,FR_SAFFRON_CITY_POKEMON_TRAINER_FAN_CLUB,1,8
building__rom_082d4f74,2BF,flat,native_fallback,1,1,FR_SAFFRON_CITY_POKEMON_TRAINER_FAN_CLUB,10,0
building__rom_082d4f74,2C0,flat,native_fallback,3,2,FR_SAFFRON_CITY_POKEMON_TRAINER_FAN_CLUB,3,12
building__rom_082d4f74,2C1,flat,native_fallback,3,2,FR_SAFFRON_CITY_POKEMON_TRAINER_FAN_CLUB,7,12
building__rom_082d4f74,2C2,flat,native_fallback,1,1,FR_VERMILION_CITY_POKEMON_FAN_CLUB,5,3
building__rom_082d4f74,2C3,flat,native_fallback,1,1,FR_VERMILION_CITY_POKEMON_FAN_CLUB,6,3
building__rom_082d4f74,2C4,flat,native_fallback,1,1,FR_SAFFRON_CITY_POKEMON_TRAINER_FAN_CLUB,2,8
building__rom_082d4f74,2C5,flat,native_fallback,1,1,FR_SAFFRON_CITY_POKEMON_TRAINER_FAN_CLUB,0,9
building__rom_082d4f74,2C6,flat,native_fallback,1,1,FR_SAFFRON_CITY_POKEMON_TRAINER_FAN_CLUB,1,9
building__rom_082d4f74,2C8,flat,native_fallback,3,2,FR_SAFFRON_CITY_POKEMON_TRAINER_FAN_CLUB,3,13
building__rom_082d4f74,2C9,flat,native_fallback,3,2,FR_SAFFRON_CITY_POKEMON_TRAINER_FAN_CLUB,7,13
building__rom_082d4f74,2CA,flat,native_fallback,1,1,FR_VERMILION_CITY_POKEMON_FAN_CLUB,5,4
building__rom_082d4f74,2CB,flat,native_fallback,1,1,FR_VERMILION_CITY_POKEMON_FAN_CLUB,6,4
building__rom_082d4f74,2CC,flat,native_fallback,1,1,FR_SAFFRON_CITY_POKEMON_TRAINER_FAN_CLUB,2,9
building__rom_082d4f74,2CD,flat,native_fallback,1,1,FR_SAFFRON_CITY_POKEMON_TRAINER_FAN_CLUB,0,10
building__rom_082d4f74,2CE,flat,native_fallback,1,1,FR_SAFFRON_CITY_POKEMON_TRAINER_FAN_CLUB,1,10
building__rom_082d4f74,2CF,flat,native_fallback,1,1,FR_SAFFRON_CITY_POKEMON_TRAINER_FAN_CLUB,10,2
building__rom_082d4f74,2D0,flat,native_fallback,1,1,FR_SAFFRON_CITY_POKEMON_TRAINER_FAN_CLUB,8,8
building__rom_082d4f74,2D1,flat,native_fallback,1,1,FR_LAVENDER_TOWN_VOLUNTEER_POKEMON_HOUSE,11,6
building__rom_082d4f74,2D2,flat,native_fallback,1,1,FR_LAVENDER_TOWN_VOLUNTEER_POKEMON_HOUSE,0,6
building__rom_082d4f74,2D3,flat,native_fallback,1,1,FR_LAVENDER_TOWN_VOLUNTEER_POKEMON_HOUSE,1,1
building__rom_082d4f74,2D4,flat,native_fallback,1,1,FR_LAVENDER_TOWN_VOLUNTEER_POKEMON_HOUSE,2,1
building__rom_082d4f74,2D7,flat,native_fallback,1,1,FR_LAVENDER_TOWN_VOLUNTEER_POKEMON_HOUSE,5,0
building__rom_082d4f74,2D8,flat,native_fallback,1,1,FR_SAFFRON_CITY_POKEMON_TRAINER_FAN_CLUB,8,9
building__rom_082d4f74,2D9,flat,native_fallback,1,1,FR_LAVENDER_TOWN_VOLUNTEER_POKEMON_HOUSE,11,7
building__rom_082d4f74,2DA,flat,native_fallback,1,1,FR_LAVENDER_TOWN_VOLUNTEER_POKEMON_HOUSE,0,7
building__rom_082d4f74,2DB,flat,native_fallback,1,1,FR_LAVENDER_TOWN_VOLUNTEER_POKEMON_HOUSE,1,2
building__rom_082d4f74,2DC,flat,native_fallback,1,1,FR_LAVENDER_TOWN_VOLUNTEER_POKEMON_HOUSE,2,2
building__rom_082d4f74,2E0,flat,native_fallback,2,2,FR_FOUR_ISLAND_POKEMON_DAY_CARE,10,0
building__rom_082d4f74,2E1,flat,native_fallback,2,2,FR_LAVENDER_TOWN_VOLUNTEER_POKEMON_HOUSE,11,4
building__rom_082d4f74,2E2,flat,native_fallback,3,3,FR_FOUR_ISLAND_POKEMON_DAY_CARE,3,7
building__rom_082d4f74,2E3,flat,native_fallback,3,3,FR_FOUR_ISLAND_POKEMON_DAY_CARE,4,7
building__rom_082d4f74,2E4,flat,native_fallback,3,3,FR_FOUR_ISLAND_POKEMON_DAY_CARE,5,7
building__rom_082d4f74,2E7,flat,native_fallback,1,1,FR_LAVENDER_TOWN_VOLUNTEER_POKEMON_HOUSE,5,2
building__rom_082d4f74,2E9,flat,native_fallback,19,5,FR_FOUR_ISLAND_POKEMON_DAY_CARE,0,5
building__rom_082d4f74,2EA,flat,native_fallback,2,1,FR_VERMILION_CITY_POKEMON_FAN_CLUB,3,6
building__rom_082d4f74,2EB,flat,native_fallback,2,1,FR_VERMILION_CITY_POKEMON_FAN_CLUB,8,6
building__rom_082d4f74,2EE,flat,native_fallback,5,2,FR_LAVENDER_TOWN_VOLUNTEER_POKEMON_HOUSE,9,2
building__rom_082d4f74,2F0,flat,native_fallback,2,2,FR_FOUR_ISLAND_POKEMON_DAY_CARE,10,2
building__rom_082d4f74,2F1,flat,native_fallback,1,1,FR_LAVENDER_TOWN_VOLUNTEER_POKEMON_HOUSE,11,2
building__rom_082d4f74,2F2,flat,native_fallback,1,1,FR_LAVENDER_TOWN_VOLUNTEER_POKEMON_HOUSE,8,3
building__rom_082d4f74,2F3,flat,native_fallback,1,1,FR_LAVENDER_TOWN_VOLUNTEER_POKEMON_HOUSE,9,3
building__rom_082d4f74,2F4,flat,native_fallback,1,1,FR_LAVENDER_TOWN_VOLUNTEER_POKEMON_HOUSE,10,3
building__rom_082d4f74,2F5,flat,native_fallback,1,1,FR_LAVENDER_TOWN_VOLUNTEER_POKEMON_HOUSE,11,3
building__rom_082d4f74,2F6,flat,native_fallback,1,1,FR_LAVENDER_TOWN_VOLUNTEER_POKEMON_HOUSE,8,2
building__rom_082d4f74,2F7,flat,native_fallback,1,1,FR_LAVENDER_TOWN_VOLUNTEER_POKEMON_HOUSE,8,1
building__rom_082d4f74,2F9,flat,native_fallback,1,1,FR_LAVENDER_TOWN_VOLUNTEER_POKEMON_HOUSE,6,4
building__rom_082d4f74,2FC,flat,native_fallback,1,1,FR_ROUTE_5_POKEMON_DAY_CARE,0,3
building__rom_082d4f74,2FD,flat,native_fallback,1,1,FR_ROUTE_5_POKEMON_DAY_CARE,1,3
building__rom_082d4f74,2FE,flat,native_fallback,1,1,FR_ROUTE_5_POKEMON_DAY_CARE,3,3
building__rom_082d4f74,2FF,flat,native_fallback,1,1,FR_ROUTE_5_POKEMON_DAY_CARE,4,3
building__rom_082d4f74,302,flat,native_fallback,1,1,FR_ROUTE_5_POKEMON_DAY_CARE,4,1
building__rom_082d4f74,303,flat,native_fallback,1,1,FR_ROUTE_5_POKEMON_DAY_CARE,2,3
building__rom_082d4f74,304,flat,native_fallback,1,1,FR_ROUTE_5_POKEMON_DAY_CARE,4,2
building__rom_082d4f74,307,flat,native_fallback,4,1,FR_LAVENDER_TOWN_VOLUNTEER_POKEMON_HOUSE,4,4
building__rom_082d4f74,309,flat,native_fallback,8,2,FR_FOUR_ISLAND_POKEMON_DAY_CARE,10,4
building__rom_082d4f74,30A,flat,native_fallback,1,1,FR_SAFFRON_CITY_POKEMON_TRAINER_FAN_CLUB,4,2
building__rom_082d4f74,30B,flat,native_fallback,1,1,FR_SAFFRON_CITY_POKEMON_TRAINER_FAN_CLUB,3,10
building__rom_082d4f74,30C,flat,native_fallback,1,1,FR_SAFFRON_CITY_POKEMON_TRAINER_FAN_CLUB,3,9
building__rom_082d4f74,30D,flat,native_fallback,1,1,FR_LAVENDER_TOWN_VOLUNTEER_POKEMON_HOUSE,6,2
building__rom_082d4f74,30E,flat,native_fallback,5,3,FR_FOUR_ISLAND_POKEMON_DAY_CARE,0,4
building__rom_082d4f74,30F,flat,native_fallback,6,2,FR_SAFFRON_CITY_POKEMON_TRAINER_FAN_CLUB,0,6
building__rom_082d4f74,310,flat,native_fallback,6,2,FR_SAFFRON_CITY_POKEMON_TRAINER_FAN_CLUB,10,4
building__rom_082d4f74,311,flat,native_fallback,2,1,FR_VERMILION_CITY_POKEMON_FAN_CLUB,2,0
building__rom_082d4f74,312,flat,native_fallback,2,1,FR_VERMILION_CITY_POKEMON_FAN_CLUB,9,1
building__rom_082d4f74,313,flat,native_fallback,1,1,FR_FOUR_ISLAND_POKEMON_DAY_CARE,1,0
building__rom_082d4f74,314,flat,native_fallback,1,1,FR_FOUR_ISLAND_POKEMON_DAY_CARE,2,0
building__rom_082d4f74,315,flat,native_fallback,1,1,FR_FOUR_ISLAND_POKEMON_DAY_CARE,3,0
building__rom_082d4f74,316,flat,native_fallback,3,1,FR_FOUR_ISLAND_POKEMON_DAY_CARE,2,2
building__rom_082d4f74,317,flat,native_fallback,1,1,FR_FOUR_ISLAND_POKEMON_DAY_CARE,5,2
building__rom_082d4f74,318,flat,native_fallback,1,1,FR_FOUR_ISLAND_POKEMON_DAY_CARE,0,2
building__rom_082d4f74,319,flat,native_fallback,1,1,FR_FOUR_ISLAND_POKEMON_DAY_CARE,4,2
building__rom_082d4f74,31A,flat,native_fallback,1,1,FR_FOUR_ISLAND_POKEMON_DAY_CARE,4,1
building__rom_082d4f74,31B,flat,native_fallback,1,1,FR_FOUR_ISLAND_POKEMON_DAY_CARE,1,1
building__rom_082d4f74,31C,flat,native_fallback,1,1,FR_FOUR_ISLAND_POKEMON_DAY_CARE,2,1
building__rom_082d4f74,31D,flat,native_fallback,1,1,FR_FOUR_ISLAND_POKEMON_DAY_CARE,3,1
building__rom_082d4f74,31E,flat,native_fallback,1,1,FR_FOUR_ISLAND_POKEMON_DAY_CARE,5,4
building__rom_082d4f74,31F,flat,native_fallback,1,1,FR_FOUR_ISLAND_POKEMON_DAY_CARE,5,3
building__rom_082d4f74,320,flat,native_fallback,4,1,FR_FOUR_ISLAND_POKEMON_DAY_CARE,3,3
building__rom_082d4f74,321,flat,native_fallback,1,1,FR_FOUR_ISLAND_POKEMON_DAY_CARE,4,3
building__rom_082d4f74,322,flat,native_fallback,1,1,FR_FOUR_ISLAND_POKEMON_DAY_CARE,2,4
building__rom_082d4f74,323,flat,native_fallback,1,1,FR_LAVENDER_TOWN_VOLUNTEER_POKEMON_HOUSE,3,0
building__rom_082d4f74,324,flat,native_fallback,1,1,FR_LAVENDER_TOWN_VOLUNTEER_POKEMON_HOUSE,4,0
building__rom_082d4f74,325,flat,native_fallback,1,1,FR_LAVENDER_TOWN_VOLUNTEER_POKEMON_HOUSE,3,1
building__rom_082d4f74,326,flat,native_fallback,1,1,FR_LAVENDER_TOWN_VOLUNTEER_POKEMON_HOUSE,4,1
building__rom_082d4f74,328,flat,native_fallback,1,1,FR_LAVENDER_TOWN_VOLUNTEER_POKEMON_HOUSE,3,2
building__rom_082d4f74,329,flat,native_fallback,1,1,FR_LAVENDER_TOWN_VOLUNTEER_POKEMON_HOUSE,4,2
building__rom_082d4f74,008,flat,native_fallback,44,5,FR_FOUR_ISLAND_POKEMON_DAY_CARE,7,8
building__rom_082d4f74,062,flat,native_fallback,2,2,FR_FOUR_ISLAND_POKEMON_DAY_CARE,10,1
building__rom_082d4f8c,000,flat,native_fallback,74,4,FR_CELADON_CITY_CONDOMINIUMS_1F,15,15
building__rom_082d4f8c,099,flat,native_fallback,1,1,FR_CELADON_CITY_CONDOMINIUMS_3F,3,12
building__rom_082d4f8c,01A,flat,native_fallback,1,1,FR_CELADON_CITY_CONDOMINIUMS_1F,11,19
building__rom_082d4f8c,01B,flat,native_fallback,1,1,FR_CELADON_CITY_CONDOMINIUMS_1F,12,19
building__rom_082d4f8c,01C,flat,native_fallback,1,1,FR_CELADON_CITY_CONDOMINIUMS_1F,13,19
building__rom_082d4f8c,281,flat,native_fallback,256,3,FR_CELADON_CITY_CONDOMINIUMS_1F,11,15
building__rom_082d4f8c,282,flat,native_fallback,75,3,FR_CELADON_CITY_CONDOMINIUMS_1F,9,15
building__rom_082d4f8c,283,flat,native_fallback,6,2,FR_CELADON_CITY_CONDOMINIUMS_1F,5,12
building__rom_082d4f8c,285,flat,native_fallback,11,3,FR_CELADON_CITY_CONDOMINIUMS_1F,2,13
building__rom_082d4f8c,286,flat,native_fallback,4,3,FR_CELADON_CITY_CONDOMINIUMS_1F,5,13
building__rom_082d4f8c,287,flat,native_fallback,3,3,FR_CELADON_CITY_CONDOMINIUMS_1F,13,4
building__rom_082d4f8c,288,flat,native_fallback,3,3,FR_CELADON_CITY_CONDOMINIUMS_1F,8,0
building__rom_082d4f8c,289,flat,native_fallback,53,3,FR_CELADON_CITY_CONDOMINIUMS_1F,0,15
building__rom_082d4f8c,28B,flat,native_fallback,2,2,FR_CELADON_CITY_CONDOMINIUMS_1F,3,5
building__rom_082d4f8c,28C,flat,native_fallback,6,3,FR_CELADON_CITY_CONDOMINIUMS_1F,7,0
building__rom_082d4f8c,290,flat,native_fallback,30,3,FR_CELADON_CITY_CONDOMINIUMS_1F,8,1
building__rom_082d4f8c,291,flat,native_fallback,20,3,FR_CELADON_CITY_CONDOMINIUMS_1F,4,16
building__rom_082d4f8c,293,flat,native_fallback,2,2,FR_CELADON_CITY_CONDOMINIUMS_1F,3,6
building__rom_082d4f8c,294,flat,native_fallback,24,3,FR_CELADON_CITY_CONDOMINIUMS_1F,7,1
building__rom_082d4f8c,295,flat,native_fallback,2,1,FR_CELADON_CITY_CONDOMINIUMS_3F,0,8
building__rom_082d4f8c,296,flat,native_fallback,3,1,FR_CELADON_CITY_CONDOMINIUMS_3F,5,8
building__rom_082d4f8c,297,flat,native_fallback,3,1,FR_CELADON_CITY_CONDOMINIUMS_3F,2,8
building__rom_082d4f8c,29C,flat,native_fallback,3,3,FR_CELADON_CITY_CONDOMINIUMS_1F,7,4
building__rom_082d4f8c,29D,flat,native_fallback,3,1,FR_CELADON_CITY_CONDOMINIUMS_3F,0,9
building__rom_082d4f8c,29E,flat,native_fallback,3,1,FR_CELADON_CITY_CONDOMINIUMS_3F,1,12
building__rom_082d4f8c,29F,flat,native_fallback,3,1,FR_CELADON_CITY_CONDOMINIUMS_3F,2,9
building__rom_082d4f8c,2A0,flat,native_fallback,11,3,FR_CELADON_CITY_CONDOMINIUMS_1F,6,4
building__rom_082d4f8c,2A1,flat,native_fallback,32,3,FR_CELADON_CITY_CONDOMINIUMS_1F,1,14
building__rom_082d4f8c,2A2,flat,native_fallback,2,1,FR_CELADON_CITY_CONDOMINIUMS_3F,9,2
building__rom_082d4f8c,2A3,flat,native_fallback,2,1,FR_CELADON_CITY_CONDOMINIUMS_3F,10,2
building__rom_082d4f8c,2A4,flat,native_fallback,2,1,FR_CELADON_CITY_CONDOMINIUMS_3F,9,1
building__rom_082d4f8c,2A5,flat,native_fallback,3,1,FR_CELADON_CITY_CONDOMINIUMS_3F,0,10
building__rom_082d4f8c,2A6,flat,native_fallback,3,1,FR_CELADON_CITY_CONDOMINIUMS_3F,1,13
building__rom_082d4f8c,2A7,flat,native_fallback,3,1,FR_CELADON_CITY_CONDOMINIUMS_3F,2,10
building__rom_082d4f8c,2A8,flat,native_fallback,1,1,FR_CELADON_CITY_CONDOMINIUMS_1F,8,15
building__rom_082d4f8c,2AA,flat,native_fallback,2,1,FR_CELADON_CITY_CONDOMINIUMS_3F,9,3
building__rom_082d4f8c,2AB,flat,native_fallback,2,1,FR_CELADON_CITY_CONDOMINIUMS_3F,10,3
building__rom_082d4f8c,2AC,flat,native_fallback,2,1,FR_CELADON_CITY_CONDOMINIUMS_3F,2,3
building__rom_082d4f8c,2AD,flat,native_fallback,4,2,FR_CELADON_CITY_CONDOMINIUMS_1F,12,3
building__rom_082d4f8c,2AE,flat,native_fallback,4,2,FR_CELADON_CITY_CONDOMINIUMS_1F,5,1
building__rom_082d4f8c,2AF,flat,native_fallback,4,2,FR_CELADON_CITY_CONDOMINIUMS_1F,6,1
building__rom_082d4f8c,2B0,flat,native_fallback,1,1,FR_CELADON_CITY_CONDOMINIUMS_1F,8,16
building__rom_082d4f8c,2B4,flat,native_fallback,2,1,FR_CELADON_CITY_CONDOMINIUMS_1F,1,13
building__rom_082d4f8c,2B5,flat,native_fallback,1,1,FR_CELADON_CITY_CONDOMINIUMS_3F,3,13
building__rom_082d4f8c,2B6,flat,native_fallback,4,2,FR_CELADON_CITY_CONDOMINIUMS_1F,5,2
building__rom_082d4f8c,2B7,flat,native_fallback,4,2,FR_CELADON_CITY_CONDOMINIUMS_1F,6,2
building__rom_082d4f8c,2B8,flat,native_fallback,5,3,FR_CELADON_CITY_CONDOMINIUMS_1F,5,5
building__rom_082d4f8c,2B9,flat,native_fallback,5,3,FR_CELADON_CITY_CONDOMINIUMS_1F,10,0
building__rom_082d4f8c,2BA,flat,native_fallback,1,1,FR_CELADON_CITY_CONDOMINIUMS_1F,2,15
building__rom_082d4f8c,2BB,flat,native_fallback,1,1,FR_CELADON_CITY_CONDOMINIUMS_1F,3,15
building__rom_082d4f8c,2BC,flat,native_fallback,1,1,FR_CELADON_CITY_CONDOMINIUMS_1F,2,17
building__rom_082d4f8c,2BD,flat,native_fallback,1,1,FR_CELADON_CITY_CONDOMINIUMS_1F,3,17
building__rom_082d4f8c,2BE,flat,native_fallback,4,2,FR_CELADON_CITY_CONDOMINIUMS_1F,5,3
building__rom_082d4f8c,2BF,flat,native_fallback,4,2,FR_CELADON_CITY_CONDOMINIUMS_1F,14,3
building__rom_082d4f8c,2C0,flat,native_fallback,5,3,FR_CELADON_CITY_CONDOMINIUMS_1F,9,1
building__rom_082d4f8c,2C1,flat,native_fallback,5,3,FR_CELADON_CITY_CONDOMINIUMS_1F,10,1
building__rom_082d4f8c,2C2,flat,native_fallback,1,1,FR_CELADON_CITY_CONDOMINIUMS_1F,2,16
building__rom_082d4f8c,2C3,flat,native_fallback,1,1,FR_CELADON_CITY_CONDOMINIUMS_1F,3,16
building__rom_082d4f8c,2C5,flat,native_fallback,2,2,FR_CELADON_CITY_CONDOMINIUMS_1F,1,9
building__rom_082d4f8c,2C6,flat,native_fallback,4,2,FR_CELADON_CITY_CONDOMINIUMS_1F,2,9
building__rom_082d4f8c,2C7,flat,native_fallback,2,2,FR_CELADON_CITY_CONDOMINIUMS_1F,4,9
building__rom_082d4f8c,2C8,flat,native_fallback,14,3,FR_CELADON_CITY_CONDOMINIUMS_1F,14,5
building__rom_082d4f8c,2C9,flat,native_fallback,9,3,FR_CELADON_CITY_CONDOMINIUMS_1F,9,5
building__rom_082d4f8c,2CA,flat,native_fallback,7,3,FR_CELADON_CITY_CONDOMINIUMS_1F,0,16
building__rom_082d4f8c,2CB,flat,native_fallback,1,1,FR_CELADON_CITY_CONDOMINIUMS_2F,6,9
building__rom_082d4f8c,2CD,flat,native_fallback,2,2,FR_CELADON_CITY_CONDOMINIUMS_1F,1,10
building__rom_082d4f8c,2CE,flat,native_fallback,3,2,FR_CELADON_CITY_CONDOMINIUMS_1F,2,10
building__rom_082d4f8c,2CF,flat,native_fallback,2,2,FR_CELADON_CITY_CONDOMINIUMS_1F,4,10
building__rom_082d4f8c,2D0,flat,native_fallback,14,3,FR_CELADON_CITY_CONDOMINIUMS_1F,14,15
building__rom_082d4f8c,2D1,flat,native_fallback,16,3,FR_CELADON_CITY_CONDOMINIUMS_1F,2,7
building__rom_082d4f8c,2D2,flat,native_fallback,2,2,FR_CELADON_CITY_CONDOMINIUMS_2F,2,4
building__rom_082d4f8c,2D3,flat,native_fallback,1,1,FR_CELADON_CITY_CONDOMINIUMS_2F,6,11
building__rom_082d4f8c,2D5,flat,native_fallback,2,2,FR_CELADON_CITY_CONDOMINIUMS_1F,1,11
building__rom_082d4f8c,2D6,flat,native_fallback,5,2,FR_CELADON_CITY_CONDOMINIUMS_1F,2,11
building__rom_082d4f8c,2D7,flat,native_fallback,2,2,FR_CELADON_CITY_CONDOMINIUMS_1F,4,11
building__rom_082d4f8c,2DB,flat,native_fallback,1,1,FR_CELADON_CITY_CONDOMINIUMS_1F,1,0
building__rom_082d4f8c,2DC,flat,native_fallback,1,1,FR_CELADON_CITY_CONDOMINIUMS_1F,2,0
building__rom_082d4f8c,2DD,flat,native_fallback,2,2,FR_CELADON_CITY_CONDOMINIUMS_1F,1,12
building__rom_082d4f8c,2DE,flat,native_fallback,4,2,FR_CELADON_CITY_CONDOMINIUMS_1F,3,12
building__rom_082d4f8c,2DF,flat,native_fallback,2,2,FR_CELADON_CITY_CONDOMINIUMS_1F,4,12
building__rom_082d4f8c,2E0,flat,native_fallback,3,2,FR_CELADON_CITY_CONDOMINIUMS_2F,4,17
building__rom_082d4f8c,2E1,flat,native_fallback,4,2,FR_CELADON_CITY_CONDOMINIUMS_2F,5,17
building__rom_082d4f8c,2E2,flat,native_fallback,3,2,FR_CELADON_CITY_CONDOMINIUMS_2F,6,17
building__rom_082d4f8c,2E3,flat,native_fallback,1,1,FR_CELADON_CITY_CONDOMINIUMS_1F,1,1
building__rom_082d4f8c,2E4,flat,native_fallback,1,1,FR_CELADON_CITY_CONDOMINIUMS_1F,2,1
building__rom_082d4f8c,2E5,flat,native_fallback,3,2,FR_CELADON_CITY_CONDOMINIUMS_2F,4,16
building__rom_082d4f8c,2E6,flat,native_fallback,4,2,FR_CELADON_CITY_CONDOMINIUMS_2F,5,16
building__rom_082d4f8c,2E7,flat,native_fallback,3,2,FR_CELADON_CITY_CONDOMINIUMS_2F,6,16
building__rom_082d4f8c,2E8,flat,native_fallback,1,1,FR_CELADON_CITY_CONDOMINIUMS_1F,11,18
building__rom_082d4f8c,2E9,flat,native_fallback,1,1,FR_CELADON_CITY_CONDOMINIUMS_1F,12,18
building__rom_082d4f8c,2EA,flat,native_fallback,1,1,FR_CELADON_CITY_CONDOMINIUMS_1F,13,18
building__rom_082d4f8c,2EB,flat,native_fallback,1,1,FR_CELADON_CITY_CONDOMINIUMS_1F,3,0
building__rom_082d4f8c,2EC,flat,native_fallback,1,1,FR_CELADON_CITY_CONDOMINIUMS_1F,3,1
building__rom_082d4f8c,2ED,flat,native_fallback,3,2,FR_CELADON_CITY_CONDOMINIUMS_2F,5,5
building__rom_082d4f8c,2EE,flat,native_fallback,3,2,FR_CELADON_CITY_CONDOMINIUMS_2F,6,5
building__rom_082d4f8c,2EF,flat,native_fallback,3,2,FR_CELADON_CITY_CONDOMINIUMS_2F,5,7
building__rom_082d4f8c,2F0,flat,native_fallback,2,1,FR_CELADON_CITY_CONDOMINIUMS_3F,2,2
building__rom_082d4f8c,2F1,flat,native_fallback,4,2,FR_CELADON_CITY_CONDOMINIUMS_1F,12,2
building__rom_082d4f8c,2F3,flat,native_fallback,1,1,FR_CELADON_CITY_CONDOMINIUMS_3F,4,8
building__rom_082d4f8c,2F4,flat,native_fallback,3,3,FR_CELADON_CITY_CONDOMINIUMS_1F,8,11
building__rom_082d4f8c,2F5,flat,native_fallback,3,2,FR_CELADON_CITY_CONDOMINIUMS_2F,5,6
building__rom_082d4f8c,2F6,flat,native_fallback,3,2,FR_CELADON_CITY_CONDOMINIUMS_2F,6,6
building__rom_082d4f8c,2F7,flat,native_fallback,3,2,FR_CELADON_CITY_CONDOMINIUMS_2F,6,7
building__rom_082d4f8c,2F8,flat,native_fallback,10,3,FR_CELADON_CITY_CONDOMINIUMS_1F,4,0
building__rom_082d4f8c,2F9,flat,native_fallback,10,3,FR_CELADON_CITY_CONDOMINIUMS_1F,4,1
building__rom_082d4f8c,2FA,flat,native_fallback,3,3,FR_CELADON_CITY_CONDOMINIUMS_1F,7,11
building__rom_082d4f8c,2FB,flat,native_fallback,3,3,FR_CELADON_CITY_CONDOMINIUMS_1F,7,12
building__rom_082d4f8c,2FC,flat,native_fallback,3,3,FR_CELADON_CITY_CONDOMINIUMS_1F,8,12
building__rom_082d4f8c,300,flat,native_fallback,2,1,FR_CELADON_CITY_CONDOMINIUMS_2F,9,1
building__rom_082d4f8c,301,flat,native_fallback,2,1,FR_CELADON_CITY_CONDOMINIUMS_2F,10,1
building__rom_082d4f8c,302,flat,native_fallback,3,3,FR_CELADON_CITY_CONDOMINIUMS_1F,5,4
building__rom_082d4f8c,304,flat,native_fallback,1,1,FR_CELADON_CITY_CONDOMINIUMS_2F,6,10
building__rom_082d4f8c,305,flat,native_fallback,2,1,FR_CELADON_CITY_CONDOMINIUMS_2F,6,1
building__rom_082d4f8c,306,flat,native_fallback,73,1,FR_CELADON_CITY_CONDOMINIUMS_ROOF,9,15
building__rom_082d4f8c,307,flat,native_fallback,20,1,FR_CELADON_CITY_CONDOMINIUMS_ROOF,1,14
building__rom_082d4f8c,308,flat,native_fallback,2,1,FR_CELADON_CITY_CONDOMINIUMS_2F,9,2
building__rom_082d4f8c,309,flat,native_fallback,2,1,FR_CELADON_CITY_CONDOMINIUMS_2F,10,2
building__rom_082d4f8c,30A,flat,native_fallback,2,1,FR_CELADON_CITY_CONDOMINIUMS_2F,2,2
building__rom_082d4f8c,30B,flat,native_fallback,2,1,FR_CELADON_CITY_CONDOMINIUMS_2F,12,2
building__rom_082d4f8c,30C,flat,native_fallback,4,2,FR_CELADON_CITY_CONDOMINIUMS_2F,5,2
building__rom_082d4f8c,30D,flat,native_fallback,4,2,FR_CELADON_CITY_CONDOMINIUMS_2F,6,2
building__rom_082d4f8c,30F,flat,native_fallback,5,1,FR_CELADON_CITY_CONDOMINIUMS_ROOF,4,16
building__rom_082d4f8c,310,flat,native_fallback,2,1,FR_CELADON_CITY_CONDOMINIUMS_2F,9,3
building__rom_082d4f8c,311,flat,native_fallback,2,1,FR_CELADON_CITY_CONDOMINIUMS_2F,10,3
building__rom_082d4f8c,312,flat,native_fallback,2,1,FR_CELADON_CITY_CONDOMINIUMS_2F,2,3
building__rom_082d4f8c,313,flat,native_fallback,2,1,FR_CELADON_CITY_CONDOMINIUMS_2F,12,3
building__rom_082d4f8c,314,flat,native_fallback,4,2,FR_CELADON_CITY_CONDOMINIUMS_2F,5,3
building__rom_082d4f8c,315,flat,native_fallback,4,2,FR_CELADON_CITY_CONDOMINIUMS_2F,14,3
building__rom_082d4f8c,316,flat,native_fallback,13,1,FR_CELADON_CITY_CONDOMINIUMS_ROOF,8,15
building__rom_082d4f8c,317,flat,native_fallback,1,1,FR_CELADON_CITY_CONDOMINIUMS_ROOF,8,16
building__rom_082d4f8c,319,flat,native_fallback,1,1,FR_CELADON_CITY_CONDOMINIUMS_ROOF,0,1
building__rom_082d4f8c,31A,flat,native_fallback,1,1,FR_CELADON_CITY_CONDOMINIUMS_ROOF,13,1
building__rom_082d4f8c,31B,flat,native_fallback,3,1,FR_CELADON_CITY_CONDOMINIUMS_ROOF,0,22
building__rom_082d4f8c,31C,flat,native_fallback,3,1,FR_CELADON_CITY_CONDOMINIUMS_ROOF,6,22
building__rom_082d4f8c,31D,flat,native_fallback,1,1,FR_CELADON_CITY_CONDOMINIUMS_ROOF,1,6
building__rom_082d4f8c,31E,flat,native_fallback,2,1,FR_CELADON_CITY_CONDOMINIUMS_ROOF,2,6
building__rom_082d4f8c,31F,flat,native_fallback,1,1,FR_CELADON_CITY_CONDOMINIUMS_ROOF,4,6
building__rom_082d4f8c,320,flat,native_fallback,21,1,FR_CELADON_CITY_CONDOMINIUMS_ROOF,1,18
building__rom_082d4f8c,321,flat,native_fallback,16,1,FR_CELADON_CITY_CONDOMINIUMS_ROOF,0,15
building__rom_082d4f8c,322,flat,native_fallback,16,1,FR_CELADON_CITY_CONDOMINIUMS_ROOF,13,15
building__rom_082d4f8c,323,flat,native_fallback,16,1,FR_CELADON_CITY_CONDOMINIUMS_ROOF,1,20
building__rom_082d4f8c,324,flat,native_fallback,3,1,FR_CELADON_CITY_CONDOMINIUMS_ROOF,8,22
building__rom_082d4f8c,325,flat,native_fallback,4,1,FR_CELADON_CITY_CONDOMINIUMS_ROOF,1,7
building__rom_082d4f8c,326,flat,native_fallback,8,1,FR_CELADON_CITY_CONDOMINIUMS_ROOF,2,7
building__rom_082d4f8c,327,flat,native_fallback,4,1,FR_CELADON_CITY_CONDOMINIUMS_ROOF,4,7
building__rom_082d4f8c,328,flat,native_fallback,14,1,FR_CELADON_CITY_CONDOMINIUMS_ROOF,2,0
building__rom_082d4f8c,329,flat,native_fallback,1,1,FR_CELADON_CITY_CONDOMINIUMS_ROOF,0,18
building__rom_082d4f8c,32A,flat,native_fallback,1,1,FR_CELADON_CITY_CONDOMINIUMS_ROOF,13,18
building__rom_082d4f8c,32B,flat,native_fallback,3,1,FR_CELADON_CITY_CONDOMINIUMS_ROOF,13,21
building__rom_082d4f8c,32C,flat,native_fallback,3,1,FR_CELADON_CITY_CONDOMINIUMS_ROOF,5,22
building__rom_082d4f8c,32D,flat,native_fallback,3,1,FR_CELADON_CITY_CONDOMINIUMS_ROOF,7,22
building__rom_082d4f8c,32E,flat,native_fallback,2,1,FR_CELADON_CITY_CONDOMINIUMS_ROOF,6,1
building__rom_082d4f8c,32F,flat,native_fallback,1,1,FR_CELADON_CITY_CONDOMINIUMS_ROOF,7,1
building__rom_082d4f8c,330,flat,native_fallback,1,1,FR_CELADON_CITY_CONDOMINIUMS_ROOF,1,11
building__rom_082d4f8c,331,flat,native_fallback,1,1,FR_CELADON_CITY_CONDOMINIUMS_ROOF,2,11
building__rom_082d4f8c,332,flat,native_fallback,1,1,FR_CELADON_CITY_CONDOMINIUMS_ROOF,3,11
building__rom_082d4f8c,333,flat,native_fallback,1,1,FR_CELADON_CITY_CONDOMINIUMS_ROOF,4,11
building__rom_082d4f8c,335,flat,native_fallback,2,1,FR_CELADON_CITY_CONDOMINIUMS_ROOF,10,2
building__rom_082d4f8c,336,flat,native_fallback,2,1,FR_CELADON_CITY_CONDOMINIUMS_ROOF,10,3
building__rom_082d4f8c,337,flat,native_fallback,13,1,FR_CELADON_CITY_CONDOMINIUMS_ROOF,7,2
building__rom_082d4f8c,338,flat,native_fallback,1,1,FR_CELADON_CITY_CONDOMINIUMS_ROOF,1,12
building__rom_082d4f8c,339,flat,native_fallback,1,1,FR_CELADON_CITY_CONDOMINIUMS_ROOF,2,12
building__rom_082d4f8c,33A,flat,native_fallback,1,1,FR_CELADON_CITY_CONDOMINIUMS_ROOF,3,12
building__rom_082d4f8c,33B,flat,native_fallback,1,1,FR_CELADON_CITY_CONDOMINIUMS_ROOF,4,12
building__rom_082d4f8c,33C,flat,native_fallback,1,1,FR_CELADON_CITY_CONDOMINIUMS_ROOF,1,15
building__rom_082d4f8c,33D,flat,native_fallback,2,1,FR_CELADON_CITY_CONDOMINIUMS_ROOF,5,15
building__rom_082d4f8c,33E,flat,native_fallback,3,1,FR_CELADON_CITY_CONDOMINIUMS_ROOF,4,15
building__rom_082d4f8c,33F,flat,native_fallback,1,1,FR_CELADON_CITY_CONDOMINIUMS_ROOF,7,15
building__rom_082d4f8c,340,flat,native_fallback,4,1,FR_CELADON_CITY_CONDOMINIUMS_ROOF,11,4
building__rom_082d4f8c,341,flat,native_fallback,4,1,FR_CELADON_CITY_CONDOMINIUMS_ROOF,12,6
building__rom_082d4f8c,342,flat,native_fallback,1,1,FR_CELADON_CITY_CONDOMINIUMS_ROOF,1,16
building__rom_082d4f8c,343,flat,native_fallback,1,1,FR_CELADON_CITY_CONDOMINIUMS_ROOF,2,16
building__rom_082d4f8c,344,flat,native_fallback,2,1,FR_CELADON_CITY_CONDOMINIUMS_ROOF,10,20
building__rom_082d4f8c,345,flat,native_fallback,2,1,FR_CELADON_CITY_CONDOMINIUMS_ROOF,3,20
building__rom_082d4f8c,348,flat,native_fallback,4,1,FR_CELADON_CITY_CONDOMINIUMS_ROOF,11,5
building__rom_082d4f8c,349,flat,native_fallback,4,1,FR_CELADON_CITY_CONDOMINIUMS_ROOF,12,5
building__rom_082d4f8c,34A,flat,native_fallback,1,1,FR_CELADON_CITY_CONDOMINIUMS_ROOF,1,17
building__rom_082d4f8c,34B,flat,native_fallback,1,1,FR_CELADON_CITY_CONDOMINIUMS_ROOF,2,17
building__rom_082d4f8c,34C,flat,native_fallback,2,1,FR_CELADON_CITY_CONDOMINIUMS_ROOF,10,21
building__rom_082d4f8c,34D,flat,native_fallback,2,1,FR_CELADON_CITY_CONDOMINIUMS_ROOF,3,21
building__rom_082d4f8c,350,flat,native_fallback,1,1,FR_CELADON_CITY_CONDOMINIUMS_ROOF,0,19
building__rom_082d4f8c,351,flat,native_fallback,8,1,FR_CELADON_CITY_CONDOMINIUMS_ROOF,1,19
building__rom_082d4f8c,352,flat,native_fallback,1,1,FR_CELADON_CITY_CONDOMINIUMS_ROOF,6,19
building__rom_082d4f8c,353,flat,native_fallback,1,1,FR_CELADON_CITY_CONDOMINIUMS_ROOF,7,19
building__rom_082d4f8c,354,flat,native_fallback,1,1,FR_CELADON_CITY_CONDOMINIUMS_ROOF,8,19
building__rom_082d4f8c,355,flat,native_fallback,1,1,FR_CELADON_CITY_CONDOMINIUMS_ROOF,5,19
building__rom_082d4f8c,356,flat,native_fallback,1,1,FR_CELADON_CITY_CONDOMINIUMS_ROOF,13,19
building__rom_082d4f8c,008,flat,native_fallback,42,3,FR_CELADON_CITY_CONDOMINIUMS_1F,1,19
building__rom_082d4fa4,000,flat,native_fallback,10,1,FR_CERULEAN_CITY_HOUSE2,7,9
building__rom_082d4fa4,0D8,roomWall,native_fallback,1,1,FR_CERULEAN_CITY_HOUSE2,0,0
building__rom_082d4fa4,0D9,roomWall,native_fallback,1,1,FR_CERULEAN_CITY_HOUSE2,1,0
building__rom_082d4fa4,0E0,flat,native_fallback,1,1,FR_CERULEAN_CITY_HOUSE2,0,1
building__rom_082d4fa4,0E1,flat,native_fallback,1,1,FR_CERULEAN_CITY_HOUSE2,1,1
building__rom_082d4fa4,109,roomWall,native_fallback,4,1,FR_CERULEAN_CITY_HOUSE2,9,5
building__rom_082d4fa4,01A,flat,native_fallback,1,1,FR_CERULEAN_CITY_HOUSE2,2,8
building__rom_082d4fa4,111,roomWall,native_fallback,3,1,FR_CERULEAN_CITY_HOUSE2,0,5
building__rom_082d4fa4,01B,flat,native_fallback,1,1,FR_CERULEAN_CITY_HOUSE2,3,8
building__rom_082d4fa4,01C,flat,native_fallback,1,1,FR_CERULEAN_CITY_HOUSE2,4,8
building__rom_082d4fa4,123,flat,native_fallback,1,1,FR_CERULEAN_CITY_HOUSE2,1,3
building__rom_082d4fa4,124,flat,native_fallback,4,1,FR_CERULEAN_CITY_HOUSE2,5,3
building__rom_082d4fa4,125,flat,native_fallback,1,1,FR_CERULEAN_CITY_HOUSE2,6,3
building__rom_082d4fa4,128,flat,native_fallback,1,1,FR_CERULEAN_CITY_HOUSE2,3,4
building__rom_082d4fa4,129,flat,native_fallback,1,1,FR_CERULEAN_CITY_HOUSE2,4,4
building__rom_082d4fa4,12B,flat,native_fallback,2,1,FR_CERULEAN_CITY_HOUSE2,1,5
building__rom_082d4fa4,12D,flat,native_fallback,2,1,FR_CERULEAN_CITY_HOUSE2,6,4
building__rom_082d4fa4,131,flat,native_fallback,1,1,FR_CERULEAN_CITY_HOUSE2,4,5
building__rom_082d4fa4,133,flat,native_fallback,1,1,FR_CERULEAN_CITY_HOUSE2,1,6
building__rom_082d4fa4,134,flat,native_fallback,3,1,FR_CERULEAN_CITY_HOUSE2,2,6
building__rom_082d4fa4,135,flat,native_fallback,1,1,FR_CERULEAN_CITY_HOUSE2,6,6
building__rom_082d4fa4,13F,flat,native_fallback,1,1,FR_CERULEAN_CITY_HOUSE2,2,7
building__rom_082d4fa4,147,flat,native_fallback,1,1,FR_CERULEAN_CITY_HOUSE2,3,7
building__rom_082d4fa4,148,flat,native_fallback,1,1,FR_CERULEAN_CITY_HOUSE2,0,2
building__rom_082d4fa4,149,flat,native_fallback,1,1,FR_CERULEAN_CITY_HOUSE2,1,2
building__rom_082d4fa4,14F,flat,native_fallback,1,1,FR_CERULEAN_CITY_HOUSE2,4,7
building__rom_082d4fa4,156,flat,native_fallback,1,1,FR_CERULEAN_CITY_HOUSE2,0,6
building__rom_082d4fa4,15E,flat,native_fallback,1,1,FR_CERULEAN_CITY_HOUSE2,0,7
building__rom_082d4fa4,161,flat,native_fallback,1,1,FR_CERULEAN_CITY_HOUSE2,6,0
building__rom_082d4fa4,169,roomWall,native_fallback,1,1,FR_CERULEAN_CITY_HOUSE2,6,1
building__rom_082d4fa4,281,flat,native_fallback,1,1,FR_CERULEAN_CITY_HOUSE2,2,0
building__rom_082d4fa4,282,flat,native_fallback,1,1,FR_CERULEAN_CITY_HOUSE2,3,0
building__rom_082d4fa4,283,flat,native_fallback,1,1,FR_CERULEAN_CITY_HOUSE2,4,0
building__rom_082d4fa4,284,flat,native_fallback,1,1,FR_CERULEAN_CITY_HOUSE2,5,0
building__rom_082d4fa4,285,flat,native_fallback,1,1,FR_CERULEAN_CITY_HOUSE2,8,0
building__rom_082d4fa4,286,flat,native_fallback,1,1,FR_CERULEAN_CITY_HOUSE2,9,0
building__rom_082d4fa4,287,flat,native_fallback,1,1,FR_CERULEAN_CITY_HOUSE2,7,0
building__rom_082d4fa4,289,flat,native_fallback,1,1,FR_CERULEAN_CITY_HOUSE2,2,1
building__rom_082d4fa4,28A,flat,native_fallback,1,1,FR_CERULEAN_CITY_HOUSE2,3,1
building__rom_082d4fa4,28B,flat,native_fallback,1,1,FR_CERULEAN_CITY_HOUSE2,4,1
building__rom_082d4fa4,28C,flat,native_fallback,1,1,FR_CERULEAN_CITY_HOUSE2,5,1
building__rom_082d4fa4,28D,flat,native_fallback,1,1,FR_CERULEAN_CITY_HOUSE2,8,1
building__rom_082d4fa4,28E,flat,native_fallback,1,1,FR_CERULEAN_CITY_HOUSE2,9,1
building__rom_082d4fa4,28F,flat,native_fallback,1,1,FR_CERULEAN_CITY_HOUSE2,7,1
building__rom_082d4fa4,291,flat,native_fallback,1,1,FR_CERULEAN_CITY_HOUSE2,2,2
building__rom_082d4fa4,292,flat,native_fallback,1,1,FR_CERULEAN_CITY_HOUSE2,3,2
building__rom_082d4fa4,293,flat,native_fallback,1,1,FR_CERULEAN_CITY_HOUSE2,4,2
building__rom_082d4fa4,295,flat,native_fallback,1,1,FR_CERULEAN_CITY_HOUSE2,8,2
building__rom_082d4fa4,296,flat,native_fallback,1,1,FR_CERULEAN_CITY_HOUSE2,9,2
building__rom_082d4fa4,297,flat,native_fallback,1,1,FR_CERULEAN_CITY_HOUSE2,7,2
building__rom_082d4fa4,298,flat,native_fallback,1,1,FR_CERULEAN_CITY_HOUSE2,7,4
building__rom_082d4fa4,29A,flat,native_fallback,1,1,FR_CERULEAN_CITY_HOUSE2,2,4
building__rom_082d4fa4,29B,flat,native_fallback,1,1,FR_CERULEAN_CITY_HOUSE2,5,4
building__rom_082d4fa4,29C,flat,native_fallback,3,1,FR_CERULEAN_CITY_HOUSE2,8,4
building__rom_082d4fa4,29D,flat,native_fallback,1,1,FR_CERULEAN_CITY_HOUSE2,8,3
building__rom_082d4fa4,29E,flat,native_fallback,1,1,FR_CERULEAN_CITY_HOUSE2,9,3
building__rom_082d4fa4,2A0,flat,native_fallback,1,1,FR_CERULEAN_CITY_HOUSE2,5,2
building__rom_082d4fa4,2A1,flat,native_fallback,1,1,FR_CERULEAN_CITY_HOUSE2,6,2
building__rom_082d4fa4,2A2,flat,native_fallback,1,1,FR_CERULEAN_CITY_HOUSE2,2,5
building__rom_082d4fa4,2A3,flat,native_fallback,1,1,FR_CERULEAN_CITY_HOUSE2,5,5
building__rom_082d4fa4,2A6,flat,native_fallback,1,1,FR_CERULEAN_CITY_HOUSE2,9,4
building__rom_082d4fa4,2A8,flat,native_fallback,1,1,FR_CERULEAN_CITY_HOUSE2,5,7
building__rom_082d4fa4,2A9,flat,native_fallback,2,1,FR_CERULEAN_CITY_HOUSE2,6,7
building__rom_082d4fa4,2AC,flat,native_fallback,1,1,FR_CERULEAN_CITY_HOUSE2,8,6
building__rom_082d4fa4,2AD,flat,native_fallback,1,1,FR_CERULEAN_CITY_HOUSE2,9,6
building__rom_082d4fa4,2AE,flat,native_fallback,1,1,FR_CERULEAN_CITY_HOUSE2,8,7
building__rom_082d4fa4,2AF,flat,native_fallback,1,1,FR_CERULEAN_CITY_HOUSE2,9,7
building__rom_082d4fa4,2B0,flat,native_fallback,1,1,FR_CERULEAN_CITY_HOUSE2,3,5
building__rom_082d4fa4,2B8,flat,native_fallback,1,1,FR_CERULEAN_CITY_HOUSE2,3,6
building__rom_082d4fa4,008,flat,native_fallback,7,1,FR_CERULEAN_CITY_HOUSE2,7,8
building__rom_082d5034,000,flat,native_fallback,287,7,FR_SEVEN_ISLAND_TANOBY_RUINS_DILFORD_CHAMBER,23,15
building__rom_082d5034,281,flat,native_fallback,13,1,FR_SEVEN_ISLAND_TANOBY_RUINS_WEEPTH_CHAMBER,2,0
building__rom_082d5034,282,flat,native_fallback,13,1,FR_SEVEN_ISLAND_TANOBY_RUINS_SCUFIB_CHAMBER,2,0
building__rom_082d5034,283,flat,native_fallback,13,1,FR_SEVEN_ISLAND_TANOBY_RUINS_LIPTOO_CHAMBER,2,0
building__rom_082d5034,284,flat,native_fallback,13,1,FR_SEVEN_ISLAND_TANOBY_RUINS_MONEAN_CHAMBER,2,0
building__rom_082d5034,285,flat,native_fallback,13,1,FR_SEVEN_ISLAND_TANOBY_RUINS_DILFORD_CHAMBER,2,0
building__rom_082d5034,286,flat,native_fallback,42,7,FR_SEVEN_ISLAND_TANOBY_RUINS_DILFORD_CHAMBER,9,0
building__rom_082d5034,287,flat,native_fallback,91,7,FR_SEVEN_ISLAND_TANOBY_RUINS_DILFORD_CHAMBER,2,1
building__rom_082d5034,288,flat,native_fallback,350,7,FR_SEVEN_ISLAND_TANOBY_RUINS_DILFORD_CHAMBER,5,15
building__rom_082d5034,289,flat,native_fallback,6,1,FR_SEVEN_ISLAND_TANOBY_RUINS_WEEPTH_CHAMBER,9,1
building__rom_082d5034,28A,flat,native_fallback,6,1,FR_SEVEN_ISLAND_TANOBY_RUINS_SCUFIB_CHAMBER,9,1
building__rom_082d5034,28B,flat,native_fallback,6,1,FR_SEVEN_ISLAND_TANOBY_RUINS_LIPTOO_CHAMBER,9,1
building__rom_082d5034,28C,flat,native_fallback,6,1,FR_SEVEN_ISLAND_TANOBY_RUINS_MONEAN_CHAMBER,9,1
building__rom_082d5034,28D,flat,native_fallback,6,1,FR_SEVEN_ISLAND_TANOBY_RUINS_DILFORD_CHAMBER,9,1
building__rom_082d5034,28E,flat,native_fallback,42,7,FR_SEVEN_ISLAND_TANOBY_RUINS_DILFORD_CHAMBER,3,2
building__rom_082d5034,28F,flat,native_fallback,7,7,FR_SEVEN_ISLAND_TANOBY_RUINS_DILFORD_CHAMBER,22,0
building__rom_082d5034,290,flat,native_fallback,91,7,FR_SEVEN_ISLAND_TANOBY_RUINS_DILFORD_CHAMBER,1,12
building__rom_082d5034,291,flat,native_fallback,1,1,FR_SEVEN_ISLAND_TANOBY_RUINS_WEEPTH_CHAMBER,1,0
building__rom_082d5034,292,flat,native_fallback,1,1,FR_SEVEN_ISLAND_TANOBY_RUINS_SCUFIB_CHAMBER,1,0
building__rom_082d5034,293,flat,native_fallback,1,1,FR_SEVEN_ISLAND_TANOBY_RUINS_LIPTOO_CHAMBER,1,0
building__rom_082d5034,294,flat,native_fallback,1,1,FR_SEVEN_ISLAND_TANOBY_RUINS_MONEAN_CHAMBER,1,0
building__rom_082d5034,295,flat,native_fallback,1,1,FR_SEVEN_ISLAND_TANOBY_RUINS_DILFORD_CHAMBER,1,0
building__rom_082d5034,296,flat,native_fallback,7,7,FR_SEVEN_ISLAND_TANOBY_RUINS_DILFORD_CHAMBER,1,1
building__rom_082d5034,297,flat,native_fallback,7,7,FR_SEVEN_ISLAND_TANOBY_RUINS_DILFORD_CHAMBER,21,1
building__rom_082d5034,298,flat,native_fallback,7,7,FR_SEVEN_ISLAND_TANOBY_RUINS_DILFORD_CHAMBER,1,16
building__rom_082d5034,299,flat,native_fallback,1,1,FR_SEVEN_ISLAND_TANOBY_RUINS_WEEPTH_CHAMBER,21,0
building__rom_082d5034,29A,flat,native_fallback,1,1,FR_SEVEN_ISLAND_TANOBY_RUINS_SCUFIB_CHAMBER,21,0
building__rom_082d5034,29B,flat,native_fallback,1,1,FR_SEVEN_ISLAND_TANOBY_RUINS_LIPTOO_CHAMBER,21,0
building__rom_082d5034,29C,flat,native_fallback,1,1,FR_SEVEN_ISLAND_TANOBY_RUINS_MONEAN_CHAMBER,21,0
building__rom_082d5034,29D,flat,native_fallback,1,1,FR_SEVEN_ISLAND_TANOBY_RUINS_DILFORD_CHAMBER,21,0
building__rom_082d5034,29E,flat,native_fallback,7,7,FR_SEVEN_ISLAND_TANOBY_RUINS_DILFORD_CHAMBER,1,2
building__rom_082d5034,29F,flat,native_fallback,7,7,FR_SEVEN_ISLAND_TANOBY_RUINS_DILFORD_CHAMBER,21,2
building__rom_082d5034,2A0,flat,native_fallback,4,3,FR_SEVEN_ISLAND_TANOBY_RUINS_DILFORD_CHAMBER,3,3
building__rom_082d5034,2A1,flat,native_fallback,210,7,FR_SEVEN_ISLAND_TANOBY_RUINS_DILFORD_CHAMBER,6,6
building__rom_082d5034,2A2,flat,native_fallback,4,4,FR_SEVEN_ISLAND_TANOBY_RUINS_MONEAN_CHAMBER,17,6
building__rom_082d5034,2A3,flat,native_fallback,4,3,FR_SEVEN_ISLAND_TANOBY_RUINS_SCUFIB_CHAMBER,19,9
building__rom_082d5034,2A5,flat,native_fallback,20,7,FR_SEVEN_ISLAND_TANOBY_RUINS_DILFORD_CHAMBER,5,6
building__rom_082d5034,2A6,flat,native_fallback,15,6,FR_SEVEN_ISLAND_TANOBY_RUINS_DILFORD_CHAMBER,10,6
building__rom_082d5034,2A8,flat,native_fallback,64,7,FR_SEVEN_ISLAND_TANOBY_RUINS_DILFORD_CHAMBER,3,7
building__rom_082d5034,2A9,flat,native_fallback,13,7,FR_SEVEN_ISLAND_TANOBY_RUINS_DILFORD_CHAMBER,4,12
building__rom_082d5034,2AB,flat,native_fallback,5,3,FR_SEVEN_ISLAND_TANOBY_RUINS_MONEAN_CHAMBER,3,6
building__rom_082d5034,2AC,flat,native_fallback,105,7,FR_SEVEN_ISLAND_TANOBY_RUINS_DILFORD_CHAMBER,0,15
building__rom_082d5034,2AD,flat,native_fallback,16,7,FR_SEVEN_ISLAND_TANOBY_RUINS_DILFORD_CHAMBER,12,13
building__rom_082d5034,2AE,flat,native_fallback,21,7,FR_SEVEN_ISLAND_TANOBY_RUINS_DILFORD_CHAMBER,10,4
building__rom_082d5034,2AF,flat,native_fallback,105,7,FR_SEVEN_ISLAND_TANOBY_RUINS_DILFORD_CHAMBER,22,15
building__rom_082d5034,2B0,flat,native_fallback,7,5,FR_SEVEN_ISLAND_TANOBY_RUINS_LIPTOO_CHAMBER,3,12
building__rom_082d5034,2B2,flat,native_fallback,7,5,FR_SEVEN_ISLAND_TANOBY_RUINS_LIPTOO_CHAMBER,17,9
building__rom_082d5034,2B3,flat,native_fallback,2,1,FR_SEVEN_ISLAND_TANOBY_RUINS_SCUFIB_CHAMBER,3,7
building__rom_082d5034,2B4,flat,native_fallback,7,7,FR_SEVEN_ISLAND_TANOBY_RUINS_DILFORD_CHAMBER,0,16
building__rom_082d5034,2B5,flat,native_fallback,133,7,FR_SEVEN_ISLAND_TANOBY_RUINS_DILFORD_CHAMBER,4,16
building__rom_082d5034,2B6,flat,native_fallback,7,7,FR_SEVEN_ISLAND_TANOBY_RUINS_DILFORD_CHAMBER,11,16
building__rom_082d5034,2B7,flat,native_fallback,7,7,FR_SEVEN_ISLAND_TANOBY_RUINS_DILFORD_CHAMBER,22,16
building__rom_082d5034,2B8,flat,native_fallback,5,5,FR_SEVEN_ISLAND_TANOBY_RUINS_DILFORD_CHAMBER,3,13
building__rom_082d5034,2B9,flat,native_fallback,143,7,FR_SEVEN_ISLAND_TANOBY_RUINS_DILFORD_CHAMBER,6,7
building__rom_082d5034,2BA,flat,native_fallback,3,3,FR_SEVEN_ISLAND_TANOBY_RUINS_DILFORD_CHAMBER,19,13
building__rom_082d5034,2BB,flat,native_fallback,13,7,FR_SEVEN_ISLAND_TANOBY_RUINS_DILFORD_CHAMBER,4,5
building__rom_082d5034,2BC,flat,native_fallback,361,7,FR_SEVEN_ISLAND_TANOBY_RUINS_DILFORD_CHAMBER,12,5
building__rom_082d5034,2BD,flat,native_fallback,101,7,FR_SEVEN_ISLAND_TANOBY_RUINS_DILFORD_CHAMBER,20,5
building__rom_082d5034,2BE,flat,native_fallback,51,7,FR_SEVEN_ISLAND_TANOBY_RUINS_DILFORD_CHAMBER,11,5
building__rom_082d5034,2BF,flat,native_fallback,51,7,FR_SEVEN_ISLAND_TANOBY_RUINS_DILFORD_CHAMBER,11,4
building__rom_082d5034,2C0,flat,native_fallback,7,7,FR_SEVEN_ISLAND_TANOBY_RUINS_DILFORD_CHAMBER,0,0
building__rom_082d5034,2C1,flat,native_fallback,7,7,FR_SEVEN_ISLAND_TANOBY_RUINS_DILFORD_CHAMBER,11,15
building__rom_082d5034,2C2,flat,native_fallback,14,5,FR_SEVEN_ISLAND_TANOBY_RUINS_DILFORD_CHAMBER,3,6
building__rom_082d5034,2C3,flat,native_fallback,57,7,FR_SEVEN_ISLAND_TANOBY_RUINS_DILFORD_CHAMBER,5,3
building__rom_082d5034,2C4,flat,native_fallback,1,1,FR_SEVEN_ISLAND_TANOBY_RUINS_RIXY_CHAMBER,1,0
building__rom_082d5034,2C5,flat,native_fallback,1,1,FR_SEVEN_ISLAND_TANOBY_RUINS_VIAPOIS_CHAMBER,1,0
building__rom_082d5034,2C6,flat,native_fallback,13,1,FR_SEVEN_ISLAND_TANOBY_RUINS_RIXY_CHAMBER,2,0
building__rom_082d5034,2C7,flat,native_fallback,13,1,FR_SEVEN_ISLAND_TANOBY_RUINS_VIAPOIS_CHAMBER,2,0
building__rom_082d5034,2C8,flat,native_fallback,9,5,FR_SEVEN_ISLAND_TANOBY_RUINS_LIPTOO_CHAMBER,3,3
building__rom_082d5034,2C9,flat,native_fallback,9,7,FR_SEVEN_ISLAND_TANOBY_RUINS_DILFORD_CHAMBER,19,3
building__rom_082d5034,2CA,flat,native_fallback,4,3,FR_SEVEN_ISLAND_TANOBY_RUINS_MONEAN_CHAMBER,3,9
building__rom_082d5034,2CC,flat,native_fallback,1,1,FR_SEVEN_ISLAND_TANOBY_RUINS_RIXY_CHAMBER,21,0
building__rom_082d5034,2CD,flat,native_fallback,1,1,FR_SEVEN_ISLAND_TANOBY_RUINS_VIAPOIS_CHAMBER,21,0
building__rom_082d5034,2CE,flat,native_fallback,6,1,FR_SEVEN_ISLAND_TANOBY_RUINS_RIXY_CHAMBER,9,1
building__rom_082d5034,2CF,flat,native_fallback,6,1,FR_SEVEN_ISLAND_TANOBY_RUINS_VIAPOIS_CHAMBER,9,1
building__rom_082d5034,2D0,flat,native_fallback,10,4,FR_SEVEN_ISLAND_TANOBY_RUINS_DILFORD_CHAMBER,12,3
building__rom_082d5034,2D1,flat,native_fallback,15,6,FR_SEVEN_ISLAND_TANOBY_RUINS_DILFORD_CHAMBER,10,3
building__rom_082d5034,2D2,flat,native_fallback,22,7,FR_SEVEN_ISLAND_TANOBY_RUINS_DILFORD_CHAMBER,12,4
building__rom_082d5034,2D3,flat,native_fallback,19,7,FR_SEVEN_ISLAND_TANOBY_RUINS_DILFORD_CHAMBER,10,7
building__rom_082d5034,2D4,flat,native_fallback,4,3,FR_SEVEN_ISLAND_TANOBY_RUINS_MONEAN_CHAMBER,3,7
building__rom_082d5034,2D5,flat,native_fallback,2,2,FR_SEVEN_ISLAND_TANOBY_RUINS_VIAPOIS_CHAMBER,19,7
building__rom_082d5034,2D6,flat,native_fallback,137,7,FR_SEVEN_ISLAND_TANOBY_RUINS_DILFORD_CHAMBER,6,4
building__rom_082d5034,2D7,flat,native_fallback,26,7,FR_SEVEN_ISLAND_TANOBY_RUINS_DILFORD_CHAMBER,19,7
building__rom_082d5034,2D8,flat,native_fallback,6,5,FR_SEVEN_ISLAND_TANOBY_RUINS_DILFORD_CHAMBER,3,12
building__rom_082d5034,2D9,flat,native_fallback,6,5,FR_SEVEN_ISLAND_TANOBY_RUINS_DILFORD_CHAMBER,19,12
building__rom_082d5034,2DA,flat,native_fallback,1,1,FR_SEVEN_ISLAND_TANOBY_RUINS_SCUFIB_CHAMBER,19,6
building__rom_082d5034,2DB,flat,native_fallback,2,2,FR_SEVEN_ISLAND_TANOBY_RUINS_SCUFIB_CHAMBER,3,6
building__rom_082d5034,2DC,flat,native_fallback,49,7,FR_SEVEN_ISLAND_TANOBY_RUINS_DILFORD_CHAMBER,12,2
building__rom_082d5034,2DD,flat,native_fallback,42,7,FR_SEVEN_ISLAND_TANOBY_RUINS_DILFORD_CHAMBER,10,2
building__rom_082d5094,000,flat,native_fallback,181,9,FR_TRAINER_TOWER_1F,4,17
building__rom_082d5094,01A,flat,native_fallback,1,1,FR_TRAINER_TOWER_LOBBY,8,16
building__rom_082d5094,01B,flat,native_fallback,1,1,FR_TRAINER_TOWER_LOBBY,9,16
building__rom_082d5094,01C,flat,native_fallback,1,1,FR_TRAINER_TOWER_LOBBY,10,16
building__rom_082d5094,281,flat,native_fallback,46,1,FR_TRAINER_TOWER_LOBBY,1,12
building__rom_082d5094,283,flat,native_fallback,13,1,FR_TRAINER_TOWER_LOBBY,8,2
building__rom_082d5094,284,flat,native_fallback,7,1,FR_TRAINER_TOWER_LOBBY,9,6
building__rom_082d5094,285,flat,native_fallback,2,1,FR_TRAINER_TOWER_LOBBY,9,10
building__rom_082d5094,286,flat,native_fallback,3,1,FR_TRAINER_TOWER_LOBBY,10,10
building__rom_082d5094,287,flat,native_fallback,1,1,FR_TRAINER_TOWER_LOBBY,9,5
building__rom_082d5094,288,flat,native_fallback,9,9,FR_TRAINER_TOWER_1F,12,4
building__rom_082d5094,289,flat,native_fallback,11,1,FR_TRAINER_TOWER_LOBBY,10,0
building__rom_082d5094,28A,flat,native_fallback,1,1,FR_TRAINER_TOWER_LOBBY,6,7
building__rom_082d5094,28B,flat,native_fallback,1,1,FR_TRAINER_TOWER_LOBBY,12,7
building__rom_082d5094,28C,flat,native_fallback,9,9,FR_TRAINER_TOWER_1F,6,4
building__rom_082d5094,28D,flat,native_fallback,1,1,FR_TRAINER_TOWER_LOBBY,8,6
building__rom_082d5094,28E,flat,native_fallback,1,1,FR_TRAINER_TOWER_LOBBY,10,9
building__rom_082d5094,28F,flat,native_fallback,1,1,FR_TRAINER_TOWER_LOBBY,1,8
building__rom_082d5094,290,flat,native_fallback,22,9,FR_TRAINER_TOWER_1F,12,6
building__rom_082d5094,291,flat,native_fallback,5,1,FR_TRAINER_TOWER_LOBBY,8,1
building__rom_082d5094,292,flat,native_fallback,1,1,FR_TRAINER_TOWER_LOBBY,0,8
building__rom_082d5094,294,flat,native_fallback,22,9,FR_TRAINER_TOWER_1F,6,5
building__rom_082d5094,295,flat,native_fallback,1,1,FR_TRAINER_TOWER_LOBBY,1,9
building__rom_082d5094,296,flat,native_fallback,2,1,FR_TRAINER_TOWER_LOBBY,13,9
building__rom_082d5094,29D,flat,native_fallback,2,1,FR_TRAINER_TOWER_LOBBY,11,10
building__rom_082d5094,29E,flat,native_fallback,8,1,FR_TRAINER_TOWER_LOBBY,11,5
building__rom_082d5094,29F,flat,native_fallback,1,1,FR_TRAINER_TOWER_LOBBY,7,10
building__rom_082d5094,2A0,flat,native_fallback,1,1,FR_TRAINER_TOWER_LOBBY,7,7
building__rom_082d5094,2A1,flat,native_fallback,1,1,FR_TRAINER_TOWER_LOBBY,8,7
building__rom_082d5094,2A2,flat,native_fallback,1,1,FR_TRAINER_TOWER_LOBBY,10,7
building__rom_082d5094,2A3,flat,native_fallback,1,1,FR_TRAINER_TOWER_LOBBY,11,7
building__rom_082d5094,2A4,flat,native_fallback,1,1,FR_TRAINER_TOWER_LOBBY,7,4
building__rom_082d5094,2A5,flat,native_fallback,1,1,FR_TRAINER_TOWER_LOBBY,8,4
building__rom_082d5094,2A6,flat,native_fallback,1,1,FR_TRAINER_TOWER_LOBBY,10,4
building__rom_082d5094,2A7,flat,native_fallback,1,1,FR_TRAINER_TOWER_LOBBY,11,4
building__rom_082d5094,2A8,flat,native_fallback,1,1,FR_TRAINER_TOWER_LOBBY,7,8
building__rom_082d5094,2A9,flat,native_fallback,1,1,FR_TRAINER_TOWER_LOBBY,8,8
building__rom_082d5094,2AA,flat,native_fallback,1,1,FR_TRAINER_TOWER_LOBBY,10,8
building__rom_082d5094,2AB,flat,native_fallback,1,1,FR_TRAINER_TOWER_LOBBY,11,8
building__rom_082d5094,2AC,flat,native_fallback,1,1,FR_TRAINER_TOWER_LOBBY,8,5
building__rom_082d5094,2AD,flat,native_fallback,1,1,FR_TRAINER_TOWER_LOBBY,10,5
building__rom_082d5094,2AE,flat,native_fallback,1,1,FR_TRAINER_TOWER_LOBBY,14,9
building__rom_082d5094,2AF,flat,native_fallback,1,1,FR_TRAINER_TOWER_LOBBY,16,9
building__rom_082d5094,2B1,flat,native_fallback,4,1,FR_TRAINER_TOWER_LOBBY,11,6
building__rom_082d5094,2B2,flat,native_fallback,1,1,FR_TRAINER_TOWER_LOBBY,12,9
building__rom_082d5094,2B4,flat,native_fallback,1,1,FR_TRAINER_TOWER_LOBBY,17,10
building__rom_082d5094,2B5,flat,native_fallback,1,1,FR_TRAINER_TOWER_LOBBY,15,8
building__rom_082d5094,2B6,flat,native_fallback,2,1,FR_TRAINER_TOWER_LOBBY,4,10
building__rom_082d5094,2B7,flat,native_fallback,1,1,FR_TRAINER_TOWER_LOBBY,16,10
building__rom_082d5094,2B8,flat,native_fallback,1,1,FR_TRAINER_TOWER_LOBBY,18,9
building__rom_082d5094,2B9,flat,native_fallback,1,1,FR_TRAINER_TOWER_LOBBY,15,9
building__rom_082d5094,2BA,flat,native_fallback,1,1,FR_TRAINER_TOWER_LOBBY,16,7
building__rom_082d5094,2BB,flat,native_fallback,1,1,FR_TRAINER_TOWER_LOBBY,17,7
building__rom_082d5094,2BC,flat,native_fallback,1,1,FR_TRAINER_TOWER_LOBBY,18,7
building__rom_082d5094,2BD,flat,native_fallback,1,1,FR_TRAINER_TOWER_LOBBY,2,8
building__rom_082d5094,2BE,flat,native_fallback,1,1,FR_TRAINER_TOWER_LOBBY,3,8
building__rom_082d5094,2BF,flat,native_fallback,1,1,FR_TRAINER_TOWER_LOBBY,6,8
building__rom_082d5094,2C0,flat,native_fallback,1,1,FR_TRAINER_TOWER_LOBBY,18,10
building__rom_082d5094,2C1,flat,native_fallback,1,1,FR_TRAINER_TOWER_LOBBY,15,10
building__rom_082d5094,2C2,flat,native_fallback,1,1,FR_TRAINER_TOWER_LOBBY,16,8
building__rom_082d5094,2C3,flat,native_fallback,1,1,FR_TRAINER_TOWER_LOBBY,17,8
building__rom_082d5094,2C4,flat,native_fallback,1,1,FR_TRAINER_TOWER_LOBBY,18,8
building__rom_082d5094,2C5,flat,native_fallback,1,1,FR_TRAINER_TOWER_LOBBY,2,9
building__rom_082d5094,2C6,flat,native_fallback,1,1,FR_TRAINER_TOWER_LOBBY,3,9
building__rom_082d5094,2C7,flat,native_fallback,1,1,FR_TRAINER_TOWER_LOBBY,6,9
building__rom_082d5094,2C8,flat,native_fallback,1,1,FR_TRAINER_TOWER_LOBBY,8,15
building__rom_082d5094,2C9,flat,native_fallback,1,1,FR_TRAINER_TOWER_LOBBY,9,15
building__rom_082d5094,2CA,flat,native_fallback,1,1,FR_TRAINER_TOWER_LOBBY,10,15
building__rom_082d5094,2CB,flat,native_fallback,1,1,FR_TRAINER_TOWER_LOBBY,0,9
building__rom_082d5094,2CC,flat,native_fallback,1,1,FR_TRAINER_TOWER_LOBBY,4,9
building__rom_082d5094,2CD,flat,native_fallback,1,1,FR_TRAINER_TOWER_LOBBY,0,11
building__rom_082d5094,2CE,flat,native_fallback,1,1,FR_TRAINER_TOWER_LOBBY,10,6
building__rom_082d5094,2CF,flat,native_fallback,1,1,FR_TRAINER_TOWER_LOBBY,8,11
building__rom_082d5094,2D0,flat,native_fallback,1,1,FR_TRAINER_TOWER_LOBBY,4,7
building__rom_082d5094,2D1,flat,native_fallback,1,1,FR_TRAINER_TOWER_LOBBY,5,7
building__rom_082d5094,2D2,flat,native_fallback,2,1,FR_TRAINER_TOWER_LOBBY,3,12
building__rom_082d5094,2D3,flat,native_fallback,3,1,FR_TRAINER_TOWER_LOBBY,9,11
building__rom_082d5094,2D4,flat,native_fallback,3,1,FR_TRAINER_TOWER_LOBBY,10,11
building__rom_082d5094,2D5,flat,native_fallback,5,1,FR_TRAINER_TOWER_LOBBY,2,14
building__rom_082d5094,2D6,flat,native_fallback,1,1,FR_TRAINER_TOWER_LOBBY,0,14
building__rom_082d5094,2D7,flat,native_fallback,1,1,FR_TRAINER_TOWER_LOBBY,11,0
building__rom_082d5094,2D8,flat,native_fallback,1,1,FR_TRAINER_TOWER_LOBBY,4,8
building__rom_082d5094,2D9,flat,native_fallback,1,1,FR_TRAINER_TOWER_LOBBY,5,8
building__rom_082d5094,2DA,flat,native_fallback,3,1,FR_TRAINER_TOWER_LOBBY,3,13
building__rom_082d5094,2DB,flat,native_fallback,3,1,FR_TRAINER_TOWER_LOBBY,14,13
building__rom_082d5094,2DC,flat,native_fallback,3,1,FR_TRAINER_TOWER_LOBBY,10,12
building__rom_082d5094,2DD,flat,native_fallback,5,1,FR_TRAINER_TOWER_LOBBY,14,15
building__rom_082d5094,2DE,flat,native_fallback,1,1,FR_TRAINER_TOWER_LOBBY,0,15
building__rom_082d5094,2DF,flat,native_fallback,1,1,FR_TRAINER_TOWER_LOBBY,9,3
building__rom_082d5094,2E0,flat,native_fallback,1,1,FR_TRAINER_TOWER_LOBBY,9,1
building__rom_082d5094,2E1,flat,native_fallback,1,1,FR_TRAINER_TOWER_LOBBY,10,1
building__rom_082d5094,2E2,flat,native_fallback,1,1,FR_TRAINER_TOWER_LOBBY,11,1
building__rom_082d5094,2E3,flat,native_fallback,1,1,FR_TRAINER_TOWER_LOBBY,9,2
building__rom_082d5094,2E4,flat,native_fallback,1,1,FR_TRAINER_TOWER_LOBBY,10,2
building__rom_082d5094,2E5,flat,native_fallback,1,1,FR_TRAINER_TOWER_LOBBY,11,2
building__rom_082d5094,2E6,flat,native_fallback,1,1,FR_TRAINER_TOWER_LOBBY,10,3
building__rom_082d5094,2E7,flat,native_fallback,1,1,FR_TRAINER_TOWER_LOBBY,11,3
building__rom_082d5094,2E8,flat,native_fallback,1,1,FR_TRAINER_TOWER_LOBBY,8,9
building__rom_082d5094,2E9,flat,native_fallback,64,8,FR_TRAINER_TOWER_1F,2,4
building__rom_082d5094,2EA,flat,native_fallback,8,8,FR_TRAINER_TOWER_1F,12,7
building__rom_082d5094,2EB,flat,native_fallback,4,4,FR_TRAINER_TOWER_1F,8,7
building__rom_082d5094,2ED,flat,native_fallback,4,4,FR_TRAINER_TOWER_1F,10,7
building__rom_082d5094,2EE,flat,native_fallback,656,8,FR_TRAINER_TOWER_1F,5,15
building__rom_082d5094,2EF,flat,native_fallback,64,8,FR_TRAINER_TOWER_1F,2,9
building__rom_082d5094,2F0,flat,native_fallback,1,1,FR_TRAINER_TOWER_LOBBY,8,10
building__rom_082d5094,2F1,flat,native_fallback,40,8,FR_TRAINER_TOWER_1F,11,8
building__rom_082d5094,2F2,flat,native_fallback,8,8,FR_TRAINER_TOWER_1F,6,7
building__rom_082d5094,2F3,flat,native_fallback,5,5,FR_TRAINER_TOWER_1F,8,8
building__rom_082d5094,2F5,flat,native_fallback,5,5,FR_TRAINER_TOWER_1F,10,8
building__rom_082d5094,2F6,flat,native_fallback,64,8,FR_TRAINER_TOWER_1F,10,10
building__rom_082d5094,2F7,flat,native_fallback,16,8,FR_TRAINER_TOWER_1F,6,9
building__rom_082d5094,2F8,flat,native_fallback,8,8,FR_TRAINER_TOWER_1F,16,4
building__rom_082d5094,2F9,flat,native_fallback,8,8,FR_TRAINER_TOWER_1F,16,5
building__rom_082d5094,2FB,flat,native_fallback,8,8,FR_TRAINER_TOWER_1F,8,9
building__rom_082d5094,2FD,flat,native_fallback,8,8,FR_TRAINER_TOWER_1F,10,9
building__rom_082d5094,2FE,flat,native_fallback,24,8,FR_TRAINER_TOWER_1F,4,8
building__rom_082d5094,2FF,flat,native_fallback,24,8,FR_TRAINER_TOWER_1F,2,8
building__rom_082d5094,300,flat,native_fallback,8,8,FR_TRAINER_TOWER_1F,13,5
building__rom_082d5094,301,flat,native_fallback,8,8,FR_TRAINER_TOWER_1F,14,5
building__rom_082d5094,302,flat,native_fallback,8,8,FR_TRAINER_TOWER_1F,15,5
building__rom_082d5094,303,flat,native_fallback,8,8,FR_TRAINER_TOWER_1F,13,6
building__rom_082d5094,304,flat,native_fallback,8,8,FR_TRAINER_TOWER_1F,14,6
building__rom_082d5094,305,flat,native_fallback,8,8,FR_TRAINER_TOWER_1F,15,6
building__rom_082d5094,306,flat,native_fallback,8,8,FR_TRAINER_TOWER_1F,13,7
building__rom_082d5094,307,flat,native_fallback,8,8,FR_TRAINER_TOWER_1F,14,7
building__rom_082d5094,308,flat,native_fallback,8,8,FR_TRAINER_TOWER_1F,13,4
building__rom_082d5094,309,flat,native_fallback,8,8,FR_TRAINER_TOWER_1F,15,7
building__rom_082d5094,30A,flat,native_fallback,8,8,FR_TRAINER_TOWER_1F,2,5
building__rom_082d5094,30B,flat,native_fallback,8,8,FR_TRAINER_TOWER_1F,3,5
building__rom_082d5094,30C,flat,native_fallback,8,8,FR_TRAINER_TOWER_1F,4,5
building__rom_082d5094,30D,flat,native_fallback,8,8,FR_TRAINER_TOWER_1F,2,6
building__rom_082d5094,30E,flat,native_fallback,8,8,FR_TRAINER_TOWER_1F,3,6
building__rom_082d5094,30F,flat,native_fallback,8,8,FR_TRAINER_TOWER_1F,4,6
building__rom_082d5094,310,flat,native_fallback,8,8,FR_TRAINER_TOWER_1F,2,7
building__rom_082d5094,311,flat,native_fallback,8,8,FR_TRAINER_TOWER_1F,3,7
building__rom_082d5094,312,flat,native_fallback,8,8,FR_TRAINER_TOWER_1F,4,7
building__rom_082d5094,313,flat,native_fallback,27,1,FR_TRAINER_TOWER_ROOF,10,8
building__rom_082d5094,314,flat,native_fallback,2,1,FR_TRAINER_TOWER_ROOF,2,8
building__rom_082d5094,315,flat,native_fallback,1,1,FR_TRAINER_TOWER_ROOF,12,6
building__rom_082d5094,318,flat,native_fallback,2,1,FR_TRAINER_TOWER_ROOF,12,7
building__rom_082d5094,319,flat,native_fallback,9,1,FR_TRAINER_TOWER_ROOF,10,7
building__rom_082d5094,31A,flat,native_fallback,9,1,FR_TRAINER_TOWER_ROOF,0,5
building__rom_082d5094,31C,flat,native_fallback,1,1,FR_TRAINER_TOWER_ROOF,0,9
building__rom_082d5094,31E,flat,native_fallback,1,1,FR_TRAINER_TOWER_ROOF,0,10
building__rom_082d5094,31F,flat,native_fallback,1,1,FR_TRAINER_TOWER_ROOF,1,10
building__rom_082d5094,321,flat,native_fallback,1,1,FR_TRAINER_TOWER_ROOF,1,11
building__rom_082d5094,322,flat,native_fallback,1,1,FR_TRAINER_TOWER_ROOF,2,11
building__rom_082d5094,323,flat,native_fallback,12,1,FR_TRAINER_TOWER_ROOF,9,15
building__rom_082d5094,324,flat,native_fallback,12,1,FR_TRAINER_TOWER_ROOF,8,15
building__rom_082d5094,325,flat,native_fallback,1,1,FR_TRAINER_TOWER_ROOF,15,11
building__rom_082d5094,326,flat,native_fallback,1,1,FR_TRAINER_TOWER_ROOF,16,11
building__rom_082d5094,328,flat,native_fallback,12,1,FR_TRAINER_TOWER_ROOF,10,11
building__rom_082d5094,329,flat,native_fallback,2,1,FR_TRAINER_TOWER_ROOF,1,12
building__rom_082d5094,32A,flat,native_fallback,1,1,FR_TRAINER_TOWER_ROOF,2,12
building__rom_082d5094,32B,flat,native_fallback,2,1,FR_TRAINER_TOWER_ROOF,5,13
building__rom_082d5094,32C,flat,native_fallback,2,1,FR_TRAINER_TOWER_ROOF,6,13
building__rom_082d5094,32D,flat,native_fallback,1,1,FR_TRAINER_TOWER_ROOF,15,12
building__rom_082d5094,32E,flat,native_fallback,2,1,FR_TRAINER_TOWER_ROOF,16,15
building__rom_082d5094,330,flat,native_fallback,6,1,FR_TRAINER_TOWER_ROOF,3,12
building__rom_082d5094,331,flat,native_fallback,1,1,FR_TRAINER_TOWER_ROOF,1,13
building__rom_082d5094,332,flat,native_fallback,1,1,FR_TRAINER_TOWER_ROOF,2,13
building__rom_082d5094,333,flat,native_fallback,2,1,FR_TRAINER_TOWER_ROOF,5,14
building__rom_082d5094,334,flat,native_fallback,2,1,FR_TRAINER_TOWER_ROOF,12,14
building__rom_082d5094,335,flat,native_fallback,1,1,FR_TRAINER_TOWER_ROOF,15,13
building__rom_082d5094,336,flat,native_fallback,1,1,FR_TRAINER_TOWER_ROOF,16,13
building__rom_082d5094,338,flat,native_fallback,6,1,FR_TRAINER_TOWER_ROOF,10,12
building__rom_082d5094,339,flat,native_fallback,1,1,FR_TRAINER_TOWER_ROOF,1,14
building__rom_082d5094,33A,flat,native_fallback,1,1,FR_TRAINER_TOWER_ROOF,2,14
building__rom_082d5094,33B,flat,native_fallback,5,1,FR_TRAINER_TOWER_ROOF,0,15
building__rom_082d5094,33C,flat,native_fallback,5,1,FR_TRAINER_TOWER_ROOF,17,15
building__rom_082d5094,33D,flat,native_fallback,1,1,FR_TRAINER_TOWER_ROOF,15,14
building__rom_082d5094,33E,flat,native_fallback,1,1,FR_TRAINER_TOWER_ROOF,16,14
building__rom_082d5094,340,flat,native_fallback,1,1,FR_TRAINER_TOWER_ROOF,16,10
building__rom_082d5094,341,flat,native_fallback,1,1,FR_TRAINER_TOWER_ROOF,17,10
building__rom_082d5094,343,flat,native_fallback,1,1,FR_TRAINER_TOWER_ROOF,17,9
building__rom_082d5094,345,flat,native_fallback,9,1,FR_TRAINER_TOWER_ROOF,17,0
building__rom_082d5094,346,flat,native_fallback,1,1,FR_TRAINER_TOWER_ROOF,2,15
building__rom_082d5094,347,flat,native_fallback,1,1,FR_TRAINER_TOWER_ROOF,15,15
building__rom_082d5094,349,flat,native_fallback,7,1,FR_TRAINER_TOWER_ROOF,10,5
building__rom_082d5094,34A,flat,native_fallback,2,1,FR_TRAINER_TOWER_ROOF,2,4
building__rom_082d5094,34B,flat,native_fallback,2,1,FR_TRAINER_TOWER_ROOF,11,5
building__rom_082d5094,34D,flat,native_fallback,1,1,FR_TRAINER_TOWER_ROOF,12,4
building__rom_082d5094,34E,flat,native_fallback,1,1,FR_TRAINER_TOWER_ROOF,13,4
building__rom_082d5094,34F,flat,native_fallback,1,1,FR_TRAINER_TOWER_ROOF,14,4
building__rom_082d5094,350,flat,native_fallback,4,1,FR_TRAINER_TOWER_ROOF,15,0
building__rom_082d5094,351,flat,native_fallback,5,1,FR_TRAINER_TOWER_ROOF,10,6
building__rom_082d5094,352,flat,native_fallback,1,1,FR_TRAINER_TOWER_ROOF,6,6
building__rom_082d5094,353,flat,native_fallback,2,1,FR_TRAINER_TOWER_ROOF,11,6
building__rom_082d5094,354,flat,native_fallback,4,1,FR_TRAINER_TOWER_ROOF,2,0
building__rom_082d5094,355,flat,native_fallback,1,1,FR_TRAINER_TOWER_ROOF,12,5
building__rom_082d5094,356,flat,native_fallback,1,1,FR_TRAINER_TOWER_ROOF,13,5
building__rom_082d5094,357,flat,native_fallback,1,1,FR_TRAINER_TOWER_ROOF,14,5
building__rom_082d5094,35A,flat,native_fallback,1,1,FR_TRAINER_TOWER_ROOF,6,7
building__rom_082d5094,35B,flat,native_fallback,50,1,FR_TRAINER_TOWER_ROOF,12,2
building__rom_082d5094,35F,flat,native_fallback,1,1,FR_TRAINER_TOWER_ROOF,4,7
building__rom_082d5094,360,flat,native_fallback,1,1,FR_TRAINER_TOWER_ROOF,2,5
building__rom_082d5094,361,flat,native_fallback,1,1,FR_TRAINER_TOWER_ROOF,3,5
building__rom_082d5094,362,flat,native_fallback,1,1,FR_TRAINER_TOWER_ROOF,4,5
building__rom_082d5094,363,flat,native_fallback,1,1,FR_TRAINER_TOWER_ROOF,2,6
building__rom_082d5094,364,flat,native_fallback,1,1,FR_TRAINER_TOWER_ROOF,3,6
building__rom_082d5094,365,flat,native_fallback,1,1,FR_TRAINER_TOWER_ROOF,4,6
building__rom_082d5094,366,flat,native_fallback,1,1,FR_TRAINER_TOWER_ROOF,2,7
building__rom_082d5094,367,flat,native_fallback,1,1,FR_TRAINER_TOWER_ROOF,3,7
building__rom_082d5094,368,flat,native_fallback,2,1,FR_TRAINER_TOWER_ROOF,11,3
building__rom_082d5094,369,flat,native_fallback,1,1,FR_TRAINER_TOWER_ROOF,6,4
building__rom_082d5094,36A,flat,native_fallback,1,1,FR_TRAINER_TOWER_ROOF,11,4
building__rom_082d5094,36B,flat,native_fallback,2,1,FR_TRAINER_TOWER_ROOF,5,15
building__rom_082d5094,36C,flat,native_fallback,2,1,FR_TRAINER_TOWER_ROOF,6,15
building__rom_082d5094,36D,flat,native_fallback,1,1,FR_TRAINER_TOWER_ROOF,16,6
building__rom_082d5094,370,flat,native_fallback,9,1,FR_TRAINER_TOWER_ROOF,1,5
building__rom_082d5094,371,flat,native_fallback,1,1,FR_TRAINER_TOWER_ROOF,2,9
building__rom_082d5094,372,flat,native_fallback,12,1,FR_TRAINER_TOWER_ROOF,10,10
building__rom_082d5094,373,flat,native_fallback,1,1,FR_TRAINER_TOWER_ROOF,15,9
building__rom_082d5094,374,flat,native_fallback,2,1,FR_TRAINER_TOWER_ROOF,16,7
building__rom_082d5094,376,flat,native_fallback,1,1,FR_TRAINER_TOWER_LOBBY,11,9
building__rom_082d5094,377,flat,native_fallback,1,1,FR_TRAINER_TOWER_LOBBY,7,9
building__rom_082d5094,378,flat,native_fallback,1,1,FR_TRAINER_TOWER_ROOF,1,9
building__rom_082d5094,379,flat,native_fallback,1,1,FR_TRAINER_TOWER_ROOF,2,10
building__rom_082d5094,37A,flat,native_fallback,6,1,FR_TRAINER_TOWER_ROOF,16,2
building__rom_082d5094,37B,flat,native_fallback,1,1,FR_TRAINER_TOWER_ROOF,15,10
building__rom_082d5094,37C,flat,native_fallback,1,1,FR_TRAINER_TOWER_ROOF,16,9
building__rom_082d5094,380,flat,native_fallback,48,8,FR_TRAINER_TOWER_1F,9,16
building__rom_082d5094,382,flat,native_fallback,8,8,FR_TRAINER_TOWER_1F,9,9
building__rom_082d5094,008,flat,native_fallback,1108,9,FR_TRAINER_TOWER_1F,1,12
building__rom_082d5094,388,flat,native_fallback,88,8,FR_TRAINER_TOWER_1F,9,15
building__rom_082d5094,389,flat,native_fallback,8,8,FR_TRAINER_TOWER_1F,9,10
building__rom_082d5094,38A,flat,native_fallback,40,8,FR_TRAINER_TOWER_1F,15,9
building__rom_082d5094,390,flat,native_fallback,2,2,FR_TRAINER_TOWER_1F,9,7
building__rom_082d5094,392,flat,native_fallback,1,1,FR_TRAINER_TOWER_3F,9,7
building__rom_082d5094,393,flat,native_fallback,3,3,FR_TRAINER_TOWER_4F,9,7
building__rom_082d5094,394,flat,native_fallback,2,2,FR_TRAINER_TOWER_5F,8,7
building__rom_082d5094,395,flat,native_fallback,2,2,FR_TRAINER_TOWER_5F,9,7
building__rom_082d5094,396,flat,native_fallback,2,2,FR_TRAINER_TOWER_5F,10,7
building__rom_082d5094,397,flat,native_fallback,2,2,FR_TRAINER_TOWER_7F,8,7
building__rom_082d5094,398,flat,native_fallback,1,1,FR_TRAINER_TOWER_1F,9,8
building__rom_082d5094,399,flat,native_fallback,5,5,FR_TRAINER_TOWER_2F,9,8
building__rom_082d5094,39A,flat,native_fallback,1,1,FR_TRAINER_TOWER_8F,8,8
building__rom_082d5094,39B,flat,native_fallback,1,1,FR_TRAINER_TOWER_8F,10,8
building__rom_082d5094,39C,flat,native_fallback,2,2,FR_TRAINER_TOWER_6F,8,8
building__rom_082d5094,39D,flat,native_fallback,2,2,FR_TRAINER_TOWER_6F,9,8
building__rom_082d5094,39E,flat,native_fallback,2,2,FR_TRAINER_TOWER_6F,10,8
building__rom_082d5094,39F,flat,native_fallback,2,2,FR_TRAINER_TOWER_7F,10,7
building__rom_082d5094,062,flat,native_fallback,1,1,FR_TRAINER_TOWER_LOBBY,0,10
building__rom_082d50c4,000,flat,native_fallback,101,4,FR_POKEMON_LEAGUE_AGATHAS_ROOM,2,13
building__rom_082d50c4,3E8,flat,native_fallback,1,1,FR_POKEMON_LEAGUE_CHAMPIONS_ROOM,5,1
building__rom_082d50c4,3E9,flat,native_fallback,1,1,FR_POKEMON_LEAGUE_CHAMPIONS_ROOM,7,1
building__rom_082d50c4,3EE,flat,native_fallback,1,1,FR_POKEMON_LEAGUE_CHAMPIONS_ROOM,5,8
building__rom_082d50c4,3EF,flat,native_fallback,1,1,FR_POKEMON_LEAGUE_CHAMPIONS_ROOM,6,8
building__rom_082d50c4,3F0,flat,native_fallback,1,1,FR_POKEMON_LEAGUE_CHAMPIONS_ROOM,5,2
building__rom_082d50c4,3F1,flat,native_fallback,1,1,FR_POKEMON_LEAGUE_CHAMPIONS_ROOM,7,2
building__rom_082d50c4,3F2,flat,native_fallback,1,1,FR_POKEMON_LEAGUE_CHAMPIONS_ROOM,6,1
building__rom_082d50c4,3F6,flat,native_fallback,1,1,FR_POKEMON_LEAGUE_CHAMPIONS_ROOM,5,9
building__rom_082d50c4,3F7,flat,native_fallback,1,1,FR_POKEMON_LEAGUE_CHAMPIONS_ROOM,6,9
building__rom_082d50c4,3F8,flat,native_fallback,1,1,FR_POKEMON_LEAGUE_CHAMPIONS_ROOM,5,3
building__rom_082d50c4,3F9,flat,native_fallback,1,1,FR_POKEMON_LEAGUE_CHAMPIONS_ROOM,6,3
building__rom_082d50c4,3FA,flat,native_fallback,1,1,FR_POKEMON_LEAGUE_CHAMPIONS_ROOM,7,3
building__rom_082d50c4,3FB,flat,native_fallback,1,1,FR_POKEMON_LEAGUE_CHAMPIONS_ROOM,5,4
building__rom_082d50c4,3FC,flat,native_fallback,1,1,FR_POKEMON_LEAGUE_CHAMPIONS_ROOM,6,4
building__rom_082d50c4,3FD,flat,native_fallback,1,1,FR_POKEMON_LEAGUE_CHAMPIONS_ROOM,7,4
building__rom_082d50c4,3FE,flat,native_fallback,1,1,FR_POKEMON_LEAGUE_CHAMPIONS_ROOM,7,8
building__rom_082d50c4,3FF,flat,native_fallback,1,1,FR_POKEMON_LEAGUE_CHAMPIONS_ROOM,7,9
building__rom_082d50c4,240,flat,native_fallback,6,1,FR_POKEMON_LEAGUE_LANCES_ROOM,11,20
building__rom_082d50c4,241,flat,native_fallback,4,1,FR_POKEMON_LEAGUE_LANCES_ROOM,4,16
building__rom_082d50c4,249,flat,native_fallback,6,1,FR_POKEMON_LEAGUE_LANCES_ROOM,21,13
building__rom_082d50c4,282,flat,native_fallback,1,1,FR_POKEMON_LEAGUE_LANCES_ROOM,7,16
building__rom_082d50c4,283,flat,native_fallback,64,4,FR_POKEMON_LEAGUE_AGATHAS_ROOM,6,0
building__rom_082d50c4,284,flat,native_fallback,57,4,FR_POKEMON_LEAGUE_AGATHAS_ROOM,2,11
building__rom_082d50c4,285,flat,native_fallback,53,4,FR_POKEMON_LEAGUE_AGATHAS_ROOM,2,12
building__rom_082d50c4,286,flat,native_fallback,57,4,FR_POKEMON_LEAGUE_AGATHAS_ROOM,12,1
building__rom_082d50c4,287,flat,native_fallback,53,4,FR_POKEMON_LEAGUE_AGATHAS_ROOM,10,12
building__rom_082d50c4,28A,flat,native_fallback,4,4,FR_POKEMON_LEAGUE_AGATHAS_ROOM,5,1
building__rom_082d50c4,28B,flat,native_fallback,4,4,FR_POKEMON_LEAGUE_AGATHAS_ROOM,6,1
building__rom_082d50c4,28C,flat,native_fallback,4,4,FR_POKEMON_LEAGUE_AGATHAS_ROOM,7,1
building__rom_082d50c4,290,flat,native_fallback,74,4,FR_POKEMON_LEAGUE_AGATHAS_ROOM,2,10
building__rom_082d50c4,292,flat,native_fallback,4,4,FR_POKEMON_LEAGUE_AGATHAS_ROOM,5,2
building__rom_082d50c4,293,flat,native_fallback,4,4,FR_POKEMON_LEAGUE_AGATHAS_ROOM,6,2
building__rom_082d50c4,294,flat,native_fallback,4,4,FR_POKEMON_LEAGUE_AGATHAS_ROOM,7,2
building__rom_082d50c4,296,flat,native_fallback,1,1,FR_POKEMON_LEAGUE_CHAMPIONS_ROOM,6,2
building__rom_082d50c4,298,flat,native_fallback,1,1,FR_POKEMON_LEAGUE_LANCES_ROOM,4,12
building__rom_082d50c4,299,flat,native_fallback,3,1,FR_POKEMON_LEAGUE_LANCES_ROOM,7,12
building__rom_082d50c4,29A,flat,native_fallback,1,1,FR_POKEMON_LEAGUE_LORELEIS_ROOM,5,11
building__rom_082d50c4,29B,flat,native_fallback,1,1,FR_POKEMON_LEAGUE_LORELEIS_ROOM,6,11
building__rom_082d50c4,29C,flat,native_fallback,1,1,FR_POKEMON_LEAGUE_LORELEIS_ROOM,7,11
building__rom_082d50c4,2A0,flat,native_fallback,1,1,FR_POKEMON_LEAGUE_LANCES_ROOM,8,12
building__rom_082d50c4,2A1,flat,native_fallback,1,1,FR_POKEMON_LEAGUE_AGATHAS_ROOM,8,9
building__rom_082d50c4,2A2,flat,native_fallback,1,1,FR_POKEMON_LEAGUE_LORELEIS_ROOM,5,12
building__rom_082d50c4,2A3,flat,native_fallback,1,1,FR_POKEMON_LEAGUE_LORELEIS_ROOM,6,12
building__rom_082d50c4,2A4,flat,native_fallback,1,1,FR_POKEMON_LEAGUE_LORELEIS_ROOM,7,12
building__rom_082d50c4,2A8,flat,native_fallback,16,1,FR_POKEMON_LEAGUE_LORELEIS_ROOM,3,8
building__rom_082d50c4,2A9,flat,native_fallback,7,1,FR_POKEMON_LEAGUE_LORELEIS_ROOM,6,3
building__rom_082d50c4,2AA,flat,native_fallback,1,1,FR_POKEMON_LEAGUE_LORELEIS_ROOM,5,3
building__rom_082d50c4,2AB,flat,native_fallback,1,1,FR_POKEMON_LEAGUE_LORELEIS_ROOM,7,3
building__rom_082d50c4,2B1,flat,native_fallback,6,1,FR_POKEMON_LEAGUE_LORELEIS_ROOM,3,6
building__rom_082d50c4,2B2,flat,native_fallback,2,1,FR_POKEMON_LEAGUE_LORELEIS_ROOM,3,7
building__rom_082d50c4,2B3,flat,native_fallback,1,1,FR_POKEMON_LEAGUE_LORELEIS_ROOM,4,4
building__rom_082d50c4,2B4,flat,native_fallback,3,1,FR_POKEMON_LEAGUE_LORELEIS_ROOM,6,4
building__rom_082d50c4,2B5,flat,native_fallback,1,1,FR_POKEMON_LEAGUE_LORELEIS_ROOM,8,4
building__rom_082d50c4,2B6,flat,native_fallback,2,1,FR_POKEMON_LEAGUE_LORELEIS_ROOM,4,5
building__rom_082d50c4,2B7,flat,native_fallback,2,1,FR_POKEMON_LEAGUE_LORELEIS_ROOM,8,8
building__rom_082d50c4,2B8,flat,native_fallback,1,1,FR_POKEMON_LEAGUE_LORELEIS_ROOM,5,5
building__rom_082d50c4,2B9,flat,native_fallback,1,1,FR_POKEMON_LEAGUE_LORELEIS_ROOM,6,5
building__rom_082d50c4,2BA,flat,native_fallback,1,1,FR_POKEMON_LEAGUE_LORELEIS_ROOM,7,5
building__rom_082d50c4,2BB,flat,native_fallback,1,1,FR_POKEMON_LEAGUE_LORELEIS_ROOM,5,6
building__rom_082d50c4,2BC,flat,native_fallback,1,1,FR_POKEMON_LEAGUE_LORELEIS_ROOM,6,6
building__rom_082d50c4,2BD,flat,native_fallback,1,1,FR_POKEMON_LEAGUE_LORELEIS_ROOM,7,6
building__rom_082d50c4,2BE,flat,native_fallback,1,1,FR_POKEMON_LEAGUE_LORELEIS_ROOM,4,6
building__rom_082d50c4,2BF,flat,native_fallback,1,1,FR_POKEMON_LEAGUE_LORELEIS_ROOM,8,6
building__rom_082d50c4,2C0,flat,native_fallback,1,1,FR_POKEMON_LEAGUE_LORELEIS_ROOM,5,8
building__rom_082d50c4,2C1,flat,native_fallback,1,1,FR_POKEMON_LEAGUE_LORELEIS_ROOM,6,8
building__rom_082d50c4,2C2,flat,native_fallback,1,1,FR_POKEMON_LEAGUE_LORELEIS_ROOM,7,8
building__rom_082d50c4,2C3,flat,native_fallback,1,1,FR_POKEMON_LEAGUE_LORELEIS_ROOM,5,7
building__rom_082d50c4,2C4,flat,native_fallback,1,1,FR_POKEMON_LEAGUE_LORELEIS_ROOM,6,7
building__rom_082d50c4,2C5,flat,native_fallback,1,1,FR_POKEMON_LEAGUE_LORELEIS_ROOM,7,7
building__rom_082d50c4,2C6,flat,native_fallback,1,1,FR_POKEMON_LEAGUE_LORELEIS_ROOM,4,7
building__rom_082d50c4,2C7,flat,native_fallback,1,1,FR_POKEMON_LEAGUE_LORELEIS_ROOM,8,7
building__rom_082d50c4,2C8,flat,native_fallback,1,1,FR_POKEMON_LEAGUE_LORELEIS_ROOM,4,9
building__rom_082d50c4,2C9,flat,native_fallback,3,1,FR_POKEMON_LEAGUE_LORELEIS_ROOM,7,9
building__rom_082d50c4,2CA,flat,native_fallback,1,1,FR_POKEMON_LEAGUE_LORELEIS_ROOM,8,9
building__rom_082d50c4,2CB,flat,native_fallback,1,1,FR_POKEMON_LEAGUE_BRUNOS_ROOM,4,9
building__rom_082d50c4,2CC,flat,native_fallback,3,1,FR_POKEMON_LEAGUE_BRUNOS_ROOM,7,9
building__rom_082d50c4,2CD,flat,native_fallback,1,1,FR_POKEMON_LEAGUE_BRUNOS_ROOM,8,9
building__rom_082d50c4,2CE,flat,native_fallback,1,1,FR_POKEMON_LEAGUE_AGATHAS_ROOM,4,9
building__rom_082d50c4,2CF,flat,native_fallback,3,1,FR_POKEMON_LEAGUE_AGATHAS_ROOM,7,9
building__rom_082d50c4,2D0,flat,native_fallback,10,1,FR_POKEMON_LEAGUE_BRUNOS_ROOM,3,8
building__rom_082d50c4,2D1,flat,native_fallback,3,1,FR_POKEMON_LEAGUE_BRUNOS_ROOM,6,3
building__rom_082d50c4,2D2,flat,native_fallback,1,1,FR_POKEMON_LEAGUE_BRUNOS_ROOM,5,3
building__rom_082d50c4,2D3,flat,native_fallback,1,1,FR_POKEMON_LEAGUE_BRUNOS_ROOM,7,3
building__rom_082d50c4,2D4,flat,native_fallback,6,1,FR_POKEMON_LEAGUE_LORELEIS_ROOM,12,8
building__rom_082d50c4,2D5,flat,native_fallback,8,1,FR_POKEMON_LEAGUE_LORELEIS_ROOM,0,5
building__rom_082d50c4,2D7,flat,native_fallback,6,1,FR_POKEMON_LEAGUE_BRUNOS_ROOM,3,6
building__rom_082d50c4,2D8,flat,native_fallback,2,1,FR_POKEMON_LEAGUE_BRUNOS_ROOM,3,7
building__rom_082d50c4,2D9,flat,native_fallback,6,1,FR_POKEMON_LEAGUE_BRUNOS_ROOM,12,8
building__rom_082d50c4,2DA,flat,native_fallback,8,1,FR_POKEMON_LEAGUE_BRUNOS_ROOM,0,5
building__rom_082d50c4,2DB,flat,native_fallback,1,1,FR_POKEMON_LEAGUE_BRUNOS_ROOM,4,4
building__rom_082d50c4,2DC,flat,native_fallback,3,1,FR_POKEMON_LEAGUE_BRUNOS_ROOM,6,4
building__rom_082d50c4,2DD,flat,native_fallback,1,1,FR_POKEMON_LEAGUE_BRUNOS_ROOM,8,4
building__rom_082d50c4,2DE,flat,native_fallback,2,1,FR_POKEMON_LEAGUE_BRUNOS_ROOM,4,5
building__rom_082d50c4,2DF,flat,native_fallback,2,1,FR_POKEMON_LEAGUE_BRUNOS_ROOM,8,8
building__rom_082d50c4,2E0,flat,native_fallback,1,1,FR_POKEMON_LEAGUE_BRUNOS_ROOM,5,5
building__rom_082d50c4,2E1,flat,native_fallback,1,1,FR_POKEMON_LEAGUE_BRUNOS_ROOM,6,5
building__rom_082d50c4,2E2,flat,native_fallback,1,1,FR_POKEMON_LEAGUE_BRUNOS_ROOM,7,5
building__rom_082d50c4,2E3,flat,native_fallback,1,1,FR_POKEMON_LEAGUE_BRUNOS_ROOM,5,6
building__rom_082d50c4,2E4,flat,native_fallback,1,1,FR_POKEMON_LEAGUE_BRUNOS_ROOM,6,6
building__rom_082d50c4,2E5,flat,native_fallback,1,1,FR_POKEMON_LEAGUE_BRUNOS_ROOM,7,6
building__rom_082d50c4,2E6,flat,native_fallback,1,1,FR_POKEMON_LEAGUE_BRUNOS_ROOM,4,6
building__rom_082d50c4,2E7,flat,native_fallback,1,1,FR_POKEMON_LEAGUE_BRUNOS_ROOM,8,6
building__rom_082d50c4,2E8,flat,native_fallback,1,1,FR_POKEMON_LEAGUE_BRUNOS_ROOM,5,8
building__rom_082d50c4,2E9,flat,native_fallback,1,1,FR_POKEMON_LEAGUE_BRUNOS_ROOM,6,8
building__rom_082d50c4,2EA,flat,native_fallback,1,1,FR_POKEMON_LEAGUE_BRUNOS_ROOM,7,8
building__rom_082d50c4,2EB,flat,native_fallback,1,1,FR_POKEMON_LEAGUE_BRUNOS_ROOM,5,7
building__rom_082d50c4,2EC,flat,native_fallback,1,1,FR_POKEMON_LEAGUE_BRUNOS_ROOM,6,7
building__rom_082d50c4,2ED,flat,native_fallback,1,1,FR_POKEMON_LEAGUE_BRUNOS_ROOM,7,7
building__rom_082d50c4,2EE,flat,native_fallback,1,1,FR_POKEMON_LEAGUE_BRUNOS_ROOM,4,7
building__rom_082d50c4,2EF,flat,native_fallback,1,1,FR_POKEMON_LEAGUE_BRUNOS_ROOM,8,7
building__rom_082d50c4,2F0,flat,native_fallback,16,1,FR_POKEMON_LEAGUE_AGATHAS_ROOM,3,8
building__rom_082d50c4,2F1,flat,native_fallback,7,1,FR_POKEMON_LEAGUE_AGATHAS_ROOM,6,3
building__rom_082d50c4,2F2,flat,native_fallback,1,1,FR_POKEMON_LEAGUE_AGATHAS_ROOM,5,3
building__rom_082d50c4,2F3,flat,native_fallback,1,1,FR_POKEMON_LEAGUE_AGATHAS_ROOM,7,3
building__rom_082d50c4,2F4,flat,native_fallback,6,1,FR_POKEMON_LEAGUE_AGATHAS_ROOM,12,8
building__rom_082d50c4,2F5,flat,native_fallback,8,1,FR_POKEMON_LEAGUE_AGATHAS_ROOM,0,5
building__rom_082d50c4,2F7,flat,native_fallback,6,1,FR_POKEMON_LEAGUE_AGATHAS_ROOM,3,6
building__rom_082d50c4,2F8,flat,native_fallback,2,1,FR_POKEMON_LEAGUE_AGATHAS_ROOM,3,7
building__rom_082d50c4,2F9,flat,native_fallback,6,1,FR_POKEMON_LEAGUE_LANCES_ROOM,12,7
building__rom_082d50c4,2FA,flat,native_fallback,8,1,FR_POKEMON_LEAGUE_LANCES_ROOM,12,6
building__rom_082d50c4,2FB,flat,native_fallback,1,1,FR_POKEMON_LEAGUE_AGATHAS_ROOM,4,4
building__rom_082d50c4,2FC,flat,native_fallback,3,1,FR_POKEMON_LEAGUE_AGATHAS_ROOM,6,4
building__rom_082d50c4,2FD,flat,native_fallback,1,1,FR_POKEMON_LEAGUE_AGATHAS_ROOM,8,4
building__rom_082d50c4,2FE,flat,native_fallback,2,1,FR_POKEMON_LEAGUE_AGATHAS_ROOM,4,5
building__rom_082d50c4,2FF,flat,native_fallback,2,1,FR_POKEMON_LEAGUE_AGATHAS_ROOM,8,8
building__rom_082d50c4,300,flat,native_fallback,1,1,FR_POKEMON_LEAGUE_AGATHAS_ROOM,5,5
building__rom_082d50c4,301,flat,native_fallback,1,1,FR_POKEMON_LEAGUE_AGATHAS_ROOM,6,5
building__rom_082d50c4,302,flat,native_fallback,1,1,FR_POKEMON_LEAGUE_AGATHAS_ROOM,7,5
building__rom_082d50c4,303,flat,native_fallback,1,1,FR_POKEMON_LEAGUE_AGATHAS_ROOM,5,6
building__rom_082d50c4,304,flat,native_fallback,1,1,FR_POKEMON_LEAGUE_AGATHAS_ROOM,6,6
building__rom_082d50c4,305,flat,native_fallback,1,1,FR_POKEMON_LEAGUE_AGATHAS_ROOM,7,6
building__rom_082d50c4,306,flat,native_fallback,1,1,FR_POKEMON_LEAGUE_AGATHAS_ROOM,4,6
building__rom_082d50c4,307,flat,native_fallback,1,1,FR_POKEMON_LEAGUE_AGATHAS_ROOM,8,6
building__rom_082d50c4,308,flat,native_fallback,1,1,FR_POKEMON_LEAGUE_AGATHAS_ROOM,5,8
building__rom_082d50c4,309,flat,native_fallback,1,1,FR_POKEMON_LEAGUE_AGATHAS_ROOM,6,8
building__rom_082d50c4,30A,flat,native_fallback,1,1,FR_POKEMON_LEAGUE_AGATHAS_ROOM,7,8
building__rom_082d50c4,30B,flat,native_fallback,1,1,FR_POKEMON_LEAGUE_AGATHAS_ROOM,5,7
building__rom_082d50c4,30C,flat,native_fallback,1,1,FR_POKEMON_LEAGUE_AGATHAS_ROOM,6,7
building__rom_082d50c4,30D,flat,native_fallback,1,1,FR_POKEMON_LEAGUE_AGATHAS_ROOM,7,7
building__rom_082d50c4,30E,flat,native_fallback,1,1,FR_POKEMON_LEAGUE_AGATHAS_ROOM,4,7
building__rom_082d50c4,30F,flat,native_fallback,1,1,FR_POKEMON_LEAGUE_AGATHAS_ROOM,8,7
building__rom_082d50c4,310,flat,native_fallback,122,1,FR_POKEMON_LEAGUE_LANCES_ROOM,10,17
building__rom_082d50c4,311,flat,native_fallback,39,1,FR_POKEMON_LEAGUE_LANCES_ROOM,6,6
building__rom_082d50c4,312,flat,native_fallback,1,1,FR_POKEMON_LEAGUE_LANCES_ROOM,5,6
building__rom_082d50c4,313,flat,native_fallback,1,1,FR_POKEMON_LEAGUE_LANCES_ROOM,7,6
building__rom_082d50c4,317,flat,native_fallback,6,1,FR_POKEMON_LEAGUE_LANCES_ROOM,11,7
building__rom_082d50c4,318,flat,native_fallback,6,1,FR_POKEMON_LEAGUE_LANCES_ROOM,11,10
building__rom_082d50c4,319,flat,native_fallback,4,1,FR_POKEMON_LEAGUE_LANCES_ROOM,4,18
building__rom_082d50c4,31B,flat,native_fallback,1,1,FR_POKEMON_LEAGUE_LANCES_ROOM,4,7
building__rom_082d50c4,31C,flat,native_fallback,3,1,FR_POKEMON_LEAGUE_LANCES_ROOM,6,7
building__rom_082d50c4,31D,flat,native_fallback,1,1,FR_POKEMON_LEAGUE_LANCES_ROOM,8,7
building__rom_082d50c4,31E,flat,native_fallback,2,1,FR_POKEMON_LEAGUE_LANCES_ROOM,4,11
building__rom_082d50c4,31F,flat,native_fallback,2,1,FR_POKEMON_LEAGUE_LANCES_ROOM,8,11
building__rom_082d50c4,320,flat,native_fallback,1,1,FR_POKEMON_LEAGUE_LANCES_ROOM,5,8
building__rom_082d50c4,321,flat,native_fallback,1,1,FR_POKEMON_LEAGUE_LANCES_ROOM,6,8
building__rom_082d50c4,322,flat,native_fallback,1,1,FR_POKEMON_LEAGUE_LANCES_ROOM,7,8
building__rom_082d50c4,323,flat,native_fallback,1,1,FR_POKEMON_LEAGUE_LANCES_ROOM,5,9
building__rom_082d50c4,324,flat,native_fallback,1,1,FR_POKEMON_LEAGUE_LANCES_ROOM,6,9
building__rom_082d50c4,325,flat,native_fallback,1,1,FR_POKEMON_LEAGUE_LANCES_ROOM,7,9
building__rom_082d50c4,326,flat,native_fallback,1,1,FR_POKEMON_LEAGUE_LANCES_ROOM,4,9
building__rom_082d50c4,327,flat,native_fallback,1,1,FR_POKEMON_LEAGUE_LANCES_ROOM,8,9
building__rom_082d50c4,328,flat,native_fallback,1,1,FR_POKEMON_LEAGUE_LANCES_ROOM,5,11
building__rom_082d50c4,329,flat,native_fallback,1,1,FR_POKEMON_LEAGUE_LANCES_ROOM,6,11
building__rom_082d50c4,32A,flat,native_fallback,1,1,FR_POKEMON_LEAGUE_LANCES_ROOM,7,11
building__rom_082d50c4,32B,flat,native_fallback,1,1,FR_POKEMON_LEAGUE_LANCES_ROOM,5,10
building__rom_082d50c4,32C,flat,native_fallback,1,1,FR_POKEMON_LEAGUE_LANCES_ROOM,6,10
building__rom_082d50c4,32D,flat,native_fallback,1,1,FR_POKEMON_LEAGUE_LANCES_ROOM,7,10
building__rom_082d50c4,32E,flat,native_fallback,1,1,FR_POKEMON_LEAGUE_LANCES_ROOM,4,10
building__rom_082d50c4,32F,flat,native_fallback,1,1,FR_POKEMON_LEAGUE_LANCES_ROOM,8,10
building__rom_082d50c4,330,flat,native_fallback,1,1,FR_POKEMON_LEAGUE_BRUNOS_ROOM,5,11
building__rom_082d50c4,331,flat,native_fallback,1,1,FR_POKEMON_LEAGUE_BRUNOS_ROOM,6,11
building__rom_082d50c4,332,flat,native_fallback,1,1,FR_POKEMON_LEAGUE_BRUNOS_ROOM,7,11
building__rom_082d50c4,333,flat,native_fallback,1,1,FR_POKEMON_LEAGUE_AGATHAS_ROOM,5,11
building__rom_082d50c4,334,flat,native_fallback,1,1,FR_POKEMON_LEAGUE_AGATHAS_ROOM,6,11
building__rom_082d50c4,335,flat,native_fallback,1,1,FR_POKEMON_LEAGUE_AGATHAS_ROOM,7,11
building__rom_082d50c4,336,flat,native_fallback,1,1,FR_POKEMON_LEAGUE_LANCES_ROOM,5,14
building__rom_082d50c4,337,flat,native_fallback,1,1,FR_POKEMON_LEAGUE_LANCES_ROOM,6,14
building__rom_082d50c4,338,flat,native_fallback,1,1,FR_POKEMON_LEAGUE_BRUNOS_ROOM,5,12
building__rom_082d50c4,339,flat,native_fallback,1,1,FR_POKEMON_LEAGUE_BRUNOS_ROOM,6,12
building__rom_082d50c4,33A,flat,native_fallback,1,1,FR_POKEMON_LEAGUE_BRUNOS_ROOM,7,12
building__rom_082d50c4,33B,flat,native_fallback,1,1,FR_POKEMON_LEAGUE_AGATHAS_ROOM,5,12
building__rom_082d50c4,33C,flat,native_fallback,1,1,FR_POKEMON_LEAGUE_AGATHAS_ROOM,6,12
building__rom_082d50c4,33D,flat,native_fallback,1,1,FR_POKEMON_LEAGUE_AGATHAS_ROOM,7,12
building__rom_082d50c4,33E,flat,native_fallback,1,1,FR_POKEMON_LEAGUE_LANCES_ROOM,5,15
building__rom_082d50c4,33F,flat,native_fallback,8,1,FR_POKEMON_LEAGUE_LANCES_ROOM,22,13
building__rom_082d50c4,340,flat,native_fallback,1,1,FR_POKEMON_LEAGUE_LANCES_ROOM,7,14
building__rom_082d50c4,341,flat,native_fallback,2,1,FR_POKEMON_LEAGUE_LORELEIS_ROOM,2,4
building__rom_082d50c4,342,flat,native_fallback,2,1,FR_POKEMON_LEAGUE_LORELEIS_ROOM,2,7
building__rom_082d50c4,343,flat,native_fallback,1,1,FR_POKEMON_LEAGUE_LORELEIS_ROOM,2,2
building__rom_082d50c4,344,flat,native_fallback,1,1,FR_POKEMON_LEAGUE_LORELEIS_ROOM,10,2
building__rom_082d50c4,345,flat,native_fallback,2,1,FR_POKEMON_LEAGUE_BRUNOS_ROOM,9,3
building__rom_082d50c4,346,flat,native_fallback,2,1,FR_POKEMON_LEAGUE_BRUNOS_ROOM,11,3
building__rom_082d50c4,348,flat,native_fallback,1,1,FR_POKEMON_LEAGUE_LANCES_ROOM,7,15
building__rom_082d50c4,349,flat,native_fallback,2,1,FR_POKEMON_LEAGUE_LORELEIS_ROOM,2,3
building__rom_082d50c4,34A,flat,native_fallback,4,1,FR_POKEMON_LEAGUE_LORELEIS_ROOM,2,5
building__rom_082d50c4,34B,flat,native_fallback,2,1,FR_POKEMON_LEAGUE_BRUNOS_ROOM,2,3
building__rom_082d50c4,34C,flat,native_fallback,2,1,FR_POKEMON_LEAGUE_BRUNOS_ROOM,9,4
building__rom_082d50c4,34D,flat,native_fallback,4,1,FR_POKEMON_LEAGUE_LORELEIS_ROOM,2,6
building__rom_082d50c4,34F,flat,native_fallback,1,1,FR_POKEMON_LEAGUE_LANCES_ROOM,2,5
building__rom_082d50c4,350,flat,native_fallback,2,1,FR_POKEMON_LEAGUE_BRUNOS_ROOM,2,4
building__rom_082d50c4,351,flat,native_fallback,2,1,FR_POKEMON_LEAGUE_BRUNOS_ROOM,2,7
building__rom_082d50c4,352,flat,native_fallback,1,1,FR_POKEMON_LEAGUE_BRUNOS_ROOM,2,2
building__rom_082d50c4,353,flat,native_fallback,1,1,FR_POKEMON_LEAGUE_BRUNOS_ROOM,10,2
building__rom_082d50c4,354,flat,native_fallback,4,1,FR_POKEMON_LEAGUE_AGATHAS_ROOM,2,5
building__rom_082d50c4,355,flat,native_fallback,4,1,FR_POKEMON_LEAGUE_AGATHAS_ROOM,2,6
building__rom_082d50c4,356,flat,native_fallback,2,1,FR_POKEMON_LEAGUE_AGATHAS_ROOM,2,3
building__rom_082d50c4,357,flat,native_fallback,1,1,FR_POKEMON_LEAGUE_LANCES_ROOM,10,5
building__rom_082d50c4,358,flat,native_fallback,4,1,FR_POKEMON_LEAGUE_BRUNOS_ROOM,9,6
building__rom_082d50c4,359,flat,native_fallback,4,1,FR_POKEMON_LEAGUE_BRUNOS_ROOM,2,5
building__rom_082d50c4,35B,flat,native_fallback,4,1,FR_POKEMON_LEAGUE_BRUNOS_ROOM,2,6
building__rom_082d50c4,360,flat,native_fallback,2,1,FR_POKEMON_LEAGUE_AGATHAS_ROOM,2,4
building__rom_082d50c4,361,flat,native_fallback,2,1,FR_POKEMON_LEAGUE_AGATHAS_ROOM,2,7
building__rom_082d50c4,362,flat,native_fallback,1,1,FR_POKEMON_LEAGUE_AGATHAS_ROOM,2,2
building__rom_082d50c4,363,flat,native_fallback,1,1,FR_POKEMON_LEAGUE_AGATHAS_ROOM,10,2
building__rom_082d50c4,368,flat,native_fallback,1,1,FR_POKEMON_LEAGUE_LANCES_ROOM,2,10
building__rom_082d50c4,369,flat,native_fallback,1,1,FR_POKEMON_LEAGUE_LANCES_ROOM,10,10
building__rom_082d50c4,36A,flat,native_fallback,1,1,FR_POKEMON_LEAGUE_LANCES_ROOM,2,7
building__rom_082d50c4,36B,flat,native_fallback,1,1,FR_POKEMON_LEAGUE_LANCES_ROOM,10,7
building__rom_082d50c4,370,flat,native_fallback,2,1,FR_POKEMON_LEAGUE_LANCES_ROOM,2,11
building__rom_082d50c4,371,flat,native_fallback,2,1,FR_POKEMON_LEAGUE_LANCES_ROOM,10,8
building__rom_082d50c4,372,flat,native_fallback,1,1,FR_POKEMON_LEAGUE_LANCES_ROOM,2,6
building__rom_082d50c4,373,flat,native_fallback,1,1,FR_POKEMON_LEAGUE_LANCES_ROOM,10,6
building__rom_082d50c4,378,flat,native_fallback,2,1,FR_POKEMON_LEAGUE_LANCES_ROOM,2,9
building__rom_082d50c4,379,flat,native_fallback,2,1,FR_POKEMON_LEAGUE_LANCES_ROOM,10,9
building__rom_082d50c4,380,flat,native_fallback,1,1,FR_POKEMON_LEAGUE_CHAMPIONS_ROOM,2,0
building__rom_082d50c4,381,flat,native_fallback,7,1,FR_POKEMON_LEAGUE_CHAMPIONS_ROOM,5,0
building__rom_082d50c4,382,flat,native_fallback,1,1,FR_POKEMON_LEAGUE_CHAMPIONS_ROOM,10,0
building__rom_082d50c4,383,flat,native_fallback,2,1,FR_POKEMON_LEAGUE_CHAMPIONS_ROOM,0,1
building__rom_082d50c4,008,flat,native_fallback,289,2,FR_POKEMON_LEAGUE_CHAMPIONS_ROOM,0,15
building__rom_082d50c4,384,flat,native_fallback,2,1,FR_POKEMON_LEAGUE_CHAMPIONS_ROOM,11,0
building__rom_082d50c4,385,flat,native_fallback,1,1,FR_POKEMON_LEAGUE_CHAMPIONS_ROOM,0,4
building__rom_082d50c4,386,flat,native_fallback,1,1,FR_POKEMON_LEAGUE_CHAMPIONS_ROOM,1,4
building__rom_082d50c4,388,flat,native_fallback,1,1,FR_POKEMON_LEAGUE_CHAMPIONS_ROOM,2,1
building__rom_082d50c4,389,flat,native_fallback,4,1,FR_POKEMON_LEAGUE_CHAMPIONS_ROOM,9,1
building__rom_082d50c4,38A,flat,native_fallback,1,1,FR_POKEMON_LEAGUE_CHAMPIONS_ROOM,10,1
building__rom_082d50c4,38B,flat,native_fallback,2,1,FR_POKEMON_LEAGUE_CHAMPIONS_ROOM,0,2
building__rom_082d50c4,38C,flat,native_fallback,2,1,FR_POKEMON_LEAGUE_CHAMPIONS_ROOM,12,2
building__rom_082d50c4,38D,flat,native_fallback,1,1,FR_POKEMON_LEAGUE_CHAMPIONS_ROOM,0,5
building__rom_082d50c4,38E,flat,native_fallback,1,1,FR_POKEMON_LEAGUE_CHAMPIONS_ROOM,1,5
building__rom_082d50c4,38F,flat,native_fallback,22,1,FR_POKEMON_LEAGUE_CHAMPIONS_ROOM,6,5
building__rom_082d50c4,390,flat,native_fallback,1,1,FR_POKEMON_LEAGUE_CHAMPIONS_ROOM,2,2
building__rom_082d50c4,391,flat,native_fallback,4,1,FR_POKEMON_LEAGUE_CHAMPIONS_ROOM,3,2
building__rom_082d50c4,392,flat,native_fallback,1,1,FR_POKEMON_LEAGUE_CHAMPIONS_ROOM,10,2
building__rom_082d50c4,393,flat,native_fallback,2,1,FR_POKEMON_LEAGUE_CHAMPIONS_ROOM,0,3
building__rom_082d50c4,394,flat,native_fallback,2,1,FR_POKEMON_LEAGUE_CHAMPIONS_ROOM,11,2
building__rom_082d50c4,395,flat,native_fallback,1,1,FR_POKEMON_LEAGUE_CHAMPIONS_ROOM,11,4
building__rom_082d50c4,396,flat,native_fallback,1,1,FR_POKEMON_LEAGUE_CHAMPIONS_ROOM,12,4
building__rom_082d50c4,397,flat,native_fallback,1,1,FR_POKEMON_LEAGUE_CHAMPIONS_ROOM,0,12
building__rom_082d50c4,398,flat,native_fallback,1,1,FR_POKEMON_LEAGUE_CHAMPIONS_ROOM,2,3
building__rom_082d50c4,399,flat,native_fallback,4,1,FR_POKEMON_LEAGUE_CHAMPIONS_ROOM,4,3
building__rom_082d50c4,39A,flat,native_fallback,1,1,FR_POKEMON_LEAGUE_CHAMPIONS_ROOM,10,3
building__rom_082d50c4,39B,flat,native_fallback,1,1,FR_POKEMON_LEAGUE_CHAMPIONS_ROOM,1,3
building__rom_082d50c4,39C,flat,native_fallback,1,1,FR_POKEMON_LEAGUE_CHAMPIONS_ROOM,11,3
building__rom_082d50c4,39D,flat,native_fallback,1,1,FR_POKEMON_LEAGUE_CHAMPIONS_ROOM,11,5
building__rom_082d50c4,39E,flat,native_fallback,1,1,FR_POKEMON_LEAGUE_CHAMPIONS_ROOM,12,5
building__rom_082d50c4,39F,flat,native_fallback,1,1,FR_POKEMON_LEAGUE_CHAMPIONS_ROOM,12,12
building__rom_082d50c4,3A0,flat,native_fallback,1,1,FR_POKEMON_LEAGUE_CHAMPIONS_ROOM,2,4
building__rom_082d50c4,3A2,flat,native_fallback,1,1,FR_POKEMON_LEAGUE_CHAMPIONS_ROOM,10,4
building__rom_082d50c4,3A3,flat,native_fallback,5,1,FR_POKEMON_LEAGUE_CHAMPIONS_ROOM,0,6
building__rom_082d50c4,3A4,flat,native_fallback,5,1,FR_POKEMON_LEAGUE_CHAMPIONS_ROOM,12,6
building__rom_082d50c4,3A5,flat,native_fallback,1,1,FR_POKEMON_LEAGUE_CHAMPIONS_ROOM,0,11
building__rom_082d50c4,3A6,flat,native_fallback,1,1,FR_POKEMON_LEAGUE_CHAMPIONS_ROOM,12,11
building__rom_082d50c4,3A7,flat,native_fallback,1,1,FR_POKEMON_LEAGUE_CHAMPIONS_ROOM,2,13
building__rom_082d50c4,3A8,flat,native_fallback,1,1,FR_POKEMON_LEAGUE_CHAMPIONS_ROOM,3,4
building__rom_082d50c4,3A9,flat,native_fallback,2,1,FR_POKEMON_LEAGUE_CHAMPIONS_ROOM,8,4
building__rom_082d50c4,3AA,flat,native_fallback,1,1,FR_POKEMON_LEAGUE_CHAMPIONS_ROOM,9,4
building__rom_082d50c4,3AB,flat,native_fallback,1,1,FR_POKEMON_LEAGUE_CHAMPIONS_ROOM,5,5
building__rom_082d50c4,3AD,flat,native_fallback,1,1,FR_POKEMON_LEAGUE_CHAMPIONS_ROOM,1,13
building__rom_082d50c4,3AE,flat,native_fallback,1,1,FR_POKEMON_LEAGUE_CHAMPIONS_ROOM,11,13
building__rom_082d50c4,3AF,flat,native_fallback,1,1,FR_POKEMON_LEAGUE_CHAMPIONS_ROOM,10,13
building__rom_082d50c4,3B0,flat,native_fallback,1,1,FR_POKEMON_LEAGUE_CHAMPIONS_ROOM,3,5
building__rom_082d50c4,3B1,flat,native_fallback,2,1,FR_POKEMON_LEAGUE_CHAMPIONS_ROOM,8,5
building__rom_082d50c4,3B2,flat,native_fallback,1,1,FR_POKEMON_LEAGUE_CHAMPIONS_ROOM,9,5
building__rom_082d50c4,3B3,flat,native_fallback,1,1,FR_POKEMON_LEAGUE_CHAMPIONS_ROOM,7,5
building__rom_082d50c4,3B5,flat,native_fallback,1,1,FR_POKEMON_LEAGUE_CHAMPIONS_ROOM,3,6
building__rom_082d50c4,3B6,flat,native_fallback,5,1,FR_POKEMON_LEAGUE_CHAMPIONS_ROOM,6,6
building__rom_082d50c4,3B7,flat,native_fallback,1,1,FR_POKEMON_LEAGUE_CHAMPIONS_ROOM,9,6
building__rom_082d50c4,3B8,flat,native_fallback,1,1,FR_POKEMON_LEAGUE_CHAMPIONS_ROOM,3,12
building__rom_082d50c4,3B9,flat,native_fallback,2,1,FR_POKEMON_LEAGUE_CHAMPIONS_ROOM,4,12
building__rom_082d50c4,3BA,flat,native_fallback,1,1,FR_POKEMON_LEAGUE_CHAMPIONS_ROOM,9,12
building__rom_082d50c4,3BB,flat,native_fallback,1,1,FR_POKEMON_LEAGUE_CHAMPIONS_ROOM,7,12
building__rom_082d50c4,3BD,flat,native_fallback,1,1,FR_POKEMON_LEAGUE_CHAMPIONS_ROOM,3,11
building__rom_082d50c4,3BE,flat,native_fallback,5,1,FR_POKEMON_LEAGUE_CHAMPIONS_ROOM,4,11
building__rom_082d50c4,3BF,flat,native_fallback,1,1,FR_POKEMON_LEAGUE_CHAMPIONS_ROOM,9,11
building__rom_082d50c4,3C0,flat,native_fallback,1,1,FR_POKEMON_LEAGUE_CHAMPIONS_ROOM,3,13
building__rom_082d50c4,3C1,flat,native_fallback,2,1,FR_POKEMON_LEAGUE_CHAMPIONS_ROOM,4,13
building__rom_082d50c4,3C2,flat,native_fallback,1,1,FR_POKEMON_LEAGUE_CHAMPIONS_ROOM,9,13
building__rom_082d50c4,3C3,flat,native_fallback,1,1,FR_POKEMON_LEAGUE_CHAMPIONS_ROOM,5,12
building__rom_082d50c4,3C4,flat,native_fallback,1,1,FR_POKEMON_LEAGUE_CHAMPIONS_ROOM,5,13
building__rom_082d50c4,3C5,flat,native_fallback,1,1,FR_POKEMON_LEAGUE_CHAMPIONS_ROOM,6,13
building__rom_082d50c4,3C6,flat,native_fallback,1,1,FR_POKEMON_LEAGUE_CHAMPIONS_ROOM,7,13
building__rom_082d50c4,3C7,flat,native_fallback,6,1,FR_POKEMON_LEAGUE_CHAMPIONS_ROOM,4,15
building__rom_082d50c4,3C8,flat,native_fallback,1,1,FR_POKEMON_LEAGUE_CHAMPIONS_ROOM,1,6
building__rom_082d50c4,3C9,flat,native_fallback,1,1,FR_POKEMON_LEAGUE_CHAMPIONS_ROOM,2,6
building__rom_082d50c4,3CA,flat,native_fallback,1,1,FR_POKEMON_LEAGUE_CHAMPIONS_ROOM,10,6
building__rom_082d50c4,3CB,flat,native_fallback,1,1,FR_POKEMON_LEAGUE_CHAMPIONS_ROOM,11,6
building__rom_082d50c4,3CC,flat,native_fallback,6,1,FR_POKEMON_LEAGUE_CHAMPIONS_ROOM,5,15
building__rom_082d50c4,3CD,flat,native_fallback,6,1,FR_POKEMON_LEAGUE_CHAMPIONS_ROOM,6,15
building__rom_082d50c4,3CE,flat,native_fallback,6,1,FR_POKEMON_LEAGUE_CHAMPIONS_ROOM,7,16
building__rom_082d50c4,3D0,flat,native_fallback,4,1,FR_POKEMON_LEAGUE_CHAMPIONS_ROOM,1,7
building__rom_082d50c4,3D1,flat,native_fallback,1,1,FR_POKEMON_LEAGUE_CHAMPIONS_ROOM,2,7
building__rom_082d50c4,3D2,flat,native_fallback,1,1,FR_POKEMON_LEAGUE_CHAMPIONS_ROOM,10,7
building__rom_082d50c4,3D3,flat,native_fallback,4,1,FR_POKEMON_LEAGUE_CHAMPIONS_ROOM,11,7
building__rom_082d50c4,3D4,flat,native_fallback,1,1,FR_POKEMON_LEAGUE_CHAMPIONS_ROOM,1,12
building__rom_082d50c4,3D5,flat,native_fallback,1,1,FR_POKEMON_LEAGUE_CHAMPIONS_ROOM,11,12
building__rom_082d50c4,3D8,flat,native_fallback,1,1,FR_POKEMON_LEAGUE_CHAMPIONS_ROOM,1,11
building__rom_082d50c4,3D9,flat,native_fallback,2,1,FR_POKEMON_LEAGUE_CHAMPIONS_ROOM,2,8
building__rom_082d50c4,3DA,flat,native_fallback,2,1,FR_POKEMON_LEAGUE_CHAMPIONS_ROOM,10,8
building__rom_082d50c4,3DB,flat,native_fallback,1,1,FR_POKEMON_LEAGUE_CHAMPIONS_ROOM,11,11
building__rom_082d50c4,3DC,flat,native_fallback,2,1,FR_POKEMON_LEAGUE_CHAMPIONS_ROOM,10,5
building__rom_082d50c4,3DD,flat,native_fallback,2,1,FR_POKEMON_LEAGUE_CHAMPIONS_ROOM,2,5
building__rom_082d50c4,3E0,flat,native_fallback,1,1,FR_POKEMON_LEAGUE_CHAMPIONS_ROOM,2,11
building__rom_082d50c4,3E1,flat,native_fallback,1,1,FR_POKEMON_LEAGUE_CHAMPIONS_ROOM,2,10
building__rom_082d50c4,3E2,flat,native_fallback,1,1,FR_POKEMON_LEAGUE_CHAMPIONS_ROOM,10,10
building__rom_082d50c4,3E3,flat,native_fallback,1,1,FR_POKEMON_LEAGUE_CHAMPIONS_ROOM,10,11
building__rom_082d50c4,3E6,flat,native_fallback,1,1,FR_POKEMON_LEAGUE_CHAMPIONS_ROOM,6,10
building__rom_082d50c4,3E7,flat,native_fallback,1,1,FR_POKEMON_LEAGUE_CHAMPIONS_ROOM,6,7
building__rom_082d50dc,000,flat,native_fallback,37,2,FR_POKEMON_LEAGUE_HALL_OF_FAME,2,13
building__rom_082d50dc,281,flat,native_fallback,1,1,FR_POKEMON_LEAGUE_HALL_OF_FAME,0,0
building__rom_082d50dc,282,flat,native_fallback,2,1,FR_POKEMON_LEAGUE_HALL_OF_FAME,9,0
building__rom_082d50dc,283,flat,native_fallback,1,1,FR_POKEMON_LEAGUE_HALL_OF_FAME,2,0
building__rom_082d50dc,284,flat,native_fallback,1,1,FR_POKEMON_LEAGUE_HALL_OF_FAME,3,0
building__rom_082d50dc,285,flat,native_fallback,1,1,FR_POKEMON_LEAGUE_HALL_OF_FAME,7,0
building__rom_082d50dc,286,flat,native_fallback,1,1,FR_POKEMON_LEAGUE_HALL_OF_FAME,8,0
building__rom_082d50dc,287,flat,native_fallback,1,1,FR_POKEMON_LEAGUE_HALL_OF_FAME,10,0
building__rom_082d50dc,288,flat,native_fallback,1,1,FR_POKEMON_LEAGUE_HALL_OF_FAME,10,1
building__rom_082d50dc,289,flat,native_fallback,1,1,FR_POKEMON_LEAGUE_HALL_OF_FAME,0,1
building__rom_082d50dc,28A,flat,native_fallback,1,1,FR_POKEMON_LEAGUE_HALL_OF_FAME,1,1
building__rom_082d50dc,28B,flat,native_fallback,1,1,FR_POKEMON_LEAGUE_HALL_OF_FAME,2,1
building__rom_082d50dc,28C,flat,native_fallback,1,1,FR_POKEMON_LEAGUE_HALL_OF_FAME,3,1
building__rom_082d50dc,28D,flat,native_fallback,1,1,FR_POKEMON_LEAGUE_HALL_OF_FAME,7,1
building__rom_082d50dc,28E,flat,native_fallback,1,1,FR_POKEMON_LEAGUE_HALL_OF_FAME,8,1
building__rom_082d50dc,28F,flat,native_fallback,1,1,FR_POKEMON_LEAGUE_HALL_OF_FAME,9,1
building__rom_082d50dc,290,flat,native_fallback,1,1,FR_POKEMON_LEAGUE_HALL_OF_FAME,10,2
building__rom_082d50dc,291,flat,native_fallback,1,1,FR_POKEMON_LEAGUE_HALL_OF_FAME,0,2
building__rom_082d50dc,292,flat,native_fallback,1,1,FR_POKEMON_LEAGUE_HALL_OF_FAME,1,2
building__rom_082d50dc,293,flat,native_fallback,1,1,FR_POKEMON_LEAGUE_HALL_OF_FAME,2,2
building__rom_082d50dc,294,flat,native_fallback,1,1,FR_POKEMON_LEAGUE_HALL_OF_FAME,3,2
building__rom_082d50dc,295,flat,native_fallback,1,1,FR_POKEMON_LEAGUE_HALL_OF_FAME,7,2
building__rom_082d50dc,296,flat,native_fallback,1,1,FR_POKEMON_LEAGUE_HALL_OF_FAME,8,2
building__rom_082d50dc,297,flat,native_fallback,1,1,FR_POKEMON_LEAGUE_HALL_OF_FAME,9,2
building__rom_082d50dc,298,flat,native_fallback,1,1,FR_POKEMON_LEAGUE_HALL_OF_FAME,4,0
building__rom_082d50dc,299,flat,native_fallback,1,1,FR_POKEMON_LEAGUE_HALL_OF_FAME,5,0
building__rom_082d50dc,29A,flat,native_fallback,1,1,FR_POKEMON_LEAGUE_HALL_OF_FAME,6,0
building__rom_082d50dc,2A0,flat,native_fallback,1,1,FR_POKEMON_LEAGUE_HALL_OF_FAME,4,1
building__rom_082d50dc,2A1,flat,native_fallback,1,1,FR_POKEMON_LEAGUE_HALL_OF_FAME,5,1
building__rom_082d50dc,2A2,flat,native_fallback,1,1,FR_POKEMON_LEAGUE_HALL_OF_FAME,6,1
building__rom_082d50dc,2A3,flat,native_fallback,1,1,FR_POKEMON_LEAGUE_HALL_OF_FAME,3,3
building__rom_082d50dc,2A4,flat,native_fallback,1,1,FR_POKEMON_LEAGUE_HALL_OF_FAME,7,3
building__rom_082d50dc,2A5,flat,native_fallback,1,1,FR_POKEMON_LEAGUE_HALL_OF_FAME,4,3
building__rom_082d50dc,2A6,flat,native_fallback,1,1,FR_POKEMON_LEAGUE_HALL_OF_FAME,5,3
building__rom_082d50dc,2A7,flat,native_fallback,1,1,FR_POKEMON_LEAGUE_HALL_OF_FAME,6,3
building__rom_082d50dc,2A8,flat,native_fallback,1,1,FR_POKEMON_LEAGUE_HALL_OF_FAME,4,2
building__rom_082d50dc,2A9,flat,native_fallback,1,1,FR_POKEMON_LEAGUE_HALL_OF_FAME,5,2
building__rom_082d50dc,2AA,flat,native_fallback,1,1,FR_POKEMON_LEAGUE_HALL_OF_FAME,6,2
building__rom_082d50dc,2AB,flat,native_fallback,8,1,FR_POKEMON_LEAGUE_HALL_OF_FAME,0,5
building__rom_082d50dc,2AC,flat,native_fallback,7,1,FR_POKEMON_LEAGUE_HALL_OF_FAME,10,4
building__rom_082d50dc,2AD,flat,native_fallback,1,1,FR_POKEMON_LEAGUE_HALL_OF_FAME,4,4
building__rom_082d50dc,2AE,flat,native_fallback,1,1,FR_POKEMON_LEAGUE_HALL_OF_FAME,5,4
building__rom_082d50dc,2AF,flat,native_fallback,1,1,FR_POKEMON_LEAGUE_HALL_OF_FAME,6,4
building__rom_082d50dc,2B0,flat,native_fallback,45,1,FR_POKEMON_LEAGUE_HALL_OF_FAME,7,8
building__rom_082d50dc,2B1,flat,native_fallback,1,1,FR_POKEMON_LEAGUE_HALL_OF_FAME,1,3
building__rom_082d50dc,2B2,flat,native_fallback,1,1,FR_POKEMON_LEAGUE_HALL_OF_FAME,9,3
building__rom_082d50dc,2B3,flat,native_fallback,1,1,FR_POKEMON_LEAGUE_HALL_OF_FAME,10,3
building__rom_082d50dc,2B4,flat,native_fallback,6,1,FR_POKEMON_LEAGUE_HALL_OF_FAME,8,6
building__rom_082d50dc,2B5,flat,native_fallback,6,1,FR_POKEMON_LEAGUE_HALL_OF_FAME,2,10
building__rom_082d50dc,2B6,flat,native_fallback,6,1,FR_POKEMON_LEAGUE_HALL_OF_FAME,2,11
building__rom_082d50dc,2B8,flat,native_fallback,1,1,FR_POKEMON_LEAGUE_HALL_OF_FAME,0,11
building__rom_082d50dc,2B9,flat,native_fallback,1,1,FR_POKEMON_LEAGUE_HALL_OF_FAME,10,11
building__rom_082d50dc,2BA,flat,native_fallback,1,1,FR_POKEMON_LEAGUE_HALL_OF_FAME,4,12
building__rom_082d50dc,2BB,flat,native_fallback,1,1,FR_POKEMON_LEAGUE_HALL_OF_FAME,6,12
building__rom_082d50dc,2BC,flat,native_fallback,1,1,FR_POKEMON_LEAGUE_HALL_OF_FAME,4,8
building__rom_082d50dc,2BD,flat,native_fallback,1,1,FR_POKEMON_LEAGUE_HALL_OF_FAME,5,8
building__rom_082d50dc,2BE,flat,native_fallback,1,1,FR_POKEMON_LEAGUE_HALL_OF_FAME,6,8
building__rom_082d50dc,2BF,flat,native_fallback,1,1,FR_UNION_ROOM,3,0
building__rom_082d50dc,2C0,flat,native_fallback,1,1,FR_POKEMON_LEAGUE_HALL_OF_FAME,4,6
building__rom_082d50dc,2C1,flat,native_fallback,1,1,FR_POKEMON_LEAGUE_HALL_OF_FAME,5,6
building__rom_082d50dc,2C2,flat,native_fallback,1,1,FR_POKEMON_LEAGUE_HALL_OF_FAME,6,6
building__rom_082d50dc,2C3,flat,native_fallback,1,1,FR_POKEMON_LEAGUE_HALL_OF_FAME,4,7
building__rom_082d50dc,2C4,flat,native_fallback,1,1,FR_POKEMON_LEAGUE_HALL_OF_FAME,5,7
building__rom_082d50dc,2C5,flat,native_fallback,1,1,FR_POKEMON_LEAGUE_HALL_OF_FAME,6,7
building__rom_082d50dc,2C7,flat,native_fallback,1,1,FR_UNION_ROOM,3,1
building__rom_082d50dc,2C8,flat,native_fallback,1,1,FR_UNION_ROOM,0,0
building__rom_082d50dc,2C9,flat,native_fallback,10,1,FR_UNION_ROOM,6,0
building__rom_082d50dc,2CA,flat,native_fallback,1,1,FR_UNION_ROOM,1,0
building__rom_082d50dc,2CB,flat,native_fallback,1,1,FR_UNION_ROOM,2,0
building__rom_082d50dc,2CC,flat,native_fallback,1,1,FR_UNION_ROOM,14,0
building__rom_082d50dc,2CD,flat,native_fallback,6,1,FR_UNION_ROOM,0,5
building__rom_082d50dc,2CE,flat,native_fallback,6,1,FR_UNION_ROOM,14,7
building__rom_082d50dc,2D0,flat,native_fallback,1,1,FR_UNION_ROOM,0,1
building__rom_082d50dc,2D1,flat,native_fallback,10,1,FR_UNION_ROOM,6,1
building__rom_082d50dc,2D2,flat,native_fallback,1,1,FR_UNION_ROOM,1,1
building__rom_082d50dc,2D3,flat,native_fallback,1,1,FR_UNION_ROOM,2,1
building__rom_082d50dc,2D4,flat,native_fallback,1,1,FR_UNION_ROOM,14,1
building__rom_082d50dc,2D5,flat,native_fallback,1,1,FR_UNION_ROOM,0,10
building__rom_082d50dc,2D6,flat,native_fallback,1,1,FR_UNION_ROOM,1,10
building__rom_082d50dc,2D7,flat,native_fallback,8,1,FR_UNION_ROOM,2,10
building__rom_082d50dc,2D8,flat,native_fallback,1,1,FR_UNION_ROOM,0,2
building__rom_082d50dc,2D9,flat,native_fallback,1,1,FR_UNION_ROOM,1,2
building__rom_082d50dc,2DA,flat,native_fallback,11,1,FR_UNION_ROOM,12,2
building__rom_082d50dc,2DB,flat,native_fallback,1,1,FR_UNION_ROOM,13,2
building__rom_082d50dc,2DC,flat,native_fallback,1,1,FR_UNION_ROOM,14,2
building__rom_082d50dc,2DD,flat,native_fallback,1,1,FR_UNION_ROOM,13,10
building__rom_082d50dc,2DE,flat,native_fallback,1,1,FR_UNION_ROOM,14,10
building__rom_082d50dc,2E0,flat,native_fallback,1,1,FR_UNION_ROOM,0,3
building__rom_082d50dc,2E1,flat,native_fallback,1,1,FR_UNION_ROOM,1,3
building__rom_082d50dc,2E2,flat,native_fallback,80,1,FR_UNION_ROOM,7,8
building__rom_082d50dc,2E3,flat,native_fallback,1,1,FR_UNION_ROOM,13,3
building__rom_082d50dc,2E4,flat,native_fallback,1,1,FR_UNION_ROOM,14,3
building__rom_082d50dc,2E5,flat,native_fallback,1,1,FR_UNION_ROOM,6,10
building__rom_082d50dc,2E6,flat,native_fallback,1,1,FR_UNION_ROOM,7,10
building__rom_082d50dc,2E7,flat,native_fallback,1,1,FR_UNION_ROOM,8,10
building__rom_082d50dc,2E8,flat,native_fallback,1,1,FR_UNION_ROOM,6,5
building__rom_082d50dc,2E9,flat,native_fallback,1,1,FR_UNION_ROOM,7,5
building__rom_082d50dc,2EA,flat,native_fallback,1,1,FR_UNION_ROOM,8,5
building__rom_082d50dc,2ED,flat,native_fallback,1,1,FR_UNION_ROOM,6,11
building__rom_082d50dc,2EE,flat,native_fallback,1,1,FR_UNION_ROOM,7,11
building__rom_082d50dc,2EF,flat,native_fallback,1,1,FR_UNION_ROOM,8,11
building__rom_082d50dc,2F0,flat,native_fallback,1,1,FR_UNION_ROOM,6,6
building__rom_082d50dc,2F1,flat,native_fallback,1,1,FR_UNION_ROOM,7,6
building__rom_082d50dc,2F2,flat,native_fallback,1,1,FR_UNION_ROOM,8,6
building__rom_082d50dc,2F3,flat,native_fallback,1,1,FR_UNION_ROOM,6,7
building__rom_082d50dc,2F4,flat,native_fallback,1,1,FR_UNION_ROOM,7,7
building__rom_082d50dc,2F5,flat,native_fallback,1,1,FR_UNION_ROOM,8,7
building__rom_082d50dc,008,flat,native_fallback,20,2,FR_POKEMON_LEAGUE_HALL_OF_FAME,2,12
general__rom_082d4af4,064,wall,unmatched_building,2,1,FR_ROUTE_5,30,31
general__rom_082d4af4,065,wall,unmatched_building,1,1,FR_ROUTE_5,32,31
general__rom_082d4af4,066,flat,unreviewed,2,1,FR_ROUTE_5,27,38
general__rom_082d4af4,067,flat,unreviewed,1,1,FR_ROUTE_5,31,30
general__rom_082d4af4,068,cliff,modeled_cliff,9,3,FR_ROUTE_24,17,12
general__rom_082d4af4,069,cliff,modeled_cliff,165,4,FR_ROUTE_24,20,12
general__rom_082d4af4,06A,cliff,modeled_cliff,10,4,FR_ROUTE_24,3,32
general__rom_082d4af4,06B,cliff,modeled_cliff,20,4,FR_ROUTE_24,19,13
general__rom_082d4af4,06C,cliff,modeled_cliff,85,4,FR_ROUTE_24,20,13
general__rom_082d4af4,06D,cliff,modeled_cliff,24,4,FR_ROUTE_24,2,35
general__rom_082d4af4,06F,flat,unreviewed,1,1,FR_ROUTE_4,63,9
general__rom_082d4af4,070,cliff,modeled_cliff,40,3,FR_ROUTE_24,17,13
general__rom_082d4af4,071,cliff,modeled_cliff,894,5,FR_CERULEAN_CITY,0,1
general__rom_082d4af4,072,cliff,modeled_cliff,41,4,FR_ROUTE_24,2,25
general__rom_082d4af4,073,cliff,modeled_cliff,76,4,FR_ROUTE_24,19,14
general__rom_082d4af4,075,cliff,modeled_cliff,139,5,FR_CERULEAN_CITY,3,2
general__rom_082d4af4,078,cliff,modeled_cliff,10,4,FR_ROUTE_24,17,25
general__rom_082d4af4,079,cliff,modeled_cliff,232,5,FR_CERULEAN_CITY,0,12
general__rom_082d4af4,07A,cliff,modeled_cliff,11,4,FR_CERULEAN_CITY,3,12
general__rom_082d4af4,07B,cliff,modeled_cliff,31,4,FR_ROUTE_24,19,1
general__rom_082d4af4,07C,cliff,modeled_cliff,249,5,FR_CERULEAN_CITY,10,0
general__rom_082d4af4,07D,cliff,modeled_cliff,27,5,FR_CERULEAN_CITY,14,0
general__rom_082d4af4,080,flat,unreviewed,8,2,FR_ROUTE_4,19,15
general__rom_082d4af4,081,flat,unreviewed,44,2,FR_ROUTE_4,4,13
general__rom_082d4af4,082,flat,unreviewed,8,2,FR_ROUTE_4,5,13
general__rom_082d4af4,085,flat,unreviewed,20,2,FR_ROUTE_24,17,4
general__rom_082d4af4,086,flat,unreviewed,9,1,FR_ROUTE_4,55,3
general__rom_082d4af4,087,ledge,modeled_ledge,204,6,FR_CERULEAN_CITY,12,16
general__rom_082d4af4,088,flat,unreviewed,25,2,FR_ROUTE_4,21,6
general__rom_082d4af4,08A,flat,unreviewed,44,3,FR_ROUTE_24,2,7
general__rom_082d4af4,00D,grass,modeled_grass,254,5,FR_ROUTE_24,4,28
general__rom_082d4af4,08D,flat,unreviewed,6,2,FR_ROUTE_24,17,6
general__rom_082d4af4,08E,flat,unreviewed,2,1,FR_ROUTE_4,52,5
general__rom_082d4af4,08F,flat,unreviewed,67,3,FR_ROUTE_24,12,6
general__rom_082d4af4,090,flat,unreviewed,7,2,FR_ROUTE_4,16,5
general__rom_082d4af4,092,flat,unreviewed,6,3,FR_ROUTE_24,3,5
general__rom_082d4af4,00E,tree,modeled_tree,23,4,FR_CERULEAN_CITY,42,11
general__rom_082d4af4,096,flat,unreviewed,3,1,FR_ROUTE_24,13,3
general__rom_082d4af4,097,ledge,modeled_ledge,1,1,FR_CERULEAN_CITY,36,20
general__rom_082d4af4,09E,flat,unreviewed,1,1,FR_ROUTE_24,13,6
general__rom_082d4af4,09F,flat,unreviewed,4,2,FR_ROUTE_4,3,4
general__rom_082d4af4,00F,tree,modeled_tree,23,4,FR_CERULEAN_CITY,43,11
general__rom_082d4af4,0A1,flat,unreviewed,5,1,FR_ROUTE_9,69,14
general__rom_082d4af4,0A2,flat,unreviewed,1,1,FR_ROUTE_9,40,8
general__rom_082d4af4,0A8,flat,unreviewed,1,1,FR_ROUTE_4,97,2
general__rom_082d4af4,0A9,flat,unreviewed,3,2,FR_CERULEAN_CITY,1,12
general__rom_082d4af4,010,flat,reviewed_surface,364,6,FR_CERULEAN_CITY,8,34
general__rom_082d4af4,0B0,ledge,modeled_ledge,23,4,FR_CERULEAN_CITY,11,16
general__rom_082d4af4,0B1,ledge,modeled_ledge,29,5,FR_CERULEAN_CITY,27,36
general__rom_082d4af4,0B2,cliff,modeled_cliff,30,5,FR_CERULEAN_CITY,3,1
general__rom_082d4af4,0B3,cliff,modeled_cliff,29,4,FR_ROUTE_24,19,0
general__rom_082d4af4,011,flat,reviewed_surface,330,6,FR_CERULEAN_CITY,7,34
general__rom_082d4af4,0B4,cliff,modeled_cliff,7,1,FR_ROUTE_25,43,1
general__rom_082d4af4,0B5,cliff,modeled_cliff,7,1,FR_ROUTE_25,44,1
general__rom_082d4af4,0B7,flat,unreviewed,6,1,FR_ROUTE_4,21,8
general__rom_082d4af4,0B8,flat,unreviewed,5,3,FR_ROUTE_24,9,6
general__rom_082d4af4,0B9,flat,unreviewed,5,3,FR_ROUTE_24,6,6
general__rom_082d4af4,0BA,cliff,modeled_cliff,23,4,FR_ROUTE_24,1,35
general__rom_082d4af4,0BB,cliff,modeled_cliff,14,4,FR_ROUTE_24,19,15
general__rom_082d4af4,0BD,flat,unreviewed,1,1,FR_ROUTE_5,20,22
general__rom_082d4af4,0BE,flat,unreviewed,1,1,FR_ROUTE_5,26,22
general__rom_082d4af4,0BF,flat,unreviewed,1,1,FR_ROUTE_5,27,22
general__rom_082d4af4,0C1,ledge,modeled_ledge,1,1,FR_CERULEAN_CITY,37,20
general__rom_082d4af4,0C2,flat,unreviewed,6,4,FR_ROUTE_24,19,4
general__rom_082d4af4,0C5,flat,unreviewed,3,1,FR_ROUTE_5,20,23
general__rom_082d4af4,0C6,flat,unreviewed,3,1,FR_ROUTE_5,26,23
general__rom_082d4af4,0C7,flat,unreviewed,3,1,FR_ROUTE_5,27,23
general__rom_082d4af4,001,flat,reviewed_surface,161,6,FR_CERULEAN_CITY,20,27
general__rom_082d4af4,0C8,ledge,modeled_ledge,1,1,FR_CERULEAN_CITY,35,20
general__rom_082d4af4,0CD,flat,unreviewed,1,1,FR_ROUTE_5,20,26
general__rom_082d4af4,0CE,flat,unreviewed,6,1,FR_ROUTE_5,25,26
general__rom_082d4af4,0CF,flat,unreviewed,1,1,FR_ROUTE_5,27,26
general__rom_082d4af4,0D0,flat,reviewed_surface,3,2,FR_ROUTE_4,14,6
general__rom_082d4af4,0D1,flat,unreviewed,23,3,FR_ROUTE_25,10,7
general__rom_082d4af4,014,tree,modeled_tree,360,4,FR_CERULEAN_CITY,44,33
general__rom_082d4af4,0D2,flat,unreviewed,4,3,FR_ROUTE_25,12,7
general__rom_082d4af4,0D3,flat,reviewed_surface,10,4,FR_CERULEAN_CITY,9,7
general__rom_082d4af4,0D4,flat,reviewed_surface,121,4,FR_CERULEAN_CITY,10,7
general__rom_082d4af4,0D5,flat,reviewed_surface,11,4,FR_CERULEAN_CITY,11,7
general__rom_082d4af4,0D6,flat,unreviewed,15,2,FR_CERULEAN_CITY,40,35
general__rom_082d4af4,0D7,flat,unreviewed,15,2,FR_CERULEAN_CITY,39,35
general__rom_082d4af4,0D8,flat,unreviewed,10,2,FR_ROUTE_24,10,10
general__rom_082d4af4,0D9,flat,unreviewed,532,4,FR_ROUTE_24,12,7
general__rom_082d4af4,0DA,flat,unreviewed,11,4,FR_ROUTE_24,12,10
general__rom_082d4af4,0DB,flat,reviewed_surface,99,4,FR_CERULEAN_CITY,17,27
general__rom_082d4af4,015,tree,modeled_tree,361,4,FR_CERULEAN_CITY,45,33
general__rom_082d4af4,0DC,flat,reviewed_surface,305,4,FR_CERULEAN_CITY,18,27
general__rom_082d4af4,0DD,flat,reviewed_surface,92,4,FR_CERULEAN_CITY,19,27
general__rom_082d4af4,0DF,flat,unreviewed,39,2,FR_CERULEAN_CITY,10,5
general__rom_082d4af4,0E1,flat,unreviewed,52,4,FR_ROUTE_24,7,9
general__rom_082d4af4,0E2,flat,unreviewed,5,3,FR_ROUTE_25,12,9
general__rom_082d4af4,0E3,flat,reviewed_surface,7,4,FR_CERULEAN_CITY,8,31
general__rom_082d4af4,0E4,flat,reviewed_surface,134,4,FR_CERULEAN_CITY,33,7
general__rom_082d4af4,0E5,flat,reviewed_surface,9,4,FR_CERULEAN_CITY,33,14
general__rom_082d4af4,016,tree,modeled_tree,39,3,FR_CERULEAN_CITY,34,37
general__rom_082d4af4,0E7,fence,modeled_fence,65,6,FR_CERULEAN_CITY,17,32
general__rom_082d4af4,0EC,fence,modeled_fence,6,3,FR_CERULEAN_CITY,33,35
general__rom_082d4af4,0ED,fence,modeled_fence,5,2,FR_CERULEAN_CITY,28,35
general__rom_082d4af4,0EE,flat,unreviewed,3,2,FR_ROUTE_5,22,32
general__rom_082d4af4,0EF,flat,unreviewed,7,4,FR_CERULEAN_CITY,41,11
general__rom_082d4af4,017,tree,modeled_tree,38,4,FR_CERULEAN_CITY,5,29
general__rom_082d4af4,0F4,fence,modeled_fence,115,5,FR_CERULEAN_CITY,41,34
general__rom_082d4af4,0F5,fence,modeled_fence,110,3,FR_CERULEAN_CITY,6,34
general__rom_082d4af4,0F6,flat,unreviewed,3,2,FR_ROUTE_5,14,34
general__rom_082d4af4,0F7,flat,unreviewed,4,3,FR_ROUTE_25,61,13
general__rom_082d4af4,0FA,flat,unreviewed,4,1,FR_CERULEAN_CITY,46,4
general__rom_082d4af4,0FB,flat,unreviewed,4,1,FR_CERULEAN_CITY,41,4
general__rom_082d4af4,0FC,fence,modeled_fence,4,4,FR_CERULEAN_CITY,41,17
general__rom_082d4af4,0FD,fence,modeled_fence,3,2,FR_CERULEAN_CITY,7,19
general__rom_082d4af4,0FE,flat,unreviewed,5,2,FR_ROUTE_4,14,7
general__rom_082d4af4,0FF,flat,unreviewed,8,3,FR_ROUTE_25,8,7
general__rom_082d4af4,102,flat,reviewed_surface,4,2,FR_CERULEAN_CITY,17,29
general__rom_082d4af4,103,flat,reviewed_surface,5,2,FR_CERULEAN_CITY,10,18
general__rom_082d4af4,104,flat,reviewed_surface,3,1,FR_CERULEAN_CITY,35,7
general__rom_082d4af4,105,flat,reviewed_surface,5,2,FR_CERULEAN_CITY,10,14
general__rom_082d4af4,106,flat,unreviewed,1,1,FR_ROUTE_24,10,9
general__rom_082d4af4,107,flat,unreviewed,3,3,FR_ROUTE_24,12,9
general__rom_082d4af4,10A,flat,unreviewed,4,1,FR_CERULEAN_CITY,40,3
general__rom_082d4af4,10B,flat,unreviewed,4,1,FR_CERULEAN_CITY,41,3
general__rom_082d4af4,120,flat,unreviewed,1,1,FR_CERULEAN_CITY,4,2
general__rom_082d4af4,121,flat,unreviewed,3,1,FR_ROUTE_25,65,3
general__rom_082d4af4,01C,tree,modeled_tree,343,5,FR_CERULEAN_CITY,0,34
general__rom_082d4af4,122,flat,unreviewed,6,3,FR_ROUTE_24,18,27
general__rom_082d4af4,123,flat,unreviewed,57,4,FR_CERULEAN_CITY,10,2
general__rom_082d4af4,124,flat,unreviewed,1,1,FR_ROUTE_24,8,16
general__rom_082d4af4,128,flat,unreviewed,1,1,FR_CERULEAN_CITY,6,5
general__rom_082d4af4,12A,flat,reviewed_surface,70,4,FR_CERULEAN_CITY,4,3
general__rom_082d4af4,12B,flat,reviewed_surface,131,4,FR_CERULEAN_CITY,10,3
general__rom_082d4af4,01D,tree,modeled_tree,347,5,FR_CERULEAN_CITY,43,34
general__rom_082d4af4,002,sign,modeled_sign,6,4,FR_CERULEAN_CITY,11,28
general__rom_082d4af4,12C,flat,reviewed_surface,43,3,FR_CERULEAN_CITY,6,6
general__rom_082d4af4,130,flat,reviewed_surface,3,1,FR_ROUTE_25,68,8
general__rom_082d4af4,131,flat,reviewed_surface,4,3,FR_CERULEAN_CITY,4,16
general__rom_082d4af4,133,flat,unreviewed,12,1,FR_ROUTE_25,43,12
general__rom_082d4af4,135,flat,unreviewed,5,2,FR_CERULEAN_CITY,29,4
general__rom_082d4af4,01E,tree,modeled_tree,80,5,FR_CERULEAN_CITY,42,34
general__rom_082d4af4,136,flat,unreviewed,4,1,FR_ROUTE_5,28,14
general__rom_082d4af4,139,roof,modeled_building,1,1,FR_CERULEAN_CITY,28,17
general__rom_082d4af4,13A,roof,modeled_building,5,1,FR_CERULEAN_CITY,29,17
general__rom_082d4af4,13B,roof,modeled_building,1,1,FR_CERULEAN_CITY,34,17
general__rom_082d4af4,13D,flat,unreviewed,2,1,FR_CERULEAN_CITY,7,32
general__rom_082d4af4,13E,flat,unreviewed,67,3,FR_CERULEAN_CITY,8,32
general__rom_082d4af4,13F,flat,unreviewed,3,2,FR_CERULEAN_CITY,37,32
general__rom_082d4af4,01F,tree,modeled_tree,76,5,FR_CERULEAN_CITY,5,34
general__rom_082d4af4,141,roof,modeled_building,1,1,FR_CERULEAN_CITY,28,18
general__rom_082d4af4,142,roof,modeled_building,5,1,FR_CERULEAN_CITY,29,18
general__rom_082d4af4,143,roof,modeled_building,1,1,FR_CERULEAN_CITY,34,18
general__rom_082d4af4,146,flat,unreviewed,1,1,FR_ROUTE_24,13,10
general__rom_082d4af4,149,roof,modeled_building,1,1,FR_CERULEAN_CITY,28,19
general__rom_082d4af4,14A,roof,modeled_building,5,1,FR_CERULEAN_CITY,30,19
general__rom_082d4af4,14B,roof,modeled_building,1,1,FR_CERULEAN_CITY,34,19
general__rom_082d4af4,14D,flat,unreviewed,1,1,FR_ROUTE_24,13,16
general__rom_082d4af4,150,wall,modeled_building,1,1,FR_CERULEAN_CITY,28,20
general__rom_082d4af4,151,wall,modeled_building,1,1,FR_CERULEAN_CITY,29,20
general__rom_082d4af4,152,wall,modeled_building,1,1,FR_CERULEAN_CITY,30,20
general__rom_082d4af4,153,wall,modeled_building,1,1,FR_CERULEAN_CITY,31,20
general__rom_082d4af4,154,wall,modeled_building,1,1,FR_CERULEAN_CITY,32,20
general__rom_082d4af4,155,wall,modeled_building,1,1,FR_CERULEAN_CITY,33,20
general__rom_082d4af4,156,wall,modeled_building,1,1,FR_CERULEAN_CITY,34,20
general__rom_082d4af4,157,flat,unreviewed,5,1,FR_ROUTE_24,13,13
general__rom_082d4af4,158,wall,modeled_building,1,1,FR_CERULEAN_CITY,28,21
general__rom_082d4af4,159,wall,modeled_building,1,1,FR_CERULEAN_CITY,29,21
general__rom_082d4af4,15A,wall,modeled_building,1,1,FR_CERULEAN_CITY,30,21
general__rom_082d4af4,15B,wall,modeled_building,1,1,FR_CERULEAN_CITY,31,21
general__rom_082d4af4,15C,wall,modeled_building,1,1,FR_CERULEAN_CITY,32,21
general__rom_082d4af4,15D,wall,modeled_building,1,1,FR_CERULEAN_CITY,33,21
general__rom_082d4af4,15E,wall,modeled_building,1,1,FR_CERULEAN_CITY,34,21
general__rom_082d4af4,160,flat,modeled_prop,1,1,FR_CERULEAN_CITY,27,20
general__rom_082d4af4,162,flat,unreviewed,1,1,FR_ROUTE_25,47,6
general__rom_082d4af4,163,flat,unreviewed,4,1,FR_ROUTE_25,48,6
general__rom_082d4af4,164,flat,unreviewed,1,1,FR_ROUTE_25,55,6
general__rom_082d4af4,168,flat,modeled_prop,1,1,FR_CERULEAN_CITY,27,21
general__rom_082d4af4,169,flat,unreviewed,1,1,FR_ROUTE_25,48,4
general__rom_082d4af4,16A,flat,unreviewed,1,1,FR_ROUTE_25,50,5
general__rom_082d4af4,16B,flat,unreviewed,4,1,FR_ROUTE_25,51,5
general__rom_082d4af4,16C,flat,unreviewed,1,1,FR_ROUTE_25,52,5
general__rom_082d4af4,024,tree,modeled_tree,19,4,FR_CERULEAN_CITY,44,15
general__rom_082d4af4,172,flat,unreviewed,1,1,FR_ROUTE_25,47,7
general__rom_082d4af4,173,flat,unreviewed,7,1,FR_ROUTE_25,48,7
general__rom_082d4af4,174,flat,unreviewed,1,1,FR_ROUTE_25,55,7
general__rom_082d4af4,178,flat,unreviewed,1,1,FR_ROUTE_5,23,32
general__rom_082d4af4,179,flat,unreviewed,2,1,FR_ROUTE_5,24,32
general__rom_082d4af4,17A,flat,unreviewed,1,1,FR_ROUTE_5,26,32
general__rom_082d4af4,17B,flat,modeled_building,1,1,FR_CERULEAN_CITY,20,15
general__rom_082d4af4,025,tree,modeled_tree,18,4,FR_CERULEAN_CITY,43,15
general__rom_082d4af4,17C,flat,modeled_building,1,1,FR_CERULEAN_CITY,21,15
general__rom_082d4af4,17D,flat,modeled_building,1,1,FR_CERULEAN_CITY,22,15
general__rom_082d4af4,17E,flat,modeled_building,1,1,FR_CERULEAN_CITY,23,15
general__rom_082d4af4,17F,flat,modeled_building,1,1,FR_CERULEAN_CITY,24,15
general__rom_082d4af4,183,flat,unreviewed,1,1,FR_ROUTE_5,22,35
general__rom_082d4af4,184,flat,unreviewed,4,1,FR_ROUTE_5,26,35
general__rom_082d4af4,185,flat,unreviewed,1,1,FR_ROUTE_5,27,35
general__rom_082d4af4,026,tree,modeled_tree,7,3,FR_CERULEAN_CITY,42,15
general__rom_082d4af4,186,wall,modeled_building,2,2,FR_CERULEAN_CITY,23,19
general__rom_082d4af4,187,roof,modeled_building,2,2,FR_CERULEAN_CITY,24,16
general__rom_082d4af4,188,roof,unmatched_building,1,1,FR_ROUTE_5,23,37
general__rom_082d4af4,189,wall,unmatched_building,2,1,FR_ROUTE_5,25,37
general__rom_082d4af4,18A,wall,unmatched_building,1,1,FR_ROUTE_5,26,37
general__rom_082d4af4,18F,flat,modeled_building,2,2,FR_CERULEAN_CITY,24,17
general__rom_082d4af4,027,tree,modeled_tree,7,3,FR_ROUTE_25,61,3
general__rom_082d4af4,003,sign,modeled_sign,1,1,FR_CERULEAN_CITY,19,32
general__rom_082d4af4,190,flat,unreviewed,1,1,FR_ROUTE_5,23,38
general__rom_082d4af4,191,flat,unreviewed,2,1,FR_ROUTE_5,24,38
general__rom_082d4af4,192,flat,unreviewed,1,1,FR_ROUTE_5,26,38
general__rom_082d4af4,197,wall,modeled_building,2,2,FR_CERULEAN_CITY,24,18
general__rom_082d4af4,198,wall,unmatched_building,1,1,FR_ROUTE_5,23,39
general__rom_082d4af4,199,wall,unmatched_building,2,1,FR_ROUTE_5,24,39
general__rom_082d4af4,028,roof,modeled_building,1,1,FR_CERULEAN_CITY,27,25
general__rom_082d4af4,19A,flat,unreviewed,1,1,FR_ROUTE_5,26,39
general__rom_082d4af4,19F,wall,modeled_building,2,2,FR_CERULEAN_CITY,24,19
general__rom_082d4af4,029,roof,modeled_building,1,1,FR_CERULEAN_CITY,28,25
general__rom_082d4af4,1A5,flat,unreviewed,2,1,FR_ROUTE_25,43,9
general__rom_082d4af4,1A6,flat,unreviewed,8,1,FR_ROUTE_25,46,9
general__rom_082d4af4,1A7,flat,unreviewed,2,1,FR_ROUTE_25,59,9
general__rom_082d4af4,1AD,flat,unreviewed,4,1,FR_ROUTE_25,43,10
general__rom_082d4af4,02A,roof,modeled_building,1,1,FR_CERULEAN_CITY,29,25
general__rom_082d4af4,1AE,flat,unreviewed,16,1,FR_ROUTE_25,44,10
general__rom_082d4af4,1AF,flat,unreviewed,4,1,FR_ROUTE_25,48,10
general__rom_082d4af4,1B5,flat,unreviewed,4,1,FR_ROUTE_5,26,36
general__rom_082d4af4,1B6,flat,unreviewed,1,1,FR_ROUTE_5,22,36
general__rom_082d4af4,1B7,flat,unreviewed,1,1,FR_ROUTE_5,27,36
general__rom_082d4af4,02B,roof,modeled_building,1,1,FR_CERULEAN_CITY,30,25
general__rom_082d4af4,1D0,flat,reviewed_surface,5,2,FR_ROUTE_24,20,28
general__rom_082d4af4,1D2,flat,reviewed_surface,3,1,FR_ROUTE_25,64,4
general__rom_082d4af4,1D9,flat,reviewed_surface,315,3,FR_CERULEAN_CITY,41,0
general__rom_082d4af4,1E0,flat,unreviewed,2,1,FR_CERULEAN_CITY,32,2
general__rom_082d4af4,030,roof,modeled_building,1,1,FR_CERULEAN_CITY,27,26
general__rom_082d4af4,1F1,flat,unreviewed,4,1,FR_ROUTE_9,69,15
general__rom_082d4af4,1F2,flat,unreviewed,6,2,FR_ROUTE_4,29,9
general__rom_082d4af4,1F3,flat,unreviewed,8,2,FR_ROUTE_4,22,9
general__rom_082d4af4,031,roof,modeled_building,1,1,FR_CERULEAN_CITY,28,26
general__rom_082d4af4,004,flowers,modeled_flowers,42,4,FR_CERULEAN_CITY,16,6
general__rom_082d4af4,1F4,flat,unreviewed,11,3,FR_ROUTE_24,2,6
general__rom_082d4af4,032,roof,modeled_building,1,1,FR_CERULEAN_CITY,29,26
general__rom_082d4af4,033,roof,modeled_building,1,1,FR_CERULEAN_CITY,30,26
general__rom_082d4af4,20F,flat,unreviewed,2,1,FR_ROUTE_9,15,9
general__rom_082d4af4,217,flat,unreviewed,1,1,FR_ROUTE_9,31,14
general__rom_082d4af4,038,roof,modeled_building,1,1,FR_CERULEAN_CITY,27,27
general__rom_082d4af4,039,roof,modeled_building,1,1,FR_CERULEAN_CITY,28,27
general__rom_082d4af4,03A,roof,modeled_building,1,1,FR_CERULEAN_CITY,29,27
general__rom_082d4af4,03B,roof,modeled_building,1,1,FR_CERULEAN_CITY,30,27
general__rom_082d4af4,005,shrub,modeled_shrub,55,2,FR_CERULEAN_CITY,21,11
general__rom_082d4af4,03D,flat,unreviewed,1,1,FR_ROUTE_5,31,31
general__rom_082d4af4,280,flat,modeled_building,1,1,FR_ROUTE_4,10,1
general__rom_082d4af4,281,flat,modeled_building,1,1,FR_ROUTE_4,11,1
general__rom_082d4af4,282,flat,modeled_building,1,1,FR_ROUTE_4,12,1
general__rom_082d4af4,283,flat,modeled_building,1,1,FR_ROUTE_4,13,1
general__rom_082d4af4,284,flat,modeled_building,1,1,FR_ROUTE_4,14,1
general__rom_082d4af4,285,flat,unreviewed,1,1,FR_CERULEAN_CITY,7,5
general__rom_082d4af4,286,flat,unreviewed,1,1,FR_CERULEAN_CITY,39,4
general__rom_082d4af4,287,flat,unreviewed,1,1,FR_CERULEAN_CITY,14,23
general__rom_082d4af4,288,flat,unreviewed,1,1,FR_CERULEAN_CITY,6,35
general__rom_082d4af4,289,flat,unreviewed,1,1,FR_CERULEAN_CITY,41,35
general__rom_082d4af4,040,wall,modeled_building,1,1,FR_CERULEAN_CITY,27,28
general__rom_082d4af4,28A,flat,unreviewed,1,1,FR_CERULEAN_CITY,12,23
general__rom_082d4af4,28B,flat,unreviewed,1,1,FR_CERULEAN_CITY,13,23
general__rom_082d4af4,28C,flat,unreviewed,1,1,FR_CERULEAN_CITY,15,23
general__rom_082d4af4,28D,flat,unreviewed,1,1,FR_CERULEAN_CITY,12,27
general__rom_082d4af4,28E,flat,unreviewed,2,1,FR_CERULEAN_CITY,13,27
general__rom_082d4af4,28F,flat,unreviewed,1,1,FR_CERULEAN_CITY,15,27
general__rom_082d4af4,290,flat,modeled_building,5,1,FR_CERULEAN_CITY,23,27
general__rom_082d4af4,291,flat,modeled_building,1,1,FR_CERULEAN_CITY,39,7
general__rom_082d4af4,292,flat,unreviewed,2,1,FR_CERULEAN_CITY,12,24
general__rom_082d4af4,293,flat,unreviewed,4,1,FR_CERULEAN_CITY,13,24
general__rom_082d4af4,041,wall,modeled_building,1,1,FR_CERULEAN_CITY,28,28
general__rom_082d4af4,294,flat,unreviewed,2,1,FR_CERULEAN_CITY,15,24
general__rom_082d4af4,295,flat,unreviewed,1,1,FR_CERULEAN_CITY,12,28
general__rom_082d4af4,296,flat,unreviewed,2,1,FR_CERULEAN_CITY,13,28
general__rom_082d4af4,297,flat,unreviewed,1,1,FR_CERULEAN_CITY,15,28
general__rom_082d4af4,298,flat,modeled_building,6,2,FR_CERULEAN_CITY,10,11
general__rom_082d4af4,298,flat,unreviewed,1,1,FR_ROUTE_25,51,4
general__rom_082d4af4,299,flat,modeled_building,3,1,FR_CERULEAN_CITY,33,25
general__rom_082d4af4,29A,flat,unreviewed,1,1,FR_CERULEAN_CITY,12,26
general__rom_082d4af4,29B,flat,unreviewed,2,1,FR_CERULEAN_CITY,13,26
general__rom_082d4af4,29C,flat,unreviewed,1,1,FR_CERULEAN_CITY,15,26
general__rom_082d4af4,29D,flat,unreviewed,1,1,FR_CERULEAN_CITY,12,29
general__rom_082d4af4,29E,flat,unreviewed,2,1,FR_CERULEAN_CITY,13,29
general__rom_082d4af4,29F,flat,unreviewed,1,1,FR_CERULEAN_CITY,15,29
general__rom_082d4af4,2A0,flat,modeled_building,4,1,FR_CERULEAN_CITY,28,8
general__rom_082d4af4,2A1,flat,modeled_building,4,1,FR_CERULEAN_CITY,32,25
general__rom_082d4af4,2A2,flat,modeled_building,2,1,FR_CERULEAN_CITY,35,25
general__rom_082d4af4,2A3,flat,modeled_building,1,1,FR_CERULEAN_CITY,40,7
general__rom_082d4af4,2A4,flat,modeled_building,1,1,FR_CERULEAN_CITY,41,7
general__rom_082d4af4,2A5,flat,modeled_building,1,1,FR_CERULEAN_CITY,42,7
general__rom_082d4af4,2A6,flat,modeled_building,1,1,FR_CERULEAN_CITY,43,7
general__rom_082d4af4,2A7,flat,modeled_building,2,1,FR_CERULEAN_CITY,11,8
general__rom_082d4af4,2A8,flat,modeled_building,7,1,FR_CERULEAN_CITY,13,15
general__rom_082d4af4,2A9,flat,modeled_building,30,1,FR_CERULEAN_CITY,10,9
general__rom_082d4af4,2AA,flat,modeled_building,7,1,FR_CERULEAN_CITY,14,9
general__rom_082d4af4,2AB,flat,modeled_building,2,1,FR_CERULEAN_CITY,8,8
general__rom_082d4af4,2AC,flat,modeled_building,7,1,FR_CERULEAN_CITY,12,8
general__rom_082d4af4,2AD,flat,modeled_building,3,1,FR_CERULEAN_CITY,14,8
general__rom_082d4af4,2AE,flat,modeled_building,2,1,FR_CERULEAN_CITY,30,8
general__rom_082d4af4,2AF,flat,modeled_building,2,1,FR_CERULEAN_CITY,10,8
general__rom_082d4af4,2B0,flat,modeled_building,7,1,FR_CERULEAN_CITY,21,27
general__rom_082d4af4,2B1,flat,modeled_building,15,1,FR_CERULEAN_CITY,25,27
general__rom_082d4af4,044,wall,unmatched_building,2,1,FR_ROUTE_5,30,28
general__rom_082d4af4,2B2,flat,modeled_building,7,1,FR_CERULEAN_CITY,34,10
general__rom_082d4af4,2B3,flat,modeled_building,1,1,FR_CERULEAN_CITY,13,14
general__rom_082d4af4,2B4,flat,modeled_building,5,1,FR_CERULEAN_CITY,14,14
general__rom_082d4af4,2B5,flat,modeled_building,1,1,FR_CERULEAN_CITY,19,14
general__rom_082d4af4,2B6,flat,modeled_building,5,1,FR_CERULEAN_CITY,12,11
general__rom_082d4af4,2B7,flat,modeled_building,4,1,FR_CERULEAN_CITY,13,11
general__rom_082d4af4,2B8,flat,modeled_building,7,1,FR_CERULEAN_CITY,21,28
general__rom_082d4af4,2BA,flat,modeled_building,7,1,FR_CERULEAN_CITY,26,28
general__rom_082d4af4,2BB,flat,modeled_building,1,1,FR_CERULEAN_CITY,29,8
general__rom_082d4af4,045,wall,unmatched_building,6,1,FR_ROUTE_5,31,28
general__rom_082d4af4,2BD,flat,modeled_building,2,1,FR_CERULEAN_CITY,24,28
general__rom_082d4af4,2BE,flat,modeled_building,1,1,FR_CERULEAN_CITY,41,10
general__rom_082d4af4,2BF,flat,modeled_building,4,1,FR_CERULEAN_CITY,25,28
general__rom_082d4af4,2C0,flat,modeled_building,1,1,FR_CERULEAN_CITY,33,28
general__rom_082d4af4,2C1,flat,modeled_building,5,1,FR_CERULEAN_CITY,22,28
general__rom_082d4af4,2C2,flat,modeled_building,3,1,FR_CERULEAN_CITY,11,11
general__rom_082d4af4,2C3,flat,modeled_building,5,1,FR_CERULEAN_CITY,14,16
general__rom_082d4af4,2C4,flat,modeled_building,5,1,FR_CERULEAN_CITY,24,27
general__rom_082d4af4,2C5,flat,unreviewed,1,1,FR_ROUTE_24,9,17
general__rom_082d4af4,046,wall,unmatched_building,2,1,FR_ROUTE_5,33,28
general__rom_082d4af4,2C6,flat,unreviewed,1,1,FR_ROUTE_24,10,17
general__rom_082d4af4,2C7,flat,unreviewed,1,1,FR_ROUTE_24,13,17
general__rom_082d4af4,2C8,flat,unreviewed,1,1,FR_ROUTE_25,49,1
general__rom_082d4af4,2C9,flat,unreviewed,1,1,FR_ROUTE_25,50,1
general__rom_082d4af4,2CA,flat,unreviewed,1,1,FR_ROUTE_25,51,1
general__rom_082d4af4,2CB,flat,unreviewed,1,1,FR_ROUTE_25,52,1
general__rom_082d4af4,2CC,flat,unreviewed,1,1,FR_ROUTE_25,53,1
general__rom_082d4af4,2CD,flat,unreviewed,13,2,FR_CERULEAN_CITY,21,3
general__rom_082d4af4,2CE,flat,unreviewed,26,2,FR_CERULEAN_CITY,22,3
general__rom_082d4af4,2CF,flat,unreviewed,12,2,FR_CERULEAN_CITY,25,3
general__rom_082d4af4,2D0,flat,unreviewed,1,1,FR_ROUTE_25,49,2
general__rom_082d4af4,2D1,flat,unreviewed,1,1,FR_ROUTE_25,50,2
general__rom_082d4af4,2D2,flat,unreviewed,1,1,FR_ROUTE_25,51,2
general__rom_082d4af4,2D3,flat,unreviewed,1,1,FR_ROUTE_25,52,2
general__rom_082d4af4,2D4,flat,unreviewed,1,1,FR_ROUTE_25,53,2
general__rom_082d4af4,2D5,flat,unreviewed,1,1,FR_CERULEAN_CITY,21,4
general__rom_082d4af4,2D6,flat,unreviewed,1,1,FR_CERULEAN_CITY,22,4
general__rom_082d4af4,2D7,flat,unreviewed,1,1,FR_CERULEAN_CITY,25,4
general__rom_082d4af4,2D8,flat,unreviewed,1,1,FR_ROUTE_25,49,3
general__rom_082d4af4,2D9,flat,unreviewed,1,1,FR_ROUTE_25,50,3
general__rom_082d4af4,048,roof,modeled_building,2,2,FR_CERULEAN_CITY,20,16
general__rom_082d4af4,2DA,flat,unreviewed,1,1,FR_ROUTE_25,51,3
general__rom_082d4af4,2DB,flat,unreviewed,1,1,FR_ROUTE_25,52,3
general__rom_082d4af4,2DC,flat,unreviewed,1,1,FR_ROUTE_25,53,3
general__rom_082d4af4,2DD,flat,unreviewed,1,1,FR_ROUTE_24,11,17
general__rom_082d4af4,2DE,flat,unreviewed,1,1,FR_ROUTE_24,12,17
general__rom_082d4af4,2DF,flat,unreviewed,1,1,FR_CERULEAN_CITY,25,1
general__rom_082d4af4,2E0,flat,unreviewed,1,1,FR_ROUTE_25,49,4
general__rom_082d4af4,2E1,flat,unreviewed,1,1,FR_ROUTE_25,50,4
general__rom_082d4af4,2E3,flat,unreviewed,1,1,FR_ROUTE_25,52,4
general__rom_082d4af4,049,roof,modeled_building,2,2,FR_CERULEAN_CITY,21,16
general__rom_082d4af4,2E4,flat,unreviewed,1,1,FR_ROUTE_25,53,4
general__rom_082d4af4,2E5,flat,unreviewed,26,2,FR_CERULEAN_CITY,23,1
general__rom_082d4af4,2E6,flat,unreviewed,26,2,FR_CERULEAN_CITY,24,0
general__rom_082d4af4,2E7,flat,unreviewed,22,1,FR_ROUTE_25,41,10
general__rom_082d4af4,2E8,flat,unreviewed,3,1,FR_CERULEAN_CITY,10,27
general__rom_082d4af4,2E9,flat,unreviewed,3,1,FR_CERULEAN_CITY,11,27
general__rom_082d4af4,2ED,flat,unreviewed,2,1,FR_CERULEAN_CITY,23,4
general__rom_082d4af4,04A,roof,modeled_building,2,2,FR_CERULEAN_CITY,22,16
general__rom_082d4af4,2EE,flat,unreviewed,13,2,FR_CERULEAN_CITY,21,0
general__rom_082d4af4,2EF,flat,unreviewed,13,2,FR_CERULEAN_CITY,25,0
general__rom_082d4af4,2F0,flat,modeled_building,1,1,FR_ROUTE_5,21,21
general__rom_082d4af4,2F1,flat,modeled_building,2,1,FR_ROUTE_5,22,21
general__rom_082d4af4,2F2,flat,modeled_building,1,1,FR_ROUTE_5,23,21
general__rom_082d4af4,2F3,flat,modeled_building,1,1,FR_ROUTE_5,25,21
general__rom_082d4af4,2F4,flat,modeled_building,1,1,FR_ROUTE_5,21,24
general__rom_082d4af4,2F5,flat,modeled_building,1,1,FR_ROUTE_5,22,24
general__rom_082d4af4,2F6,flat,modeled_building,1,1,FR_ROUTE_5,24,24
general__rom_082d4af4,2F7,flat,modeled_building,1,1,FR_ROUTE_5,25,24
general__rom_082d4af4,04B,roof,modeled_building,2,2,FR_CERULEAN_CITY,23,16
general__rom_082d4af4,2F8,flat,modeled_building,1,1,FR_ROUTE_5,21,22
general__rom_082d4af4,2F9,flat,modeled_building,3,1,FR_ROUTE_5,22,22
general__rom_082d4af4,2FA,flat,unreviewed,1,1,FR_ROUTE_25,48,3
general__rom_082d4af4,2FB,flat,modeled_building,1,1,FR_ROUTE_5,25,22
general__rom_082d4af4,2FC,flat,modeled_building,1,1,FR_ROUTE_5,21,25
general__rom_082d4af4,2FD,flat,modeled_building,1,1,FR_ROUTE_5,22,25
general__rom_082d4af4,2FE,flat,modeled_building,1,1,FR_ROUTE_5,23,24
general__rom_082d4af4,2FF,flat,modeled_building,1,1,FR_ROUTE_5,25,25
general__rom_082d4af4,300,flat,modeled_building,1,1,FR_ROUTE_5,21,23
general__rom_082d4af4,301,flat,modeled_building,3,1,FR_ROUTE_5,22,23
general__rom_082d4af4,04C,flat,unreviewed,2,1,FR_ROUTE_5,22,34
general__rom_082d4af4,302,flat,unreviewed,1,1,FR_ROUTE_9,33,10
general__rom_082d4af4,303,flat,modeled_building,1,1,FR_ROUTE_5,25,23
general__rom_082d4af4,304,flat,modeled_building,1,1,FR_ROUTE_5,24,25
general__rom_082d4af4,305,flat,unreviewed,2,1,FR_ROUTE_9,7,10
general__rom_082d4af4,04D,flat,unreviewed,6,1,FR_ROUTE_5,23,34
general__rom_082d4af4,04E,flat,unreviewed,2,1,FR_ROUTE_5,27,34
general__rom_082d4af4,050,roof,modeled_building,2,2,FR_CERULEAN_CITY,20,17
general__rom_082d4af4,051,roof,modeled_building,2,2,FR_CERULEAN_CITY,21,17
general__rom_082d4af4,052,roof,modeled_building,2,2,FR_CERULEAN_CITY,22,17
general__rom_082d4af4,053,roof,modeled_building,2,2,FR_CERULEAN_CITY,23,17
general__rom_082d4af4,054,flat,unreviewed,1,1,FR_ROUTE_5,30,30
general__rom_082d4af4,055,flat,unreviewed,1,1,FR_ROUTE_5,32,30
general__rom_082d4af4,056,flat,unreviewed,1,1,FR_ROUTE_5,33,30
general__rom_082d4af4,058,roof,modeled_building,2,2,FR_CERULEAN_CITY,20,18
general__rom_082d4af4,059,roof,modeled_building,2,2,FR_CERULEAN_CITY,21,18
general__rom_082d4af4,008,flat,reviewed_surface,442,6,FR_CERULEAN_CITY,12,6
general__rom_082d4af4,05A,roof,modeled_building,2,2,FR_CERULEAN_CITY,22,18
general__rom_082d4af4,05B,roof,modeled_building,2,2,FR_CERULEAN_CITY,23,18
general__rom_082d4af4,05C,wall,unmatched_building,1,1,FR_ROUTE_5,22,37
general__rom_082d4af4,05E,wall,unmatched_building,1,1,FR_ROUTE_5,27,37
general__rom_082d4af4,060,wall,modeled_building,2,2,FR_CERULEAN_CITY,20,19
general__rom_082d4af4,061,wall,modeled_building,2,2,FR_CERULEAN_CITY,21,19
general__rom_082d4af4,062,wall,modeled_building,3,2,FR_CERULEAN_CITY,22,19
general__rom_082d4af4,063,wall,modeled_building,1,1,FR_CERULEAN_CITY,30,28
general__rom_082d4af4,009,flat,reviewed_surface,410,6,FR_CERULEAN_CITY,16,27
general__rom_082d4b0c,064,wall,unmatched_building,3,2,FR_ROUTE_12,12,21
general__rom_082d4b0c,065,wall,unmatched_building,5,1,FR_ROUTE_8,14,4
general__rom_082d4b0c,066,flat,unreviewed,3,2,FR_ROUTE_12,16,21
general__rom_082d4b0c,067,flat,unreviewed,1,1,FR_ROUTE_8,13,3
general__rom_082d4b0c,068,cliff,modeled_cliff,5,3,FR_LAVENDER_TOWN,13,19
general__rom_082d4b0c,069,cliff,modeled_cliff,112,3,FR_LAVENDER_TOWN,5,19
general__rom_082d4b0c,06A,cliff,modeled_cliff,8,3,FR_LAVENDER_TOWN,10,19
general__rom_082d4b0c,06B,cliff,modeled_cliff,7,1,FR_ROUTE_10,14,79
general__rom_082d4b0c,06C,cliff,modeled_cliff,52,2,FR_ROUTE_10,9,64
general__rom_082d4b0c,06D,cliff,modeled_cliff,14,2,FR_ROUTE_10,9,16
general__rom_082d4b0c,070,cliff,modeled_cliff,71,4,FR_LAVENDER_TOWN,22,15
general__rom_082d4b0c,071,cliff,modeled_cliff,757,4,FR_LAVENDER_TOWN,23,15
general__rom_082d4b0c,072,cliff,modeled_cliff,67,4,FR_LAVENDER_TOWN,0,15
general__rom_082d4b0c,073,cliff,modeled_cliff,68,2,FR_LAVENDER_TOWN,14,0
general__rom_082d4b0c,075,cliff,modeled_cliff,87,3,FR_LAVENDER_TOWN,22,0
general__rom_082d4b0c,00B,tree,modeled_tree,7,2,FR_ROUTE_12,8,118
general__rom_082d4b0c,078,cliff,modeled_cliff,5,4,FR_LAVENDER_TOWN,13,6
general__rom_082d4b0c,079,cliff,modeled_cliff,90,3,FR_LAVENDER_TOWN,2,4
general__rom_082d4b0c,07A,cliff,modeled_cliff,8,4,FR_LAVENDER_TOWN,0,8
general__rom_082d4b0c,07B,cliff,modeled_cliff,8,2,FR_LAVENDER_TOWN,14,5
general__rom_082d4b0c,07C,cliff,modeled_cliff,81,2,FR_ROUTE_10,5,34
general__rom_082d4b0c,07D,cliff,modeled_cliff,14,3,FR_LAVENDER_TOWN,22,5
general__rom_082d4b0c,080,flat,unreviewed,2,1,FR_ROUTE_10,5,63
general__rom_082d4b0c,081,flat,unreviewed,9,1,FR_ROUTE_10,6,63
general__rom_082d4b0c,00C,tree,modeled_tree,7,2,FR_ROUTE_12,11,118
general__rom_082d4b0c,084,flat,unreviewed,1,1,FR_ROUTE_14,1,48
general__rom_082d4b0c,087,ledge,modeled_ledge,22,2,FR_ROUTE_10,10,12
general__rom_082d4b0c,088,flat,unreviewed,3,1,FR_ROUTE_10,13,42
general__rom_082d4b0c,08A,flat,unreviewed,23,1,FR_ROUTE_10,2,60
general__rom_082d4b0c,00D,grass,modeled_grass,204,5,FR_ROUTE_10,12,6
general__rom_082d4b0c,08E,flat,unreviewed,1,1,FR_ROUTE_14,1,49
general__rom_082d4b0c,08F,flat,unreviewed,3,1,FR_ROUTE_10,2,65
general__rom_082d4b0c,090,flat,unreviewed,1,1,FR_ROUTE_10,13,43
general__rom_082d4b0c,092,flat,unreviewed,5,1,FR_ROUTE_10,15,43
general__rom_082d4b0c,00E,tree,modeled_tree,20,3,FR_ROUTE_13,44,6
general__rom_082d4b0c,097,ledge,modeled_ledge,6,1,FR_ROUTE_8,21,5
general__rom_082d4b0c,00F,tree,modeled_tree,21,3,FR_ROUTE_13,45,6
general__rom_082d4b0c,0A1,flat,unreviewed,1,1,FR_ROUTE_10,5,66
general__rom_082d4b0c,0A2,flat,unreviewed,1,1,FR_ROUTE_10,16,56
general__rom_082d4b0c,0A9,flat,unreviewed,2,1,FR_ROUTE_10,8,19
general__rom_082d4b0c,010,flat,reviewed_surface,206,6,FR_LAVENDER_TOWN,14,15
general__rom_082d4b0c,0B0,ledge,modeled_ledge,2,2,FR_ROUTE_10,19,62
general__rom_082d4b0c,0B1,ledge,modeled_ledge,6,2,FR_ROUTE_10,12,74
general__rom_082d4b0c,0B2,cliff,modeled_cliff,18,4,FR_LAVENDER_TOWN,3,2
general__rom_082d4b0c,0B3,cliff,modeled_cliff,7,3,FR_LAVENDER_TOWN,22,6
general__rom_082d4b0c,011,flat,reviewed_surface,257,6,FR_LAVENDER_TOWN,1,12
general__rom_082d4b0c,0B4,cliff,modeled_cliff,10,2,FR_ROUTE_12,0,41
general__rom_082d4b0c,0B5,cliff,modeled_cliff,9,2,FR_ROUTE_12,3,41
general__rom_082d4b0c,0BA,cliff,modeled_cliff,10,4,FR_LAVENDER_TOWN,0,19
general__rom_082d4b0c,0BB,cliff,modeled_cliff,6,3,FR_LAVENDER_TOWN,22,19
general__rom_082d4b0c,0BD,flat,unreviewed,3,1,FR_ROUTE_13,13,7
general__rom_082d4b0c,0BE,flat,unreviewed,5,1,FR_ROUTE_13,14,7
general__rom_082d4b0c,0BF,flat,unreviewed,4,1,FR_ROUTE_13,29,12
general__rom_082d4b0c,0C0,ledge,modeled_ledge,2,1,FR_ROUTE_8,20,5
general__rom_082d4b0c,0C1,ledge,modeled_ledge,2,1,FR_ROUTE_8,24,5
general__rom_082d4b0c,0C2,flat,unreviewed,7,3,FR_ROUTE_10,17,29
general__rom_082d4b0c,0C4,flat,unreviewed,1,1,FR_ROUTE_13,28,12
general__rom_082d4b0c,0C5,flat,unreviewed,2,1,FR_ROUTE_13,13,8
general__rom_082d4b0c,0C6,flat,unreviewed,2,1,FR_ROUTE_13,14,8
general__rom_082d4b0c,0C7,flat,unreviewed,1,1,FR_ROUTE_13,15,8
general__rom_082d4b0c,001,flat,reviewed_surface,152,6,FR_LAVENDER_TOWN,15,15
general__rom_082d4b0c,0CD,flat,unreviewed,3,1,FR_ROUTE_13,26,13
general__rom_082d4b0c,0CE,flat,unreviewed,6,1,FR_ROUTE_13,14,9
general__rom_082d4b0c,0CF,flat,unreviewed,3,1,FR_ROUTE_13,29,13
general__rom_082d4b0c,0D0,flat,reviewed_surface,3,1,FR_ROUTE_10,9,42
general__rom_082d4b0c,0D1,flat,unreviewed,15,1,FR_ROUTE_10,4,43
general__rom_082d4b0c,014,tree,modeled_tree,329,4,FR_ROUTE_12,2,96
general__rom_082d4b0c,0D2,flat,unreviewed,3,1,FR_ROUTE_10,3,7
general__rom_082d4b0c,0D3,flat,reviewed_surface,7,2,FR_ROUTE_14,14,13
general__rom_082d4b0c,0D4,flat,reviewed_surface,87,2,FR_ROUTE_14,10,27
general__rom_082d4b0c,0D5,flat,reviewed_surface,5,2,FR_ROUTE_14,11,27
general__rom_082d4b0c,0D6,flat,unreviewed,8,2,FR_ROUTE_12,12,112
general__rom_082d4b0c,0D7,flat,unreviewed,7,2,FR_ROUTE_12,13,112
general__rom_082d4b0c,0D8,flat,unreviewed,1,1,FR_ROUTE_10,11,22
general__rom_082d4b0c,0D9,flat,unreviewed,167,1,FR_ROUTE_10,3,20
general__rom_082d4b0c,0DA,flat,unreviewed,7,1,FR_ROUTE_10,4,9
general__rom_082d4b0c,0DB,flat,reviewed_surface,100,2,FR_ROUTE_14,9,34
general__rom_082d4b0c,015,tree,modeled_tree,269,4,FR_ROUTE_12,3,45
general__rom_082d4b0c,0DC,flat,reviewed_surface,213,2,FR_ROUTE_14,10,34
general__rom_082d4b0c,0DD,flat,reviewed_surface,105,2,FR_ROUTE_14,11,34
general__rom_082d4b0c,0DF,flat,unreviewed,12,1,FR_ROUTE_12,13,110
general__rom_082d4b0c,0E0,flat,reviewed_surface,1,1,FR_ROUTE_10,11,23
general__rom_082d4b0c,0E1,flat,unreviewed,8,1,FR_ROUTE_10,2,27
general__rom_082d4b0c,0E2,flat,unreviewed,12,1,FR_ROUTE_10,16,60
general__rom_082d4b0c,0E3,flat,reviewed_surface,4,2,FR_ROUTE_14,2,47
general__rom_082d4b0c,0E4,flat,reviewed_surface,89,2,FR_ROUTE_14,0,54
general__rom_082d4b0c,0E5,flat,reviewed_surface,7,2,FR_ROUTE_14,16,54
general__rom_082d4b0c,016,tree,modeled_tree,25,4,FR_ROUTE_12,12,116
general__rom_082d4b0c,0E7,fence,modeled_fence,334,6,FR_LAVENDER_TOWN,0,12
general__rom_082d4b0c,0EC,fence,modeled_fence,4,3,FR_ROUTE_12,7,71
general__rom_082d4b0c,0ED,fence,modeled_fence,2,1,FR_ROUTE_8,47,9
general__rom_082d4b0c,0EE,flat,unreviewed,3,2,FR_ROUTE_14,6,5
general__rom_082d4b0c,0EF,flat,unreviewed,5,4,FR_ROUTE_10,18,5
general__rom_082d4b0c,017,tree,modeled_tree,85,4,FR_ROUTE_12,7,61
general__rom_082d4b0c,0F4,fence,modeled_fence,74,3,FR_ROUTE_10,18,27
general__rom_082d4b0c,0F5,fence,modeled_fence,50,2,FR_ROUTE_14,6,34
general__rom_082d4b0c,0F6,flat,unreviewed,4,1,FR_ROUTE_8,46,9
general__rom_082d4b0c,0F7,flat,unreviewed,5,3,FR_ROUTE_10,18,30
general__rom_082d4b0c,0FC,fence,modeled_fence,3,3,FR_ROUTE_12,7,69
general__rom_082d4b0c,0FD,fence,modeled_fence,1,1,FR_ROUTE_14,6,44
general__rom_082d4b0c,0FE,flat,unreviewed,2,1,FR_ROUTE_10,9,43
general__rom_082d4b0c,0FF,flat,unreviewed,1,1,FR_ROUTE_10,3,8
general__rom_082d4b0c,102,flat,reviewed_surface,6,2,FR_ROUTE_14,14,52
general__rom_082d4b0c,103,flat,reviewed_surface,2,1,FR_ROUTE_8,15,16
general__rom_082d4b0c,104,flat,reviewed_surface,3,1,FR_ROUTE_8,20,4
general__rom_082d4b0c,105,flat,reviewed_surface,4,1,FR_ROUTE_8,18,4
general__rom_082d4b0c,107,flat,unreviewed,9,1,FR_ROUTE_10,15,60
general__rom_082d4b0c,108,flat,unreviewed,2,2,FR_ROUTE_12,17,5
general__rom_082d4b0c,109,flat,unreviewed,2,2,FR_ROUTE_12,18,5
general__rom_082d4b0c,10F,flat,unreviewed,18,1,FR_ROUTE_10,6,50
general__rom_082d4b0c,110,flat,unreviewed,46,2,FR_ROUTE_12,21,28
general__rom_082d4b0c,111,flat,unreviewed,47,2,FR_ROUTE_12,22,28
general__rom_082d4b0c,112,flat,unreviewed,1,1,FR_ROUTE_12,7,19
general__rom_082d4b0c,118,flat,unreviewed,48,2,FR_ROUTE_12,22,27
general__rom_082d4b0c,119,flat,reviewed_surface,49,2,FR_ROUTE_12,23,27
general__rom_082d4b0c,11A,flat,unreviewed,1,1,FR_ROUTE_12,7,20
general__rom_082d4b0c,11F,flat,unreviewed,1,1,FR_ROUTE_12,8,22
general__rom_082d4b0c,120,flat,unreviewed,5,2,FR_ROUTE_10,2,47
general__rom_082d4b0c,121,flat,unreviewed,1,1,FR_ROUTE_10,21,1
general__rom_082d4b0c,01C,tree,modeled_tree,337,4,FR_ROUTE_12,0,46
general__rom_082d4b0c,122,flat,unreviewed,4,3,FR_ROUTE_12,8,72
general__rom_082d4b0c,123,flat,unreviewed,113,4,FR_ROUTE_10,10,1
general__rom_082d4b0c,128,flat,unreviewed,2,1,FR_ROUTE_12,17,35
general__rom_082d4b0c,129,flat,unreviewed,7,3,FR_ROUTE_10,19,4
general__rom_082d4b0c,12A,flat,reviewed_surface,134,4,FR_ROUTE_10,19,34
general__rom_082d4b0c,12B,flat,reviewed_surface,918,4,FR_ROUTE_10,20,34
general__rom_082d4b0c,01D,tree,modeled_tree,275,4,FR_ROUTE_12,5,46
general__rom_082d4b0c,002,sign,modeled_sign,12,6,FR_LAVENDER_TOWN,12,4
general__rom_082d4b0c,12C,flat,reviewed_surface,54,2,FR_ROUTE_10,21,34
general__rom_082d4b0c,130,flat,reviewed_surface,1,1,FR_ROUTE_12,17,40
general__rom_082d4b0c,131,flat,reviewed_surface,8,3,FR_ROUTE_10,19,46
general__rom_082d4b0c,132,flat,unreviewed,1,1,FR_ROUTE_12,18,35
general__rom_082d4b0c,133,flat,unreviewed,23,3,FR_ROUTE_10,10,4
general__rom_082d4b0c,134,flat,unreviewed,4,3,FR_ROUTE_10,18,4
general__rom_082d4b0c,01E,tree,modeled_tree,63,4,FR_ROUTE_12,12,115
general__rom_082d4b0c,138,flat,unreviewed,1,1,FR_ROUTE_8,0,9
general__rom_082d4b0c,13C,flat,unreviewed,1,1,FR_ROUTE_8,7,9
general__rom_082d4b0c,13D,flat,unreviewed,1,1,FR_ROUTE_13,0,15
general__rom_082d4b0c,13E,flat,unreviewed,22,1,FR_ROUTE_13,10,15
general__rom_082d4b0c,13F,flat,unreviewed,1,1,FR_ROUTE_13,23,15
general__rom_082d4b0c,01F,tree,modeled_tree,125,4,FR_ROUTE_12,7,46
general__rom_082d4b0c,140,flat,unreviewed,1,1,FR_ROUTE_8,0,10
general__rom_082d4b0c,144,flat,unreviewed,1,1,FR_ROUTE_8,7,10
general__rom_082d4b0c,148,flat,unreviewed,1,1,FR_ROUTE_8,0,11
general__rom_082d4b0c,14C,flat,unreviewed,1,1,FR_ROUTE_8,7,11
general__rom_082d4b0c,162,flat,unreviewed,5,1,FR_LAVENDER_TOWN,16,16
general__rom_082d4b0c,163,flat,unreviewed,18,1,FR_LAVENDER_TOWN,17,16
general__rom_082d4b0c,164,flat,unreviewed,5,1,FR_LAVENDER_TOWN,21,16
general__rom_082d4b0c,024,tree,modeled_tree,64,4,FR_ROUTE_12,0,67
general__rom_082d4b0c,172,flat,unreviewed,4,1,FR_LAVENDER_TOWN,2,18
general__rom_082d4b0c,173,flat,unreviewed,17,1,FR_LAVENDER_TOWN,18,17
general__rom_082d4b0c,174,flat,unreviewed,4,1,FR_LAVENDER_TOWN,12,18
general__rom_082d4b0c,17B,flat,modeled_building,1,1,FR_ROUTE_10,11,16
general__rom_082d4b0c,025,tree,modeled_tree,63,4,FR_ROUTE_12,1,67
general__rom_082d4b0c,17C,flat,modeled_building,1,1,FR_ROUTE_10,12,16
general__rom_082d4b0c,17D,flat,modeled_building,1,1,FR_ROUTE_10,13,16
general__rom_082d4b0c,17E,flat,modeled_building,1,1,FR_ROUTE_10,14,16
general__rom_082d4b0c,17F,flat,modeled_building,2,2,FR_LAVENDER_TOWN,8,1
general__rom_082d4b0c,183,flat,unreviewed,2,2,FR_ROUTE_12,12,18
general__rom_082d4b0c,184,flat,unreviewed,7,2,FR_ROUTE_12,13,18
general__rom_082d4b0c,185,flat,unreviewed,2,2,FR_ROUTE_12,16,18
general__rom_082d4b0c,026,tree,modeled_tree,7,3,FR_ROUTE_13,44,10
general__rom_082d4b0c,186,wall,modeled_building,2,2,FR_LAVENDER_TOWN,7,5
general__rom_082d4b0c,187,roof,modeled_building,2,2,FR_LAVENDER_TOWN,8,2
general__rom_082d4b0c,188,roof,unmatched_building,1,1,FR_ROUTE_12,13,20
general__rom_082d4b0c,189,wall,unmatched_building,1,1,FR_ROUTE_12,14,20
general__rom_082d4b0c,18A,wall,unmatched_building,1,1,FR_ROUTE_12,15,20
general__rom_082d4b0c,18D,flat,unreviewed,1,1,FR_ROUTE_8,0,8
general__rom_082d4b0c,18E,flat,unreviewed,1,1,FR_ROUTE_8,7,8
general__rom_082d4b0c,18F,flat,modeled_building,2,2,FR_LAVENDER_TOWN,8,3
general__rom_082d4b0c,027,tree,modeled_tree,7,4,FR_ROUTE_12,7,67
general__rom_082d4b0c,003,sign,modeled_sign,2,1,FR_ROUTE_13,21,14
general__rom_082d4b0c,190,flat,unreviewed,1,1,FR_ROUTE_12,13,21
general__rom_082d4b0c,191,flat,unreviewed,1,1,FR_ROUTE_12,14,21
general__rom_082d4b0c,192,flat,unreviewed,1,1,FR_ROUTE_12,15,21
general__rom_082d4b0c,197,wall,modeled_building,2,2,FR_LAVENDER_TOWN,8,4
general__rom_082d4b0c,028,roof,modeled_building,1,1,FR_LAVENDER_TOWN,18,12
general__rom_082d4b0c,19F,wall,modeled_building,2,2,FR_LAVENDER_TOWN,8,5
general__rom_082d4b0c,029,roof,modeled_building,1,1,FR_LAVENDER_TOWN,19,12
general__rom_082d4b0c,02A,roof,modeled_building,1,1,FR_LAVENDER_TOWN,20,12
general__rom_082d4b0c,1B5,flat,unreviewed,7,2,FR_ROUTE_12,13,19
general__rom_082d4b0c,1B6,flat,unreviewed,2,2,FR_ROUTE_12,12,19
general__rom_082d4b0c,1B7,flat,unreviewed,2,2,FR_ROUTE_12,16,19
general__rom_082d4b0c,02B,roof,modeled_building,1,1,FR_LAVENDER_TOWN,21,12
general__rom_082d4b0c,1CB,flat,unreviewed,36,2,FR_ROUTE_12,21,64
general__rom_082d4b0c,02D,roof,unmatched_building,3,1,FR_ROUTE_12,12,84
general__rom_082d4b0c,1CC,flat,unreviewed,36,2,FR_ROUTE_12,22,64
general__rom_082d4b0c,1D0,flat,reviewed_surface,17,3,FR_ROUTE_12,23,93
general__rom_082d4b0c,1D1,flat,reviewed_surface,1,1,FR_ROUTE_14,21,24
general__rom_082d4b0c,1D2,flat,reviewed_surface,4,1,FR_ROUTE_13,53,19
general__rom_082d4b0c,1D3,flat,unreviewed,36,2,FR_ROUTE_12,22,109
general__rom_082d4b0c,1D4,flat,reviewed_surface,36,2,FR_ROUTE_12,23,109
general__rom_082d4b0c,1D8,flat,reviewed_surface,63,3,FR_ROUTE_12,23,94
general__rom_082d4b0c,1D9,flat,reviewed_surface,204,3,FR_ROUTE_12,23,53
general__rom_082d4b0c,1E0,flat,unreviewed,12,2,FR_ROUTE_12,23,64
general__rom_082d4b0c,030,roof,modeled_building,1,1,FR_LAVENDER_TOWN,18,13
general__rom_082d4b0c,1F1,flat,unreviewed,1,1,FR_ROUTE_10,22,62
general__rom_082d4b0c,1F2,flat,unreviewed,5,1,FR_ROUTE_10,16,62
general__rom_082d4b0c,1F3,flat,unreviewed,1,1,FR_ROUTE_10,5,65
general__rom_082d4b0c,031,roof,modeled_building,1,1,FR_LAVENDER_TOWN,19,13
general__rom_082d4b0c,004,flowers,modeled_flowers,62,4,FR_ROUTE_12,16,85
general__rom_082d4b0c,1F4,flat,unreviewed,1,1,FR_ROUTE_10,1,65
general__rom_082d4b0c,032,roof,modeled_building,1,1,FR_LAVENDER_TOWN,20,13
general__rom_082d4b0c,033,roof,modeled_building,1,1,FR_LAVENDER_TOWN,21,13
general__rom_082d4b0c,20F,flat,unreviewed,1,1,FR_ROUTE_10,13,41
general__rom_082d4b0c,034,roof,unmatched_building,1,1,FR_ROUTE_12,11,85
general__rom_082d4b0c,212,flat,unreviewed,5,1,FR_ROUTE_13,12,17
general__rom_082d4b0c,213,flat,unreviewed,5,1,FR_ROUTE_13,13,17
general__rom_082d4b0c,217,flat,unreviewed,1,1,FR_ROUTE_10,1,11
general__rom_082d4b0c,21A,flat,unreviewed,5,1,FR_ROUTE_13,12,18
general__rom_082d4b0c,21B,flat,unreviewed,5,1,FR_ROUTE_13,13,18
general__rom_082d4b0c,035,roof,unmatched_building,1,1,FR_ROUTE_12,12,85
general__rom_082d4b0c,21E,flat,unreviewed,4,2,FR_ROUTE_10,1,50
general__rom_082d4b0c,21F,flat,unreviewed,1,1,FR_ROUTE_10,22,50
general__rom_082d4b0c,036,roof,unmatched_building,2,1,FR_ROUTE_12,13,85
general__rom_082d4b0c,037,roof,unmatched_building,1,1,FR_ROUTE_12,15,85
general__rom_082d4b0c,038,roof,modeled_building,1,1,FR_LAVENDER_TOWN,18,14
general__rom_082d4b0c,039,roof,modeled_building,1,1,FR_LAVENDER_TOWN,19,14
general__rom_082d4b0c,03A,roof,modeled_building,1,1,FR_LAVENDER_TOWN,20,14
general__rom_082d4b0c,03B,roof,modeled_building,1,1,FR_LAVENDER_TOWN,21,14
general__rom_082d4b0c,005,shrub,modeled_shrub,8,2,FR_ROUTE_10,10,27
general__rom_082d4b0c,03C,flat,unreviewed,1,1,FR_ROUTE_12,11,86
general__rom_082d4b0c,03D,flat,unreviewed,2,2,FR_ROUTE_12,12,86
general__rom_082d4b0c,03F,flat,unreviewed,1,1,FR_ROUTE_12,15,86
general__rom_082d4b0c,281,flat,unreviewed,1,1,FR_LAVENDER_TOWN,9,13
general__rom_082d4b0c,282,flat,unreviewed,1,1,FR_LAVENDER_TOWN,10,13
general__rom_082d4b0c,283,flat,unreviewed,1,1,FR_LAVENDER_TOWN,11,13
general__rom_082d4b0c,284,flat,unreviewed,1,1,FR_ROUTE_12,7,72
general__rom_082d4b0c,285,flat,unreviewed,1,1,FR_ROUTE_10,3,35
general__rom_082d4b0c,286,flat,unreviewed,3,1,FR_ROUTE_10,5,35
general__rom_082d4b0c,287,flat,unreviewed,1,1,FR_ROUTE_10,11,35
general__rom_082d4b0c,288,flat,modeled_building,2,1,FR_LAVENDER_TOWN,8,8
general__rom_082d4b0c,288,flat,unreviewed,1,1,FR_LAVENDER_TOWN,8,13
general__rom_082d4b0c,289,flat,modeled_building,2,1,FR_LAVENDER_TOWN,9,8
general__rom_082d4b0c,040,wall,modeled_building,1,1,FR_LAVENDER_TOWN,18,15
general__rom_082d4b0c,28A,flat,modeled_building,2,1,FR_LAVENDER_TOWN,10,8
general__rom_082d4b0c,28B,flat,modeled_building,2,1,FR_LAVENDER_TOWN,11,8
general__rom_082d4b0c,28C,flat,modeled_building,2,1,FR_LAVENDER_TOWN,12,8
general__rom_082d4b0c,28C,flat,unreviewed,1,1,FR_LAVENDER_TOWN,12,13
general__rom_082d4b0c,290,flat,modeled_building,2,1,FR_LAVENDER_TOWN,3,14
general__rom_082d4b0c,290,flat,unreviewed,1,1,FR_LAVENDER_TOWN,8,14
general__rom_082d4b0c,291,flat,modeled_building,6,1,FR_LAVENDER_TOWN,10,9
general__rom_082d4b0c,291,flat,unreviewed,3,1,FR_LAVENDER_TOWN,10,14
general__rom_082d4b0c,293,flat,unreviewed,3,1,FR_ROUTE_10,5,37
general__rom_082d4b0c,041,wall,modeled_building,1,1,FR_LAVENDER_TOWN,19,15
general__rom_082d4b0c,294,flat,modeled_building,2,1,FR_LAVENDER_TOWN,12,9
general__rom_082d4b0c,294,flat,unreviewed,1,1,FR_LAVENDER_TOWN,12,14
general__rom_082d4b0c,295,flat,unreviewed,1,1,FR_ROUTE_10,3,37
general__rom_082d4b0c,296,flat,unreviewed,4,1,FR_ROUTE_10,10,37
general__rom_082d4b0c,297,flat,unreviewed,1,1,FR_ROUTE_10,11,37
general__rom_082d4b0c,298,flat,modeled_building,2,1,FR_LAVENDER_TOWN,3,15
general__rom_082d4b0c,298,flat,unreviewed,1,1,FR_LAVENDER_TOWN,8,15
general__rom_082d4b0c,299,flat,modeled_building,2,1,FR_LAVENDER_TOWN,4,15
general__rom_082d4b0c,299,flat,unreviewed,1,1,FR_LAVENDER_TOWN,9,15
general__rom_082d4b0c,29A,flat,modeled_building,2,1,FR_LAVENDER_TOWN,5,15
general__rom_082d4b0c,29A,flat,unreviewed,1,1,FR_LAVENDER_TOWN,10,15
general__rom_082d4b0c,29B,flat,modeled_building,2,1,FR_LAVENDER_TOWN,6,15
general__rom_082d4b0c,29B,flat,unreviewed,1,1,FR_LAVENDER_TOWN,11,15
general__rom_082d4b0c,29C,flat,modeled_building,2,1,FR_LAVENDER_TOWN,7,15
general__rom_082d4b0c,29C,flat,unreviewed,1,1,FR_LAVENDER_TOWN,12,15
general__rom_082d4b0c,29D,flat,modeled_building,1,1,FR_LAVENDER_TOWN,4,1
general__rom_082d4b0c,042,flat,unreviewed,1,1,FR_ROUTE_12,13,86
general__rom_082d4b0c,29E,flat,modeled_building,1,1,FR_LAVENDER_TOWN,5,1
general__rom_082d4b0c,29F,flat,modeled_building,1,1,FR_LAVENDER_TOWN,6,1
general__rom_082d4b0c,2A0,flat,modeled_building,2,1,FR_LAVENDER_TOWN,3,16
general__rom_082d4b0c,2A0,flat,unreviewed,1,1,FR_LAVENDER_TOWN,8,16
general__rom_082d4b0c,2A1,flat,modeled_building,2,1,FR_LAVENDER_TOWN,4,16
general__rom_082d4b0c,2A1,flat,unreviewed,1,1,FR_LAVENDER_TOWN,9,16
general__rom_082d4b0c,2A2,flat,modeled_building,2,1,FR_LAVENDER_TOWN,5,16
general__rom_082d4b0c,2A2,flat,unreviewed,1,1,FR_LAVENDER_TOWN,10,16
general__rom_082d4b0c,2A3,flat,modeled_building,2,1,FR_LAVENDER_TOWN,6,16
general__rom_082d4b0c,2A3,flat,unreviewed,1,1,FR_LAVENDER_TOWN,11,16
general__rom_082d4b0c,2A4,flat,modeled_building,2,1,FR_LAVENDER_TOWN,7,16
general__rom_082d4b0c,2A4,flat,unreviewed,1,1,FR_LAVENDER_TOWN,12,16
general__rom_082d4b0c,2A5,flat,unreviewed,1,1,FR_ROUTE_10,17,72
general__rom_082d4b0c,2A6,flat,unreviewed,1,1,FR_ROUTE_10,18,72
general__rom_082d4b0c,2A7,flat,unreviewed,1,1,FR_ROUTE_10,19,72
general__rom_082d4b0c,043,flat,unreviewed,1,1,FR_ROUTE_12,14,86
general__rom_082d4b0c,2A8,flat,modeled_building,1,1,FR_LAVENDER_TOWN,7,1
general__rom_082d4b0c,2A9,flat,unreviewed,1,1,FR_ROUTE_10,15,73
general__rom_082d4b0c,2AA,flat,unreviewed,1,1,FR_ROUTE_10,16,73
general__rom_082d4b0c,2AB,flat,unreviewed,1,1,FR_ROUTE_10,17,73
general__rom_082d4b0c,2AC,flat,unreviewed,1,1,FR_ROUTE_10,18,73
general__rom_082d4b0c,2AD,flat,unreviewed,1,1,FR_ROUTE_10,19,73
general__rom_082d4b0c,2AE,flat,unreviewed,1,1,FR_ROUTE_10,20,73
general__rom_082d4b0c,2AF,flat,unreviewed,1,1,FR_ROUTE_10,21,73
general__rom_082d4b0c,2B0,flat,unreviewed,1,1,FR_ROUTE_10,15,78
general__rom_082d4b0c,2B1,flat,unreviewed,1,1,FR_ROUTE_10,15,74
general__rom_082d4b0c,044,wall,unmatched_building,2,2,FR_ROUTE_12,12,16
general__rom_082d4b0c,2B2,flat,unreviewed,1,1,FR_ROUTE_10,16,74
general__rom_082d4b0c,2B3,flat,unreviewed,1,1,FR_ROUTE_10,17,74
general__rom_082d4b0c,2B4,flat,unreviewed,1,1,FR_ROUTE_10,18,74
general__rom_082d4b0c,2B5,flat,unreviewed,1,1,FR_ROUTE_10,19,74
general__rom_082d4b0c,2B6,flat,unreviewed,1,1,FR_ROUTE_10,20,74
general__rom_082d4b0c,2B7,flat,unreviewed,1,1,FR_ROUTE_10,21,74
general__rom_082d4b0c,2B8,flat,unreviewed,1,1,FR_ROUTE_10,21,78
general__rom_082d4b0c,2B9,flat,unreviewed,1,1,FR_ROUTE_10,15,75
general__rom_082d4b0c,2BA,flat,unreviewed,1,1,FR_ROUTE_10,16,75
general__rom_082d4b0c,2BB,flat,unreviewed,1,1,FR_ROUTE_10,17,75
general__rom_082d4b0c,045,wall,unmatched_building,7,2,FR_ROUTE_12,13,16
general__rom_082d4b0c,2BC,flat,unreviewed,1,1,FR_ROUTE_10,18,75
general__rom_082d4b0c,2BD,flat,unreviewed,1,1,FR_ROUTE_10,19,75
general__rom_082d4b0c,2BE,flat,unreviewed,1,1,FR_ROUTE_10,20,75
general__rom_082d4b0c,2BF,flat,unreviewed,1,1,FR_ROUTE_10,21,75
general__rom_082d4b0c,2C0,flat,unreviewed,1,1,FR_ROUTE_10,15,79
general__rom_082d4b0c,2C1,flat,unreviewed,1,1,FR_ROUTE_10,15,76
general__rom_082d4b0c,2C2,flat,unreviewed,1,1,FR_ROUTE_10,16,76
general__rom_082d4b0c,2C3,flat,unreviewed,1,1,FR_ROUTE_10,17,76
general__rom_082d4b0c,2C4,flat,unreviewed,1,1,FR_ROUTE_10,18,76
general__rom_082d4b0c,2C5,flat,unreviewed,1,1,FR_ROUTE_10,19,76
general__rom_082d4b0c,046,wall,unmatched_building,2,2,FR_ROUTE_12,16,16
general__rom_082d4b0c,2C6,flat,unreviewed,1,1,FR_ROUTE_10,20,76
general__rom_082d4b0c,2C7,flat,unreviewed,1,1,FR_ROUTE_10,21,76
general__rom_082d4b0c,2C8,flat,unreviewed,1,1,FR_ROUTE_10,21,79
general__rom_082d4b0c,2C9,flat,unreviewed,1,1,FR_ROUTE_10,15,77
general__rom_082d4b0c,2CA,flat,unreviewed,1,1,FR_ROUTE_10,16,77
general__rom_082d4b0c,2CB,flat,unreviewed,1,1,FR_ROUTE_10,17,77
general__rom_082d4b0c,2CC,flat,unreviewed,1,1,FR_ROUTE_10,18,77
general__rom_082d4b0c,2CD,flat,unreviewed,1,1,FR_ROUTE_10,19,77
general__rom_082d4b0c,2CE,flat,unreviewed,1,1,FR_ROUTE_10,20,77
general__rom_082d4b0c,2CF,flat,unreviewed,1,1,FR_ROUTE_10,21,77
general__rom_082d4b0c,2D0,flat,unreviewed,1,1,FR_ROUTE_12,7,41
general__rom_082d4b0c,2D1,flat,modeled_building,1,1,FR_LAVENDER_TOWN,15,0
general__rom_082d4b0c,2D2,flat,modeled_building,3,1,FR_LAVENDER_TOWN,16,2
general__rom_082d4b0c,2D2,flat,unreviewed,2,1,FR_ROUTE_10,16,78
general__rom_082d4b0c,2D3,flat,modeled_building,9,1,FR_LAVENDER_TOWN,17,0
general__rom_082d4b0c,2D3,flat,unreviewed,6,1,FR_ROUTE_10,19,78
general__rom_082d4b0c,2D4,flat,unreviewed,1,1,FR_ROUTE_10,3,38
general__rom_082d4b0c,2D5,flat,unreviewed,1,1,FR_ROUTE_10,11,38
general__rom_082d4b0c,2D6,flat,modeled_building,3,1,FR_LAVENDER_TOWN,20,1
general__rom_082d4b0c,2D6,flat,unreviewed,2,1,FR_ROUTE_10,20,78
general__rom_082d4b0c,2D7,flat,modeled_building,1,1,FR_LAVENDER_TOWN,21,0
general__rom_082d4b0c,2D8,flat,unreviewed,3,1,FR_ROUTE_10,4,21
general__rom_082d4b0c,2D9,flat,modeled_building,2,1,FR_LAVENDER_TOWN,15,1
general__rom_082d4b0c,048,roof,modeled_building,2,2,FR_LAVENDER_TOWN,4,2
general__rom_082d4b0c,2DC,flat,unreviewed,1,1,FR_ROUTE_10,3,39
general__rom_082d4b0c,2DD,flat,unreviewed,1,1,FR_ROUTE_10,11,39
general__rom_082d4b0c,2DE,flat,unreviewed,1,1,FR_ROUTE_10,2,38
general__rom_082d4b0c,2DF,flat,modeled_building,2,1,FR_LAVENDER_TOWN,21,1
general__rom_082d4b0c,2E0,flat,unreviewed,4,1,FR_ROUTE_12,11,98
general__rom_082d4b0c,2E1,flat,modeled_building,1,1,FR_LAVENDER_TOWN,15,3
general__rom_082d4b0c,2E2,flat,modeled_building,1,1,FR_LAVENDER_TOWN,16,3
general__rom_082d4b0c,2E3,flat,modeled_building,3,1,FR_LAVENDER_TOWN,19,3
general__rom_082d4b0c,049,roof,modeled_building,2,2,FR_LAVENDER_TOWN,5,2
general__rom_082d4b0c,2E4,flat,unreviewed,1,1,FR_ROUTE_10,3,40
general__rom_082d4b0c,2E5,flat,unreviewed,1,1,FR_ROUTE_10,11,40
general__rom_082d4b0c,2E6,flat,modeled_building,1,1,FR_LAVENDER_TOWN,20,3
general__rom_082d4b0c,2E7,flat,modeled_building,1,1,FR_LAVENDER_TOWN,21,3
general__rom_082d4b0c,2E8,flat,unreviewed,1,1,FR_ROUTE_14,12,18
general__rom_082d4b0c,2E9,flat,modeled_building,1,1,FR_LAVENDER_TOWN,15,4
general__rom_082d4b0c,2EA,flat,modeled_building,1,1,FR_LAVENDER_TOWN,16,4
general__rom_082d4b0c,2EB,flat,modeled_building,3,1,FR_LAVENDER_TOWN,17,4
general__rom_082d4b0c,2ED,flat,unreviewed,1,1,FR_ROUTE_10,2,39
general__rom_082d4b0c,04A,roof,modeled_building,2,2,FR_LAVENDER_TOWN,6,2
general__rom_082d4b0c,2EE,flat,modeled_building,1,1,FR_LAVENDER_TOWN,20,4
general__rom_082d4b0c,2EF,flat,modeled_building,1,1,FR_LAVENDER_TOWN,21,4
general__rom_082d4b0c,2F0,flat,unreviewed,6,2,FR_ROUTE_12,13,26
general__rom_082d4b0c,2F1,flat,unreviewed,4,1,FR_ROUTE_12,14,26
general__rom_082d4b0c,2F2,flat,unreviewed,5,2,FR_ROUTE_12,15,26
general__rom_082d4b0c,2F3,flat,unreviewed,76,1,FR_ROUTE_12,18,27
general__rom_082d4b0c,2F4,flat,unreviewed,8,1,FR_ROUTE_12,14,11
general__rom_082d4b0c,2F5,flat,unreviewed,130,2,FR_ROUTE_12,9,64
general__rom_082d4b0c,2F6,flat,unreviewed,1,1,FR_ROUTE_12,11,84
general__rom_082d4b0c,2F7,flat,unreviewed,1,1,FR_ROUTE_12,15,84
general__rom_082d4b0c,04B,roof,modeled_building,2,2,FR_LAVENDER_TOWN,7,2
general__rom_082d4b0c,2F8,flat,unreviewed,1,1,FR_ROUTE_12,14,70
general__rom_082d4b0c,2FA,flat,unreviewed,1,1,FR_ROUTE_12,15,70
general__rom_082d4b0c,2FC,flat,unreviewed,68,1,FR_ROUTE_12,10,42
general__rom_082d4b0c,2FD,flat,unreviewed,4,1,FR_ROUTE_12,19,63
general__rom_082d4b0c,2FE,flat,unreviewed,2,1,FR_ROUTE_10,4,38
general__rom_082d4b0c,2FF,flat,modeled_building,2,1,FR_LAVENDER_TOWN,16,5
general__rom_082d4b0c,300,flat,unreviewed,6,2,FR_ROUTE_12,13,27
general__rom_082d4b0c,301,flat,unreviewed,5,1,FR_ROUTE_12,14,27
general__rom_082d4b0c,04C,flat,unreviewed,3,2,FR_ROUTE_12,12,17
general__rom_082d4b0c,302,flat,unreviewed,6,2,FR_ROUTE_12,15,27
general__rom_082d4b0c,304,flat,unreviewed,87,2,FR_ROUTE_12,10,64
general__rom_082d4b0c,305,flat,unreviewed,5,1,FR_ROUTE_12,19,64
general__rom_082d4b0c,306,flat,unreviewed,2,1,FR_ROUTE_10,4,39
general__rom_082d4b0c,307,flat,modeled_building,2,1,FR_LAVENDER_TOWN,16,6
general__rom_082d4b0c,308,flat,unreviewed,33,2,FR_ROUTE_12,13,28
general__rom_082d4b0c,309,flat,unreviewed,33,2,FR_ROUTE_12,10,28
general__rom_082d4b0c,30A,flat,unreviewed,40,2,FR_ROUTE_12,12,28
general__rom_082d4b0c,30B,flat,unreviewed,9,2,FR_ROUTE_12,9,28
general__rom_082d4b0c,04D,flat,unreviewed,9,2,FR_ROUTE_12,13,17
general__rom_082d4b0c,30E,flat,unreviewed,2,1,FR_ROUTE_10,4,40
general__rom_082d4b0c,30F,flat,modeled_building,1,1,FR_LAVENDER_TOWN,18,6
general__rom_082d4b0c,310,flat,unreviewed,1,1,FR_ROUTE_12,13,15
general__rom_082d4b0c,311,flat,unreviewed,1,1,FR_ROUTE_12,14,15
general__rom_082d4b0c,312,flat,unreviewed,1,1,FR_ROUTE_12,15,15
general__rom_082d4b0c,313,flat,unreviewed,1,1,FR_ROUTE_12,13,22
general__rom_082d4b0c,314,flat,unreviewed,1,1,FR_ROUTE_12,14,22
general__rom_082d4b0c,315,flat,unreviewed,1,1,FR_ROUTE_12,15,22
general__rom_082d4b0c,04E,flat,unreviewed,3,2,FR_ROUTE_12,16,17
general__rom_082d4b0c,318,flat,unreviewed,1,1,FR_ROUTE_10,5,38
general__rom_082d4b0c,319,flat,unreviewed,3,1,FR_ROUTE_10,6,38
general__rom_082d4b0c,31A,flat,unreviewed,1,1,FR_ROUTE_10,7,40
general__rom_082d4b0c,31B,flat,unreviewed,1,1,FR_ROUTE_10,9,38
general__rom_082d4b0c,31D,flat,unreviewed,4,1,FR_ROUTE_10,4,34
general__rom_082d4b0c,320,flat,unreviewed,1,1,FR_ROUTE_10,5,39
general__rom_082d4b0c,321,flat,unreviewed,3,1,FR_ROUTE_10,6,39
general__rom_082d4b0c,322,flat,unreviewed,1,1,FR_ROUTE_10,7,41
general__rom_082d4b0c,323,flat,unreviewed,1,1,FR_ROUTE_10,9,39
general__rom_082d4b0c,324,flat,unreviewed,3,1,FR_ROUTE_10,9,36
general__rom_082d4b0c,325,flat,unreviewed,4,1,FR_ROUTE_10,4,35
general__rom_082d4b0c,327,flat,modeled_building,1,1,FR_LAVENDER_TOWN,15,5
general__rom_082d4b0c,328,flat,unreviewed,1,1,FR_ROUTE_10,5,40
general__rom_082d4b0c,329,flat,unreviewed,1,1,FR_ROUTE_10,6,40
general__rom_082d4b0c,050,roof,modeled_building,2,2,FR_LAVENDER_TOWN,4,3
general__rom_082d4b0c,32A,flat,unreviewed,1,1,FR_ROUTE_10,8,40
general__rom_082d4b0c,32B,flat,unreviewed,1,1,FR_ROUTE_10,9,40
general__rom_082d4b0c,32C,flat,unreviewed,1,1,FR_ROUTE_10,3,36
general__rom_082d4b0c,32D,flat,unreviewed,4,1,FR_ROUTE_10,4,36
general__rom_082d4b0c,32E,flat,unreviewed,1,1,FR_ROUTE_10,11,36
general__rom_082d4b0c,32F,flat,modeled_building,1,1,FR_LAVENDER_TOWN,15,6
general__rom_082d4b0c,330,flat,unreviewed,1,1,FR_ROUTE_10,5,41
general__rom_082d4b0c,331,flat,unreviewed,1,1,FR_ROUTE_10,6,41
general__rom_082d4b0c,332,flat,unreviewed,1,1,FR_ROUTE_10,8,41
general__rom_082d4b0c,333,flat,unreviewed,1,1,FR_ROUTE_10,9,41
general__rom_082d4b0c,051,roof,modeled_building,2,2,FR_LAVENDER_TOWN,5,3
general__rom_082d4b0c,334,flat,modeled_building,1,1,FR_LAVENDER_TOWN,21,5
general__rom_082d4b0c,335,flat,modeled_building,1,1,FR_LAVENDER_TOWN,21,6
general__rom_082d4b0c,336,flat,unreviewed,6,1,FR_ROUTE_13,34,5
general__rom_082d4b0c,337,flat,unreviewed,2,1,FR_ROUTE_13,8,10
general__rom_082d4b0c,338,flat,modeled_building,1,1,FR_LAVENDER_TOWN,17,5
general__rom_082d4b0c,339,flat,modeled_building,1,1,FR_LAVENDER_TOWN,18,5
general__rom_082d4b0c,33A,flat,modeled_building,1,1,FR_LAVENDER_TOWN,19,5
general__rom_082d4b0c,33B,flat,unreviewed,1,1,FR_ROUTE_8,12,1
general__rom_082d4b0c,33C,flat,unreviewed,2,1,FR_ROUTE_8,14,1
general__rom_082d4b0c,33D,flat,unreviewed,1,1,FR_ROUTE_8,15,1
general__rom_082d4b0c,052,roof,modeled_building,2,2,FR_LAVENDER_TOWN,6,3
general__rom_082d4b0c,33E,flat,unreviewed,7,1,FR_ROUTE_13,0,13
general__rom_082d4b0c,33F,flat,unreviewed,8,1,FR_ROUTE_13,34,6
general__rom_082d4b0c,340,flat,modeled_building,1,1,FR_LAVENDER_TOWN,17,6
general__rom_082d4b0c,342,flat,modeled_building,1,1,FR_LAVENDER_TOWN,19,6
general__rom_082d4b0c,343,flat,unreviewed,1,1,FR_ROUTE_12,11,5
general__rom_082d4b0c,345,flat,unreviewed,1,1,FR_ROUTE_12,12,5
general__rom_082d4b0c,346,flat,unreviewed,59,2,FR_ROUTE_12,8,46
general__rom_082d4b0c,347,flat,unreviewed,4,1,FR_ROUTE_12,8,53
general__rom_082d4b0c,053,roof,modeled_building,2,2,FR_LAVENDER_TOWN,7,3
general__rom_082d4b0c,348,flat,unreviewed,2,2,FR_ROUTE_12,8,104
general__rom_082d4b0c,349,flat,unreviewed,18,2,FR_ROUTE_12,11,104
general__rom_082d4b0c,34A,flat,unreviewed,2,1,FR_ROUTE_12,13,104
general__rom_082d4b0c,34B,flat,unreviewed,5,1,FR_ROUTE_12,9,84
general__rom_082d4b0c,34C,flat,unreviewed,1,1,FR_ROUTE_10,18,12
general__rom_082d4b0c,34D,flat,unreviewed,1,1,FR_ROUTE_10,15,61
general__rom_082d4b0c,34F,flat,unreviewed,6,2,FR_ROUTE_12,14,111
general__rom_082d4b0c,350,flat,unreviewed,1,1,FR_ROUTE_10,2,35
general__rom_082d4b0c,351,flat,unreviewed,1,1,FR_ROUTE_10,2,36
general__rom_082d4b0c,054,flat,unreviewed,1,1,FR_ROUTE_8,12,3
general__rom_082d4b0c,352,flat,unreviewed,1,1,FR_ROUTE_10,2,37
general__rom_082d4b0c,353,flat,unreviewed,1,1,FR_ROUTE_10,12,35
general__rom_082d4b0c,354,flat,unreviewed,2,1,FR_ROUTE_10,12,39
general__rom_082d4b0c,355,flat,unreviewed,2,1,FR_ROUTE_10,12,37
general__rom_082d4b0c,357,flat,unreviewed,1,1,FR_ROUTE_10,12,38
general__rom_082d4b0c,358,flat,unreviewed,1,1,FR_ROUTE_10,2,50
general__rom_082d4b0c,359,flat,unreviewed,1,1,FR_ROUTE_10,21,50
general__rom_082d4b0c,055,flat,unreviewed,1,1,FR_ROUTE_8,14,3
general__rom_082d4b0c,056,flat,unreviewed,1,1,FR_ROUTE_8,15,3
general__rom_082d4b0c,058,roof,modeled_building,2,2,FR_LAVENDER_TOWN,4,4
general__rom_082d4b0c,059,roof,modeled_building,2,2,FR_LAVENDER_TOWN,5,4
general__rom_082d4b0c,008,flat,reviewed_surface,461,6,FR_LAVENDER_TOWN,14,16
general__rom_082d4b0c,05A,roof,modeled_building,2,2,FR_LAVENDER_TOWN,6,4
general__rom_082d4b0c,05B,roof,modeled_building,2,2,FR_LAVENDER_TOWN,7,4
general__rom_082d4b0c,05C,wall,unmatched_building,1,1,FR_ROUTE_12,12,20
general__rom_082d4b0c,05E,wall,unmatched_building,1,1,FR_ROUTE_12,16,20
general__rom_082d4b0c,060,wall,modeled_building,2,2,FR_LAVENDER_TOWN,4,5
general__rom_082d4b0c,061,wall,modeled_building,2,2,FR_LAVENDER_TOWN,5,5
general__rom_082d4b0c,062,wall,modeled_building,3,2,FR_LAVENDER_TOWN,20,15
general__rom_082d4b0c,063,wall,modeled_building,1,1,FR_LAVENDER_TOWN,21,15
general__rom_082d4b0c,009,flat,reviewed_surface,401,6,FR_LAVENDER_TOWN,1,13
general__rom_082d4b24,064,wall,unmatched_building,3,2,FR_ROUTE_11,59,11
general__rom_082d4b24,065,wall,unmatched_building,5,2,FR_ROUTE_11,60,11
general__rom_082d4b24,066,flat,unreviewed,3,2,FR_ROUTE_11,64,11
general__rom_082d4b24,067,flat,unreviewed,1,1,FR_ROUTE_6,19,12
general__rom_082d4b24,068,cliff,modeled_cliff,1,1,FR_ROUTE_11,4,4
general__rom_082d4b24,06A,cliff,modeled_cliff,1,1,FR_ROUTE_11,9,4
general__rom_082d4b24,070,cliff,modeled_cliff,5,2,FR_ROUTE_11,4,5
general__rom_082d4b24,071,cliff,modeled_cliff,19,2,FR_ROUTE_11,6,4
general__rom_082d4b24,072,cliff,modeled_cliff,5,2,FR_ROUTE_11,9,6
general__rom_082d4b24,073,cliff,modeled_cliff,2,1,FR_ROUTE_11,5,4
general__rom_082d4b24,075,cliff,modeled_cliff,2,1,FR_ROUTE_11,8,4
general__rom_082d4b24,00B,tree,modeled_tree,3,1,FR_ROUTE_11,44,19
general__rom_082d4b24,078,cliff,modeled_cliff,2,2,FR_ROUTE_11,4,7
general__rom_082d4b24,079,cliff,modeled_cliff,3,1,FR_ROUTE_11,7,7
general__rom_082d4b24,07A,cliff,modeled_cliff,2,2,FR_ROUTE_11,9,7
general__rom_082d4b24,07B,cliff,modeled_cliff,1,1,FR_ROUTE_11,5,6
general__rom_082d4b24,07C,cliff,modeled_cliff,7,2,FR_ROUTE_11,6,6
general__rom_082d4b24,07D,cliff,modeled_cliff,1,1,FR_ROUTE_11,8,6
general__rom_082d4b24,00C,tree,modeled_tree,2,1,FR_ROUTE_11,43,19
general__rom_082d4b24,087,ledge,modeled_ledge,15,1,FR_ROUTE_6,7,7
general__rom_082d4b24,00D,grass,modeled_grass,414,2,FR_ROUTE_11,48,15
general__rom_082d4b24,00E,tree,modeled_tree,15,2,FR_ROUTE_11,12,15
general__rom_082d4b24,09F,flat,unreviewed,1,1,FR_ROUTE_11,58,5
general__rom_082d4b24,00F,tree,modeled_tree,15,2,FR_ROUTE_11,13,15
general__rom_082d4b24,0A9,flat,unreviewed,1,1,FR_ROUTE_11,6,7
general__rom_082d4b24,010,flat,reviewed_surface,120,3,FR_ROUTE_11,55,14
general__rom_082d4b24,0B0,ledge,modeled_ledge,6,1,FR_ROUTE_6,6,7
general__rom_082d4b24,0B1,ledge,modeled_ledge,6,1,FR_ROUTE_6,9,7
general__rom_082d4b24,011,flat,reviewed_surface,68,3,FR_ROUTE_11,56,14
general__rom_082d4b24,0BD,flat,unreviewed,1,1,FR_VERMILION_CITY,25,9
general__rom_082d4b24,0BE,flat,unreviewed,2,1,FR_VERMILION_CITY,26,9
general__rom_082d4b24,0BF,flat,unreviewed,1,1,FR_VERMILION_CITY,28,9
general__rom_082d4b24,0C2,flat,unreviewed,1,1,FR_ROUTE_6,5,5
general__rom_082d4b24,0C5,flat,unreviewed,2,1,FR_VERMILION_CITY,25,11
general__rom_082d4b24,0C6,flat,unreviewed,4,1,FR_VERMILION_CITY,26,10
general__rom_082d4b24,0C7,flat,unreviewed,2,1,FR_VERMILION_CITY,28,10
general__rom_082d4b24,001,flat,reviewed_surface,122,3,FR_ROUTE_11,3,6
general__rom_082d4b24,0CD,flat,unreviewed,1,1,FR_VERMILION_CITY,25,12
general__rom_082d4b24,0CE,flat,unreviewed,2,1,FR_VERMILION_CITY,27,12
general__rom_082d4b24,0CF,flat,unreviewed,1,1,FR_VERMILION_CITY,28,12
general__rom_082d4b24,0D0,flat,reviewed_surface,7,2,FR_ROUTE_11,10,8
general__rom_082d4b24,0D1,flat,unreviewed,92,2,FR_ROUTE_11,11,8
general__rom_082d4b24,014,tree,modeled_tree,132,3,FR_ROUTE_11,68,14
general__rom_082d4b24,0D2,flat,unreviewed,6,2,FR_ROUTE_11,32,2
general__rom_082d4b24,0D3,flat,reviewed_surface,3,2,FR_ROUTE_11,57,9
general__rom_082d4b24,0D4,flat,reviewed_surface,38,2,FR_ROUTE_11,66,9
general__rom_082d4b24,0D5,flat,reviewed_surface,4,2,FR_ROUTE_11,71,9
general__rom_082d4b24,0D6,flat,unreviewed,2,1,FR_ROUTE_11,70,12
general__rom_082d4b24,0D7,flat,unreviewed,2,1,FR_ROUTE_11,71,12
general__rom_082d4b24,0D8,flat,unreviewed,45,2,FR_ROUTE_11,52,15
general__rom_082d4b24,0D9,flat,unreviewed,169,2,FR_ROUTE_11,53,15
general__rom_082d4b24,0DA,flat,unreviewed,47,2,FR_ROUTE_11,54,14
general__rom_082d4b24,0DB,flat,reviewed_surface,24,2,FR_ROUTE_11,57,10
general__rom_082d4b24,015,tree,modeled_tree,141,3,FR_ROUTE_11,69,14
general__rom_082d4b24,0DC,flat,reviewed_surface,64,2,FR_ROUTE_11,66,10
general__rom_082d4b24,0DD,flat,reviewed_surface,24,2,FR_ROUTE_11,71,10
general__rom_082d4b24,0DE,flat,unreviewed,1,1,FR_ROUTE_11,12,14
general__rom_082d4b24,0E0,flat,reviewed_surface,5,2,FR_ROUTE_11,10,10
general__rom_082d4b24,0E1,flat,unreviewed,61,2,FR_ROUTE_11,40,9
general__rom_082d4b24,0E2,flat,unreviewed,4,2,FR_ROUTE_11,24,12
general__rom_082d4b24,0E3,flat,reviewed_surface,6,2,FR_ROUTE_11,57,11
general__rom_082d4b24,0E4,flat,reviewed_surface,38,2,FR_ROUTE_11,66,11
general__rom_082d4b24,0E5,flat,reviewed_surface,4,2,FR_ROUTE_11,71,11
general__rom_082d4b24,016,tree,modeled_tree,30,3,FR_ROUTE_11,60,15
general__rom_082d4b24,0E6,fence,modeled_fence,1,1,FR_ROUTE_11,13,14
general__rom_082d4b24,0E7,fence,modeled_fence,64,3,FR_ROUTE_11,0,7
general__rom_082d4b24,0EC,fence,modeled_fence,3,1,FR_ROUTE_6,13,34
general__rom_082d4b24,0ED,fence,modeled_fence,3,1,FR_ROUTE_6,9,34
general__rom_082d4b24,0EF,flat,unreviewed,1,1,FR_VERMILION_CITY,41,6
general__rom_082d4b24,017,tree,modeled_tree,21,2,FR_ROUTE_11,11,3
general__rom_082d4b24,0F4,fence,modeled_fence,20,2,FR_ROUTE_6,13,39
general__rom_082d4b24,0F5,fence,modeled_fence,12,2,FR_ROUTE_6,9,5
general__rom_082d4b24,0F6,flat,unreviewed,2,1,FR_ROUTE_6,6,34
general__rom_082d4b24,0F7,flat,unreviewed,3,2,FR_ROUTE_6,17,34
general__rom_082d4b24,0FA,flat,unreviewed,6,1,FR_ROUTE_11,10,14
general__rom_082d4b24,0FB,flat,unreviewed,6,1,FR_ROUTE_11,5,14
general__rom_082d4b24,0FE,flat,unreviewed,8,2,FR_ROUTE_11,52,17
general__rom_082d4b24,0FF,flat,unreviewed,7,2,FR_ROUTE_11,17,17
general__rom_082d4b24,102,flat,reviewed_surface,1,1,FR_ROUTE_6,17,27
general__rom_082d4b24,103,flat,reviewed_surface,2,1,FR_ROUTE_6,17,14
general__rom_082d4b24,104,flat,reviewed_surface,3,1,FR_ROUTE_6,6,14
general__rom_082d4b24,105,flat,reviewed_surface,2,1,FR_ROUTE_6,8,14
general__rom_082d4b24,106,flat,unreviewed,8,2,FR_ROUTE_11,45,9
general__rom_082d4b24,107,flat,unreviewed,7,2,FR_ROUTE_11,39,16
general__rom_082d4b24,108,flat,unreviewed,1,1,FR_VERMILION_CITY,41,29
general__rom_082d4b24,109,flat,unreviewed,1,1,FR_VERMILION_CITY,42,29
general__rom_082d4b24,10A,flat,unreviewed,6,1,FR_ROUTE_11,10,13
general__rom_082d4b24,10B,flat,unreviewed,6,1,FR_ROUTE_11,5,13
general__rom_082d4b24,110,flat,native_fallback,35,1,FR_SSANNE_EXTERIOR,3,19
general__rom_082d4b24,110,flat,unreviewed,22,1,FR_VERMILION_CITY,18,34
general__rom_082d4b24,111,flat,native_fallback,33,1,FR_SSANNE_EXTERIOR,11,4
general__rom_082d4b24,111,flat,unreviewed,22,1,FR_VERMILION_CITY,19,34
general__rom_082d4b24,112,flat,native_fallback,2,1,FR_SSANNE_EXTERIOR,34,11
general__rom_082d4b24,113,flat,native_fallback,4,1,FR_SSANNE_EXTERIOR,45,3
general__rom_082d4b24,115,flat,reviewed_surface,64,1,FR_VERMILION_CITY,10,27
general__rom_082d4b24,118,flat,native_fallback,35,1,FR_SSANNE_EXTERIOR,3,20
general__rom_082d4b24,118,flat,unreviewed,22,1,FR_VERMILION_CITY,27,34
general__rom_082d4b24,119,flat,native_fallback,33,1,FR_SSANNE_EXTERIOR,11,5
general__rom_082d4b24,119,flat,reviewed_surface,22,1,FR_VERMILION_CITY,28,34
general__rom_082d4b24,11A,flat,native_fallback,2,1,FR_SSANNE_EXTERIOR,34,6
general__rom_082d4b24,11B,flat,native_fallback,4,1,FR_SSANNE_EXTERIOR,56,29
general__rom_082d4b24,120,flat,native_fallback,1,1,FR_SSANNE_EXTERIOR,60,5
general__rom_082d4b24,120,flat,unreviewed,1,1,FR_VERMILION_CITY,20,23
general__rom_082d4b24,121,flat,native_fallback,1,1,FR_SSANNE_EXTERIOR,56,5
general__rom_082d4b24,121,flat,unreviewed,3,1,FR_VERMILION_CITY,13,10
general__rom_082d4b24,01C,tree,modeled_tree,164,3,FR_ROUTE_11,68,15
general__rom_082d4b24,122,flat,unreviewed,2,1,FR_VERMILION_CITY,31,21
general__rom_082d4b24,123,flat,native_fallback,22,1,FR_SSANNE_EXTERIOR,57,30
general__rom_082d4b24,123,flat,unreviewed,67,3,FR_ROUTE_11,10,11
general__rom_082d4b24,124,flat,unreviewed,3,3,FR_ROUTE_11,12,11
general__rom_082d4b24,128,flat,native_fallback,1,1,FR_SSANNE_EXTERIOR,45,2
general__rom_082d4b24,128,flat,unreviewed,3,1,FR_VERMILION_CITY,7,4
general__rom_082d4b24,12A,flat,native_fallback,34,1,FR_SSANNE_EXTERIOR,34,7
general__rom_082d4b24,12A,flat,reviewed_surface,16,1,FR_VERMILION_CITY,20,27
general__rom_082d4b24,12B,flat,native_fallback,629,1,FR_SSANNE_EXTERIOR,11,6
general__rom_082d4b24,12B,flat,reviewed_surface,376,2,FR_ROUTE_11,10,12
general__rom_082d4b24,01D,tree,modeled_tree,173,3,FR_ROUTE_11,69,15
general__rom_082d4b24,002,sign,modeled_sign,5,3,FR_ROUTE_11,3,7
general__rom_082d4b24,12C,flat,native_fallback,32,1,FR_SSANNE_EXTERIOR,30,0
general__rom_082d4b24,12C,flat,reviewed_surface,39,3,FR_ROUTE_11,12,13
general__rom_082d4b24,130,flat,native_fallback,2,1,FR_SSANNE_EXTERIOR,56,30
general__rom_082d4b24,130,flat,reviewed_surface,6,1,FR_VERMILION_CITY,7,29
general__rom_082d4b24,131,flat,native_fallback,1,1,FR_SSANNE_EXTERIOR,60,30
general__rom_082d4b24,131,flat,reviewed_surface,3,1,FR_VERMILION_CITY,20,29
general__rom_082d4b24,01E,tree,modeled_tree,52,3,FR_ROUTE_11,60,14
general__rom_082d4b24,138,flat,unreviewed,1,1,FR_ROUTE_11,58,9
general__rom_082d4b24,139,roof,modeled_building,1,1,FR_VERMILION_CITY,11,21
general__rom_082d4b24,13A,roof,modeled_building,5,1,FR_VERMILION_CITY,16,21
general__rom_082d4b24,13B,roof,modeled_building,1,1,FR_VERMILION_CITY,17,21
general__rom_082d4b24,13C,flat,unreviewed,1,1,FR_ROUTE_11,65,9
general__rom_082d4b24,13D,flat,unreviewed,1,1,FR_VERMILION_CITY,31,17
general__rom_082d4b24,13E,flat,unreviewed,8,1,FR_VERMILION_CITY,37,17
general__rom_082d4b24,13F,flat,unreviewed,1,1,FR_VERMILION_CITY,40,17
general__rom_082d4b24,01F,tree,modeled_tree,43,2,FR_ROUTE_11,61,14
general__rom_082d4b24,140,flat,unreviewed,1,1,FR_ROUTE_11,58,10
general__rom_082d4b24,141,roof,modeled_building,1,1,FR_VERMILION_CITY,11,22
general__rom_082d4b24,142,roof,modeled_building,5,1,FR_VERMILION_CITY,12,22
general__rom_082d4b24,143,roof,modeled_building,1,1,FR_VERMILION_CITY,17,22
general__rom_082d4b24,144,flat,unreviewed,1,1,FR_ROUTE_11,65,10
general__rom_082d4b24,148,flat,unreviewed,1,1,FR_ROUTE_11,58,11
general__rom_082d4b24,149,roof,modeled_building,1,1,FR_VERMILION_CITY,11,23
general__rom_082d4b24,14A,roof,modeled_building,5,1,FR_VERMILION_CITY,12,23
general__rom_082d4b24,14B,roof,modeled_building,1,1,FR_VERMILION_CITY,17,23
general__rom_082d4b24,14C,flat,unreviewed,1,1,FR_ROUTE_11,65,11
general__rom_082d4b24,150,wall,modeled_building,1,1,FR_VERMILION_CITY,11,24
general__rom_082d4b24,151,wall,modeled_building,1,1,FR_VERMILION_CITY,12,24
general__rom_082d4b24,152,wall,modeled_building,1,1,FR_VERMILION_CITY,13,24
general__rom_082d4b24,153,wall,modeled_building,1,1,FR_VERMILION_CITY,14,24
general__rom_082d4b24,154,wall,modeled_building,1,1,FR_VERMILION_CITY,15,24
general__rom_082d4b24,155,wall,modeled_building,1,1,FR_VERMILION_CITY,16,24
general__rom_082d4b24,156,wall,modeled_building,1,1,FR_VERMILION_CITY,17,24
general__rom_082d4b24,158,wall,modeled_building,1,1,FR_VERMILION_CITY,11,25
general__rom_082d4b24,159,wall,modeled_building,1,1,FR_VERMILION_CITY,12,25
general__rom_082d4b24,15A,wall,modeled_building,1,1,FR_VERMILION_CITY,13,25
general__rom_082d4b24,15B,wall,modeled_building,1,1,FR_VERMILION_CITY,14,25
general__rom_082d4b24,15C,wall,modeled_building,1,1,FR_VERMILION_CITY,15,25
general__rom_082d4b24,15D,wall,modeled_building,1,1,FR_VERMILION_CITY,16,25
general__rom_082d4b24,15E,wall,modeled_building,1,1,FR_VERMILION_CITY,17,25
general__rom_082d4b24,160,flat,modeled_prop,1,1,FR_VERMILION_CITY,10,23
general__rom_082d4b24,168,flat,modeled_prop,1,1,FR_VERMILION_CITY,10,24
general__rom_082d4b24,024,tree,modeled_tree,48,3,FR_ROUTE_11,32,1
general__rom_082d4b24,025,tree,modeled_tree,49,3,FR_ROUTE_11,41,1
general__rom_082d4b24,183,flat,unreviewed,2,2,FR_ROUTE_11,59,9
general__rom_082d4b24,184,flat,unreviewed,8,2,FR_ROUTE_11,60,9
general__rom_082d4b24,185,flat,unreviewed,2,2,FR_ROUTE_11,64,9
general__rom_082d4b24,026,tree,modeled_tree,3,2,FR_ROUTE_11,10,7
general__rom_082d4b24,186,wall,modeled_building,1,1,FR_VERMILION_CITY,16,6
general__rom_082d4b24,187,roof,modeled_building,1,1,FR_VERMILION_CITY,17,3
general__rom_082d4b24,188,roof,unmatched_building,1,1,FR_ROUTE_6,11,4
general__rom_082d4b24,189,wall,unmatched_building,2,1,FR_ROUTE_6,12,4
general__rom_082d4b24,18A,wall,unmatched_building,1,1,FR_ROUTE_6,14,4
general__rom_082d4b24,18D,flat,unreviewed,1,1,FR_ROUTE_11,58,8
general__rom_082d4b24,18F,flat,modeled_building,1,1,FR_VERMILION_CITY,17,4
general__rom_082d4b24,027,tree,modeled_tree,3,2,FR_ROUTE_11,11,7
general__rom_082d4b24,003,sign,modeled_sign,1,1,FR_VERMILION_CITY,45,17
general__rom_082d4b24,190,flat,unreviewed,1,1,FR_ROUTE_6,11,5
general__rom_082d4b24,191,flat,unreviewed,2,1,FR_ROUTE_6,12,5
general__rom_082d4b24,192,flat,unreviewed,1,1,FR_ROUTE_6,14,5
general__rom_082d4b24,197,wall,modeled_building,1,1,FR_VERMILION_CITY,17,5
general__rom_082d4b24,198,wall,unmatched_building,1,1,FR_ROUTE_6,11,6
general__rom_082d4b24,199,wall,unmatched_building,2,1,FR_ROUTE_6,12,6
general__rom_082d4b24,028,roof,modeled_building,1,1,FR_VERMILION_CITY,27,14
general__rom_082d4b24,19A,flat,unreviewed,1,1,FR_ROUTE_6,14,6
general__rom_082d4b24,19F,wall,modeled_building,1,1,FR_VERMILION_CITY,17,6
general__rom_082d4b24,029,roof,modeled_building,1,1,FR_VERMILION_CITY,28,14
general__rom_082d4b24,1A5,flat,unreviewed,1,1,FR_ROUTE_6,2,23
general__rom_082d4b24,1A6,flat,unreviewed,11,1,FR_ROUTE_6,4,23
general__rom_082d4b24,1A7,flat,unreviewed,1,1,FR_ROUTE_6,14,23
general__rom_082d4b24,1AD,flat,unreviewed,2,1,FR_ROUTE_6,2,25
general__rom_082d4b24,02A,roof,modeled_building,1,1,FR_VERMILION_CITY,29,14
general__rom_082d4b24,1AE,flat,unreviewed,22,1,FR_ROUTE_6,3,25
general__rom_082d4b24,1AF,flat,unreviewed,2,1,FR_ROUTE_6,14,24
general__rom_082d4b24,1B5,flat,unreviewed,8,2,FR_ROUTE_11,60,10
general__rom_082d4b24,1B6,flat,unreviewed,2,2,FR_ROUTE_11,59,10
general__rom_082d4b24,1B7,flat,unreviewed,2,2,FR_ROUTE_11,64,10
general__rom_082d4b24,02B,roof,modeled_building,1,1,FR_VERMILION_CITY,30,14
general__rom_082d4b24,1B8,flat,unreviewed,1,1,FR_VERMILION_CITY,35,20
general__rom_082d4b24,1B9,flat,unreviewed,1,1,FR_VERMILION_CITY,36,20
general__rom_082d4b24,1BA,flat,unreviewed,1,1,FR_VERMILION_CITY,37,20
general__rom_082d4b24,1BD,flat,unreviewed,1,1,FR_VERMILION_CITY,22,28
general__rom_082d4b24,1BE,flat,unreviewed,12,1,FR_VERMILION_CITY,24,28
general__rom_082d4b24,1C0,flat,unreviewed,1,1,FR_VERMILION_CITY,35,24
general__rom_082d4b24,1C1,flat,native_fallback,107,1,FR_SSANNE_EXTERIOR,32,0
general__rom_082d4b24,1C1,flat,unreviewed,4,1,FR_VERMILION_CITY,23,39
general__rom_082d4b24,1C2,flat,unreviewed,1,1,FR_VERMILION_CITY,37,24
general__rom_082d4b24,1C5,flat,unreviewed,7,1,FR_VERMILION_CITY,22,32
general__rom_082d4b24,1C6,flat,unreviewed,35,1,FR_VERMILION_CITY,25,29
general__rom_082d4b24,1C7,flat,unreviewed,8,1,FR_VERMILION_CITY,24,32
general__rom_082d4b24,1CB,flat,native_fallback,22,1,FR_SSANNE_EXTERIOR,14,4
general__rom_082d4b24,1CB,flat,unreviewed,14,1,FR_VERMILION_CITY,16,34
general__rom_082d4b24,1CC,flat,native_fallback,22,1,FR_SSANNE_EXTERIOR,3,17
general__rom_082d4b24,1CC,flat,unreviewed,14,1,FR_VERMILION_CITY,17,34
general__rom_082d4b24,1CE,flat,unreviewed,12,1,FR_VERMILION_CITY,29,31
general__rom_082d4b24,1CF,flat,unreviewed,1,1,FR_VERMILION_CITY,37,31
general__rom_082d4b24,1D0,flat,native_fallback,11,1,FR_SSANNE_EXTERIOR,61,23
general__rom_082d4b24,1D0,flat,reviewed_surface,8,1,FR_VERMILION_CITY,27,37
general__rom_082d4b24,1D2,flat,native_fallback,16,1,FR_SSANNE_EXTERIOR,52,29
general__rom_082d4b24,1D2,flat,reviewed_surface,11,2,FR_ROUTE_6,7,39
general__rom_082d4b24,1D3,flat,native_fallback,22,1,FR_SSANNE_EXTERIOR,14,5
general__rom_082d4b24,1D3,flat,unreviewed,14,1,FR_VERMILION_CITY,5,34
general__rom_082d4b24,1D4,flat,native_fallback,22,1,FR_SSANNE_EXTERIOR,3,18
general__rom_082d4b24,1D4,flat,reviewed_surface,14,1,FR_VERMILION_CITY,6,34
general__rom_082d4b24,1D5,flat,unreviewed,2,1,FR_VERMILION_CITY,20,21
general__rom_082d4b24,1D6,flat,unreviewed,22,1,FR_VERMILION_CITY,14,27
general__rom_082d4b24,1D7,flat,unreviewed,7,1,FR_VERMILION_CITY,14,8
general__rom_082d4b24,1D9,flat,native_fallback,1010,1,FR_SSANNE_EXTERIOR,10,27
general__rom_082d4b24,1D9,flat,reviewed_surface,205,2,FR_ROUTE_6,6,39
general__rom_082d4b24,1DD,flat,unreviewed,4,1,FR_VERMILION_CITY,19,23
general__rom_082d4b24,1DF,flat,unreviewed,13,1,FR_VERMILION_CITY,22,13
general__rom_082d4b24,1E0,flat,native_fallback,3,1,FR_SSANNE_EXTERIOR,22,2
general__rom_082d4b24,1E2,flat,native_fallback,8,1,FR_SSANNE_EXTERIOR,18,2
general__rom_082d4b24,1E2,flat,unreviewed,4,1,FR_VERMILION_CITY,4,2
general__rom_082d4b24,1E5,flat,unreviewed,1,1,FR_VERMILION_CITY,16,18
general__rom_082d4b24,1E6,flat,unreviewed,2,1,FR_VERMILION_CITY,10,19
general__rom_082d4b24,1E7,flat,unreviewed,4,1,FR_VERMILION_CITY,22,17
general__rom_082d4b24,1E8,flat,unreviewed,2,1,FR_VERMILION_CITY,19,27
general__rom_082d4b24,1E9,flat,unreviewed,8,1,FR_VERMILION_CITY,13,27
general__rom_082d4b24,030,roof,modeled_building,1,1,FR_VERMILION_CITY,27,15
general__rom_082d4b24,1EA,flat,unreviewed,1,1,FR_VERMILION_CITY,16,17
general__rom_082d4b24,1EB,flat,unreviewed,2,1,FR_VERMILION_CITY,9,19
general__rom_082d4b24,031,roof,modeled_building,1,1,FR_VERMILION_CITY,28,15
general__rom_082d4b24,032,roof,modeled_building,1,1,FR_VERMILION_CITY,29,15
general__rom_082d4b24,033,roof,modeled_building,1,1,FR_VERMILION_CITY,30,15
general__rom_082d4b24,212,flat,native_fallback,8,1,FR_SSANNE_EXTERIOR,4,2
general__rom_082d4b24,213,flat,native_fallback,8,1,FR_SSANNE_EXTERIOR,64,29
general__rom_082d4b24,21A,flat,native_fallback,8,1,FR_SSANNE_EXTERIOR,4,3
general__rom_082d4b24,21B,flat,native_fallback,8,1,FR_SSANNE_EXTERIOR,11,1
general__rom_082d4b24,227,flat,unreviewed,1,1,FR_ROUTE_11,65,8
general__rom_082d4b24,038,roof,modeled_building,1,1,FR_VERMILION_CITY,27,16
general__rom_082d4b24,039,roof,modeled_building,1,1,FR_VERMILION_CITY,28,16
general__rom_082d4b24,03A,roof,modeled_building,1,1,FR_VERMILION_CITY,29,16
general__rom_082d4b24,03B,roof,modeled_building,1,1,FR_VERMILION_CITY,30,16
general__rom_082d4b24,005,shrub,modeled_shrub,4,1,FR_VERMILION_CITY,41,17
general__rom_082d4b24,03D,flat,unreviewed,1,1,FR_ROUTE_6,19,13
general__rom_082d4b24,282,flat,modeled_building,1,1,FR_VERMILION_CITY,13,2
general__rom_082d4b24,283,flat,modeled_building,1,1,FR_VERMILION_CITY,14,2
general__rom_082d4b24,284,flat,modeled_building,1,1,FR_VERMILION_CITY,15,2
general__rom_082d4b24,285,flat,modeled_building,1,1,FR_VERMILION_CITY,16,2
general__rom_082d4b24,286,flat,modeled_building,1,1,FR_VERMILION_CITY,17,2
general__rom_082d4b24,287,flat,unreviewed,5,1,FR_VERMILION_CITY,10,15
general__rom_082d4b24,288,flat,unreviewed,1,1,FR_VERMILION_CITY,8,24
general__rom_082d4b24,289,flat,unreviewed,1,1,FR_VERMILION_CITY,9,24
general__rom_082d4b24,040,wall,modeled_building,1,1,FR_VERMILION_CITY,27,17
general__rom_082d4b24,28D,flat,unreviewed,2,1,FR_VERMILION_CITY,26,32
general__rom_082d4b24,28E,flat,unreviewed,1,1,FR_VERMILION_CITY,26,33
general__rom_082d4b24,28F,flat,unreviewed,2,1,FR_VERMILION_CITY,20,32
general__rom_082d4b24,291,flat,unreviewed,1,1,FR_VERMILION_CITY,41,24
general__rom_082d4b24,292,flat,unreviewed,5,1,FR_VERMILION_CITY,42,24
general__rom_082d4b24,293,flat,unreviewed,1,1,FR_VERMILION_CITY,47,24
general__rom_082d4b24,041,wall,modeled_building,1,1,FR_VERMILION_CITY,28,17
general__rom_082d4b24,294,flat,unreviewed,1,1,FR_ROUTE_11,8,3
general__rom_082d4b24,295,flat,unreviewed,2,1,FR_ROUTE_11,7,3
general__rom_082d4b24,296,flat,unreviewed,1,1,FR_ROUTE_11,5,3
general__rom_082d4b24,297,flat,unreviewed,1,1,FR_VERMILION_CITY,20,33
general__rom_082d4b24,299,flat,unreviewed,2,1,FR_ROUTE_11,45,19
general__rom_082d4b24,29A,flat,unreviewed,15,1,FR_ROUTE_11,53,19
general__rom_082d4b24,29B,flat,unreviewed,16,1,FR_ROUTE_11,52,19
general__rom_082d4b24,29C,flat,unreviewed,1,1,FR_ROUTE_11,39,19
general__rom_082d4b24,29D,flat,unreviewed,1,1,FR_ROUTE_11,54,19
general__rom_082d4b24,29E,flat,modeled_building,2,1,FR_VERMILION_CITY,9,6
general__rom_082d4b24,29E,flat,unreviewed,2,1,FR_VERMILION_CITY,19,17
general__rom_082d4b24,29F,flat,unreviewed,1,1,FR_VERMILION_CITY,20,34
general__rom_082d4b24,2A0,flat,modeled_building,1,1,FR_VERMILION_CITY,18,3
general__rom_082d4b24,2A0,flat,unreviewed,1,1,FR_VERMILION_CITY,18,14
general__rom_082d4b24,2A1,flat,modeled_building,3,1,FR_VERMILION_CITY,10,3
general__rom_082d4b24,2A2,flat,modeled_building,1,1,FR_VERMILION_CITY,12,3
general__rom_082d4b24,2A3,flat,modeled_building,2,1,FR_VERMILION_CITY,11,5
general__rom_082d4b24,2A3,flat,unreviewed,3,1,FR_VERMILION_CITY,20,16
general__rom_082d4b24,2A4,flat,modeled_building,2,1,FR_VERMILION_CITY,21,5
general__rom_082d4b24,2A4,flat,unreviewed,3,1,FR_VERMILION_CITY,21,16
general__rom_082d4b24,2A5,flat,unreviewed,1,1,FR_VERMILION_CITY,25,5
general__rom_082d4b24,2A6,flat,unreviewed,1,1,FR_VERMILION_CITY,26,5
general__rom_082d4b24,2A7,flat,modeled_building,1,1,FR_VERMILION_CITY,9,5
general__rom_082d4b24,2A7,flat,unreviewed,2,1,FR_VERMILION_CITY,19,16
general__rom_082d4b24,2A8,flat,modeled_building,2,1,FR_VERMILION_CITY,8,4
general__rom_082d4b24,2A8,flat,unreviewed,3,1,FR_VERMILION_CITY,18,15
general__rom_082d4b24,2A9,flat,modeled_building,5,1,FR_VERMILION_CITY,10,4
general__rom_082d4b24,2A9,flat,unreviewed,7,1,FR_VERMILION_CITY,19,15
general__rom_082d4b24,2AA,flat,modeled_building,2,1,FR_VERMILION_CITY,21,4
general__rom_082d4b24,2AA,flat,unreviewed,3,1,FR_VERMILION_CITY,21,15
general__rom_082d4b24,2AB,flat,modeled_building,1,1,FR_VERMILION_CITY,20,6
general__rom_082d4b24,2AB,flat,unreviewed,1,1,FR_VERMILION_CITY,28,6
general__rom_082d4b24,2AC,flat,modeled_building,1,1,FR_VERMILION_CITY,21,6
general__rom_082d4b24,2AC,flat,unreviewed,1,1,FR_VERMILION_CITY,29,6
general__rom_082d4b24,2AD,flat,unreviewed,1,1,FR_VERMILION_CITY,25,6
general__rom_082d4b24,2AE,flat,unreviewed,1,1,FR_VERMILION_CITY,26,6
general__rom_082d4b24,2AF,flat,unreviewed,1,1,FR_VERMILION_CITY,26,34
general__rom_082d4b24,2B0,flat,modeled_building,2,1,FR_VERMILION_CITY,8,5
general__rom_082d4b24,2B0,flat,unreviewed,2,1,FR_VERMILION_CITY,18,16
general__rom_082d4b24,2B1,flat,modeled_building,2,1,FR_VERMILION_CITY,10,5
general__rom_082d4b24,2B1,flat,unreviewed,1,1,FR_VERMILION_CITY,27,5
general__rom_082d4b24,044,wall,unmatched_building,3,2,FR_ROUTE_11,59,7
general__rom_082d4b24,2B6,flat,modeled_building,1,1,FR_VERMILION_CITY,8,3
general__rom_082d4b24,2B7,flat,modeled_building,1,1,FR_VERMILION_CITY,9,3
general__rom_082d4b24,2B8,flat,modeled_building,2,1,FR_VERMILION_CITY,8,6
general__rom_082d4b24,2B8,flat,unreviewed,2,1,FR_VERMILION_CITY,18,17
general__rom_082d4b24,2B9,flat,modeled_building,1,1,FR_VERMILION_CITY,19,6
general__rom_082d4b24,2B9,flat,unreviewed,1,1,FR_VERMILION_CITY,27,6
general__rom_082d4b24,2BB,flat,unreviewed,1,1,FR_VERMILION_CITY,27,21
general__rom_082d4b24,045,wall,unmatched_building,10,2,FR_ROUTE_11,61,7
general__rom_082d4b24,2BC,flat,unreviewed,2,1,FR_VERMILION_CITY,28,21
general__rom_082d4b24,2BD,flat,unreviewed,1,1,FR_VERMILION_CITY,30,21
general__rom_082d4b24,2BE,flat,modeled_building,1,1,FR_VERMILION_CITY,20,3
general__rom_082d4b24,2BE,flat,unreviewed,1,1,FR_VERMILION_CITY,19,14
general__rom_082d4b24,2BF,flat,modeled_building,1,1,FR_VERMILION_CITY,21,3
general__rom_082d4b24,2C0,flat,unreviewed,1,1,FR_VERMILION_CITY,20,14
general__rom_082d4b24,2C1,flat,unreviewed,1,1,FR_VERMILION_CITY,21,14
general__rom_082d4b24,2C2,flat,unreviewed,1,1,FR_VERMILION_CITY,25,3
general__rom_082d4b24,2C3,flat,unreviewed,2,1,FR_VERMILION_CITY,26,3
general__rom_082d4b24,2C4,flat,unreviewed,1,1,FR_VERMILION_CITY,27,3
general__rom_082d4b24,2C5,flat,unreviewed,1,1,FR_VERMILION_CITY,29,3
general__rom_082d4b24,046,wall,unmatched_building,3,2,FR_ROUTE_11,64,7
general__rom_082d4b24,2C8,flat,modeled_building,1,1,FR_VERMILION_CITY,11,14
general__rom_082d4b24,2C9,flat,modeled_building,3,1,FR_VERMILION_CITY,12,14
general__rom_082d4b24,2CA,flat,modeled_building,1,1,FR_VERMILION_CITY,15,14
general__rom_082d4b24,2CB,flat,modeled_building,1,1,FR_VERMILION_CITY,15,16
general__rom_082d4b24,2CC,flat,unreviewed,1,1,FR_VERMILION_CITY,35,21
general__rom_082d4b24,2CD,flat,unreviewed,1,1,FR_VERMILION_CITY,36,21
general__rom_082d4b24,2CE,flat,unreviewed,1,1,FR_VERMILION_CITY,37,21
general__rom_082d4b24,2CF,flat,unreviewed,1,1,FR_VERMILION_CITY,25,33
general__rom_082d4b24,2D0,flat,modeled_building,1,1,FR_VERMILION_CITY,11,15
general__rom_082d4b24,2D1,flat,modeled_building,3,1,FR_VERMILION_CITY,12,15
general__rom_082d4b24,2D2,flat,modeled_building,1,1,FR_VERMILION_CITY,15,15
general__rom_082d4b24,2D3,flat,modeled_building,1,1,FR_VERMILION_CITY,15,17
general__rom_082d4b24,2D4,flat,native_fallback,1,1,FR_SSANNE_EXTERIOR,31,4
general__rom_082d4b24,2D4,flat,unreviewed,2,1,FR_VERMILION_CITY,22,35
general__rom_082d4b24,2D5,flat,native_fallback,1,1,FR_SSANNE_EXTERIOR,32,4
general__rom_082d4b24,2D5,flat,unreviewed,2,1,FR_VERMILION_CITY,23,35
general__rom_082d4b24,2D6,flat,native_fallback,1,1,FR_SSANNE_EXTERIOR,33,4
general__rom_082d4b24,2D6,flat,unreviewed,2,1,FR_VERMILION_CITY,24,35
general__rom_082d4b24,2D7,flat,unreviewed,1,1,FR_VERMILION_CITY,25,34
general__rom_082d4b24,2D8,flat,modeled_building,1,1,FR_VERMILION_CITY,11,16
general__rom_082d4b24,2D9,flat,modeled_building,1,1,FR_VERMILION_CITY,12,16
general__rom_082d4b24,048,roof,modeled_building,1,1,FR_VERMILION_CITY,13,3
general__rom_082d4b24,2DA,flat,modeled_building,1,1,FR_VERMILION_CITY,13,16
general__rom_082d4b24,2DB,flat,modeled_building,1,1,FR_VERMILION_CITY,14,16
general__rom_082d4b24,2DC,flat,unreviewed,2,1,FR_VERMILION_CITY,22,36
general__rom_082d4b24,2DD,flat,unreviewed,2,1,FR_VERMILION_CITY,23,36
general__rom_082d4b24,2DE,flat,unreviewed,2,1,FR_VERMILION_CITY,24,36
general__rom_082d4b24,2DF,flat,unreviewed,1,1,FR_VERMILION_CITY,21,33
general__rom_082d4b24,2E0,flat,modeled_building,1,1,FR_VERMILION_CITY,11,17
general__rom_082d4b24,2E1,flat,native_fallback,1,1,FR_SSANNE_EXTERIOR,32,14
general__rom_082d4b24,2E2,flat,modeled_building,1,1,FR_VERMILION_CITY,13,17
general__rom_082d4b24,2E3,flat,modeled_building,1,1,FR_VERMILION_CITY,14,17
general__rom_082d4b24,049,roof,modeled_building,1,1,FR_VERMILION_CITY,14,3
general__rom_082d4b24,2E6,flat,unreviewed,2,1,FR_VERMILION_CITY,20,35
general__rom_082d4b24,2E7,flat,unreviewed,1,1,FR_VERMILION_CITY,21,34
general__rom_082d4b24,2EB,flat,unreviewed,1,1,FR_VERMILION_CITY,22,34
general__rom_082d4b24,2EC,flat,unreviewed,1,1,FR_VERMILION_CITY,23,34
general__rom_082d4b24,2ED,flat,unreviewed,1,1,FR_VERMILION_CITY,24,34
general__rom_082d4b24,04A,roof,modeled_building,1,1,FR_VERMILION_CITY,15,3
general__rom_082d4b24,2EE,flat,unreviewed,1,1,FR_VERMILION_CITY,21,35
general__rom_082d4b24,2EF,flat,unreviewed,1,1,FR_VERMILION_CITY,25,35
general__rom_082d4b24,2F0,flat,unreviewed,2,1,FR_VERMILION_CITY,10,7
general__rom_082d4b24,2F4,flat,modeled_building,1,1,FR_VERMILION_CITY,12,6
general__rom_082d4b24,2F5,flat,unreviewed,2,1,FR_VERMILION_CITY,12,7
general__rom_082d4b24,04B,roof,modeled_building,1,1,FR_VERMILION_CITY,16,3
general__rom_082d4b24,2F8,flat,modeled_building,1,1,FR_VERMILION_CITY,10,6
general__rom_082d4b24,2F9,flat,modeled_building,1,1,FR_VERMILION_CITY,11,6
general__rom_082d4b24,2FA,flat,unreviewed,2,1,FR_VERMILION_CITY,11,7
general__rom_082d4b24,2FB,flat,unreviewed,2,1,FR_VERMILION_CITY,20,17
general__rom_082d4b24,2FC,flat,unreviewed,2,1,FR_VERMILION_CITY,21,17
general__rom_082d4b24,2FD,flat,unreviewed,2,1,FR_VERMILION_CITY,20,18
general__rom_082d4b24,2FE,flat,unreviewed,2,1,FR_VERMILION_CITY,30,25
general__rom_082d4b24,2FF,flat,native_fallback,1,1,FR_SSANNE_EXTERIOR,32,5
general__rom_082d4b24,04C,flat,unreviewed,3,2,FR_ROUTE_11,59,8
general__rom_082d4b24,302,flat,native_fallback,10,1,FR_SSANNE_EXTERIOR,31,10
general__rom_082d4b24,302,flat,unreviewed,3,1,FR_VERMILION_CITY,22,39
general__rom_082d4b24,303,flat,native_fallback,33,1,FR_SSANNE_EXTERIOR,33,0
general__rom_082d4b24,303,flat,unreviewed,3,1,FR_VERMILION_CITY,24,39
general__rom_082d4b24,306,flat,native_fallback,1,1,FR_SSANNE_EXTERIOR,31,5
general__rom_082d4b24,307,flat,native_fallback,1,1,FR_SSANNE_EXTERIOR,33,5
general__rom_082d4b24,308,flat,unreviewed,1,1,FR_VERMILION_CITY,22,33
general__rom_082d4b24,309,flat,unreviewed,1,1,FR_VERMILION_CITY,23,33
general__rom_082d4b24,30A,flat,unreviewed,1,1,FR_VERMILION_CITY,24,33
general__rom_082d4b24,30B,flat,native_fallback,1,1,FR_SSANNE_EXTERIOR,31,3
general__rom_082d4b24,04D,flat,unreviewed,10,2,FR_ROUTE_11,61,8
general__rom_082d4b24,30C,flat,native_fallback,1,1,FR_SSANNE_EXTERIOR,32,3
general__rom_082d4b24,30D,flat,native_fallback,1,1,FR_SSANNE_EXTERIOR,33,3
general__rom_082d4b24,310,flat,unreviewed,1,1,FR_ROUTE_6,2,26
general__rom_082d4b24,311,flat,unreviewed,11,1,FR_ROUTE_6,3,26
general__rom_082d4b24,312,flat,unreviewed,1,1,FR_ROUTE_6,14,26
general__rom_082d4b24,313,flat,native_fallback,1,1,FR_SSANNE_EXTERIOR,55,1
general__rom_082d4b24,314,flat,native_fallback,1,1,FR_SSANNE_EXTERIOR,56,1
general__rom_082d4b24,315,flat,native_fallback,1,1,FR_SSANNE_EXTERIOR,55,2
general__rom_082d4b24,04E,flat,unreviewed,3,2,FR_ROUTE_11,64,8
general__rom_082d4b24,316,flat,native_fallback,1,1,FR_SSANNE_EXTERIOR,56,2
general__rom_082d4b24,317,flat,native_fallback,1,1,FR_SSANNE_EXTERIOR,57,2
general__rom_082d4b24,318,flat,native_fallback,1,1,FR_SSANNE_EXTERIOR,55,3
general__rom_082d4b24,319,flat,native_fallback,1,1,FR_SSANNE_EXTERIOR,56,3
general__rom_082d4b24,31A,flat,native_fallback,1,1,FR_SSANNE_EXTERIOR,57,3
general__rom_082d4b24,31B,flat,native_fallback,17,1,FR_SSANNE_EXTERIOR,62,2
general__rom_082d4b24,31D,flat,native_fallback,2,1,FR_SSANNE_EXTERIOR,58,29
general__rom_082d4b24,31E,flat,native_fallback,1,1,FR_SSANNE_EXTERIOR,59,29
general__rom_082d4b24,31F,flat,native_fallback,5,1,FR_SSANNE_EXTERIOR,59,3
general__rom_082d4b24,320,flat,native_fallback,3,1,FR_SSANNE_EXTERIOR,31,15
general__rom_082d4b24,321,flat,native_fallback,1,1,FR_SSANNE_EXTERIOR,30,14
general__rom_082d4b24,322,flat,native_fallback,1,1,FR_SSANNE_EXTERIOR,34,14
general__rom_082d4b24,323,flat,native_fallback,1,1,FR_SSANNE_EXTERIOR,30,15
general__rom_082d4b24,324,flat,native_fallback,1,1,FR_SSANNE_EXTERIOR,34,15
general__rom_082d4b24,325,flat,native_fallback,1,1,FR_SSANNE_EXTERIOR,46,2
general__rom_082d4b24,326,flat,unreviewed,1,1,FR_VERMILION_CITY,34,23
general__rom_082d4b24,327,flat,unreviewed,1,1,FR_VERMILION_CITY,38,23
general__rom_082d4b24,050,roof,modeled_building,1,1,FR_VERMILION_CITY,13,4
general__rom_082d4b24,051,roof,modeled_building,1,1,FR_VERMILION_CITY,14,4
general__rom_082d4b24,052,roof,modeled_building,1,1,FR_VERMILION_CITY,15,4
general__rom_082d4b24,053,roof,modeled_building,1,1,FR_VERMILION_CITY,16,4
general__rom_082d4b24,054,flat,unreviewed,1,1,FR_ROUTE_6,18,12
general__rom_082d4b24,055,flat,unreviewed,1,1,FR_ROUTE_6,20,12
general__rom_082d4b24,056,flat,unreviewed,1,1,FR_ROUTE_6,21,12
general__rom_082d4b24,058,roof,modeled_building,1,1,FR_VERMILION_CITY,13,5
general__rom_082d4b24,059,roof,modeled_building,1,1,FR_VERMILION_CITY,14,5
general__rom_082d4b24,008,flat,reviewed_surface,149,3,FR_ROUTE_11,55,15
general__rom_082d4b24,05A,roof,modeled_building,1,1,FR_VERMILION_CITY,15,5
general__rom_082d4b24,05B,roof,modeled_building,1,1,FR_VERMILION_CITY,16,5
general__rom_082d4b24,05C,wall,unmatched_building,1,1,FR_ROUTE_6,10,4
general__rom_082d4b24,05E,wall,unmatched_building,1,1,FR_ROUTE_6,15,4
general__rom_082d4b24,060,wall,modeled_building,1,1,FR_VERMILION_CITY,13,6
general__rom_082d4b24,061,wall,modeled_building,1,1,FR_VERMILION_CITY,14,6
general__rom_082d4b24,062,wall,modeled_building,2,1,FR_VERMILION_CITY,29,17
general__rom_082d4b24,063,wall,modeled_building,1,1,FR_VERMILION_CITY,30,17
general__rom_082d4b24,009,flat,reviewed_surface,69,3,FR_ROUTE_11,56,15
general__rom_082d4b3c,064,wall,unmatched_building,4,3,FR_ROUTE_16,21,14
general__rom_082d4b3c,065,wall,unmatched_building,13,3,FR_ROUTE_16,22,14
general__rom_082d4b3c,066,flat,unreviewed,4,3,FR_ROUTE_16,26,14
general__rom_082d4b3c,067,flat,unreviewed,1,1,FR_ROUTE_7,7,13
general__rom_082d4b3c,071,cliff,modeled_cliff,54,2,FR_PROTOTYPE_SEVII_ISLE_8,83,19
general__rom_082d4b3c,073,cliff,modeled_cliff,4,1,FR_PROTOTYPE_SEVII_ISLE_8,80,19
general__rom_082d4b3c,075,cliff,modeled_cliff,5,1,FR_PROTOTYPE_SEVII_ISLE_9,6,4
general__rom_082d4b3c,079,cliff,modeled_cliff,2,1,FR_PROTOTYPE_SEVII_ISLE_8,54,6
general__rom_082d4b3c,07C,cliff,modeled_cliff,7,2,FR_PROTOTYPE_SEVII_ISLE_8,51,9
general__rom_082d4b3c,084,flat,unreviewed,1,1,FR_ROUTE_7,10,2
general__rom_082d4b3c,086,flat,unreviewed,5,1,FR_ROUTE_7,10,3
general__rom_082d4b3c,087,ledge,modeled_ledge,21,3,FR_CELADON_CITY,5,33
general__rom_082d4b3c,00D,grass,modeled_grass,87,3,FR_ROUTE_16,35,5
general__rom_082d4b3c,08E,flat,unreviewed,2,1,FR_ROUTE_7,10,8
general__rom_082d4b3c,00E,tree,modeled_tree,63,3,FR_CELADON_CITY,32,3
general__rom_082d4b3c,00F,tree,modeled_tree,63,3,FR_CELADON_CITY,33,3
general__rom_082d4b3c,0A0,flat,unreviewed,4,1,FR_PROTOTYPE_SEVII_ISLE_8,49,7
general__rom_082d4b3c,0A1,flat,unreviewed,2,1,FR_PROTOTYPE_SEVII_ISLE_8,55,6
general__rom_082d4b3c,0A2,flat,unreviewed,3,1,FR_PROTOTYPE_SEVII_ISLE_8,56,5
general__rom_082d4b3c,0A8,flat,unreviewed,1,1,FR_PROTOTYPE_SEVII_ISLE_8,49,9
general__rom_082d4b3c,010,flat,reviewed_surface,129,4,FR_CELADON_CITY,24,27
general__rom_082d4b3c,0AA,flat,unreviewed,2,1,FR_PROTOTYPE_SEVII_ISLE_8,56,6
general__rom_082d4b3c,0B0,ledge,modeled_ledge,8,3,FR_CELADON_CITY,4,33
general__rom_082d4b3c,0B1,ledge,modeled_ledge,5,3,FR_CELADON_CITY,9,33
general__rom_082d4b3c,0B2,cliff,modeled_cliff,1,1,FR_PROTOTYPE_SEVII_ISLE_8,52,6
general__rom_082d4b3c,011,flat,reviewed_surface,136,4,FR_CELADON_CITY,11,3
general__rom_082d4b3c,0BD,flat,unreviewed,1,1,FR_CELADON_CITY,41,18
general__rom_082d4b3c,0BE,flat,unreviewed,1,1,FR_CELADON_CITY,42,18
general__rom_082d4b3c,0BF,flat,unreviewed,1,1,FR_CELADON_CITY,43,18
general__rom_082d4b3c,0C2,flat,unreviewed,1,1,FR_ROUTE_7,16,15
general__rom_082d4b3c,0C5,flat,unreviewed,3,1,FR_CELADON_CITY,41,19
general__rom_082d4b3c,0C6,flat,unreviewed,3,1,FR_CELADON_CITY,42,19
general__rom_082d4b3c,0C7,flat,unreviewed,3,1,FR_CELADON_CITY,43,19
general__rom_082d4b3c,001,flat,reviewed_surface,28,4,FR_CELADON_CITY,40,34
general__rom_082d4b3c,0CD,flat,unreviewed,1,1,FR_CELADON_CITY,41,22
general__rom_082d4b3c,0CE,flat,unreviewed,1,1,FR_CELADON_CITY,42,22
general__rom_082d4b3c,0CF,flat,unreviewed,1,1,FR_CELADON_CITY,43,22
general__rom_082d4b3c,014,tree,modeled_tree,213,4,FR_CELADON_CITY,0,29
general__rom_082d4b3c,0D3,flat,reviewed_surface,8,4,FR_CELADON_CITY,29,3
general__rom_082d4b3c,0D4,flat,reviewed_surface,83,4,FR_CELADON_CITY,30,3
general__rom_082d4b3c,0D5,flat,reviewed_surface,7,3,FR_CELADON_CITY,31,3
general__rom_082d4b3c,0D6,flat,unreviewed,30,3,FR_CELADON_CITY,52,23
general__rom_082d4b3c,0D7,flat,unreviewed,30,3,FR_CELADON_CITY,53,23
general__rom_082d4b3c,0DB,flat,reviewed_surface,18,3,FR_ROUTE_16,10,13
general__rom_082d4b3c,015,tree,modeled_tree,219,4,FR_CELADON_CITY,57,25
general__rom_082d4b3c,0DC,flat,reviewed_surface,152,3,FR_ROUTE_16,12,7
general__rom_082d4b3c,0DD,flat,reviewed_surface,12,1,FR_ROUTE_16,29,13
general__rom_082d4b3c,0E3,flat,reviewed_surface,3,2,FR_ROUTE_16,30,10
general__rom_082d4b3c,0E4,flat,reviewed_surface,54,3,FR_ROUTE_16,10,8
general__rom_082d4b3c,0E5,flat,reviewed_surface,4,1,FR_ROUTE_16,14,19
general__rom_082d4b3c,016,tree,modeled_tree,32,4,FR_CELADON_CITY,52,25
general__rom_082d4b3c,0E6,fence,modeled_fence,17,1,FR_ROUTE_18,40,11
general__rom_082d4b3c,0E7,fence,modeled_fence,110,5,FR_CELADON_CITY,31,23
general__rom_082d4b3c,0E8,fence,modeled_fence,1,1,FR_ROUTE_18,47,14
general__rom_082d4b3c,0EA,flat,unreviewed,1,1,FR_ROUTE_18,38,11
general__rom_082d4b3c,0EC,fence,modeled_fence,4,4,FR_CELADON_CITY,23,17
general__rom_082d4b3c,0ED,fence,modeled_fence,2,2,FR_CELADON_CITY,30,17
general__rom_082d4b3c,0EE,flat,unreviewed,2,2,FR_ROUTE_16,1,4
general__rom_082d4b3c,0EF,flat,unreviewed,3,3,FR_ROUTE_16,29,10
general__rom_082d4b3c,017,tree,modeled_tree,26,2,FR_CELADON_CITY,3,19
general__rom_082d4b3c,0F0,fence,modeled_fence,3,1,FR_ROUTE_18,47,16
general__rom_082d4b3c,0F1,fence,modeled_fence,6,1,FR_ROUTE_18,38,12
general__rom_082d4b3c,0F2,fence,modeled_fence,1,1,FR_ROUTE_18,38,18
general__rom_082d4b3c,0F3,fence,modeled_fence,1,1,FR_ROUTE_18,47,18
general__rom_082d4b3c,0F4,fence,modeled_fence,99,5,FR_CELADON_CITY,23,20
general__rom_082d4b3c,0F5,fence,modeled_fence,115,4,FR_CELADON_CITY,30,19
general__rom_082d4b3c,0F6,flat,unreviewed,4,2,FR_ROUTE_17,1,137
general__rom_082d4b3c,0F7,flat,unreviewed,3,3,FR_ROUTE_17,22,137
general__rom_082d4b3c,0FC,fence,modeled_fence,2,2,FR_ROUTE_16,29,11
general__rom_082d4b3c,102,flat,reviewed_surface,3,2,FR_ROUTE_16,10,17
general__rom_082d4b3c,103,flat,reviewed_surface,4,2,FR_ROUTE_16,32,8
general__rom_082d4b3c,104,flat,reviewed_surface,2,1,FR_ROUTE_16,10,19
general__rom_082d4b3c,105,flat,reviewed_surface,5,2,FR_ROUTE_16,12,19
general__rom_082d4b3c,108,flat,unreviewed,2,1,FR_ROUTE_17,1,138
general__rom_082d4b3c,109,flat,unreviewed,2,1,FR_ROUTE_17,21,138
general__rom_082d4b3c,10C,flat,unreviewed,3,1,FR_PROTOTYPE_SEVII_ISLE_8,53,13
general__rom_082d4b3c,10E,flat,unreviewed,3,1,FR_PROTOTYPE_SEVII_ISLE_8,48,3
general__rom_082d4b3c,10F,flat,unreviewed,9,1,FR_PROTOTYPE_SEVII_ISLE_8,81,15
general__rom_082d4b3c,110,flat,unreviewed,203,5,FR_PROTOTYPE_SEVII_ISLE_7,1,1
general__rom_082d4b3c,111,flat,unreviewed,197,4,FR_PROTOTYPE_SEVII_ISLE_8,73,15
general__rom_082d4b3c,112,flat,unreviewed,1,1,FR_ROUTE_18,18,0
general__rom_082d4b3c,113,flat,unreviewed,3,1,FR_ROUTE_18,6,0
general__rom_082d4b3c,114,flat,reviewed_surface,2,1,FR_PROTOTYPE_SEVII_ISLE_8,48,10
general__rom_082d4b3c,115,flat,reviewed_surface,14,1,FR_PROTOTYPE_SEVII_ISLE_8,49,10
general__rom_082d4b3c,116,flat,unreviewed,4,1,FR_PROTOTYPE_SEVII_ISLE_8,57,6
general__rom_082d4b3c,117,flat,unreviewed,2,1,FR_PROTOTYPE_SEVII_ISLE_8,80,15
general__rom_082d4b3c,118,flat,unreviewed,201,4,FR_PROTOTYPE_SEVII_ISLE_8,10,1
general__rom_082d4b3c,119,flat,reviewed_surface,199,4,FR_PROTOTYPE_SEVII_ISLE_8,11,1
general__rom_082d4b3c,11A,flat,unreviewed,1,1,FR_ROUTE_18,18,1
general__rom_082d4b3c,11B,flat,unreviewed,3,1,FR_ROUTE_18,31,4
general__rom_082d4b3c,11C,flat,reviewed_surface,3,1,FR_PROTOTYPE_SEVII_ISLE_8,48,12
general__rom_082d4b3c,11D,flat,reviewed_surface,6,1,FR_PROTOTYPE_SEVII_ISLE_8,49,12
general__rom_082d4b3c,11E,flat,unreviewed,5,1,FR_PROTOTYPE_SEVII_ISLE_8,54,14
general__rom_082d4b3c,11F,flat,unreviewed,1,1,FR_PROTOTYPE_SEVII_ISLE_8,56,4
general__rom_082d4b3c,01C,tree,modeled_tree,226,5,FR_CELADON_CITY,0,28
general__rom_082d4b3c,122,flat,unreviewed,3,2,FR_ROUTE_17,17,2
general__rom_082d4b3c,123,flat,unreviewed,25,2,FR_ROUTE_17,23,2
general__rom_082d4b3c,124,flat,unreviewed,2,2,FR_ROUTE_17,6,138
general__rom_082d4b3c,128,flat,unreviewed,1,1,FR_ROUTE_16,0,3
general__rom_082d4b3c,129,flat,unreviewed,1,1,FR_ROUTE_17,23,8
general__rom_082d4b3c,12A,flat,reviewed_surface,159,2,FR_ROUTE_17,23,64
general__rom_082d4b3c,12B,flat,reviewed_surface,2632,6,FR_PROTOTYPE_SEVII_ISLE_6,1,1
general__rom_082d4b3c,01D,tree,modeled_tree,236,5,FR_CELADON_CITY,11,0
general__rom_082d4b3c,002,sign,modeled_sign,12,5,FR_CELADON_CITY,33,23
general__rom_082d4b3c,12C,flat,reviewed_surface,196,3,FR_ROUTE_16,0,19
general__rom_082d4b3c,12E,flat,reviewed_surface,2,1,FR_PROTOTYPE_SEVII_ISLE_8,52,10
general__rom_082d4b3c,130,flat,reviewed_surface,3,2,FR_ROUTE_17,0,138
general__rom_082d4b3c,131,flat,reviewed_surface,2,2,FR_ROUTE_17,23,138
general__rom_082d4b3c,132,flat,unreviewed,1,1,FR_ROUTE_16,1,3
general__rom_082d4b3c,133,flat,unreviewed,19,2,FR_ROUTE_17,17,8
general__rom_082d4b3c,134,flat,unreviewed,1,1,FR_ROUTE_17,22,8
general__rom_082d4b3c,01E,tree,modeled_tree,131,5,FR_CELADON_CITY,56,30
general__rom_082d4b3c,138,flat,unreviewed,4,3,FR_ROUTE_16,20,5
general__rom_082d4b3c,139,roof,modeled_building,1,1,FR_CELADON_CITY,8,26
general__rom_082d4b3c,13A,roof,modeled_building,6,1,FR_CELADON_CITY,9,26
general__rom_082d4b3c,13B,roof,modeled_building,1,1,FR_CELADON_CITY,15,26
general__rom_082d4b3c,13C,flat,unreviewed,4,3,FR_ROUTE_16,27,5
general__rom_082d4b3c,01F,tree,modeled_tree,121,4,FR_CELADON_CITY,3,12
general__rom_082d4b3c,140,flat,unreviewed,4,3,FR_ROUTE_16,20,6
general__rom_082d4b3c,141,roof,modeled_building,1,1,FR_CELADON_CITY,8,27
general__rom_082d4b3c,142,roof,modeled_building,6,1,FR_CELADON_CITY,10,27
general__rom_082d4b3c,143,roof,modeled_building,1,1,FR_CELADON_CITY,15,27
general__rom_082d4b3c,144,flat,unreviewed,4,3,FR_ROUTE_16,27,13
general__rom_082d4b3c,148,flat,unreviewed,4,3,FR_ROUTE_16,20,14
general__rom_082d4b3c,149,roof,modeled_building,1,1,FR_CELADON_CITY,8,28
general__rom_082d4b3c,14A,roof,modeled_building,6,1,FR_CELADON_CITY,9,28
general__rom_082d4b3c,14B,roof,modeled_building,1,1,FR_CELADON_CITY,15,28
general__rom_082d4b3c,14C,flat,unreviewed,4,3,FR_ROUTE_16,27,7
general__rom_082d4b3c,150,wall,modeled_building,1,1,FR_CELADON_CITY,8,29
general__rom_082d4b3c,151,wall,modeled_building,1,1,FR_CELADON_CITY,9,29
general__rom_082d4b3c,152,wall,modeled_building,1,1,FR_CELADON_CITY,10,29
general__rom_082d4b3c,153,wall,modeled_building,1,1,FR_CELADON_CITY,11,29
general__rom_082d4b3c,154,wall,modeled_building,1,1,FR_CELADON_CITY,12,29
general__rom_082d4b3c,155,wall,modeled_building,2,1,FR_CELADON_CITY,13,29
general__rom_082d4b3c,156,wall,modeled_building,1,1,FR_CELADON_CITY,15,29
general__rom_082d4b3c,158,wall,modeled_building,1,1,FR_CELADON_CITY,8,30
general__rom_082d4b3c,159,wall,modeled_building,1,1,FR_CELADON_CITY,9,30
general__rom_082d4b3c,15A,wall,modeled_building,1,1,FR_CELADON_CITY,10,30
general__rom_082d4b3c,15B,wall,modeled_building,1,1,FR_CELADON_CITY,11,30
general__rom_082d4b3c,15B,wall,unmatched_building,2,1,FR_CELADON_CITY,39,20
general__rom_082d4b3c,15C,wall,modeled_building,1,1,FR_CELADON_CITY,12,30
general__rom_082d4b3c,15D,wall,modeled_building,2,1,FR_CELADON_CITY,13,30
general__rom_082d4b3c,15E,wall,modeled_building,1,1,FR_CELADON_CITY,15,30
general__rom_082d4b3c,160,flat,modeled_prop,1,1,FR_CELADON_CITY,16,30
general__rom_082d4b3c,165,flat,unreviewed,4,1,FR_CELADON_CITY,5,13
general__rom_082d4b3c,166,flat,unreviewed,103,1,FR_CELADON_CITY,31,31
general__rom_082d4b3c,167,flat,unreviewed,5,1,FR_CELADON_CITY,51,31
general__rom_082d4b3c,168,flat,modeled_prop,1,1,FR_CELADON_CITY,16,31
general__rom_082d4b3c,16D,flat,unreviewed,22,1,FR_CELADON_CITY,25,27
general__rom_082d4b3c,16E,flat,unreviewed,148,1,FR_CELADON_CITY,26,27
general__rom_082d4b3c,16F,flat,unreviewed,20,1,FR_CELADON_CITY,30,27
general__rom_082d4b3c,024,tree,modeled_tree,94,5,FR_CELADON_CITY,32,1
general__rom_082d4b3c,175,flat,unreviewed,3,1,FR_CELADON_CITY,8,25
general__rom_082d4b3c,176,flat,unreviewed,88,1,FR_CELADON_CITY,31,26
general__rom_082d4b3c,177,flat,unreviewed,3,1,FR_CELADON_CITY,51,32
general__rom_082d4b3c,17B,flat,modeled_building,1,1,FR_CELADON_CITY,46,7
general__rom_082d4b3c,025,tree,modeled_tree,100,5,FR_CELADON_CITY,11,1
general__rom_082d4b3c,17C,flat,modeled_building,1,1,FR_CELADON_CITY,47,7
general__rom_082d4b3c,17D,flat,modeled_building,1,1,FR_CELADON_CITY,48,7
general__rom_082d4b3c,17E,flat,modeled_building,1,1,FR_CELADON_CITY,49,7
general__rom_082d4b3c,17F,flat,modeled_building,1,1,FR_CELADON_CITY,50,7
general__rom_082d4b3c,183,flat,unreviewed,4,3,FR_ROUTE_16,21,7
general__rom_082d4b3c,184,flat,unreviewed,16,3,FR_ROUTE_16,22,7
general__rom_082d4b3c,185,flat,unreviewed,4,3,FR_ROUTE_16,26,7
general__rom_082d4b3c,026,tree,modeled_tree,13,5,FR_CELADON_CITY,52,29
general__rom_082d4b3c,186,wall,modeled_building,1,1,FR_CELADON_CITY,49,11
general__rom_082d4b3c,187,roof,modeled_building,1,1,FR_CELADON_CITY,50,8
general__rom_082d4b3c,18D,flat,unreviewed,3,3,FR_ROUTE_16,20,11
general__rom_082d4b3c,18E,flat,unreviewed,3,3,FR_ROUTE_16,27,11
general__rom_082d4b3c,18F,flat,modeled_building,1,1,FR_CELADON_CITY,50,9
general__rom_082d4b3c,027,tree,modeled_tree,6,1,FR_CELADON_CITY,53,29
general__rom_082d4b3c,003,sign,modeled_sign,2,1,FR_CELADON_CITY,45,23
general__rom_082d4b3c,195,flat,unreviewed,4,1,FR_CELADON_CITY,5,22
general__rom_082d4b3c,196,flat,unreviewed,4,1,FR_CELADON_CITY,30,31
general__rom_082d4b3c,197,wall,modeled_building,1,1,FR_CELADON_CITY,50,10
general__rom_082d4b3c,19D,flat,unreviewed,3,1,FR_CELADON_CITY,8,24
general__rom_082d4b3c,19E,flat,unreviewed,4,1,FR_CELADON_CITY,30,26
general__rom_082d4b3c,19F,wall,modeled_building,1,1,FR_CELADON_CITY,50,11
general__rom_082d4b3c,1A5,flat,unreviewed,1,1,FR_CELADON_CITY,24,21
general__rom_082d4b3c,1A6,flat,unreviewed,4,1,FR_CELADON_CITY,25,21
general__rom_082d4b3c,1A7,flat,unreviewed,1,1,FR_CELADON_CITY,29,21
general__rom_082d4b3c,1AD,flat,unreviewed,1,1,FR_CELADON_CITY,24,22
general__rom_082d4b3c,1AE,flat,unreviewed,4,1,FR_CELADON_CITY,25,22
general__rom_082d4b3c,1AF,flat,unreviewed,1,1,FR_CELADON_CITY,29,22
general__rom_082d4b3c,1B5,flat,unreviewed,12,3,FR_ROUTE_16,22,12
general__rom_082d4b3c,1B6,flat,unreviewed,3,3,FR_ROUTE_16,21,12
general__rom_082d4b3c,1B7,flat,unreviewed,3,3,FR_ROUTE_16,26,12
general__rom_082d4b3c,02C,roof,unmatched_building,1,1,FR_CELADON_CITY,24,16
general__rom_082d4b3c,1CB,flat,unreviewed,16,1,FR_ROUTE_18,10,16
general__rom_082d4b3c,02D,roof,unmatched_building,7,2,FR_CELADON_CITY,25,16
general__rom_082d4b3c,1CC,flat,unreviewed,16,1,FR_ROUTE_18,4,2
general__rom_082d4b3c,1D0,flat,reviewed_surface,6,2,FR_ROUTE_17,22,155
general__rom_082d4b3c,1D1,flat,reviewed_surface,2,1,FR_ROUTE_18,51,19
general__rom_082d4b3c,1D2,flat,reviewed_surface,11,2,FR_ROUTE_17,2,157
general__rom_082d4b3c,1D3,flat,unreviewed,16,1,FR_ROUTE_18,10,17
general__rom_082d4b3c,1D4,flat,reviewed_surface,16,1,FR_ROUTE_18,4,3
general__rom_082d4b3c,1D9,flat,reviewed_surface,140,2,FR_ROUTE_17,23,159
general__rom_082d4b3c,1DA,flat,reviewed_surface,30,2,FR_ROUTE_16,0,0
general__rom_082d4b3c,02F,roof,unmatched_building,1,1,FR_CELADON_CITY,29,16
general__rom_082d4b3c,1E0,flat,unreviewed,5,2,FR_ROUTE_17,18,5
general__rom_082d4b3c,1E2,flat,unreviewed,6,3,FR_ROUTE_16,0,1
general__rom_082d4b3c,1E4,flat,unreviewed,1,1,FR_PROTOTYPE_SEVII_ISLE_9,6,5
general__rom_082d4b3c,004,flowers,modeled_flowers,53,3,FR_CELADON_CITY,33,30
general__rom_082d4b3c,034,roof,unmatched_building,2,2,FR_CELADON_CITY,24,17
general__rom_082d4b3c,035,roof,unmatched_building,1,1,FR_ROUTE_16,10,4
general__rom_082d4b3c,036,roof,unmatched_building,6,2,FR_CELADON_CITY,25,17
general__rom_082d4b3c,037,roof,unmatched_building,2,2,FR_CELADON_CITY,29,17
general__rom_082d4b3c,005,shrub,modeled_shrub,36,3,FR_CELADON_CITY,38,21
general__rom_082d4b3c,03C,flat,unreviewed,2,2,FR_CELADON_CITY,24,18
general__rom_082d4b3c,03D,flat,modeled_building,1,1,FR_CELADON_CITY,30,11
general__rom_082d4b3c,03D,flat,unreviewed,5,3,FR_CELADON_CITY,37,29
general__rom_082d4b3c,03F,flat,unreviewed,2,2,FR_CELADON_CITY,29,18
general__rom_082d4b3c,281,flat,unreviewed,1,1,FR_CELADON_CITY,9,5
general__rom_082d4b3c,282,flat,unreviewed,2,1,FR_CELADON_CITY,16,5
general__rom_082d4b3c,283,flat,unreviewed,1,1,FR_CELADON_CITY,17,5
general__rom_082d4b3c,284,flat,unreviewed,5,1,FR_CELADON_CITY,13,10
general__rom_082d4b3c,285,flat,unreviewed,1,1,FR_CELADON_CITY,11,5
general__rom_082d4b3c,286,flat,unreviewed,3,1,FR_CELADON_CITY,14,5
general__rom_082d4b3c,287,flat,unreviewed,1,1,FR_CELADON_CITY,15,5
general__rom_082d4b3c,288,flat,unreviewed,1,1,FR_CELADON_CITY,13,9
general__rom_082d4b3c,289,flat,unreviewed,2,1,FR_CELADON_CITY,9,6
general__rom_082d4b3c,28A,flat,unreviewed,4,1,FR_CELADON_CITY,16,6
general__rom_082d4b3c,28B,flat,unreviewed,2,1,FR_CELADON_CITY,17,6
general__rom_082d4b3c,28C,flat,unreviewed,2,1,FR_CELADON_CITY,11,13
general__rom_082d4b3c,28D,flat,unreviewed,1,1,FR_CELADON_CITY,11,6
general__rom_082d4b3c,28E,flat,unreviewed,3,1,FR_CELADON_CITY,14,6
general__rom_082d4b3c,28F,flat,unreviewed,1,1,FR_CELADON_CITY,15,6
general__rom_082d4b3c,290,flat,unreviewed,2,1,FR_CELADON_CITY,11,9
general__rom_082d4b3c,291,flat,unreviewed,1,1,FR_CELADON_CITY,9,8
general__rom_082d4b3c,292,flat,unreviewed,2,1,FR_CELADON_CITY,16,8
general__rom_082d4b3c,293,flat,unreviewed,1,1,FR_CELADON_CITY,17,8
general__rom_082d4b3c,294,flat,unreviewed,2,1,FR_CELADON_CITY,11,14
general__rom_082d4b3c,295,flat,unreviewed,1,1,FR_CELADON_CITY,11,7
general__rom_082d4b3c,296,flat,unreviewed,3,1,FR_CELADON_CITY,14,7
general__rom_082d4b3c,297,flat,unreviewed,1,1,FR_CELADON_CITY,15,7
general__rom_082d4b3c,298,flat,unreviewed,4,1,FR_CELADON_CITY,11,10
general__rom_082d4b3c,299,flat,unreviewed,1,1,FR_CELADON_CITY,9,9
general__rom_082d4b3c,29A,flat,unreviewed,2,1,FR_CELADON_CITY,14,9
general__rom_082d4b3c,29B,flat,unreviewed,2,1,FR_CELADON_CITY,16,9
general__rom_082d4b3c,29C,flat,unreviewed,1,1,FR_CELADON_CITY,17,9
general__rom_082d4b3c,29D,flat,unreviewed,1,1,FR_CELADON_CITY,11,8
general__rom_082d4b3c,042,flat,unreviewed,2,2,FR_CELADON_CITY,25,18
general__rom_082d4b3c,29E,flat,unreviewed,3,1,FR_CELADON_CITY,14,8
general__rom_082d4b3c,29F,flat,unreviewed,1,1,FR_CELADON_CITY,15,8
general__rom_082d4b3c,2A0,flat,unreviewed,2,1,FR_CELADON_CITY,11,12
general__rom_082d4b3c,2A1,flat,unreviewed,4,1,FR_CELADON_CITY,9,10
general__rom_082d4b3c,2A2,flat,unreviewed,8,1,FR_CELADON_CITY,14,10
general__rom_082d4b3c,2A3,flat,unreviewed,8,1,FR_CELADON_CITY,12,10
general__rom_082d4b3c,2A4,flat,unreviewed,4,1,FR_CELADON_CITY,17,10
general__rom_082d4b3c,2A5,flat,unreviewed,1,1,FR_CELADON_CITY,9,15
general__rom_082d4b3c,2A6,flat,unreviewed,2,1,FR_CELADON_CITY,10,15
general__rom_082d4b3c,2A7,flat,unreviewed,2,1,FR_CELADON_CITY,12,15
general__rom_082d4b3c,043,flat,unreviewed,2,2,FR_CELADON_CITY,26,18
general__rom_082d4b3c,2A8,flat,unreviewed,1,1,FR_CELADON_CITY,17,15
general__rom_082d4b3c,2A9,flat,unreviewed,1,1,FR_CELADON_CITY,9,14
general__rom_082d4b3c,2AA,flat,unreviewed,2,1,FR_CELADON_CITY,10,14
general__rom_082d4b3c,2AB,flat,unreviewed,2,1,FR_CELADON_CITY,12,14
general__rom_082d4b3c,2AC,flat,unreviewed,1,1,FR_CELADON_CITY,17,14
general__rom_082d4b3c,2AE,flat,unreviewed,1,1,FR_CELADON_CITY,13,15
general__rom_082d4b3c,2B0,flat,unreviewed,2,1,FR_CELADON_CITY,31,17
general__rom_082d4b3c,2B1,flat,unreviewed,6,1,FR_CELADON_CITY,32,17
general__rom_082d4b3c,044,wall,unmatched_building,5,3,FR_ROUTE_16,21,3
general__rom_082d4b3c,2B2,flat,unreviewed,2,1,FR_CELADON_CITY,37,17
general__rom_082d4b3c,2B3,flat,unreviewed,3,1,FR_CELADON_CITY,32,18
general__rom_082d4b3c,2B4,flat,unreviewed,1,1,FR_CELADON_CITY,33,19
general__rom_082d4b3c,2B5,flat,unreviewed,1,1,FR_CELADON_CITY,33,20
general__rom_082d4b3c,2B6,flat,unreviewed,1,1,FR_CELADON_CITY,35,20
general__rom_082d4b3c,2B7,flat,unreviewed,2,1,FR_CELADON_CITY,32,20
general__rom_082d4b3c,2B8,flat,unreviewed,1,1,FR_CELADON_CITY,31,18
general__rom_082d4b3c,2B9,flat,unreviewed,2,1,FR_CELADON_CITY,34,18
general__rom_082d4b3c,2BA,flat,unreviewed,1,1,FR_CELADON_CITY,37,18
general__rom_082d4b3c,2BB,flat,unreviewed,3,1,FR_CELADON_CITY,35,18
general__rom_082d4b3c,045,wall,unmatched_building,18,3,FR_ROUTE_16,23,3
general__rom_082d4b3c,006,flat,unreviewed,1,1,FR_CELADON_CITY,27,18
general__rom_082d4b3c,2BC,flat,unreviewed,1,1,FR_CELADON_CITY,35,19
general__rom_082d4b3c,2BD,flat,unreviewed,1,1,FR_CELADON_CITY,33,21
general__rom_082d4b3c,2BE,flat,unreviewed,1,1,FR_CELADON_CITY,35,21
general__rom_082d4b3c,2BF,flat,unreviewed,2,1,FR_CELADON_CITY,32,21
general__rom_082d4b3c,2C0,flat,unreviewed,2,1,FR_CELADON_CITY,38,18
general__rom_082d4b3c,2C1,flat,unreviewed,1,1,FR_CELADON_CITY,34,19
general__rom_082d4b3c,2C2,flat,unreviewed,2,1,FR_CELADON_CITY,40,18
general__rom_082d4b3c,2C3,flat,unreviewed,2,1,FR_CELADON_CITY,38,20
general__rom_082d4b3c,2C4,flat,unreviewed,2,1,FR_CELADON_CITY,40,20
general__rom_082d4b3c,2C5,flat,unreviewed,1,1,FR_CELADON_CITY,33,22
general__rom_082d4b3c,046,wall,unmatched_building,5,3,FR_ROUTE_16,26,8
general__rom_082d4b3c,2C6,flat,unreviewed,1,1,FR_CELADON_CITY,35,22
general__rom_082d4b3c,2C7,flat,unreviewed,1,1,FR_CELADON_CITY,39,19
general__rom_082d4b3c,2C8,flat,unreviewed,2,1,FR_CELADON_CITY,38,19
general__rom_082d4b3c,2C9,flat,unreviewed,1,1,FR_CELADON_CITY,34,20
general__rom_082d4b3c,2CA,flat,unreviewed,2,1,FR_CELADON_CITY,40,19
general__rom_082d4b3c,2CB,flat,unreviewed,1,1,FR_CELADON_CITY,24,23
general__rom_082d4b3c,2CC,flat,unreviewed,1,1,FR_CELADON_CITY,29,23
general__rom_082d4b3c,2CD,flat,unreviewed,1,1,FR_CELADON_CITY,12,18
general__rom_082d4b3c,2CE,flat,unreviewed,1,1,FR_CELADON_CITY,13,18
general__rom_082d4b3c,2CF,flat,unreviewed,1,1,FR_CELADON_CITY,14,18
general__rom_082d4b3c,2D0,flat,unreviewed,1,1,FR_CELADON_CITY,12,19
general__rom_082d4b3c,2D1,flat,unreviewed,1,1,FR_CELADON_CITY,13,19
general__rom_082d4b3c,2D2,flat,unreviewed,1,1,FR_CELADON_CITY,14,19
general__rom_082d4b3c,2D3,flat,unreviewed,1,1,FR_CELADON_CITY,12,20
general__rom_082d4b3c,2D4,flat,unreviewed,1,1,FR_CELADON_CITY,13,20
general__rom_082d4b3c,2D5,flat,unreviewed,1,1,FR_CELADON_CITY,14,20
general__rom_082d4b3c,2D6,flat,unreviewed,1,1,FR_CELADON_CITY,12,21
general__rom_082d4b3c,2D7,flat,unreviewed,1,1,FR_CELADON_CITY,13,21
general__rom_082d4b3c,2D8,flat,unreviewed,1,1,FR_CELADON_CITY,14,21
general__rom_082d4b3c,2D9,flat,modeled_building,4,1,FR_CELADON_CITY,18,4
general__rom_082d4b3c,2D9,flat,unreviewed,1,1,FR_CELADON_CITY,44,17
general__rom_082d4b3c,048,roof,modeled_building,1,1,FR_CELADON_CITY,46,8
general__rom_082d4b3c,2DA,flat,modeled_building,10,1,FR_CELADON_CITY,19,4
general__rom_082d4b3c,2DA,flat,unreviewed,1,1,FR_CELADON_CITY,45,17
general__rom_082d4b3c,2DB,flat,modeled_building,2,1,FR_CELADON_CITY,23,4
general__rom_082d4b3c,2DB,flat,unreviewed,1,1,FR_CELADON_CITY,46,17
general__rom_082d4b3c,2DC,flat,modeled_building,2,1,FR_CELADON_CITY,24,4
general__rom_082d4b3c,2DC,flat,unreviewed,1,1,FR_CELADON_CITY,47,17
general__rom_082d4b3c,2DD,flat,unreviewed,4,1,FR_CELADON_CITY,25,23
general__rom_082d4b3c,2DE,flat,unreviewed,1,1,FR_CELADON_CITY,51,25
general__rom_082d4b3c,2DF,flat,modeled_building,1,1,FR_CELADON_CITY,40,7
general__rom_082d4b3c,2DF,flat,unreviewed,3,1,FR_CELADON_CITY,38,25
general__rom_082d4b3c,2E0,flat,modeled_building,15,1,FR_CELADON_CITY,20,27
general__rom_082d4b3c,2E0,flat,unreviewed,5,1,FR_CELADON_CITY,36,26
general__rom_082d4b3c,2E1,flat,modeled_building,38,1,FR_CELADON_CITY,21,27
general__rom_082d4b3c,2E1,flat,unreviewed,7,1,FR_CELADON_CITY,37,26
general__rom_082d4b3c,2E2,flat,modeled_building,6,1,FR_CELADON_CITY,22,30
general__rom_082d4b3c,2E2,flat,unreviewed,3,1,FR_CELADON_CITY,38,26
general__rom_082d4b3c,2E3,flat,modeled_building,6,1,FR_CELADON_CITY,23,30
general__rom_082d4b3c,2E3,flat,unreviewed,3,1,FR_CELADON_CITY,39,26
general__rom_082d4b3c,049,roof,modeled_building,1,1,FR_CELADON_CITY,47,8
general__rom_082d4b3c,2E4,flat,modeled_building,9,1,FR_CELADON_CITY,23,27
general__rom_082d4b3c,2E4,flat,unreviewed,2,1,FR_CELADON_CITY,7,26
general__rom_082d4b3c,2E5,flat,unreviewed,3,1,FR_CELADON_CITY,36,29
general__rom_082d4b3c,2E6,flat,unreviewed,1,1,FR_CELADON_CITY,45,7
general__rom_082d4b3c,2E7,flat,unreviewed,3,1,FR_CELADON_CITY,38,29
general__rom_082d4b3c,2E8,flat,modeled_building,12,1,FR_CELADON_CITY,16,27
general__rom_082d4b3c,2E8,flat,unreviewed,5,1,FR_CELADON_CITY,36,27
general__rom_082d4b3c,2E9,flat,modeled_building,10,1,FR_CELADON_CITY,17,27
general__rom_082d4b3c,2E9,flat,unreviewed,5,1,FR_CELADON_CITY,37,27
general__rom_082d4b3c,2EA,flat,modeled_building,3,1,FR_CELADON_CITY,21,7
general__rom_082d4b3c,2EB,flat,modeled_building,10,1,FR_CELADON_CITY,18,27
general__rom_082d4b3c,2EB,flat,unreviewed,5,1,FR_CELADON_CITY,38,27
general__rom_082d4b3c,2EC,flat,modeled_building,12,1,FR_CELADON_CITY,19,27
general__rom_082d4b3c,2EC,flat,unreviewed,5,1,FR_CELADON_CITY,39,27
general__rom_082d4b3c,2ED,flat,modeled_building,5,1,FR_CELADON_CITY,32,25
general__rom_082d4b3c,2ED,flat,unreviewed,4,1,FR_CELADON_CITY,36,25
general__rom_082d4b3c,04A,roof,modeled_building,1,1,FR_CELADON_CITY,48,8
general__rom_082d4b3c,2EE,flat,modeled_building,9,1,FR_CELADON_CITY,33,25
general__rom_082d4b3c,2EE,flat,unreviewed,5,1,FR_CELADON_CITY,37,25
general__rom_082d4b3c,2EF,flat,modeled_building,1,1,FR_CELADON_CITY,20,11
general__rom_082d4b3c,2F0,flat,modeled_building,18,1,FR_CELADON_CITY,16,28
general__rom_082d4b3c,2F0,flat,unreviewed,2,1,FR_CELADON_CITY,4,28
general__rom_082d4b3c,2F1,flat,modeled_building,12,1,FR_CELADON_CITY,17,28
general__rom_082d4b3c,2F1,flat,unreviewed,2,1,FR_CELADON_CITY,5,28
general__rom_082d4b3c,2F2,flat,modeled_building,8,1,FR_CELADON_CITY,21,8
general__rom_082d4b3c,2F3,flat,modeled_building,12,1,FR_CELADON_CITY,18,28
general__rom_082d4b3c,2F3,flat,unreviewed,2,1,FR_CELADON_CITY,6,28
general__rom_082d4b3c,2F4,flat,modeled_building,18,1,FR_CELADON_CITY,19,28
general__rom_082d4b3c,2F4,flat,unreviewed,5,1,FR_CELADON_CITY,7,28
general__rom_082d4b3c,2F5,flat,modeled_building,1,1,FR_CELADON_CITY,41,7
general__rom_082d4b3c,2F5,flat,unreviewed,2,1,FR_CELADON_CITY,39,25
general__rom_082d4b3c,2F6,flat,modeled_building,4,1,FR_CELADON_CITY,35,25
general__rom_082d4b3c,2F7,flat,modeled_building,1,1,FR_CELADON_CITY,22,11
general__rom_082d4b3c,04B,roof,modeled_building,1,1,FR_CELADON_CITY,49,8
general__rom_082d4b3c,2F8,flat,modeled_building,9,1,FR_CELADON_CITY,16,29
general__rom_082d4b3c,2F8,flat,unreviewed,4,1,FR_CELADON_CITY,4,29
general__rom_082d4b3c,2F9,flat,modeled_building,7,1,FR_CELADON_CITY,17,29
general__rom_082d4b3c,2F9,flat,unreviewed,4,1,FR_CELADON_CITY,5,29
general__rom_082d4b3c,2FA,flat,modeled_building,2,1,FR_CELADON_CITY,6,11
general__rom_082d4b3c,2FB,flat,modeled_building,7,1,FR_CELADON_CITY,34,29
general__rom_082d4b3c,2FB,flat,unreviewed,4,1,FR_CELADON_CITY,50,21
general__rom_082d4b3c,2FC,flat,modeled_building,9,1,FR_CELADON_CITY,19,29
general__rom_082d4b3c,2FC,flat,unreviewed,7,1,FR_CELADON_CITY,7,29
general__rom_082d4b3c,2FD,flat,modeled_building,2,1,FR_CELADON_CITY,19,11
general__rom_082d4b3c,2FE,flat,modeled_building,2,1,FR_CELADON_CITY,23,11
general__rom_082d4b3c,2FF,flat,modeled_building,1,1,FR_CELADON_CITY,30,10
general__rom_082d4b3c,300,flat,modeled_building,2,1,FR_CELADON_CITY,19,7
general__rom_082d4b3c,301,flat,modeled_building,2,1,FR_CELADON_CITY,20,7
general__rom_082d4b3c,04C,flat,unreviewed,8,3,FR_ROUTE_16,21,5
general__rom_082d4b3c,302,flat,modeled_building,2,1,FR_CELADON_CITY,22,7
general__rom_082d4b3c,303,flat,modeled_building,2,1,FR_CELADON_CITY,23,7
general__rom_082d4b3c,304,flat,modeled_building,1,1,FR_CELADON_CITY,29,10
general__rom_082d4b3c,305,flat,modeled_building,1,1,FR_CELADON_CITY,31,10
general__rom_082d4b3c,306,flat,modeled_building,2,1,FR_CELADON_CITY,23,26
general__rom_082d4b3c,308,flat,modeled_building,6,1,FR_CELADON_CITY,19,8
general__rom_082d4b3c,309,flat,modeled_building,5,1,FR_CELADON_CITY,20,8
general__rom_082d4b3c,30A,flat,modeled_building,5,1,FR_CELADON_CITY,22,8
general__rom_082d4b3c,30B,flat,modeled_building,6,1,FR_CELADON_CITY,23,8
general__rom_082d4b3c,04D,flat,unreviewed,30,3,FR_ROUTE_16,22,4
general__rom_082d4b3c,30C,flat,modeled_building,1,1,FR_CELADON_CITY,29,11
general__rom_082d4b3c,30D,flat,modeled_building,1,1,FR_CELADON_CITY,31,11
general__rom_082d4b3c,30E,flat,unreviewed,4,1,FR_CELADON_CITY,29,12
general__rom_082d4b3c,30F,flat,unreviewed,4,1,FR_CELADON_CITY,38,30
general__rom_082d4b3c,310,flat,modeled_building,1,1,FR_CELADON_CITY,20,29
general__rom_082d4b3c,311,flat,modeled_building,1,1,FR_CELADON_CITY,21,29
general__rom_082d4b3c,312,flat,modeled_building,1,1,FR_CELADON_CITY,22,29
general__rom_082d4b3c,313,flat,modeled_building,1,1,FR_CELADON_CITY,23,29
general__rom_082d4b3c,314,flat,unreviewed,3,1,FR_CELADON_CITY,36,28
general__rom_082d4b3c,315,flat,unreviewed,3,1,FR_CELADON_CITY,37,28
general__rom_082d4b3c,04E,flat,unreviewed,8,3,FR_ROUTE_16,26,4
general__rom_082d4b3c,316,flat,unreviewed,3,1,FR_CELADON_CITY,38,28
general__rom_082d4b3c,317,flat,unreviewed,6,1,FR_CELADON_CITY,36,31
general__rom_082d4b3c,318,flat,modeled_building,1,1,FR_CELADON_CITY,27,4
general__rom_082d4b3c,319,flat,modeled_building,1,1,FR_CELADON_CITY,28,4
general__rom_082d4b3c,31A,flat,modeled_building,1,1,FR_CELADON_CITY,29,4
general__rom_082d4b3c,31B,flat,modeled_building,1,1,FR_CELADON_CITY,30,4
general__rom_082d4b3c,31C,flat,modeled_building,1,1,FR_CELADON_CITY,31,4
general__rom_082d4b3c,31D,flat,modeled_building,1,1,FR_CELADON_CITY,32,4
general__rom_082d4b3c,31E,flat,modeled_building,1,1,FR_CELADON_CITY,33,4
general__rom_082d4b3c,31F,flat,unreviewed,6,1,FR_CELADON_CITY,12,16
general__rom_082d4b3c,007,flat,unreviewed,1,1,FR_CELADON_CITY,28,18
general__rom_082d4b3c,320,flat,unreviewed,5,1,FR_ROUTE_17,3,0
general__rom_082d4b3c,321,flat,unreviewed,5,1,FR_ROUTE_17,11,0
general__rom_082d4b3c,322,flat,unreviewed,5,1,FR_ROUTE_17,12,0
general__rom_082d4b3c,323,flat,unreviewed,27,1,FR_ROUTE_17,1,131
general__rom_082d4b3c,324,flat,unreviewed,27,1,FR_ROUTE_17,2,96
general__rom_082d4b3c,325,flat,unreviewed,27,1,FR_ROUTE_17,22,96
general__rom_082d4b3c,326,flat,unreviewed,1,1,FR_CELADON_CITY,7,25
general__rom_082d4b3c,327,flat,unreviewed,3,1,FR_ROUTE_17,12,53
general__rom_082d4b3c,328,flat,unreviewed,317,1,FR_ROUTE_17,17,64
general__rom_082d4b3c,329,flat,unreviewed,317,1,FR_ROUTE_17,18,64
general__rom_082d4b3c,050,roof,modeled_building,1,1,FR_CELADON_CITY,46,9
general__rom_082d4b3c,32A,flat,unreviewed,317,1,FR_ROUTE_17,19,64
general__rom_082d4b3c,32B,flat,unreviewed,27,1,FR_ROUTE_17,1,132
general__rom_082d4b3c,32C,flat,unreviewed,27,1,FR_ROUTE_17,21,46
general__rom_082d4b3c,32D,flat,unreviewed,27,1,FR_ROUTE_17,22,27
general__rom_082d4b3c,32E,flat,unreviewed,1,1,FR_ROUTE_16,20,4
general__rom_082d4b3c,32F,flat,unreviewed,1,1,FR_ROUTE_16,27,4
general__rom_082d4b3c,330,flat,unreviewed,5,1,FR_ROUTE_17,10,42
general__rom_082d4b3c,331,flat,unreviewed,5,1,FR_ROUTE_17,11,42
general__rom_082d4b3c,332,flat,unreviewed,5,1,FR_ROUTE_17,12,42
general__rom_082d4b3c,333,flat,unreviewed,27,1,FR_ROUTE_17,1,133
general__rom_082d4b3c,051,roof,modeled_building,1,1,FR_CELADON_CITY,47,9
general__rom_082d4b3c,334,flat,unreviewed,27,1,FR_ROUTE_17,2,133
general__rom_082d4b3c,335,flat,unreviewed,27,1,FR_ROUTE_17,22,28
general__rom_082d4b3c,336,flat,unreviewed,1,1,FR_CELADON_CITY,4,25
general__rom_082d4b3c,337,flat,unreviewed,2,1,FR_CELADON_CITY,5,25
general__rom_082d4b3c,338,flat,unreviewed,2,1,FR_ROUTE_17,10,44
general__rom_082d4b3c,339,flat,unreviewed,2,1,FR_ROUTE_17,9,95
general__rom_082d4b3c,33A,flat,unreviewed,1,1,FR_ROUTE_17,12,44
general__rom_082d4b3c,33B,flat,unreviewed,3,1,FR_ROUTE_17,14,23
general__rom_082d4b3c,33C,flat,unreviewed,7,1,FR_ROUTE_17,15,23
general__rom_082d4b3c,33D,flat,unreviewed,4,1,FR_ROUTE_17,9,7
general__rom_082d4b3c,052,roof,modeled_building,1,1,FR_CELADON_CITY,48,9
general__rom_082d4b3c,33E,flat,unreviewed,237,1,FR_ROUTE_17,20,64
general__rom_082d4b3c,33F,flat,unreviewed,128,1,FR_ROUTE_17,21,64
general__rom_082d4b3c,340,flat,unreviewed,51,1,FR_ROUTE_17,10,64
general__rom_082d4b3c,341,flat,unreviewed,54,1,FR_ROUTE_17,11,64
general__rom_082d4b3c,342,flat,unreviewed,49,1,FR_ROUTE_17,12,46
general__rom_082d4b3c,343,flat,unreviewed,18,1,FR_ROUTE_17,11,151
general__rom_082d4b3c,344,flat,unreviewed,31,1,FR_ROUTE_17,12,151
general__rom_082d4b3c,345,flat,unreviewed,18,1,FR_ROUTE_17,13,151
general__rom_082d4b3c,346,flat,unreviewed,207,1,FR_ROUTE_17,14,27
general__rom_082d4b3c,347,flat,unreviewed,124,1,FR_ROUTE_17,13,27
general__rom_082d4b3c,053,roof,modeled_building,1,1,FR_CELADON_CITY,49,9
general__rom_082d4b3c,348,flat,unreviewed,1,1,FR_ROUTE_17,8,97
general__rom_082d4b3c,349,flat,unreviewed,3,1,FR_ROUTE_17,11,97
general__rom_082d4b3c,34B,flat,unreviewed,4,1,FR_ROUTE_17,17,27
general__rom_082d4b3c,34C,flat,unreviewed,7,1,FR_ROUTE_17,18,27
general__rom_082d4b3c,34D,flat,unreviewed,3,1,FR_ROUTE_17,20,27
general__rom_082d4b3c,34E,flat,unreviewed,22,1,FR_ROUTE_17,8,133
general__rom_082d4b3c,34F,flat,unreviewed,1,1,FR_ROUTE_17,10,95
general__rom_082d4b3c,350,flat,unreviewed,1,1,FR_ROUTE_17,17,26
general__rom_082d4b3c,351,flat,unreviewed,1,1,FR_ROUTE_17,17,24
general__rom_082d4b3c,054,flat,unreviewed,1,1,FR_ROUTE_7,6,13
general__rom_082d4b3c,352,flat,unreviewed,66,1,FR_ROUTE_17,20,20
general__rom_082d4b3c,353,flat,unreviewed,1,1,FR_CELADON_CITY,23,23
general__rom_082d4b3c,354,flat,unreviewed,1,1,FR_CELADON_CITY,30,23
general__rom_082d4b3c,355,flat,unreviewed,1,1,FR_ROUTE_17,12,125
general__rom_082d4b3c,358,flat,unreviewed,4,1,FR_ROUTE_17,13,30
general__rom_082d4b3c,359,flat,unreviewed,15,1,FR_ROUTE_17,14,30
general__rom_082d4b3c,35A,flat,unreviewed,3,1,FR_ROUTE_17,16,30
general__rom_082d4b3c,055,flat,unreviewed,1,1,FR_ROUTE_7,8,13
general__rom_082d4b3c,35D,flat,unreviewed,1,1,FR_ROUTE_16,9,3
general__rom_082d4b3c,35E,flat,unreviewed,1,1,FR_ROUTE_16,13,3
general__rom_082d4b3c,360,flat,unreviewed,145,1,FR_ROUTE_17,13,64
general__rom_082d4b3c,361,flat,unreviewed,437,1,FR_ROUTE_17,14,64
general__rom_082d4b3c,362,flat,unreviewed,146,1,FR_ROUTE_17,9,64
general__rom_082d4b3c,364,flat,unreviewed,1,1,FR_ROUTE_17,13,98
general__rom_082d4b3c,056,flat,unreviewed,1,1,FR_ROUTE_7,9,13
general__rom_082d4b3c,366,flat,unreviewed,30,1,FR_ROUTE_18,10,11
general__rom_082d4b3c,367,flat,unreviewed,1,1,FR_ROUTE_18,37,11
general__rom_082d4b3c,36A,flat,unreviewed,1,1,FR_ROUTE_18,6,11
general__rom_082d4b3c,36D,flat,unreviewed,1,1,FR_ROUTE_18,18,6
general__rom_082d4b3c,36E,flat,unreviewed,12,1,FR_ROUTE_18,19,6
general__rom_082d4b3c,36F,flat,unreviewed,1,1,FR_ROUTE_18,31,6
general__rom_082d4b3c,058,roof,modeled_building,1,1,FR_CELADON_CITY,46,10
general__rom_082d4b3c,059,roof,modeled_building,1,1,FR_CELADON_CITY,47,10
general__rom_082d4b3c,008,flat,reviewed_surface,246,5,FR_CELADON_CITY,24,28
general__rom_082d4b3c,05A,roof,modeled_building,1,1,FR_CELADON_CITY,48,10
general__rom_082d4b3c,05B,roof,modeled_building,1,1,FR_CELADON_CITY,49,10
general__rom_082d4b3c,05C,wall,unmatched_building,1,1,FR_ROUTE_16,21,13
general__rom_082d4b3c,05D,wall,unmatched_building,4,1,FR_ROUTE_16,22,13
general__rom_082d4b3c,05E,wall,unmatched_building,1,1,FR_ROUTE_16,26,13
general__rom_082d4b3c,060,wall,modeled_building,1,1,FR_CELADON_CITY,46,11
general__rom_082d4b3c,061,wall,modeled_building,1,1,FR_CELADON_CITY,47,11
general__rom_082d4b3c,062,wall,modeled_building,1,1,FR_CELADON_CITY,48,11
general__rom_082d4b3c,009,flat,reviewed_surface,241,5,FR_CELADON_CITY,11,2
general__rom_082d4b54,064,wall,unmatched_building,1,1,FR_ROUTE_15,10,12
general__rom_082d4b54,065,wall,unmatched_building,4,1,FR_ROUTE_15,11,12
general__rom_082d4b54,066,flat,unreviewed,1,1,FR_ROUTE_15,15,12
general__rom_082d4b54,068,cliff,modeled_cliff,11,4,FR_FUCHSIA_CITY,29,37
general__rom_082d4b54,069,cliff,modeled_cliff,33,1,FR_FUCHSIA_CITY,33,37
general__rom_082d4b54,06A,cliff,modeled_cliff,10,4,FR_FUCHSIA_CITY,18,35
general__rom_082d4b54,06B,cliff,modeled_cliff,2,1,FR_FUCHSIA_CITY,13,36
general__rom_082d4b54,06C,cliff,modeled_cliff,6,1,FR_FUCHSIA_CITY,31,38
general__rom_082d4b54,06D,cliff,modeled_cliff,2,1,FR_FUCHSIA_CITY,17,36
general__rom_082d4b54,070,cliff,modeled_cliff,46,5,FR_FUCHSIA_CITY,4,28
general__rom_082d4b54,071,cliff,modeled_cliff,73,2,FR_FUCHSIA_CITY,10,27
general__rom_082d4b54,072,cliff,modeled_cliff,50,5,FR_FUCHSIA_CITY,28,27
general__rom_082d4b54,073,cliff,modeled_cliff,18,3,FR_FUCHSIA_CITY,13,37
general__rom_082d4b54,075,cliff,modeled_cliff,16,2,FR_FUCHSIA_CITY,17,37
general__rom_082d4b54,078,cliff,modeled_cliff,9,5,FR_FUCHSIA_CITY,4,29
general__rom_082d4b54,079,cliff,modeled_cliff,50,4,FR_FUCHSIA_CITY,5,29
general__rom_082d4b54,07A,cliff,modeled_cliff,11,5,FR_FUCHSIA_CITY,28,29
general__rom_082d4b54,07B,cliff,modeled_cliff,5,2,FR_ROUTE_19,18,4
general__rom_082d4b54,07C,cliff,modeled_cliff,13,2,FR_ROUTE_19,3,7
general__rom_082d4b54,07D,cliff,modeled_cliff,4,1,FR_ROUTE_19,5,6
general__rom_082d4b54,083,flat,unreviewed,1,1,FR_FUCHSIA_CITY,4,30
general__rom_082d4b54,084,flat,unreviewed,1,1,FR_FUCHSIA_CITY,28,30
general__rom_082d4b54,085,flat,unreviewed,4,1,FR_FUCHSIA_CITY,4,34
general__rom_082d4b54,086,flat,unreviewed,4,1,FR_FUCHSIA_CITY,28,34
general__rom_082d4b54,087,ledge,modeled_ledge,62,2,FR_FUCHSIA_CITY,27,35
general__rom_082d4b54,089,flat,unreviewed,11,3,FR_SAFARI_ZONE_EAST,30,25
general__rom_082d4b54,00D,grass,modeled_grass,758,5,FR_ROUTE_15,20,10
general__rom_082d4b54,08D,flat,unreviewed,1,1,FR_FUCHSIA_CITY,4,35
general__rom_082d4b54,08E,flat,unreviewed,1,1,FR_FUCHSIA_CITY,28,35
general__rom_082d4b54,091,flat,unreviewed,11,3,FR_SAFARI_ZONE_EAST,29,25
general__rom_082d4b54,00E,tree,modeled_tree,44,2,FR_FUCHSIA_CITY,10,37
general__rom_082d4b54,097,ledge,modeled_ledge,18,1,FR_ROUTE_19,12,7
general__rom_082d4b54,00F,tree,modeled_tree,44,2,FR_FUCHSIA_CITY,5,37
general__rom_082d4b54,0A0,flat,unreviewed,8,1,FR_ROUTE_19,17,2
general__rom_082d4b54,0A2,flat,unreviewed,5,1,FR_ROUTE_19,6,4
general__rom_082d4b54,0A8,flat,unreviewed,1,1,FR_ROUTE_19,17,8
general__rom_082d4b54,010,flat,reviewed_surface,324,6,FR_FUCHSIA_CITY,29,34
general__rom_082d4b54,0AA,flat,unreviewed,1,1,FR_ROUTE_19,6,8
general__rom_082d4b54,0AF,flat,unreviewed,6,1,FR_ROUTE_19,14,2
general__rom_082d4b54,0B0,ledge,modeled_ledge,2,2,FR_FUCHSIA_CITY,22,35
general__rom_082d4b54,0B1,ledge,modeled_ledge,1,1,FR_FUCHSIA_CITY,8,35
general__rom_082d4b54,0B2,cliff,modeled_cliff,5,4,FR_ROUTE_19,4,6
general__rom_082d4b54,0B3,cliff,modeled_cliff,5,4,FR_ROUTE_19,19,4
general__rom_082d4b54,011,flat,reviewed_surface,298,6,FR_FUCHSIA_CITY,5,11
general__rom_082d4b54,0BD,flat,unreviewed,5,1,FR_FUCHSIA_CITY,31,5
general__rom_082d4b54,0BE,flat,unreviewed,82,1,FR_FUCHSIA_CITY,10,5
general__rom_082d4b54,0BF,flat,unreviewed,3,1,FR_FUCHSIA_CITY,8,15
general__rom_082d4b54,0C3,flat,unreviewed,4,1,FR_FUCHSIA_CITY,19,11
general__rom_082d4b54,0C4,flat,unreviewed,2,1,FR_FUCHSIA_CITY,4,15
general__rom_082d4b54,0C5,flat,unreviewed,26,1,FR_FUCHSIA_CITY,19,10
general__rom_082d4b54,0C6,flat,unreviewed,10,1,FR_FUCHSIA_CITY,3,12
general__rom_082d4b54,0C7,flat,unreviewed,30,1,FR_FUCHSIA_CITY,4,11
general__rom_082d4b54,001,flat,reviewed_surface,121,6,FR_FUCHSIA_CITY,21,13
general__rom_082d4b54,0CB,flat,unreviewed,4,1,FR_FUCHSIA_CITY,7,16
general__rom_082d4b54,0CC,flat,unreviewed,2,1,FR_FUCHSIA_CITY,4,6
general__rom_082d4b54,0CD,flat,unreviewed,3,1,FR_FUCHSIA_CITY,2,16
general__rom_082d4b54,0CE,flat,unreviewed,32,1,FR_FUCHSIA_CITY,4,16
general__rom_082d4b54,0CF,flat,unreviewed,3,1,FR_FUCHSIA_CITY,24,17
general__rom_082d4b54,014,tree,modeled_tree,178,2,FR_FUCHSIA_CITY,10,1
general__rom_082d4b54,0D3,flat,reviewed_surface,42,6,FR_FUCHSIA_CITY,13,8
general__rom_082d4b54,0D4,flat,reviewed_surface,309,6,FR_FUCHSIA_CITY,14,8
general__rom_082d4b54,0D5,flat,reviewed_surface,47,6,FR_FUCHSIA_CITY,27,32
general__rom_082d4b54,0D6,flat,unreviewed,4,2,FR_FUCHSIA_CITY,0,21
general__rom_082d4b54,0D7,flat,unreviewed,4,2,FR_FUCHSIA_CITY,1,21
general__rom_082d4b54,0D9,flat,unreviewed,208,3,FR_SAFARI_ZONE_EAST,24,11
general__rom_082d4b54,0DB,flat,reviewed_surface,87,6,FR_FUCHSIA_CITY,27,17
general__rom_082d4b54,015,tree,modeled_tree,177,2,FR_FUCHSIA_CITY,47,33
general__rom_082d4b54,0DC,flat,reviewed_surface,345,6,FR_FUCHSIA_CITY,10,34
general__rom_082d4b54,0DD,flat,reviewed_surface,84,6,FR_FUCHSIA_CITY,29,17
general__rom_082d4b54,0E3,flat,reviewed_surface,46,6,FR_FUCHSIA_CITY,5,34
general__rom_082d4b54,0E4,flat,reviewed_surface,284,6,FR_FUCHSIA_CITY,6,34
general__rom_082d4b54,0E5,flat,reviewed_surface,45,6,FR_FUCHSIA_CITY,27,34
general__rom_082d4b54,016,tree,modeled_tree,14,1,FR_FUCHSIA_CITY,46,33
general__rom_082d4b54,0E6,fence,modeled_fence,148,4,FR_SAFARI_ZONE_CENTER,21,34
general__rom_082d4b54,0E7,fence,modeled_fence,126,2,FR_FUCHSIA_CITY,34,36
general__rom_082d4b54,0EC,fence,modeled_fence,1,1,FR_FUCHSIA_CITY,31,23
general__rom_082d4b54,0ED,fence,modeled_fence,1,1,FR_ROUTE_15,16,13
general__rom_082d4b54,0EE,flat,unreviewed,3,2,FR_FUCHSIA_CITY,25,15
general__rom_082d4b54,017,tree,modeled_tree,15,2,FR_FUCHSIA_CITY,1,31
general__rom_082d4b54,0F4,fence,modeled_fence,9,1,FR_FUCHSIA_CITY,7,18
general__rom_082d4b54,0F5,fence,modeled_fence,11,2,FR_FUCHSIA_CITY,25,16
general__rom_082d4b54,0F6,flat,unreviewed,2,2,FR_FUCHSIA_CITY,29,36
general__rom_082d4b54,0FC,fence,modeled_fence,2,1,FR_FUCHSIA_CITY,31,29
general__rom_082d4b54,0FD,fence,modeled_fence,3,2,FR_FUCHSIA_CITY,42,29
general__rom_082d4b54,102,flat,reviewed_surface,15,5,FR_FUCHSIA_CITY,13,33
general__rom_082d4b54,103,flat,reviewed_surface,19,6,FR_FUCHSIA_CITY,6,23
general__rom_082d4b54,104,flat,reviewed_surface,18,6,FR_FUCHSIA_CITY,9,34
general__rom_082d4b54,105,flat,reviewed_surface,17,4,FR_FUCHSIA_CITY,11,34
general__rom_082d4b54,108,flat,unreviewed,2,1,FR_ROUTE_19,5,9
general__rom_082d4b54,109,flat,unreviewed,2,1,FR_ROUTE_19,6,9
general__rom_082d4b54,110,flat,unreviewed,38,1,FR_ROUTE_19,21,34
general__rom_082d4b54,111,flat,unreviewed,38,1,FR_ROUTE_19,22,34
general__rom_082d4b54,115,flat,reviewed_surface,88,1,FR_ROUTE_19,12,6
general__rom_082d4b54,117,flat,unreviewed,1,1,FR_SAFARI_ZONE_EAST,34,17
general__rom_082d4b54,118,flat,unreviewed,40,1,FR_ROUTE_19,21,35
general__rom_082d4b54,119,flat,reviewed_surface,40,1,FR_ROUTE_19,17,28
general__rom_082d4b54,120,flat,unreviewed,1,1,FR_ROUTE_19,16,9
general__rom_082d4b54,121,flat,unreviewed,4,2,FR_ROUTE_19,10,13
general__rom_082d4b54,01C,tree,modeled_tree,182,2,FR_FUCHSIA_CITY,0,34
general__rom_082d4b54,122,flat,unreviewed,7,4,FR_SAFARI_ZONE_CENTER,18,13
general__rom_082d4b54,123,flat,unreviewed,67,5,FR_ROUTE_19,9,13
general__rom_082d4b54,124,flat,unreviewed,6,4,FR_SAFARI_ZONE_CENTER,33,13
general__rom_082d4b54,128,flat,unreviewed,2,2,FR_SAFARI_ZONE_CENTER,21,15
general__rom_082d4b54,129,flat,unreviewed,2,2,FR_SAFARI_ZONE_CENTER,30,15
general__rom_082d4b54,12A,flat,reviewed_surface,26,5,FR_ROUTE_19,16,13
general__rom_082d4b54,12B,flat,reviewed_surface,901,5,FR_ROUTE_19,0,34
general__rom_082d4b54,01D,tree,modeled_tree,180,2,FR_FUCHSIA_CITY,11,0
general__rom_082d4b54,002,sign,modeled_sign,13,7,FR_FUCHSIA_CITY,26,18
general__rom_082d4b54,12C,flat,reviewed_surface,24,5,FR_ROUTE_19,7,10
general__rom_082d4b54,130,flat,reviewed_surface,5,3,FR_ROUTE_19,10,14
general__rom_082d4b54,131,flat,reviewed_surface,3,3,FR_ROUTE_19,16,14
general__rom_082d4b54,133,flat,unreviewed,40,3,FR_FUCHSIA_CITY,41,26
general__rom_082d4b54,01E,tree,modeled_tree,67,2,FR_FUCHSIA_CITY,46,34
general__rom_082d4b54,138,flat,unreviewed,1,1,FR_ROUTE_15,9,10
general__rom_082d4b54,13C,flat,unreviewed,1,1,FR_ROUTE_15,16,10
general__rom_082d4b54,01F,tree,modeled_tree,69,2,FR_FUCHSIA_CITY,1,32
general__rom_082d4b54,140,flat,unreviewed,1,1,FR_ROUTE_15,9,11
general__rom_082d4b54,141,roof,modeled_building,1,1,FR_FUCHSIA_CITY,6,29
general__rom_082d4b54,142,roof,modeled_building,5,1,FR_FUCHSIA_CITY,9,29
general__rom_082d4b54,143,roof,modeled_building,1,1,FR_FUCHSIA_CITY,12,29
general__rom_082d4b54,144,flat,unreviewed,1,1,FR_ROUTE_15,16,11
general__rom_082d4b54,148,flat,unreviewed,1,1,FR_ROUTE_15,9,12
general__rom_082d4b54,149,roof,modeled_building,1,1,FR_FUCHSIA_CITY,6,30
general__rom_082d4b54,14A,roof,modeled_building,5,1,FR_FUCHSIA_CITY,11,30
general__rom_082d4b54,14B,roof,modeled_building,1,1,FR_FUCHSIA_CITY,12,30
general__rom_082d4b54,14C,flat,unreviewed,1,1,FR_ROUTE_15,16,12
general__rom_082d4b54,150,wall,modeled_building,1,1,FR_FUCHSIA_CITY,6,31
general__rom_082d4b54,151,wall,modeled_building,1,1,FR_FUCHSIA_CITY,7,31
general__rom_082d4b54,152,wall,modeled_building,1,1,FR_FUCHSIA_CITY,8,31
general__rom_082d4b54,153,wall,modeled_building,1,1,FR_FUCHSIA_CITY,9,31
general__rom_082d4b54,154,wall,modeled_building,1,1,FR_FUCHSIA_CITY,10,31
general__rom_082d4b54,155,wall,modeled_building,1,1,FR_FUCHSIA_CITY,11,31
general__rom_082d4b54,156,wall,modeled_building,1,1,FR_FUCHSIA_CITY,12,31
general__rom_082d4b54,158,wall,modeled_building,1,1,FR_FUCHSIA_CITY,6,32
general__rom_082d4b54,159,wall,modeled_building,1,1,FR_FUCHSIA_CITY,7,32
general__rom_082d4b54,15A,wall,modeled_building,1,1,FR_FUCHSIA_CITY,8,32
general__rom_082d4b54,15B,wall,modeled_building,1,1,FR_FUCHSIA_CITY,9,32
general__rom_082d4b54,15C,wall,modeled_building,1,1,FR_FUCHSIA_CITY,10,32
general__rom_082d4b54,15D,wall,modeled_building,1,1,FR_FUCHSIA_CITY,11,32
general__rom_082d4b54,15E,wall,modeled_building,1,1,FR_FUCHSIA_CITY,12,32
general__rom_082d4b54,160,flat,modeled_prop,1,1,FR_FUCHSIA_CITY,5,31
general__rom_082d4b54,161,flat,unreviewed,1,1,FR_FUCHSIA_CITY,31,30
general__rom_082d4b54,168,flat,modeled_prop,1,1,FR_FUCHSIA_CITY,5,32
general__rom_082d4b54,169,flat,unreviewed,1,1,FR_FUCHSIA_CITY,31,31
general__rom_082d4b54,024,tree,modeled_tree,56,2,FR_FUCHSIA_CITY,10,3
general__rom_082d4b54,025,tree,modeled_tree,54,2,FR_FUCHSIA_CITY,11,3
general__rom_082d4b54,183,flat,unreviewed,1,1,FR_ROUTE_15,10,10
general__rom_082d4b54,184,flat,unreviewed,4,1,FR_ROUTE_15,11,10
general__rom_082d4b54,185,flat,unreviewed,1,1,FR_ROUTE_15,15,10
general__rom_082d4b54,026,tree,modeled_tree,1,1,FR_FUCHSIA_CITY,46,19
general__rom_082d4b54,186,wall,modeled_building,1,1,FR_FUCHSIA_CITY,26,31
general__rom_082d4b54,187,roof,modeled_building,1,1,FR_FUCHSIA_CITY,27,28
general__rom_082d4b54,18D,flat,unreviewed,1,1,FR_ROUTE_15,9,9
general__rom_082d4b54,18E,flat,unreviewed,1,1,FR_ROUTE_15,16,9
general__rom_082d4b54,18F,flat,modeled_building,1,1,FR_FUCHSIA_CITY,27,29
general__rom_082d4b54,027,tree,modeled_tree,3,2,FR_FUCHSIA_CITY,1,15
general__rom_082d4b54,003,sign,modeled_sign,7,4,FR_SAFARI_ZONE_CENTER,25,27
general__rom_082d4b54,197,wall,modeled_building,1,1,FR_FUCHSIA_CITY,27,30
general__rom_082d4b54,028,roof,modeled_building,1,1,FR_FUCHSIA_CITY,9,12
general__rom_082d4b54,19F,wall,modeled_building,1,1,FR_FUCHSIA_CITY,27,31
general__rom_082d4b54,029,roof,modeled_building,1,1,FR_FUCHSIA_CITY,10,12
general__rom_082d4b54,1A5,flat,unreviewed,3,1,FR_FUCHSIA_CITY,9,19
general__rom_082d4b54,1A6,flat,unreviewed,13,1,FR_FUCHSIA_CITY,10,19
general__rom_082d4b54,1A7,flat,unreviewed,3,1,FR_FUCHSIA_CITY,10,8
general__rom_082d4b54,1AD,flat,unreviewed,2,1,FR_FUCHSIA_CITY,35,25
general__rom_082d4b54,02A,roof,modeled_building,1,1,FR_FUCHSIA_CITY,11,12
general__rom_082d4b54,1AE,flat,unreviewed,10,1,FR_FUCHSIA_CITY,39,25
general__rom_082d4b54,1AF,flat,unreviewed,2,1,FR_FUCHSIA_CITY,41,25
general__rom_082d4b54,1B5,flat,unreviewed,4,1,FR_ROUTE_15,11,11
general__rom_082d4b54,1B6,flat,unreviewed,1,1,FR_ROUTE_15,10,11
general__rom_082d4b54,1B7,flat,unreviewed,1,1,FR_ROUTE_15,15,11
general__rom_082d4b54,02B,roof,modeled_building,1,1,FR_FUCHSIA_CITY,12,12
general__rom_082d4b54,1CB,flat,unreviewed,24,1,FR_ROUTE_19,0,36
general__rom_082d4b54,1CC,flat,unreviewed,24,1,FR_ROUTE_19,19,35
general__rom_082d4b54,1D0,flat,reviewed_surface,8,1,FR_ROUTE_19,21,56
general__rom_082d4b54,1D2,flat,reviewed_surface,3,1,FR_ROUTE_19,3,11
general__rom_082d4b54,1D3,flat,unreviewed,24,1,FR_ROUTE_19,19,27
general__rom_082d4b54,1D4,flat,reviewed_surface,24,1,FR_ROUTE_19,20,27
general__rom_082d4b54,1D6,flat,unreviewed,10,1,FR_ROUTE_19,10,0
general__rom_082d4b54,1D8,flat,reviewed_surface,4,1,FR_ROUTE_19,23,38
general__rom_082d4b54,1D9,flat,reviewed_surface,77,1,FR_ROUTE_19,3,12
general__rom_082d4b54,1E0,flat,unreviewed,4,1,FR_ROUTE_19,20,13
general__rom_082d4b54,1E2,flat,unreviewed,4,1,FR_ROUTE_19,3,14
general__rom_082d4b54,1E6,flat,unreviewed,24,2,FR_SAFARI_ZONE_CENTER,0,18
general__rom_082d4b54,030,roof,modeled_building,1,1,FR_FUCHSIA_CITY,9,13
general__rom_082d4b54,1F0,flat,unreviewed,1,1,FR_FUCHSIA_CITY,7,17
general__rom_082d4b54,031,roof,modeled_building,1,1,FR_FUCHSIA_CITY,10,13
general__rom_082d4b54,004,flowers,modeled_flowers,28,2,FR_FUCHSIA_CITY,18,19
general__rom_082d4b54,1F4,flat,unreviewed,3,1,FR_ROUTE_19,6,5
general__rom_082d4b54,032,roof,modeled_building,1,1,FR_FUCHSIA_CITY,11,13
general__rom_082d4b54,207,flat,unreviewed,73,3,FR_SAFARI_ZONE_EAST,23,9
general__rom_082d4b54,033,roof,modeled_building,1,1,FR_FUCHSIA_CITY,12,13
general__rom_082d4b54,038,roof,modeled_building,1,1,FR_FUCHSIA_CITY,9,14
general__rom_082d4b54,039,roof,modeled_building,1,1,FR_FUCHSIA_CITY,10,14
general__rom_082d4b54,03A,roof,modeled_building,1,1,FR_FUCHSIA_CITY,11,14
general__rom_082d4b54,03B,roof,modeled_building,1,1,FR_FUCHSIA_CITY,12,14
general__rom_082d4b54,005,shrub,modeled_shrub,32,1,FR_FUCHSIA_CITY,45,33
general__rom_082d4b54,280,flat,modeled_building,1,1,FR_FUCHSIA_CITY,23,27
general__rom_082d4b54,281,flat,modeled_building,1,1,FR_FUCHSIA_CITY,24,27
general__rom_082d4b54,282,flat,modeled_building,1,1,FR_FUCHSIA_CITY,25,27
general__rom_082d4b54,283,flat,modeled_building,1,1,FR_FUCHSIA_CITY,26,27
general__rom_082d4b54,284,flat,modeled_building,1,1,FR_FUCHSIA_CITY,27,27
general__rom_082d4b54,285,roof,modeled_building,1,1,FR_FUCHSIA_CITY,6,28
general__rom_082d4b54,286,roof,modeled_building,5,1,FR_FUCHSIA_CITY,8,28
general__rom_082d4b54,287,roof,modeled_building,1,1,FR_FUCHSIA_CITY,12,28
general__rom_082d4b54,040,wall,modeled_building,1,1,FR_FUCHSIA_CITY,9,15
general__rom_082d4b54,28A,flat,unreviewed,3,1,FR_ROUTE_19,13,3
general__rom_082d4b54,28E,flat,unreviewed,55,1,FR_FUCHSIA_CITY,10,4
general__rom_082d4b54,28F,flat,unreviewed,4,1,FR_FUCHSIA_CITY,17,10
general__rom_082d4b54,290,flat,unreviewed,5,1,FR_FUCHSIA_CITY,12,6
general__rom_082d4b54,291,flat,unreviewed,33,1,FR_FUCHSIA_CITY,10,6
general__rom_082d4b54,292,flat,unreviewed,6,1,FR_FUCHSIA_CITY,11,6
general__rom_082d4b54,293,flat,unreviewed,6,1,FR_FUCHSIA_CITY,12,7
general__rom_082d4b54,041,wall,modeled_building,1,1,FR_FUCHSIA_CITY,10,15
general__rom_082d4b54,294,flat,unreviewed,33,1,FR_FUCHSIA_CITY,10,7
general__rom_082d4b54,295,flat,unreviewed,6,1,FR_FUCHSIA_CITY,11,7
general__rom_082d4b54,296,flat,unreviewed,1,1,FR_FUCHSIA_CITY,17,18
general__rom_082d4b54,298,flat,unreviewed,1,1,FR_FUCHSIA_CITY,31,6
general__rom_082d4b54,29B,flat,unreviewed,23,1,FR_FUCHSIA_CITY,11,8
general__rom_082d4b54,29C,flat,unreviewed,12,1,FR_FUCHSIA_CITY,11,9
general__rom_082d4b54,29E,flat,unreviewed,1,1,FR_FUCHSIA_CITY,40,28
general__rom_082d4b54,29F,flat,unreviewed,2,1,FR_SAFARI_ZONE_CENTER,30,19
general__rom_082d4b54,2A0,flat,modeled_building,2,1,FR_FUCHSIA_CITY,13,28
general__rom_082d4b54,2A1,flat,modeled_building,2,1,FR_FUCHSIA_CITY,14,28
general__rom_082d4b54,2A2,flat,modeled_building,4,1,FR_FUCHSIA_CITY,16,28
general__rom_082d4b54,2A3,flat,modeled_building,2,1,FR_FUCHSIA_CITY,17,28
general__rom_082d4b54,2A4,flat,unreviewed,1,1,FR_FUCHSIA_CITY,32,28
general__rom_082d4b54,2A5,flat,unreviewed,2,1,FR_FUCHSIA_CITY,35,28
general__rom_082d4b54,2A6,flat,unreviewed,1,1,FR_FUCHSIA_CITY,34,28
general__rom_082d4b54,2A7,flat,unreviewed,1,1,FR_FUCHSIA_CITY,36,28
general__rom_082d4b54,2A8,flat,modeled_building,2,1,FR_FUCHSIA_CITY,13,29
general__rom_082d4b54,2A8,flat,unreviewed,2,1,FR_FUCHSIA_CITY,32,29
general__rom_082d4b54,2A9,flat,modeled_building,6,1,FR_FUCHSIA_CITY,21,29
general__rom_082d4b54,2A9,flat,unreviewed,6,1,FR_FUCHSIA_CITY,33,29
general__rom_082d4b54,2AA,flat,modeled_building,2,1,FR_FUCHSIA_CITY,17,29
general__rom_082d4b54,2AA,flat,unreviewed,2,1,FR_FUCHSIA_CITY,36,29
general__rom_082d4b54,2AB,flat,modeled_building,2,1,FR_FUCHSIA_CITY,22,30
general__rom_082d4b54,2AB,flat,unreviewed,2,1,FR_FUCHSIA_CITY,36,30
general__rom_082d4b54,2AC,flat,unreviewed,1,1,FR_FUCHSIA_CITY,37,28
general__rom_082d4b54,2AD,flat,unreviewed,1,1,FR_FUCHSIA_CITY,38,28
general__rom_082d4b54,2AE,flat,unreviewed,1,1,FR_FUCHSIA_CITY,39,28
general__rom_082d4b54,2AF,flat,unreviewed,1,1,FR_FUCHSIA_CITY,41,28
general__rom_082d4b54,2B0,flat,modeled_building,2,1,FR_FUCHSIA_CITY,18,30
general__rom_082d4b54,2B0,flat,unreviewed,2,1,FR_FUCHSIA_CITY,32,30
general__rom_082d4b54,2B1,flat,modeled_building,2,1,FR_FUCHSIA_CITY,19,30
general__rom_082d4b54,2B1,flat,unreviewed,2,1,FR_FUCHSIA_CITY,33,30
general__rom_082d4b54,044,wall,unmatched_building,1,1,FR_ROUTE_15,10,8
general__rom_082d4b54,2B2,flat,modeled_building,2,1,FR_FUCHSIA_CITY,20,30
general__rom_082d4b54,2B2,flat,unreviewed,2,1,FR_FUCHSIA_CITY,34,30
general__rom_082d4b54,2B3,flat,modeled_building,2,1,FR_FUCHSIA_CITY,21,30
general__rom_082d4b54,2B3,flat,unreviewed,2,1,FR_FUCHSIA_CITY,35,30
general__rom_082d4b54,2B4,flat,modeled_building,1,1,FR_FUCHSIA_CITY,26,12
general__rom_082d4b54,2B5,flat,modeled_building,4,1,FR_FUCHSIA_CITY,28,12
general__rom_082d4b54,2B6,flat,modeled_building,1,1,FR_FUCHSIA_CITY,31,12
general__rom_082d4b54,2B7,flat,modeled_building,1,1,FR_FUCHSIA_CITY,28,15
general__rom_082d4b54,2B7,flat,unreviewed,4,4,FR_SAFARI_ZONE_CENTER,29,24
general__rom_082d4b54,2B8,flat,modeled_building,2,1,FR_FUCHSIA_CITY,13,31
general__rom_082d4b54,2B8,flat,unreviewed,2,1,FR_FUCHSIA_CITY,32,31
general__rom_082d4b54,2B9,flat,modeled_building,2,1,FR_FUCHSIA_CITY,15,31
general__rom_082d4b54,2B9,flat,unreviewed,2,1,FR_FUCHSIA_CITY,34,31
general__rom_082d4b54,2BA,flat,modeled_building,2,1,FR_FUCHSIA_CITY,16,31
general__rom_082d4b54,2BA,flat,unreviewed,2,1,FR_FUCHSIA_CITY,40,31
general__rom_082d4b54,2BB,flat,modeled_building,2,1,FR_FUCHSIA_CITY,17,31
general__rom_082d4b54,2BB,flat,unreviewed,2,1,FR_FUCHSIA_CITY,36,31
general__rom_082d4b54,045,wall,unmatched_building,4,1,FR_ROUTE_15,11,8
general__rom_082d4b54,2BC,flat,modeled_building,2,1,FR_FUCHSIA_CITY,26,13
general__rom_082d4b54,2BC,flat,unreviewed,14,5,FR_FUCHSIA_CITY,22,0
general__rom_082d4b54,2BD,flat,modeled_building,8,1,FR_FUCHSIA_CITY,27,13
general__rom_082d4b54,2BD,flat,unreviewed,62,5,FR_FUCHSIA_CITY,23,1
general__rom_082d4b54,2BE,flat,modeled_building,2,1,FR_FUCHSIA_CITY,31,13
general__rom_082d4b54,2BE,flat,unreviewed,14,5,FR_FUCHSIA_CITY,27,0
general__rom_082d4b54,2BF,flat,modeled_building,3,1,FR_FUCHSIA_CITY,28,16
general__rom_082d4b54,2BF,flat,unreviewed,6,5,FR_FUCHSIA_CITY,33,31
general__rom_082d4b54,2C0,flat,unreviewed,2,2,FR_FUCHSIA_CITY,22,3
general__rom_082d4b54,2C1,flat,unreviewed,8,2,FR_FUCHSIA_CITY,23,3
general__rom_082d4b54,2C2,flat,unreviewed,2,2,FR_FUCHSIA_CITY,27,3
general__rom_082d4b54,2C3,flat,unreviewed,2,2,FR_FUCHSIA_CITY,27,5
general__rom_082d4b54,2C4,flat,modeled_building,1,1,FR_FUCHSIA_CITY,26,15
general__rom_082d4b54,2C4,flat,unreviewed,4,4,FR_SAFARI_ZONE_CENTER,28,24
general__rom_082d4b54,2C5,flat,modeled_building,3,1,FR_FUCHSIA_CITY,27,15
general__rom_082d4b54,2C5,flat,unreviewed,8,4,FR_SAFARI_ZONE_CENTER,30,24
general__rom_082d4b54,046,wall,unmatched_building,1,1,FR_ROUTE_15,15,8
general__rom_082d4b54,2C6,flat,modeled_building,1,1,FR_FUCHSIA_CITY,31,15
general__rom_082d4b54,2C6,flat,unreviewed,4,4,FR_SAFARI_ZONE_CENTER,32,24
general__rom_082d4b54,2C7,flat,modeled_building,3,1,FR_FUCHSIA_CITY,27,16
general__rom_082d4b54,2C7,flat,unreviewed,2,1,FR_SAFARI_ZONE_CENTER,30,25
general__rom_082d4b54,2C8,flat,unreviewed,2,2,FR_FUCHSIA_CITY,22,4
general__rom_082d4b54,2C9,flat,unreviewed,2,2,FR_FUCHSIA_CITY,23,4
general__rom_082d4b54,2CA,flat,unreviewed,2,2,FR_FUCHSIA_CITY,24,4
general__rom_082d4b54,2CB,flat,unreviewed,2,2,FR_FUCHSIA_CITY,25,4
general__rom_082d4b54,2CC,flat,modeled_building,1,1,FR_FUCHSIA_CITY,26,16
general__rom_082d4b54,2CC,flat,unreviewed,4,4,FR_SAFARI_ZONE_CENTER,28,25
general__rom_082d4b54,2CD,flat,unreviewed,6,3,FR_SAFARI_ZONE_EAST,41,14
general__rom_082d4b54,2CE,flat,modeled_building,1,1,FR_FUCHSIA_CITY,31,16
general__rom_082d4b54,2CE,flat,unreviewed,4,4,FR_SAFARI_ZONE_CENTER,32,25
general__rom_082d4b54,2CF,flat,unreviewed,2,2,FR_FUCHSIA_CITY,27,4
general__rom_082d4b54,2D0,flat,unreviewed,2,2,FR_FUCHSIA_CITY,22,5
general__rom_082d4b54,2D1,flat,unreviewed,2,2,FR_FUCHSIA_CITY,23,5
general__rom_082d4b54,2D2,flat,unreviewed,2,2,FR_FUCHSIA_CITY,24,5
general__rom_082d4b54,2D3,flat,unreviewed,2,2,FR_FUCHSIA_CITY,25,5
general__rom_082d4b54,2D4,flat,unreviewed,1,1,FR_FUCHSIA_CITY,23,6
general__rom_082d4b54,2D5,flat,unreviewed,1,1,FR_FUCHSIA_CITY,25,6
general__rom_082d4b54,2D6,flat,unreviewed,2,2,FR_FUCHSIA_CITY,26,4
general__rom_082d4b54,2D7,flat,unreviewed,2,2,FR_FUCHSIA_CITY,26,5
general__rom_082d4b54,048,roof,modeled_building,1,1,FR_FUCHSIA_CITY,23,28
general__rom_082d4b54,2DA,flat,unreviewed,1,1,FR_SAFARI_ZONE_CENTER,22,30
general__rom_082d4b54,2DB,flat,unreviewed,1,1,FR_SAFARI_ZONE_CENTER,24,30
general__rom_082d4b54,2DC,flat,unreviewed,2,1,FR_SAFARI_ZONE_CENTER,26,30
general__rom_082d4b54,2DD,flat,unreviewed,1,1,FR_SAFARI_ZONE_CENTER,27,30
general__rom_082d4b54,2DE,flat,unreviewed,1,1,FR_SAFARI_ZONE_CENTER,29,30
general__rom_082d4b54,2E0,flat,unreviewed,3,3,FR_SAFARI_ZONE_CENTER,28,22
general__rom_082d4b54,2E1,flat,unreviewed,9,3,FR_SAFARI_ZONE_CENTER,30,22
general__rom_082d4b54,2E2,flat,unreviewed,3,3,FR_SAFARI_ZONE_CENTER,32,22
general__rom_082d4b54,049,roof,modeled_building,1,1,FR_FUCHSIA_CITY,24,28
general__rom_082d4b54,2E5,flat,unreviewed,3,3,FR_SAFARI_ZONE_CENTER,43,15
general__rom_082d4b54,2E6,flat,unreviewed,3,2,FR_SAFARI_ZONE_CENTER,8,17
general__rom_082d4b54,2E7,flat,unreviewed,3,1,FR_SAFARI_ZONE_WEST,19,15
general__rom_082d4b54,2E8,flat,unreviewed,3,1,FR_SAFARI_ZONE_NORTH,20,34
general__rom_082d4b54,2E9,flat,unreviewed,3,1,FR_SAFARI_ZONE_NORTH,21,34
general__rom_082d4b54,2EA,flat,unreviewed,3,2,FR_SAFARI_ZONE_CENTER,25,5
general__rom_082d4b54,2EB,flat,unreviewed,3,2,FR_SAFARI_ZONE_CENTER,26,5
general__rom_082d4b54,2EC,flat,unreviewed,1,1,FR_SAFARI_ZONE_WEST,18,15
general__rom_082d4b54,2ED,flat,unreviewed,3,3,FR_SAFARI_ZONE_CENTER,43,16
general__rom_082d4b54,04A,roof,modeled_building,1,1,FR_FUCHSIA_CITY,25,28
general__rom_082d4b54,2EE,flat,unreviewed,3,2,FR_SAFARI_ZONE_CENTER,8,18
general__rom_082d4b54,2EF,flat,unreviewed,1,1,FR_SAFARI_ZONE_WEST,22,15
general__rom_082d4b54,2F4,flat,unreviewed,147,4,FR_SAFARI_ZONE_CENTER,30,20
general__rom_082d4b54,2F5,flat,unreviewed,329,4,FR_SAFARI_ZONE_CENTER,46,33
general__rom_082d4b54,2F6,flat,unreviewed,412,4,FR_SAFARI_ZONE_CENTER,44,33
general__rom_082d4b54,2F7,flat,unreviewed,341,4,FR_SAFARI_ZONE_CENTER,45,33
general__rom_082d4b54,04B,roof,modeled_building,1,1,FR_FUCHSIA_CITY,26,28
general__rom_082d4b54,2FC,flat,unreviewed,28,2,FR_SAFARI_ZONE_CENTER,23,0
general__rom_082d4b54,2FD,flat,unreviewed,381,4,FR_SAFARI_ZONE_CENTER,0,34
general__rom_082d4b54,2FE,flat,unreviewed,451,4,FR_SAFARI_ZONE_CENTER,4,34
general__rom_082d4b54,2FF,flat,unreviewed,388,4,FR_SAFARI_ZONE_CENTER,5,34
general__rom_082d4b54,300,flat,unreviewed,9,3,FR_SAFARI_ZONE_EAST,30,29
general__rom_082d4b54,301,flat,unreviewed,9,3,FR_SAFARI_ZONE_EAST,40,29
general__rom_082d4b54,04C,flat,unreviewed,1,1,FR_ROUTE_15,10,9
general__rom_082d4b54,302,flat,unreviewed,7,3,FR_SAFARI_ZONE_EAST,38,29
general__rom_082d4b54,304,flat,unreviewed,35,3,FR_SAFARI_ZONE_CENTER,23,1
general__rom_082d4b54,305,flat,unreviewed,96,4,FR_SAFARI_ZONE_CENTER,31,4
general__rom_082d4b54,306,flat,unreviewed,124,4,FR_SAFARI_ZONE_CENTER,10,4
general__rom_082d4b54,307,flat,unreviewed,91,4,FR_SAFARI_ZONE_CENTER,11,4
general__rom_082d4b54,308,flat,unreviewed,21,4,FR_SAFARI_ZONE_CENTER,3,19
general__rom_082d4b54,309,flat,unreviewed,21,4,FR_SAFARI_ZONE_CENTER,4,19
general__rom_082d4b54,30A,flat,unreviewed,18,4,FR_SAFARI_ZONE_CENTER,5,19
general__rom_082d4b54,30B,flat,unreviewed,26,4,FR_SAFARI_ZONE_CENTER,15,31
general__rom_082d4b54,04D,flat,unreviewed,4,1,FR_ROUTE_15,11,9
general__rom_082d4b54,30C,flat,unreviewed,34,4,FR_SAFARI_ZONE_CENTER,8,14
general__rom_082d4b54,30D,flat,unreviewed,57,4,FR_SAFARI_ZONE_CENTER,31,5
general__rom_082d4b54,30E,flat,unreviewed,67,4,FR_SAFARI_ZONE_CENTER,10,5
general__rom_082d4b54,30F,flat,unreviewed,55,4,FR_SAFARI_ZONE_CENTER,11,5
general__rom_082d4b54,310,flat,unreviewed,35,4,FR_SAFARI_ZONE_CENTER,9,29
general__rom_082d4b54,311,flat,unreviewed,36,4,FR_SAFARI_ZONE_CENTER,13,29
general__rom_082d4b54,312,flat,unreviewed,39,4,FR_SAFARI_ZONE_CENTER,17,29
general__rom_082d4b54,313,flat,unreviewed,9,3,FR_SAFARI_ZONE_CENTER,28,5
general__rom_082d4b54,314,flat,unreviewed,10,4,FR_SAFARI_ZONE_CENTER,8,15
general__rom_082d4b54,315,flat,unreviewed,62,4,FR_SAFARI_ZONE_CENTER,15,33
general__rom_082d4b54,04E,flat,unreviewed,1,1,FR_ROUTE_15,15,9
general__rom_082d4b54,316,flat,unreviewed,63,4,FR_SAFARI_ZONE_CENTER,32,2
general__rom_082d4b54,317,flat,unreviewed,61,4,FR_SAFARI_ZONE_CENTER,48,25
general__rom_082d4b54,318,flat,unreviewed,67,4,FR_SAFARI_ZONE_CENTER,3,20
general__rom_082d4b54,319,flat,unreviewed,66,4,FR_SAFARI_ZONE_CENTER,38,30
general__rom_082d4b54,31A,flat,unreviewed,97,4,FR_SAFARI_ZONE_CENTER,20,34
general__rom_082d4b54,31B,flat,unreviewed,5,2,FR_SAFARI_ZONE_EAST,26,17
general__rom_082d4b54,31C,flat,unreviewed,19,2,FR_SAFARI_ZONE_EAST,27,17
general__rom_082d4b54,31D,flat,unreviewed,38,4,FR_SAFARI_ZONE_CENTER,15,34
general__rom_082d4b54,31E,flat,unreviewed,47,4,FR_SAFARI_ZONE_CENTER,16,34
general__rom_082d4b54,31F,flat,unreviewed,36,4,FR_SAFARI_ZONE_CENTER,17,34
general__rom_082d4b54,320,flat,unreviewed,110,4,FR_SAFARI_ZONE_CENTER,28,0
general__rom_082d4b54,321,flat,unreviewed,40,4,FR_SAFARI_ZONE_CENTER,32,31
general__rom_082d4b54,322,flat,unreviewed,73,4,FR_SAFARI_ZONE_CENTER,20,35
general__rom_082d4b54,323,flat,unreviewed,64,4,FR_SAFARI_ZONE_CENTER,43,7
general__rom_082d4b54,324,flat,unreviewed,4,2,FR_SAFARI_ZONE_EAST,35,21
general__rom_082d4b54,325,flat,unreviewed,59,4,FR_SAFARI_ZONE_CENTER,12,1
general__rom_082d4b54,326,flat,unreviewed,60,4,FR_SAFARI_ZONE_CENTER,32,1
general__rom_082d4b54,327,flat,unreviewed,58,4,FR_SAFARI_ZONE_CENTER,33,1
general__rom_082d4b54,328,flat,unreviewed,1,1,FR_SAFARI_ZONE_WEST,10,2
general__rom_082d4b54,329,flat,unreviewed,1,1,FR_SAFARI_ZONE_WEST,11,2
general__rom_082d4b54,050,roof,modeled_building,1,1,FR_FUCHSIA_CITY,23,29
general__rom_082d4b54,32A,flat,unreviewed,1,1,FR_SAFARI_ZONE_WEST,12,2
general__rom_082d4b54,32B,flat,unreviewed,1,1,FR_SAFARI_ZONE_WEST,13,2
general__rom_082d4b54,32C,flat,unreviewed,1,1,FR_SAFARI_ZONE_WEST,14,2
general__rom_082d4b54,32D,flat,unreviewed,1,1,FR_SAFARI_ZONE_WEST,15,2
general__rom_082d4b54,32E,flat,unreviewed,1,1,FR_SAFARI_ZONE_WEST,11,8
general__rom_082d4b54,32F,flat,unreviewed,1,1,FR_SAFARI_ZONE_WEST,13,8
general__rom_082d4b54,330,flat,unreviewed,1,1,FR_SAFARI_ZONE_NORTH,12,16
general__rom_082d4b54,331,flat,unreviewed,1,1,FR_SAFARI_ZONE_NORTH,28,11
general__rom_082d4b54,332,flat,unreviewed,2,1,FR_SAFARI_ZONE_CENTER,28,30
general__rom_082d4b54,333,flat,unreviewed,2,1,FR_FUCHSIA_CITY,6,9
general__rom_082d4b54,051,roof,modeled_building,1,1,FR_FUCHSIA_CITY,24,29
general__rom_082d4b54,334,flat,unreviewed,8,1,FR_FUCHSIA_CITY,7,9
general__rom_082d4b54,335,flat,unreviewed,2,1,FR_FUCHSIA_CITY,10,9
general__rom_082d4b54,336,flat,unreviewed,19,1,FR_FUCHSIA_CITY,12,22
general__rom_082d4b54,337,flat,unreviewed,1,1,FR_FUCHSIA_CITY,42,23
general__rom_082d4b54,338,flat,unreviewed,5,1,FR_FUCHSIA_CITY,10,10
general__rom_082d4b54,339,flat,unreviewed,1,1,FR_FUCHSIA_CITY,11,10
general__rom_082d4b54,33A,flat,unreviewed,9,1,FR_SAFARI_ZONE_EAST,35,17
general__rom_082d4b54,052,roof,modeled_building,1,1,FR_FUCHSIA_CITY,25,29
general__rom_082d4b54,33F,flat,unreviewed,3,1,FR_FUCHSIA_CITY,42,26
general__rom_082d4b54,053,roof,modeled_building,1,1,FR_FUCHSIA_CITY,26,29
general__rom_082d4b54,058,roof,modeled_building,1,1,FR_FUCHSIA_CITY,23,30
general__rom_082d4b54,059,roof,modeled_building,1,1,FR_FUCHSIA_CITY,24,30
general__rom_082d4b54,008,flat,reviewed_surface,379,6,FR_FUCHSIA_CITY,32,34
general__rom_082d4b54,05A,roof,modeled_building,1,1,FR_FUCHSIA_CITY,25,30
general__rom_082d4b54,05B,roof,modeled_building,1,1,FR_FUCHSIA_CITY,26,30
general__rom_082d4b54,060,wall,modeled_building,1,1,FR_FUCHSIA_CITY,23,31
general__rom_082d4b54,061,wall,modeled_building,1,1,FR_FUCHSIA_CITY,24,31
general__rom_082d4b54,062,wall,modeled_building,2,1,FR_FUCHSIA_CITY,11,15
general__rom_082d4b54,063,wall,modeled_building,1,1,FR_FUCHSIA_CITY,12,15
general__rom_082d4b54,009,flat,reviewed_surface,347,6,FR_FUCHSIA_CITY,44,33
general__rom_082d4b6c,06B,cliff,modeled_cliff,4,1,FR_ROUTE_20,59,1
general__rom_082d4b6c,06C,cliff,modeled_cliff,2,1,FR_ROUTE_20,60,1
general__rom_082d4b6c,06D,cliff,modeled_cliff,4,1,FR_ROUTE_20,61,1
general__rom_082d4b6c,071,cliff,modeled_cliff,28,1,FR_ROUTE_20,72,10
general__rom_082d4b6c,073,cliff,modeled_cliff,6,1,FR_ROUTE_20,68,10
general__rom_082d4b6c,075,cliff,modeled_cliff,9,1,FR_ROUTE_20,76,10
general__rom_082d4b6c,079,cliff,modeled_cliff,8,1,FR_ROUTE_20,58,8
general__rom_082d4b6c,07B,cliff,modeled_cliff,10,1,FR_ROUTE_20,70,10
general__rom_082d4b6c,07C,cliff,modeled_cliff,8,1,FR_ROUTE_20,72,11
general__rom_082d4b6c,07D,cliff,modeled_cliff,13,1,FR_ROUTE_20,74,10
general__rom_082d4b6c,098,flat,unreviewed,4,1,FR_ROUTE_20,70,6
general__rom_082d4b6c,099,flat,unreviewed,3,1,FR_ROUTE_20,71,6
general__rom_082d4b6c,09A,flat,unreviewed,4,1,FR_ROUTE_20,74,6
general__rom_082d4b6c,0A0,flat,unreviewed,4,1,FR_ROUTE_20,67,11
general__rom_082d4b6c,0A2,flat,unreviewed,1,1,FR_ROUTE_20,65,5
general__rom_082d4b6c,0A8,flat,unreviewed,6,1,FR_ROUTE_20,67,12
general__rom_082d4b6c,0A9,flat,unreviewed,2,1,FR_ROUTE_20,60,8
general__rom_082d4b6c,010,flat,reviewed_surface,9,1,FR_CINNABAR_ISLAND,12,6
general__rom_082d4b6c,0AA,flat,unreviewed,3,1,FR_ROUTE_20,65,6
general__rom_082d4b6c,0B2,cliff,modeled_cliff,10,1,FR_ROUTE_20,73,10
general__rom_082d4b6c,0B3,cliff,modeled_cliff,10,1,FR_ROUTE_20,71,10
general__rom_082d4b6c,011,flat,reviewed_surface,14,1,FR_CINNABAR_ISLAND,10,4
general__rom_082d4b6c,0BA,cliff,modeled_cliff,6,1,FR_ROUTE_20,62,1
general__rom_082d4b6c,0BB,cliff,modeled_cliff,6,1,FR_ROUTE_20,58,1
general__rom_082d4b6c,0D0,flat,reviewed_surface,2,1,FR_CINNABAR_ISLAND,13,5
general__rom_082d4b6c,0D1,flat,unreviewed,19,1,FR_CINNABAR_ISLAND,10,11
general__rom_082d4b6c,0D2,flat,unreviewed,2,1,FR_CINNABAR_ISLAND,19,5
general__rom_082d4b6c,0D8,flat,unreviewed,4,1,FR_CINNABAR_ISLAND,21,11
general__rom_082d4b6c,0D9,flat,unreviewed,38,2,FR_CINNABAR_ISLAND,10,12
general__rom_082d4b6c,0DA,flat,unreviewed,5,1,FR_CINNABAR_ISLAND,6,4
general__rom_082d4b6c,0E0,flat,reviewed_surface,1,1,FR_CINNABAR_ISLAND,13,6
general__rom_082d4b6c,0E1,flat,unreviewed,5,1,FR_CINNABAR_ISLAND,16,6
general__rom_082d4b6c,0E2,flat,unreviewed,3,1,FR_CINNABAR_ISLAND,12,2
general__rom_082d4b6c,0FE,flat,unreviewed,1,1,FR_CINNABAR_ISLAND,21,13
general__rom_082d4b6c,0FF,flat,unreviewed,2,1,FR_CINNABAR_ISLAND,11,13
general__rom_082d4b6c,107,flat,unreviewed,2,2,FR_CINNABAR_ISLAND,12,1
general__rom_082d4b6c,10C,flat,unreviewed,12,2,FR_ROUTE_20,22,4
general__rom_082d4b6c,10D,flat,unreviewed,19,2,FR_ROUTE_20,23,4
general__rom_082d4b6c,10E,flat,unreviewed,13,2,FR_ROUTE_20,24,4
general__rom_082d4b6c,10F,flat,unreviewed,3,1,FR_ROUTE_20,61,0
general__rom_082d4b6c,110,flat,unreviewed,146,3,FR_CINNABAR_ISLAND,1,14
general__rom_082d4b6c,111,flat,unreviewed,145,3,FR_CINNABAR_ISLAND,5,17
general__rom_082d4b6c,112,flat,unreviewed,2,2,FR_CINNABAR_ISLAND,23,5
general__rom_082d4b6c,113,flat,unreviewed,3,1,FR_ROUTE_20,66,12
general__rom_082d4b6c,114,flat,reviewed_surface,9,2,FR_ROUTE_20,21,6
general__rom_082d4b6c,115,flat,reviewed_surface,127,2,FR_ROUTE_20,43,10
general__rom_082d4b6c,116,flat,unreviewed,9,2,FR_ROUTE_20,45,10
general__rom_082d4b6c,117,flat,unreviewed,4,1,FR_ROUTE_20,57,1
general__rom_082d4b6c,118,flat,unreviewed,145,3,FR_CINNABAR_ISLAND,1,15
general__rom_082d4b6c,119,flat,reviewed_surface,144,3,FR_CINNABAR_ISLAND,2,5
general__rom_082d4b6c,11A,flat,unreviewed,2,2,FR_CINNABAR_ISLAND,23,6
general__rom_082d4b6c,11B,flat,unreviewed,3,1,FR_ROUTE_20,66,13
general__rom_082d4b6c,11C,flat,reviewed_surface,13,2,FR_ROUTE_20,40,10
general__rom_082d4b6c,11D,flat,reviewed_surface,19,2,FR_ROUTE_20,41,10
general__rom_082d4b6c,11E,flat,unreviewed,12,2,FR_ROUTE_20,45,11
general__rom_082d4b6c,11F,flat,unreviewed,4,1,FR_ROUTE_20,63,1
general__rom_082d4b6c,120,flat,unreviewed,4,1,FR_ROUTE_20,63,11
general__rom_082d4b6c,121,flat,unreviewed,5,2,FR_CINNABAR_ISLAND,7,12
general__rom_082d4b6c,123,flat,unreviewed,32,2,FR_CINNABAR_ISLAND,8,15
general__rom_082d4b6c,125,flat,reviewed_surface,4,2,FR_ROUTE_20,22,5
general__rom_082d4b6c,126,flat,reviewed_surface,5,2,FR_ROUTE_20,24,5
general__rom_082d4b6c,128,flat,unreviewed,4,2,FR_ROUTE_20,54,4
general__rom_082d4b6c,129,flat,unreviewed,6,3,FR_CINNABAR_ISLAND,23,1
general__rom_082d4b6c,12A,flat,reviewed_surface,21,3,FR_CINNABAR_ISLAND,23,2
general__rom_082d4b6c,12B,flat,reviewed_surface,2067,3,FR_CINNABAR_ISLAND,5,15
general__rom_082d4b6c,002,sign,modeled_sign,3,2,FR_CINNABAR_ISLAND,12,3
general__rom_082d4b6c,12C,flat,reviewed_surface,20,3,FR_CINNABAR_ISLAND,4,0
general__rom_082d4b6c,12D,flat,reviewed_surface,5,2,FR_ROUTE_20,42,10
general__rom_082d4b6c,12E,flat,reviewed_surface,4,2,FR_ROUTE_20,26,7
general__rom_082d4b6c,130,flat,reviewed_surface,7,2,FR_CINNABAR_ISLAND,7,15
general__rom_082d4b6c,131,flat,reviewed_surface,6,2,FR_CINNABAR_ISLAND,23,15
general__rom_082d4b6c,133,flat,unreviewed,2,1,FR_CINNABAR_ISLAND,16,1
general__rom_082d4b6c,134,flat,unreviewed,1,1,FR_CINNABAR_ISLAND,15,0
general__rom_082d4b6c,141,roof,modeled_building,1,1,FR_CINNABAR_ISLAND,17,1
general__rom_082d4b6c,142,roof,modeled_building,4,1,FR_CINNABAR_ISLAND,21,1
general__rom_082d4b6c,143,roof,modeled_building,1,1,FR_CINNABAR_ISLAND,22,1
general__rom_082d4b6c,149,roof,modeled_building,1,1,FR_CINNABAR_ISLAND,17,2
general__rom_082d4b6c,14A,roof,modeled_building,4,1,FR_CINNABAR_ISLAND,18,2
general__rom_082d4b6c,14B,roof,modeled_building,1,1,FR_CINNABAR_ISLAND,22,2
general__rom_082d4b6c,150,wall,modeled_building,1,1,FR_CINNABAR_ISLAND,17,3
general__rom_082d4b6c,151,wall,modeled_building,1,1,FR_CINNABAR_ISLAND,18,3
general__rom_082d4b6c,152,wall,modeled_building,1,1,FR_CINNABAR_ISLAND,19,3
general__rom_082d4b6c,153,wall,modeled_building,1,1,FR_CINNABAR_ISLAND,20,3
general__rom_082d4b6c,154,wall,modeled_building,1,1,FR_CINNABAR_ISLAND,21,3
general__rom_082d4b6c,156,wall,modeled_building,1,1,FR_CINNABAR_ISLAND,22,3
general__rom_082d4b6c,158,wall,modeled_building,1,1,FR_CINNABAR_ISLAND,17,4
general__rom_082d4b6c,159,wall,modeled_building,1,1,FR_CINNABAR_ISLAND,18,4
general__rom_082d4b6c,15A,wall,modeled_building,1,1,FR_CINNABAR_ISLAND,19,4
general__rom_082d4b6c,15B,wall,modeled_building,1,1,FR_CINNABAR_ISLAND,20,4
general__rom_082d4b6c,15C,wall,modeled_building,1,1,FR_CINNABAR_ISLAND,21,4
general__rom_082d4b6c,168,flat,unreviewed,1,1,FR_CINNABAR_ISLAND,22,5
general__rom_082d4b6c,17B,flat,modeled_building,1,1,FR_CINNABAR_ISLAND,12,7
general__rom_082d4b6c,17C,flat,modeled_building,1,1,FR_CINNABAR_ISLAND,13,7
general__rom_082d4b6c,17D,flat,modeled_building,1,1,FR_CINNABAR_ISLAND,14,7
general__rom_082d4b6c,17E,flat,modeled_building,1,1,FR_CINNABAR_ISLAND,15,7
general__rom_082d4b6c,17F,flat,modeled_building,1,1,FR_CINNABAR_ISLAND,16,7
general__rom_082d4b6c,186,wall,modeled_building,1,1,FR_CINNABAR_ISLAND,15,11
general__rom_082d4b6c,187,roof,modeled_building,1,1,FR_CINNABAR_ISLAND,16,8
general__rom_082d4b6c,18F,flat,modeled_building,1,1,FR_CINNABAR_ISLAND,16,9
general__rom_082d4b6c,197,wall,modeled_building,1,1,FR_CINNABAR_ISLAND,16,10
general__rom_082d4b6c,028,roof,modeled_building,1,1,FR_CINNABAR_ISLAND,17,8
general__rom_082d4b6c,19F,wall,modeled_building,1,1,FR_CINNABAR_ISLAND,16,11
general__rom_082d4b6c,029,roof,modeled_building,1,1,FR_CINNABAR_ISLAND,18,8
general__rom_082d4b6c,02A,roof,modeled_building,1,1,FR_CINNABAR_ISLAND,19,8
general__rom_082d4b6c,02B,roof,modeled_building,1,1,FR_CINNABAR_ISLAND,20,8
general__rom_082d4b6c,1CB,flat,unreviewed,85,3,FR_CINNABAR_ISLAND,1,12
general__rom_082d4b6c,1CC,flat,unreviewed,85,3,FR_CINNABAR_ISLAND,2,6
general__rom_082d4b6c,1D0,flat,reviewed_surface,13,3,FR_CINNABAR_ISLAND,15,19
general__rom_082d4b6c,1D1,flat,reviewed_surface,13,1,FR_ROUTE_20,103,19
general__rom_082d4b6c,1D2,flat,reviewed_surface,15,3,FR_CINNABAR_ISLAND,0,15
general__rom_082d4b6c,1D3,flat,unreviewed,85,3,FR_CINNABAR_ISLAND,1,13
general__rom_082d4b6c,1D4,flat,reviewed_surface,85,3,FR_CINNABAR_ISLAND,2,7
general__rom_082d4b6c,1D9,flat,reviewed_surface,170,3,FR_CINNABAR_ISLAND,0,16
general__rom_082d4b6c,1DA,flat,reviewed_surface,2,1,FR_ROUTE_20,92,0
general__rom_082d4b6c,1E0,flat,unreviewed,12,3,FR_CINNABAR_ISLAND,23,0
general__rom_082d4b6c,1E1,flat,unreviewed,29,1,FR_ROUTE_20,104,1
general__rom_082d4b6c,1E2,flat,unreviewed,13,2,FR_ROUTE_20,9,1
general__rom_082d4b6c,030,roof,modeled_building,1,1,FR_CINNABAR_ISLAND,17,9
general__rom_082d4b6c,031,roof,modeled_building,1,1,FR_CINNABAR_ISLAND,18,9
general__rom_082d4b6c,032,roof,modeled_building,1,1,FR_CINNABAR_ISLAND,19,9
general__rom_082d4b6c,033,roof,modeled_building,1,1,FR_CINNABAR_ISLAND,20,9
general__rom_082d4b6c,038,roof,modeled_building,1,1,FR_CINNABAR_ISLAND,17,10
general__rom_082d4b6c,039,roof,modeled_building,1,1,FR_CINNABAR_ISLAND,18,10
general__rom_082d4b6c,03A,roof,modeled_building,1,1,FR_CINNABAR_ISLAND,19,10
general__rom_082d4b6c,03B,roof,modeled_building,1,1,FR_CINNABAR_ISLAND,20,10
general__rom_082d4b6c,280,flat,unreviewed,12,1,FR_ROUTE_20,67,4
general__rom_082d4b6c,281,roof,modeled_building,1,1,FR_CINNABAR_ISLAND,17,0
general__rom_082d4b6c,282,roof,modeled_building,1,1,FR_CINNABAR_ISLAND,18,0
general__rom_082d4b6c,283,roof,modeled_building,3,1,FR_CINNABAR_ISLAND,21,0
general__rom_082d4b6c,284,roof,modeled_building,1,1,FR_CINNABAR_ISLAND,22,0
general__rom_082d4b6c,285,flat,unreviewed,2,1,FR_ROUTE_21_SOUTH,5,48
general__rom_082d4b6c,286,flat,unreviewed,6,1,FR_ROUTE_21_SOUTH,6,48
general__rom_082d4b6c,287,flat,unreviewed,1,1,FR_ROUTE_21_SOUTH,13,45
general__rom_082d4b6c,288,flat,unreviewed,1,1,FR_ROUTE_21_SOUTH,5,49
general__rom_082d4b6c,289,flat,unreviewed,5,1,FR_ROUTE_21_SOUTH,6,49
general__rom_082d4b6c,040,wall,modeled_building,1,1,FR_CINNABAR_ISLAND,17,11
general__rom_082d4b6c,28A,flat,unreviewed,1,1,FR_ROUTE_21_SOUTH,11,49
general__rom_082d4b6c,28B,flat,unreviewed,1,1,FR_CINNABAR_ISLAND,8,2
general__rom_082d4b6c,28C,flat,unreviewed,1,1,FR_CINNABAR_ISLAND,9,2
general__rom_082d4b6c,28D,flat,unreviewed,1,1,FR_CINNABAR_ISLAND,10,2
general__rom_082d4b6c,28E,flat,unreviewed,1,1,FR_CINNABAR_ISLAND,11,2
general__rom_082d4b6c,28F,flat,unreviewed,3,1,FR_CINNABAR_ISLAND,10,0
general__rom_082d4b6c,290,flat,unreviewed,1,1,FR_CINNABAR_ISLAND,5,0
general__rom_082d4b6c,291,flat,unreviewed,2,1,FR_CINNABAR_ISLAND,9,0
general__rom_082d4b6c,292,flat,unreviewed,1,1,FR_CINNABAR_ISLAND,11,0
general__rom_082d4b6c,293,flat,unreviewed,1,1,FR_CINNABAR_ISLAND,8,3
general__rom_082d4b6c,041,wall,modeled_building,1,1,FR_CINNABAR_ISLAND,18,11
general__rom_082d4b6c,294,flat,unreviewed,1,1,FR_CINNABAR_ISLAND,9,3
general__rom_082d4b6c,295,flat,unreviewed,1,1,FR_CINNABAR_ISLAND,10,3
general__rom_082d4b6c,296,flat,unreviewed,1,1,FR_CINNABAR_ISLAND,11,3
general__rom_082d4b6c,297,flat,unreviewed,3,1,FR_CINNABAR_ISLAND,10,1
general__rom_082d4b6c,298,flat,unreviewed,1,1,FR_CINNABAR_ISLAND,5,1
general__rom_082d4b6c,299,flat,unreviewed,2,1,FR_CINNABAR_ISLAND,9,1
general__rom_082d4b6c,29A,flat,unreviewed,1,1,FR_CINNABAR_ISLAND,11,1
general__rom_082d4b6c,29B,flat,unreviewed,1,1,FR_CINNABAR_ISLAND,5,2
general__rom_082d4b6c,29C,flat,unreviewed,1,1,FR_CINNABAR_ISLAND,6,2
general__rom_082d4b6c,29D,flat,unreviewed,1,1,FR_CINNABAR_ISLAND,7,2
general__rom_082d4b6c,29E,flat,unreviewed,1,1,FR_CINNABAR_ISLAND,7,4
general__rom_082d4b6c,29F,flat,unreviewed,1,1,FR_CINNABAR_ISLAND,8,4
general__rom_082d4b6c,2A0,flat,unreviewed,1,1,FR_CINNABAR_ISLAND,5,6
general__rom_082d4b6c,2A1,flat,unreviewed,1,1,FR_CINNABAR_ISLAND,9,6
general__rom_082d4b6c,2A2,flat,unreviewed,1,1,FR_CINNABAR_ISLAND,10,6
general__rom_082d4b6c,2A3,flat,unreviewed,1,1,FR_CINNABAR_ISLAND,5,3
general__rom_082d4b6c,2A4,flat,unreviewed,1,1,FR_CINNABAR_ISLAND,6,3
general__rom_082d4b6c,2A5,flat,unreviewed,1,1,FR_CINNABAR_ISLAND,7,3
general__rom_082d4b6c,2A6,flat,unreviewed,1,1,FR_CINNABAR_ISLAND,9,4
general__rom_082d4b6c,2A8,flat,unreviewed,1,1,FR_CINNABAR_ISLAND,5,7
general__rom_082d4b6c,2A9,flat,unreviewed,2,1,FR_CINNABAR_ISLAND,6,7
general__rom_082d4b6c,2AA,flat,unreviewed,2,1,FR_CINNABAR_ISLAND,10,7
general__rom_082d4b6c,2AB,flat,unreviewed,1,1,FR_CINNABAR_ISLAND,8,6
general__rom_082d4b6c,2AC,flat,unreviewed,1,1,FR_CINNABAR_ISLAND,11,6
general__rom_082d4b6c,2AD,flat,unreviewed,1,1,FR_CINNABAR_ISLAND,8,9
general__rom_082d4b6c,2AE,flat,unreviewed,1,1,FR_CINNABAR_ISLAND,9,9
general__rom_082d4b6c,2AF,flat,unreviewed,1,1,FR_CINNABAR_ISLAND,10,9
general__rom_082d4b6c,2B0,flat,unreviewed,1,1,FR_CINNABAR_ISLAND,5,8
general__rom_082d4b6c,2B1,flat,unreviewed,2,1,FR_CINNABAR_ISLAND,6,8
general__rom_082d4b6c,2B2,flat,unreviewed,2,1,FR_CINNABAR_ISLAND,10,8
general__rom_082d4b6c,2B3,flat,unreviewed,1,1,FR_CINNABAR_ISLAND,8,7
general__rom_082d4b6c,2B4,flat,unreviewed,1,1,FR_CINNABAR_ISLAND,11,7
general__rom_082d4b6c,2B5,flat,unreviewed,1,1,FR_CINNABAR_ISLAND,11,9
general__rom_082d4b6c,2B6,flat,unreviewed,1,1,FR_CINNABAR_ISLAND,9,10
general__rom_082d4b6c,2B7,flat,unreviewed,1,1,FR_CINNABAR_ISLAND,10,10
general__rom_082d4b6c,2B8,flat,unreviewed,1,1,FR_CINNABAR_ISLAND,5,9
general__rom_082d4b6c,2B9,flat,unreviewed,1,1,FR_CINNABAR_ISLAND,6,9
general__rom_082d4b6c,2BA,flat,unreviewed,1,1,FR_CINNABAR_ISLAND,7,9
general__rom_082d4b6c,2BB,flat,unreviewed,1,1,FR_CINNABAR_ISLAND,8,8
general__rom_082d4b6c,2BC,flat,unreviewed,1,1,FR_CINNABAR_ISLAND,11,8
general__rom_082d4b6c,2BD,flat,unreviewed,1,1,FR_CINNABAR_ISLAND,6,6
general__rom_082d4b6c,2BE,flat,unreviewed,1,1,FR_CINNABAR_ISLAND,7,6
general__rom_082d4b6c,2BF,wall,modeled_building,1,1,FR_CINNABAR_ISLAND,22,4
general__rom_082d4b6c,048,roof,modeled_building,1,1,FR_CINNABAR_ISLAND,12,8
general__rom_082d4b6c,049,roof,modeled_building,1,1,FR_CINNABAR_ISLAND,13,8
general__rom_082d4b6c,04A,roof,modeled_building,1,1,FR_CINNABAR_ISLAND,14,8
general__rom_082d4b6c,04B,roof,modeled_building,1,1,FR_CINNABAR_ISLAND,15,8
general__rom_082d4b6c,050,roof,modeled_building,1,1,FR_CINNABAR_ISLAND,12,9
general__rom_082d4b6c,051,roof,modeled_building,1,1,FR_CINNABAR_ISLAND,13,9
general__rom_082d4b6c,052,roof,modeled_building,1,1,FR_CINNABAR_ISLAND,14,9
general__rom_082d4b6c,053,roof,modeled_building,1,1,FR_CINNABAR_ISLAND,15,9
general__rom_082d4b6c,058,roof,modeled_building,1,1,FR_CINNABAR_ISLAND,12,10
general__rom_082d4b6c,059,roof,modeled_building,1,1,FR_CINNABAR_ISLAND,13,10
general__rom_082d4b6c,008,flat,reviewed_surface,11,1,FR_CINNABAR_ISLAND,12,4
general__rom_082d4b6c,05A,roof,modeled_building,1,1,FR_CINNABAR_ISLAND,14,10
general__rom_082d4b6c,05B,roof,modeled_building,1,1,FR_CINNABAR_ISLAND,15,10
general__rom_082d4b6c,060,wall,modeled_building,1,1,FR_CINNABAR_ISLAND,12,11
general__rom_082d4b6c,061,wall,modeled_building,1,1,FR_CINNABAR_ISLAND,13,11
general__rom_082d4b6c,062,wall,modeled_building,2,1,FR_CINNABAR_ISLAND,14,11
general__rom_082d4b6c,063,wall,modeled_building,1,1,FR_CINNABAR_ISLAND,20,11
general__rom_082d4b6c,009,flat,reviewed_surface,13,1,FR_CINNABAR_ISLAND,15,2
general__rom_082d4b84,068,cliff,modeled_cliff,2,1,FR_ROUTE_23,13,154
general__rom_082d4b84,069,cliff,modeled_cliff,26,1,FR_ROUTE_23,3,20
general__rom_082d4b84,06A,cliff,modeled_cliff,6,1,FR_ROUTE_23,18,20
general__rom_082d4b84,06B,cliff,modeled_cliff,1,1,FR_ROUTE_23,3,21
general__rom_082d4b84,06C,cliff,modeled_cliff,15,1,FR_ROUTE_23,11,21
general__rom_082d4b84,06D,cliff,modeled_cliff,2,1,FR_ROUTE_23,17,21
general__rom_082d4b84,070,cliff,modeled_cliff,24,1,FR_ROUTE_23,9,29
general__rom_082d4b84,071,cliff,modeled_cliff,284,2,FR_INDIGO_PLATEAU_EXTERIOR,1,13
general__rom_082d4b84,072,cliff,modeled_cliff,24,1,FR_ROUTE_23,20,27
general__rom_082d4b84,073,cliff,modeled_cliff,22,2,FR_INDIGO_PLATEAU_EXTERIOR,5,13
general__rom_082d4b84,075,cliff,modeled_cliff,25,2,FR_INDIGO_PLATEAU_EXTERIOR,17,13
general__rom_082d4b84,078,cliff,modeled_cliff,3,1,FR_ROUTE_23,16,1
general__rom_082d4b84,079,cliff,modeled_cliff,21,1,FR_ROUTE_23,4,28
general__rom_082d4b84,07A,cliff,modeled_cliff,3,1,FR_ROUTE_23,20,28
general__rom_082d4b84,07B,cliff,modeled_cliff,6,2,FR_INDIGO_PLATEAU_EXTERIOR,4,16
general__rom_082d4b84,07C,cliff,modeled_cliff,66,2,FR_INDIGO_PLATEAU_EXTERIOR,1,12
general__rom_082d4b84,07D,cliff,modeled_cliff,5,2,FR_INDIGO_PLATEAU_EXTERIOR,18,16
general__rom_082d4b84,00D,grass,modeled_grass,70,1,FR_ROUTE_23,9,64
general__rom_082d4b84,00E,tree,modeled_tree,4,1,FR_ROUTE_23,2,131
general__rom_082d4b84,09F,flat,unreviewed,57,1,FR_ROUTE_23,11,64
general__rom_082d4b84,00F,tree,modeled_tree,4,1,FR_ROUTE_23,3,131
general__rom_082d4b84,0A9,flat,unreviewed,2,1,FR_ROUTE_23,5,28
general__rom_082d4b84,010,flat,reviewed_surface,114,2,FR_INDIGO_PLATEAU_EXTERIOR,6,13
general__rom_082d4b84,0B2,cliff,modeled_cliff,6,2,FR_INDIGO_PLATEAU_EXTERIOR,18,15
general__rom_082d4b84,0B3,cliff,modeled_cliff,7,2,FR_INDIGO_PLATEAU_EXTERIOR,3,17
general__rom_082d4b84,011,flat,reviewed_surface,108,2,FR_INDIGO_PLATEAU_EXTERIOR,6,7
general__rom_082d4b84,0B4,cliff,modeled_cliff,6,1,FR_ROUTE_23,4,1
general__rom_082d4b84,0B5,cliff,modeled_cliff,6,1,FR_ROUTE_23,3,1
general__rom_082d4b84,0BA,cliff,modeled_cliff,6,1,FR_ROUTE_23,17,25
general__rom_082d4b84,0C2,flat,unreviewed,4,1,FR_ROUTE_23,3,18
general__rom_082d4b84,001,flat,reviewed_surface,36,2,FR_INDIGO_PLATEAU_EXTERIOR,9,7
general__rom_082d4b84,014,tree,modeled_tree,122,2,FR_INDIGO_PLATEAU_EXTERIOR,2,1
general__rom_082d4b84,0D4,flat,reviewed_surface,8,1,FR_ROUTE_23,8,77
general__rom_082d4b84,0D5,flat,reviewed_surface,1,1,FR_ROUTE_23,16,77
general__rom_082d4b84,015,tree,modeled_tree,120,2,FR_INDIGO_PLATEAU_EXTERIOR,3,1
general__rom_082d4b84,016,tree,modeled_tree,80,2,FR_INDIGO_PLATEAU_EXTERIOR,17,1
general__rom_082d4b84,0E7,fence,modeled_fence,6,1,FR_ROUTE_23,5,153
general__rom_082d4b84,0EC,fence,modeled_fence,1,1,FR_ROUTE_23,10,153
general__rom_082d4b84,0ED,fence,modeled_fence,1,1,FR_ROUTE_23,6,153
general__rom_082d4b84,017,tree,modeled_tree,77,2,FR_INDIGO_PLATEAU_EXTERIOR,5,1
general__rom_082d4b84,10C,flat,unreviewed,1,1,FR_ROUTE_23,8,99
general__rom_082d4b84,10D,flat,unreviewed,4,1,FR_ROUTE_23,9,99
general__rom_082d4b84,10E,flat,unreviewed,1,1,FR_ROUTE_23,13,99
general__rom_082d4b84,114,flat,reviewed_surface,19,1,FR_ROUTE_23,18,95
general__rom_082d4b84,115,flat,reviewed_surface,12,1,FR_ROUTE_23,10,102
general__rom_082d4b84,116,flat,unreviewed,15,1,FR_ROUTE_23,5,95
general__rom_082d4b84,11C,flat,reviewed_surface,2,1,FR_ROUTE_23,15,83
general__rom_082d4b84,11D,flat,reviewed_surface,31,1,FR_ROUTE_23,3,112
general__rom_082d4b84,11E,flat,unreviewed,3,1,FR_ROUTE_23,13,103
general__rom_082d4b84,01C,tree,modeled_tree,131,2,FR_INDIGO_PLATEAU_EXTERIOR,2,0
general__rom_082d4b84,12B,flat,reviewed_surface,336,1,FR_ROUTE_23,6,95
general__rom_082d4b84,01D,tree,modeled_tree,127,2,FR_INDIGO_PLATEAU_EXTERIOR,3,0
general__rom_082d4b84,002,sign,modeled_sign,1,1,FR_ROUTE_23,3,31
general__rom_082d4b84,12D,flat,reviewed_surface,2,1,FR_ROUTE_23,15,78
general__rom_082d4b84,12E,flat,reviewed_surface,2,1,FR_ROUTE_23,8,78
general__rom_082d4b84,01E,tree,modeled_tree,88,2,FR_INDIGO_PLATEAU_EXTERIOR,17,0
general__rom_082d4b84,01F,tree,modeled_tree,86,2,FR_INDIGO_PLATEAU_EXTERIOR,5,0
general__rom_082d4b84,15B,wall,unmatched_building,1,1,FR_INDIGO_PLATEAU_EXTERIOR,11,6
general__rom_082d4b84,024,tree,modeled_tree,8,2,FR_INDIGO_PLATEAU_EXTERIOR,4,9
general__rom_082d4b84,025,tree,modeled_tree,6,2,FR_INDIGO_PLATEAU_EXTERIOR,18,9
general__rom_082d4b84,026,tree,modeled_tree,2,1,FR_ROUTE_23,20,151
general__rom_082d4b84,027,tree,modeled_tree,4,2,FR_INDIGO_PLATEAU_EXTERIOR,5,9
general__rom_082d4b84,004,flowers,modeled_flowers,32,1,FR_ROUTE_23,18,64
general__rom_082d4b84,005,shrub,modeled_shrub,5,1,FR_ROUTE_23,6,152
general__rom_082d4b84,281,flat,unreviewed,11,1,FR_ROUTE_23,4,29
general__rom_082d4b84,282,flat,unreviewed,37,1,FR_ROUTE_23,5,29
general__rom_082d4b84,283,flat,unreviewed,10,1,FR_ROUTE_23,6,29
general__rom_082d4b84,284,flat,unreviewed,27,1,FR_ROUTE_23,8,46
general__rom_082d4b84,285,flat,unreviewed,20,1,FR_ROUTE_23,6,46
general__rom_082d4b84,286,flat,unreviewed,18,1,FR_ROUTE_23,7,46
general__rom_082d4b84,287,flat,unreviewed,10,1,FR_ROUTE_23,5,131
general__rom_082d4b84,288,flat,unreviewed,3,1,FR_ROUTE_23,18,123
general__rom_082d4b84,289,flat,unreviewed,41,2,FR_INDIGO_PLATEAU_EXTERIOR,10,9
general__rom_082d4b84,28A,flat,unreviewed,205,2,FR_INDIGO_PLATEAU_EXTERIOR,11,9
general__rom_082d4b84,28B,flat,unreviewed,41,2,FR_INDIGO_PLATEAU_EXTERIOR,12,9
general__rom_082d4b84,28C,flat,unreviewed,300,1,FR_ROUTE_23,19,64
general__rom_082d4b84,28D,flat,unreviewed,196,1,FR_ROUTE_23,20,64
general__rom_082d4b84,28E,flat,unreviewed,116,1,FR_ROUTE_23,4,46
general__rom_082d4b84,290,flat,unreviewed,11,1,FR_ROUTE_23,5,112
general__rom_082d4b84,291,flat,unreviewed,12,2,FR_INDIGO_PLATEAU_EXTERIOR,10,12
general__rom_082d4b84,292,flat,unreviewed,52,2,FR_INDIGO_PLATEAU_EXTERIOR,11,12
general__rom_082d4b84,293,flat,unreviewed,12,2,FR_INDIGO_PLATEAU_EXTERIOR,12,12
general__rom_082d4b84,294,flat,unreviewed,58,1,FR_ROUTE_23,5,129
general__rom_082d4b84,295,flat,unreviewed,6,1,FR_ROUTE_23,6,81
general__rom_082d4b84,297,flat,unreviewed,27,1,FR_ROUTE_23,8,60
general__rom_082d4b84,298,flat,unreviewed,32,1,FR_ROUTE_23,6,129
general__rom_082d4b84,299,flat,unreviewed,32,1,FR_ROUTE_23,7,129
general__rom_082d4b84,29A,flat,unreviewed,1,1,FR_ROUTE_23,18,107
general__rom_082d4b84,29B,flat,unreviewed,1,1,FR_ROUTE_23,2,83
general__rom_082d4b84,29C,flat,unreviewed,31,1,FR_ROUTE_23,5,111
general__rom_082d4b84,29D,flat,unreviewed,6,1,FR_ROUTE_23,20,111
general__rom_082d4b84,29F,flat,unreviewed,18,2,FR_INDIGO_PLATEAU_EXTERIOR,8,7
general__rom_082d4b84,2A0,flat,unreviewed,32,1,FR_ROUTE_23,9,60
general__rom_082d4b84,2A1,flat,unreviewed,32,1,FR_ROUTE_23,10,60
general__rom_082d4b84,2A2,flat,unreviewed,1,1,FR_ROUTE_23,16,78
general__rom_082d4b84,2A3,flat,unreviewed,5,1,FR_ROUTE_23,2,84
general__rom_082d4b84,2A5,flat,unreviewed,14,1,FR_ROUTE_23,3,117
general__rom_082d4b84,2A6,flat,unreviewed,12,1,FR_ROUTE_23,4,117
general__rom_082d4b84,2A8,flat,unreviewed,2,1,FR_ROUTE_23,12,144
general__rom_082d4b84,2A9,flat,unreviewed,3,1,FR_ROUTE_23,13,144
general__rom_082d4b84,2AA,flat,unreviewed,3,1,FR_ROUTE_23,14,144
general__rom_082d4b84,2AB,flat,unreviewed,3,1,FR_ROUTE_23,15,144
general__rom_082d4b84,2AC,flat,unreviewed,2,1,FR_ROUTE_23,16,144
general__rom_082d4b84,2AD,flat,unreviewed,2,1,FR_ROUTE_23,11,118
general__rom_082d4b84,2AE,flat,unreviewed,8,1,FR_ROUTE_23,5,117
general__rom_082d4b84,2AF,flat,unreviewed,4,1,FR_ROUTE_23,9,107
general__rom_082d4b84,2B0,flat,unreviewed,6,1,FR_ROUTE_23,11,56
general__rom_082d4b84,2B1,flat,unreviewed,4,1,FR_ROUTE_23,12,56
general__rom_082d4b84,2B2,flat,unreviewed,4,1,FR_ROUTE_23,13,56
general__rom_082d4b84,2B3,flat,unreviewed,4,1,FR_ROUTE_23,14,56
general__rom_082d4b84,2B4,flat,unreviewed,6,1,FR_ROUTE_23,15,56
general__rom_082d4b84,2B5,flat,unreviewed,2,1,FR_ROUTE_23,15,55
general__rom_082d4b84,2B6,flat,unreviewed,8,2,FR_INDIGO_PLATEAU_EXTERIOR,8,9
general__rom_082d4b84,2B7,flat,unreviewed,2,1,FR_ROUTE_23,7,28
general__rom_082d4b84,2B8,flat,unreviewed,6,1,FR_ROUTE_23,12,109
general__rom_082d4b84,2B9,flat,unreviewed,4,1,FR_ROUTE_23,12,57
general__rom_082d4b84,2BA,flat,unreviewed,4,1,FR_ROUTE_23,13,57
general__rom_082d4b84,2BB,flat,unreviewed,4,1,FR_ROUTE_23,14,57
general__rom_082d4b84,2BC,flat,unreviewed,6,1,FR_ROUTE_23,16,109
general__rom_082d4b84,2BD,flat,unreviewed,1,1,FR_ROUTE_23,12,118
general__rom_082d4b84,2BE,flat,unreviewed,1,1,FR_ROUTE_23,13,118
general__rom_082d4b84,2BF,flat,unreviewed,1,1,FR_ROUTE_23,14,118
general__rom_082d4b84,2C0,flat,unreviewed,3,1,FR_ROUTE_23,18,5
general__rom_082d4b84,2C1,flat,unreviewed,3,1,FR_ROUTE_23,3,5
general__rom_082d4b84,2C2,flat,unreviewed,2,1,FR_ROUTE_23,20,5
general__rom_082d4b84,2C3,flat,unreviewed,2,1,FR_ROUTE_23,21,5
general__rom_082d4b84,2C6,flat,unreviewed,58,1,FR_ROUTE_23,11,9
general__rom_082d4b84,2C7,flat,unreviewed,12,1,FR_INDIGO_PLATEAU_EXTERIOR,7,7
general__rom_082d4b84,2C8,flat,unreviewed,2,1,FR_INDIGO_PLATEAU_EXTERIOR,9,16
general__rom_082d4b84,2C9,flat,unreviewed,1,1,FR_INDIGO_PLATEAU_EXTERIOR,9,13
general__rom_082d4b84,2CA,flat,unreviewed,1,1,FR_INDIGO_PLATEAU_EXTERIOR,13,13
general__rom_082d4b84,2CB,flat,unreviewed,2,1,FR_INDIGO_PLATEAU_EXTERIOR,10,15
general__rom_082d4b84,2CC,flat,unreviewed,4,1,FR_INDIGO_PLATEAU_EXTERIOR,12,15
general__rom_082d4b84,2CD,flat,unreviewed,1,1,FR_INDIGO_PLATEAU_EXTERIOR,10,17
general__rom_082d4b84,2CE,flat,unreviewed,1,1,FR_INDIGO_PLATEAU_EXTERIOR,11,17
general__rom_082d4b84,2CF,flat,unreviewed,1,1,FR_INDIGO_PLATEAU_EXTERIOR,12,17
general__rom_082d4b84,2D1,flat,unreviewed,2,1,FR_INDIGO_PLATEAU_EXTERIOR,9,18
general__rom_082d4b84,2D2,flat,unreviewed,2,1,FR_INDIGO_PLATEAU_EXTERIOR,13,18
general__rom_082d4b84,2D3,flat,unreviewed,2,2,FR_INDIGO_PLATEAU_EXTERIOR,10,16
general__rom_082d4b84,2D4,flat,unreviewed,4,2,FR_INDIGO_PLATEAU_EXTERIOR,11,16
general__rom_082d4b84,2D5,flat,unreviewed,2,1,FR_INDIGO_PLATEAU_EXTERIOR,10,14
general__rom_082d4b84,2D6,flat,unreviewed,2,1,FR_INDIGO_PLATEAU_EXTERIOR,11,18
general__rom_082d4b84,2D7,flat,unreviewed,2,1,FR_INDIGO_PLATEAU_EXTERIOR,12,18
general__rom_082d4b84,2D8,flat,unreviewed,2,1,FR_ROUTE_23,9,0
general__rom_082d4b84,2D9,flat,unreviewed,2,1,FR_INDIGO_PLATEAU_EXTERIOR,9,15
general__rom_082d4b84,2DA,flat,unreviewed,2,1,FR_INDIGO_PLATEAU_EXTERIOR,13,15
general__rom_082d4b84,2DB,flat,unreviewed,1,1,FR_ROUTE_23,10,1
general__rom_082d4b84,2DC,flat,unreviewed,2,1,FR_ROUTE_23,11,1
general__rom_082d4b84,2DD,flat,unreviewed,1,1,FR_INDIGO_PLATEAU_EXTERIOR,10,13
general__rom_082d4b84,2DE,flat,unreviewed,1,1,FR_INDIGO_PLATEAU_EXTERIOR,11,13
general__rom_082d4b84,2DF,flat,unreviewed,1,1,FR_INDIGO_PLATEAU_EXTERIOR,12,13
general__rom_082d4b84,2E0,flat,unreviewed,1,1,FR_ROUTE_23,9,1
general__rom_082d4b84,2E1,flat,unreviewed,1,1,FR_INDIGO_PLATEAU_EXTERIOR,9,17
general__rom_082d4b84,2E2,flat,unreviewed,1,1,FR_INDIGO_PLATEAU_EXTERIOR,13,17
general__rom_082d4b84,2E3,flat,unreviewed,1,1,FR_ROUTE_23,0,153
general__rom_082d4b84,2E4,flat,unreviewed,1,1,FR_ROUTE_23,1,153
general__rom_082d4b84,2E5,flat,unreviewed,1,1,FR_ROUTE_23,7,153
general__rom_082d4b84,2E6,flat,unreviewed,1,1,FR_ROUTE_23,8,153
general__rom_082d4b84,2E7,flat,unreviewed,1,1,FR_ROUTE_23,9,153
general__rom_082d4b84,2E8,flat,unreviewed,1,1,FR_ROUTE_23,6,2
general__rom_082d4b84,2E9,flat,unreviewed,1,1,FR_ROUTE_23,17,2
general__rom_082d4b84,2EA,flat,unreviewed,2,1,FR_ROUTE_23,6,5
general__rom_082d4b84,2EB,flat,unreviewed,3,1,FR_ROUTE_23,17,3
general__rom_082d4b84,2EC,flat,unreviewed,1,1,FR_ROUTE_23,14,153
general__rom_082d4b84,2ED,flat,unreviewed,1,1,FR_ROUTE_23,2,153
general__rom_082d4b84,2EE,flat,unreviewed,1,1,FR_ROUTE_23,20,153
general__rom_082d4b84,2EF,flat,unreviewed,19,2,FR_INDIGO_PLATEAU_EXTERIOR,14,7
general__rom_082d4b84,2F0,flat,unreviewed,1,1,FR_ROUTE_23,4,154
general__rom_082d4b84,2F1,flat,unreviewed,4,1,FR_ROUTE_23,5,154
general__rom_082d4b84,2F2,flat,unreviewed,1,1,FR_ROUTE_23,12,154
general__rom_082d4b84,2F3,flat,unreviewed,1,1,FR_INDIGO_PLATEAU_EXTERIOR,7,4
general__rom_082d4b84,2F4,flat,unreviewed,2,1,FR_INDIGO_PLATEAU_EXTERIOR,9,4
general__rom_082d4b84,2F5,flat,unreviewed,1,1,FR_INDIGO_PLATEAU_EXTERIOR,15,4
general__rom_082d4b84,2F6,flat,unreviewed,1,1,FR_INDIGO_PLATEAU_EXTERIOR,10,7
general__rom_082d4b84,2F7,flat,unreviewed,1,1,FR_INDIGO_PLATEAU_EXTERIOR,11,7
general__rom_082d4b84,2F8,flat,unreviewed,8,2,FR_INDIGO_PLATEAU_EXTERIOR,6,2
general__rom_082d4b84,2F9,flat,unreviewed,62,2,FR_INDIGO_PLATEAU_EXTERIOR,12,2
general__rom_082d4b84,2FA,flat,unreviewed,8,2,FR_INDIGO_PLATEAU_EXTERIOR,16,2
general__rom_082d4b84,2FB,flat,unreviewed,1,1,FR_INDIGO_PLATEAU_EXTERIOR,7,5
general__rom_082d4b84,2FC,flat,unreviewed,2,1,FR_INDIGO_PLATEAU_EXTERIOR,9,5
general__rom_082d4b84,2FD,flat,unreviewed,1,1,FR_INDIGO_PLATEAU_EXTERIOR,15,5
general__rom_082d4b84,2FE,flat,unreviewed,1,1,FR_INDIGO_PLATEAU_EXTERIOR,10,8
general__rom_082d4b84,2FF,flat,unreviewed,1,1,FR_INDIGO_PLATEAU_EXTERIOR,11,8
general__rom_082d4b84,300,flat,unreviewed,1,1,FR_INDIGO_PLATEAU_EXTERIOR,6,3
general__rom_082d4b84,301,flat,unreviewed,9,1,FR_INDIGO_PLATEAU_EXTERIOR,12,3
general__rom_082d4b84,302,flat,unreviewed,1,1,FR_INDIGO_PLATEAU_EXTERIOR,16,3
general__rom_082d4b84,303,flat,unreviewed,1,1,FR_INDIGO_PLATEAU_EXTERIOR,7,6
general__rom_082d4b84,304,flat,unreviewed,2,1,FR_INDIGO_PLATEAU_EXTERIOR,9,6
general__rom_082d4b84,305,flat,unreviewed,1,1,FR_INDIGO_PLATEAU_EXTERIOR,15,6
general__rom_082d4b84,306,flat,unreviewed,1,1,FR_INDIGO_PLATEAU_EXTERIOR,12,7
general__rom_082d4b84,307,flat,unreviewed,2,1,FR_INDIGO_PLATEAU_EXTERIOR,14,6
general__rom_082d4b84,308,flat,unreviewed,1,1,FR_INDIGO_PLATEAU_EXTERIOR,6,4
general__rom_082d4b84,309,flat,unreviewed,2,1,FR_INDIGO_PLATEAU_EXTERIOR,8,4
general__rom_082d4b84,30A,flat,unreviewed,1,1,FR_INDIGO_PLATEAU_EXTERIOR,16,4
general__rom_082d4b84,30B,flat,unreviewed,1,1,FR_INDIGO_PLATEAU_EXTERIOR,10,4
general__rom_082d4b84,30C,flat,unreviewed,1,1,FR_INDIGO_PLATEAU_EXTERIOR,11,4
general__rom_082d4b84,30D,flat,unreviewed,1,1,FR_INDIGO_PLATEAU_EXTERIOR,12,4
general__rom_082d4b84,30E,flat,unreviewed,1,1,FR_INDIGO_PLATEAU_EXTERIOR,12,8
general__rom_082d4b84,30F,flat,unreviewed,3,1,FR_ROUTE_23,7,154
general__rom_082d4b84,310,flat,unreviewed,1,1,FR_INDIGO_PLATEAU_EXTERIOR,6,5
general__rom_082d4b84,311,flat,unreviewed,2,1,FR_INDIGO_PLATEAU_EXTERIOR,8,5
general__rom_082d4b84,312,flat,unreviewed,1,1,FR_INDIGO_PLATEAU_EXTERIOR,16,5
general__rom_082d4b84,313,flat,unreviewed,1,1,FR_INDIGO_PLATEAU_EXTERIOR,10,5
general__rom_082d4b84,314,flat,unreviewed,1,1,FR_INDIGO_PLATEAU_EXTERIOR,11,5
general__rom_082d4b84,315,flat,unreviewed,1,1,FR_INDIGO_PLATEAU_EXTERIOR,12,5
general__rom_082d4b84,316,flat,unreviewed,2,1,FR_ROUTE_23,2,112
general__rom_082d4b84,317,flat,unreviewed,2,1,FR_ROUTE_23,21,83
general__rom_082d4b84,318,flat,unreviewed,1,1,FR_INDIGO_PLATEAU_EXTERIOR,6,6
general__rom_082d4b84,31A,flat,unreviewed,1,1,FR_INDIGO_PLATEAU_EXTERIOR,16,6
general__rom_082d4b84,31B,flat,unreviewed,1,1,FR_INDIGO_PLATEAU_EXTERIOR,10,6
general__rom_082d4b84,31C,flat,unreviewed,1,1,FR_ROUTE_23,13,1
general__rom_082d4b84,31D,flat,unreviewed,1,1,FR_INDIGO_PLATEAU_EXTERIOR,12,6
general__rom_082d4b84,31E,flat,unreviewed,7,1,FR_ROUTE_23,2,115
general__rom_082d4b84,31F,flat,unreviewed,9,1,FR_ROUTE_23,21,114
general__rom_082d4b84,320,flat,unreviewed,3,1,FR_ROUTE_23,2,117
general__rom_082d4b84,321,flat,unreviewed,2,1,FR_ROUTE_23,21,89
general__rom_082d4b84,323,flat,unreviewed,2,1,FR_ROUTE_23,16,112
general__rom_082d4b84,324,flat,unreviewed,2,1,FR_ROUTE_23,12,112
general__rom_082d4b84,325,flat,unreviewed,2,1,FR_ROUTE_23,13,108
general__rom_082d4b84,326,flat,unreviewed,2,1,FR_ROUTE_23,14,108
general__rom_082d4b84,327,flat,unreviewed,2,1,FR_ROUTE_23,9,90
general__rom_082d4b84,328,flat,unreviewed,2,1,FR_ROUTE_23,12,107
general__rom_082d4b84,329,flat,unreviewed,2,1,FR_ROUTE_23,13,107
general__rom_082d4b84,32A,flat,unreviewed,2,1,FR_ROUTE_23,14,107
general__rom_082d4b84,32B,flat,unreviewed,2,1,FR_ROUTE_23,15,107
general__rom_082d4b84,32C,flat,unreviewed,2,1,FR_ROUTE_23,16,107
general__rom_082d4b84,32D,flat,unreviewed,2,1,FR_ROUTE_23,13,109
general__rom_082d4b84,32E,flat,unreviewed,2,1,FR_ROUTE_23,14,109
general__rom_082d4b84,32F,flat,unreviewed,2,1,FR_ROUTE_23,15,109
general__rom_082d4b84,008,flat,reviewed_surface,64,2,FR_INDIGO_PLATEAU_EXTERIOR,15,8
general__rom_082d4b84,009,flat,reviewed_surface,90,2,FR_INDIGO_PLATEAU_EXTERIOR,7,9
general__rom_082d4b9c,064,wall,unmatched_building,4,1,FR_SAFFRON_CITY,32,52
general__rom_082d4b9c,065,wall,unmatched_building,8,1,FR_SAFFRON_CITY,4,28
general__rom_082d4b9c,066,flat,unreviewed,4,1,FR_SAFFRON_CITY,7,28
general__rom_082d4b9c,068,cliff,modeled_cliff,1,1,FR_SAFFRON_CITY,62,30
general__rom_082d4b9c,069,cliff,modeled_cliff,3,1,FR_SAFFRON_CITY,63,30
general__rom_082d4b9c,070,cliff,modeled_cliff,48,1,FR_SAFFRON_CITY,62,52
general__rom_082d4b9c,071,cliff,modeled_cliff,142,1,FR_SAFFRON_CITY,63,52
general__rom_082d4b9c,072,cliff,modeled_cliff,1,1,FR_SAFFRON_CITY,65,22
general__rom_082d4b9c,078,cliff,modeled_cliff,1,1,FR_SAFFRON_CITY,62,23
general__rom_082d4b9c,079,cliff,modeled_cliff,2,1,FR_SAFFRON_CITY,64,23
general__rom_082d4b9c,07A,cliff,modeled_cliff,1,1,FR_SAFFRON_CITY,65,23
general__rom_082d4b9c,087,ledge,modeled_ledge,4,1,FR_SAFFRON_CITY,0,29
general__rom_082d4b9c,00D,grass,modeled_grass,21,1,FR_SAFFRON_CITY,3,19
general__rom_082d4b9c,08E,flat,unreviewed,1,1,FR_SAFFRON_CITY,4,29
general__rom_082d4b9c,00E,tree,modeled_tree,22,2,FR_SAFFRON_CITY,6,30
general__rom_082d4b9c,00F,tree,modeled_tree,22,2,FR_SAFFRON_CITY,7,30
general__rom_082d4b9c,010,flat,reviewed_surface,16,2,FR_SAFFRON_CITY,6,23
general__rom_082d4b9c,0B2,cliff,modeled_cliff,1,1,FR_SAFFRON_CITY,65,21
general__rom_082d4b9c,011,flat,reviewed_surface,14,2,FR_SAFFRON_CITY,7,23
general__rom_082d4b9c,001,flat,reviewed_surface,18,2,FR_SAFFRON_CITY,3,23
general__rom_082d4b9c,014,tree,modeled_tree,425,2,FR_SAFFRON_CITY,4,2
general__rom_082d4b9c,0D3,flat,reviewed_surface,4,2,FR_SAFFRON_CITY,33,45
general__rom_082d4b9c,0D4,flat,reviewed_surface,18,2,FR_SAFFRON_CITY,35,45
general__rom_082d4b9c,0D5,flat,reviewed_surface,4,2,FR_SAFFRON_CITY,36,45
general__rom_082d4b9c,0DB,flat,reviewed_surface,6,2,FR_SAFFRON_CITY,33,55
general__rom_082d4b9c,015,tree,modeled_tree,408,2,FR_SAFFRON_CITY,11,0
general__rom_082d4b9c,0DC,flat,reviewed_surface,22,2,FR_SAFFRON_CITY,10,27
general__rom_082d4b9c,0DD,flat,reviewed_surface,6,2,FR_SAFFRON_CITY,13,27
general__rom_082d4b9c,0E3,flat,reviewed_surface,4,2,FR_SAFFRON_CITY,33,8
general__rom_082d4b9c,0E4,flat,reviewed_surface,18,2,FR_SAFFRON_CITY,0,28
general__rom_082d4b9c,0E5,flat,reviewed_surface,4,2,FR_SAFFRON_CITY,13,28
general__rom_082d4b9c,016,tree,modeled_tree,39,2,FR_SAFFRON_CITY,44,54
general__rom_082d4b9c,0E7,fence,modeled_fence,74,2,FR_SAFFRON_CITY,7,29
general__rom_082d4b9c,0EC,fence,modeled_fence,2,1,FR_SAFFRON_CITY,5,29
general__rom_082d4b9c,0ED,fence,modeled_fence,1,1,FR_SAFFRON_CITY,32,53
general__rom_082d4b9c,0EE,flat,unreviewed,3,2,FR_SAFFRON_CITY,32,45
general__rom_082d4b9c,0EF,flat,unreviewed,4,2,FR_SAFFRON_CITY,37,45
general__rom_082d4b9c,017,tree,modeled_tree,56,2,FR_SAFFRON_CITY,31,4
general__rom_082d4b9c,0F4,fence,modeled_fence,14,2,FR_SAFFRON_CITY,5,30
general__rom_082d4b9c,0F5,fence,modeled_fence,7,2,FR_SAFFRON_CITY,24,0
general__rom_082d4b9c,0F6,flat,unreviewed,3,2,FR_SAFFRON_CITY,24,1
general__rom_082d4b9c,0F7,flat,unreviewed,2,1,FR_SAFFRON_CITY,43,1
general__rom_082d4b9c,01C,tree,modeled_tree,381,2,FR_SAFFRON_CITY,4,3
general__rom_082d4b9c,01D,tree,modeled_tree,367,2,FR_SAFFRON_CITY,11,1
general__rom_082d4b9c,002,sign,modeled_sign,8,2,FR_SAFFRON_CITY,13,25
general__rom_082d4b9c,01E,tree,modeled_tree,97,2,FR_SAFFRON_CITY,54,41
general__rom_082d4b9c,138,flat,unreviewed,2,1,FR_SAFFRON_CITY,1,26
general__rom_082d4b9c,13C,flat,unreviewed,2,1,FR_SAFFRON_CITY,8,26
general__rom_082d4b9c,01F,tree,modeled_tree,111,2,FR_SAFFRON_CITY,31,5
general__rom_082d4b9c,140,flat,unreviewed,2,1,FR_SAFFRON_CITY,1,27
general__rom_082d4b9c,141,roof,modeled_building,2,2,FR_SAFFRON_CITY,43,9
general__rom_082d4b9c,142,roof,modeled_building,10,2,FR_SAFFRON_CITY,46,9
general__rom_082d4b9c,143,roof,modeled_building,2,2,FR_SAFFRON_CITY,49,9
general__rom_082d4b9c,144,flat,unreviewed,2,1,FR_SAFFRON_CITY,8,27
general__rom_082d4b9c,148,flat,unreviewed,2,1,FR_SAFFRON_CITY,1,28
general__rom_082d4b9c,149,roof,modeled_building,2,2,FR_SAFFRON_CITY,43,10
general__rom_082d4b9c,14A,roof,modeled_building,10,2,FR_SAFFRON_CITY,44,10
general__rom_082d4b9c,14B,roof,modeled_building,2,2,FR_SAFFRON_CITY,49,10
general__rom_082d4b9c,14C,flat,unreviewed,2,1,FR_SAFFRON_CITY,8,28
general__rom_082d4b9c,151,wall,modeled_building,2,2,FR_SAFFRON_CITY,44,11
general__rom_082d4b9c,152,wall,modeled_building,2,2,FR_SAFFRON_CITY,45,11
general__rom_082d4b9c,153,wall,modeled_building,2,2,FR_SAFFRON_CITY,46,11
general__rom_082d4b9c,154,wall,modeled_building,2,2,FR_SAFFRON_CITY,47,11
general__rom_082d4b9c,155,wall,modeled_building,2,2,FR_SAFFRON_CITY,48,11
general__rom_082d4b9c,156,wall,modeled_building,2,2,FR_SAFFRON_CITY,49,11
general__rom_082d4b9c,15B,wall,modeled_building,2,2,FR_SAFFRON_CITY,46,12
general__rom_082d4b9c,024,tree,modeled_tree,36,2,FR_SAFFRON_CITY,14,8
general__rom_082d4b9c,178,flat,unreviewed,2,2,FR_SAFFRON_CITY,33,46
general__rom_082d4b9c,179,flat,unreviewed,4,2,FR_SAFFRON_CITY,35,46
general__rom_082d4b9c,17A,flat,unreviewed,2,2,FR_SAFFRON_CITY,36,46
general__rom_082d4b9c,025,tree,modeled_tree,34,2,FR_SAFFRON_CITY,39,52
general__rom_082d4b9c,183,flat,unreviewed,4,1,FR_SAFFRON_CITY,32,2
general__rom_082d4b9c,184,flat,unreviewed,16,1,FR_SAFFRON_CITY,33,2
general__rom_082d4b9c,185,flat,unreviewed,4,1,FR_SAFFRON_CITY,37,49
general__rom_082d4b9c,026,tree,modeled_tree,4,2,FR_SAFFRON_CITY,38,52
general__rom_082d4b9c,186,wall,modeled_building,2,2,FR_SAFFRON_CITY,25,38
general__rom_082d4b9c,187,roof,modeled_building,2,2,FR_SAFFRON_CITY,26,35
general__rom_082d4b9c,188,roof,unmatched_building,2,1,FR_SAFFRON_CITY,33,4
general__rom_082d4b9c,189,wall,unmatched_building,4,1,FR_SAFFRON_CITY,35,4
general__rom_082d4b9c,18A,wall,unmatched_building,2,1,FR_SAFFRON_CITY,36,51
general__rom_082d4b9c,18D,flat,unreviewed,2,1,FR_SAFFRON_CITY,58,25
general__rom_082d4b9c,18E,flat,unreviewed,2,1,FR_SAFFRON_CITY,8,25
general__rom_082d4b9c,18F,flat,modeled_building,2,2,FR_SAFFRON_CITY,26,36
general__rom_082d4b9c,027,tree,modeled_tree,6,2,FR_SAFFRON_CITY,31,52
general__rom_082d4b9c,003,sign,modeled_sign,2,2,FR_SAFFRON_CITY,54,25
general__rom_082d4b9c,190,flat,unreviewed,2,1,FR_SAFFRON_CITY,33,52
general__rom_082d4b9c,191,flat,unreviewed,4,1,FR_SAFFRON_CITY,34,52
general__rom_082d4b9c,192,flat,unreviewed,2,1,FR_SAFFRON_CITY,36,52
general__rom_082d4b9c,197,wall,modeled_building,2,2,FR_SAFFRON_CITY,26,37
general__rom_082d4b9c,198,wall,unmatched_building,2,1,FR_SAFFRON_CITY,33,53
general__rom_082d4b9c,199,wall,unmatched_building,4,1,FR_SAFFRON_CITY,34,53
general__rom_082d4b9c,19A,flat,unreviewed,2,1,FR_SAFFRON_CITY,36,53
general__rom_082d4b9c,1B5,flat,unreviewed,16,1,FR_SAFFRON_CITY,33,3
general__rom_082d4b9c,1B6,flat,unreviewed,4,1,FR_SAFFRON_CITY,32,3
general__rom_082d4b9c,1B7,flat,unreviewed,4,1,FR_SAFFRON_CITY,37,50
general__rom_082d4b9c,030,roof,modeled_building,2,2,FR_SAFFRON_CITY,38,19
general__rom_082d4b9c,031,roof,modeled_building,2,2,FR_SAFFRON_CITY,39,19
general__rom_082d4b9c,004,flowers,modeled_flowers,2,1,FR_SAFFRON_CITY,3,22
general__rom_082d4b9c,032,roof,modeled_building,2,2,FR_SAFFRON_CITY,40,19
general__rom_082d4b9c,033,roof,modeled_building,2,2,FR_SAFFRON_CITY,41,19
general__rom_082d4b9c,038,roof,modeled_building,2,2,FR_SAFFRON_CITY,38,20
general__rom_082d4b9c,039,roof,modeled_building,2,2,FR_SAFFRON_CITY,39,20
general__rom_082d4b9c,03A,roof,modeled_building,2,2,FR_SAFFRON_CITY,40,20
general__rom_082d4b9c,03B,roof,modeled_building,2,2,FR_SAFFRON_CITY,41,20
general__rom_082d4b9c,281,flat,modeled_building,2,2,FR_SAFFRON_CITY,19,25
general__rom_082d4b9c,281,flat,unreviewed,6,2,FR_SAFFRON_CITY,24,25
general__rom_082d4b9c,282,flat,modeled_building,4,2,FR_SAFFRON_CITY,20,25
general__rom_082d4b9c,282,flat,unreviewed,12,2,FR_SAFFRON_CITY,25,25
general__rom_082d4b9c,284,flat,unreviewed,8,2,FR_SAFFRON_CITY,27,21
general__rom_082d4b9c,285,flat,unreviewed,8,2,FR_SAFFRON_CITY,22,25
general__rom_082d4b9c,286,flat,unreviewed,8,2,FR_SAFFRON_CITY,23,25
general__rom_082d4b9c,287,flat,unreviewed,2,2,FR_SAFFRON_CITY,43,36
general__rom_082d4b9c,288,flat,modeled_building,2,2,FR_SAFFRON_CITY,19,26
general__rom_082d4b9c,288,flat,unreviewed,6,2,FR_SAFFRON_CITY,24,26
general__rom_082d4b9c,289,flat,modeled_building,4,2,FR_SAFFRON_CITY,20,26
general__rom_082d4b9c,289,flat,unreviewed,12,2,FR_SAFFRON_CITY,25,26
general__rom_082d4b9c,28B,flat,unreviewed,2,2,FR_SAFFRON_CITY,42,38
general__rom_082d4b9c,28C,flat,unreviewed,8,2,FR_SAFFRON_CITY,28,21
general__rom_082d4b9c,28D,flat,unreviewed,8,2,FR_SAFFRON_CITY,22,26
general__rom_082d4b9c,28E,flat,unreviewed,8,2,FR_SAFFRON_CITY,23,26
general__rom_082d4b9c,28F,flat,modeled_building,14,2,FR_SAFFRON_CITY,27,12
general__rom_082d4b9c,28F,flat,unreviewed,28,2,FR_SAFFRON_CITY,24,20
general__rom_082d4b9c,290,flat,modeled_building,2,2,FR_SAFFRON_CITY,19,27
general__rom_082d4b9c,290,flat,unreviewed,6,2,FR_SAFFRON_CITY,24,27
general__rom_082d4b9c,291,flat,modeled_building,2,2,FR_SAFFRON_CITY,20,27
general__rom_082d4b9c,291,flat,unreviewed,6,2,FR_SAFFRON_CITY,25,27
general__rom_082d4b9c,292,flat,modeled_building,2,2,FR_SAFFRON_CITY,21,27
general__rom_082d4b9c,292,flat,unreviewed,6,2,FR_SAFFRON_CITY,26,27
general__rom_082d4b9c,293,flat,unreviewed,8,2,FR_SAFFRON_CITY,22,27
general__rom_082d4b9c,041,wall,modeled_building,2,2,FR_SAFFRON_CITY,39,21
general__rom_082d4b9c,294,flat,unreviewed,8,2,FR_SAFFRON_CITY,23,27
general__rom_082d4b9c,295,flat,modeled_building,14,2,FR_SAFFRON_CITY,35,34
general__rom_082d4b9c,295,flat,unreviewed,20,2,FR_SAFFRON_CITY,43,41
general__rom_082d4b9c,296,flat,modeled_building,28,2,FR_SAFFRON_CITY,33,34
general__rom_082d4b9c,296,flat,unreviewed,42,2,FR_SAFFRON_CITY,44,41
general__rom_082d4b9c,297,flat,modeled_building,14,2,FR_SAFFRON_CITY,34,34
general__rom_082d4b9c,297,flat,unreviewed,18,2,FR_SAFFRON_CITY,42,41
general__rom_082d4b9c,298,flat,modeled_building,18,2,FR_SAFFRON_CITY,19,28
general__rom_082d4b9c,298,flat,unreviewed,14,2,FR_SAFFRON_CITY,24,28
general__rom_082d4b9c,299,flat,modeled_building,18,2,FR_SAFFRON_CITY,20,28
general__rom_082d4b9c,299,flat,unreviewed,12,2,FR_SAFFRON_CITY,25,28
general__rom_082d4b9c,29A,flat,modeled_building,4,2,FR_SAFFRON_CITY,21,28
general__rom_082d4b9c,29A,flat,unreviewed,12,2,FR_SAFFRON_CITY,26,28
general__rom_082d4b9c,29B,flat,modeled_building,14,2,FR_SAFFRON_CITY,20,20
general__rom_082d4b9c,29B,flat,unreviewed,16,2,FR_SAFFRON_CITY,22,28
general__rom_082d4b9c,29C,flat,modeled_building,14,2,FR_SAFFRON_CITY,21,20
general__rom_082d4b9c,29C,flat,unreviewed,22,2,FR_SAFFRON_CITY,23,28
general__rom_082d4b9c,29D,flat,modeled_building,14,2,FR_SAFFRON_CITY,17,11
general__rom_082d4b9c,29D,flat,unreviewed,28,2,FR_SAFFRON_CITY,21,11
general__rom_082d4b9c,29E,flat,modeled_building,28,2,FR_SAFFRON_CITY,18,11
general__rom_082d4b9c,29E,flat,unreviewed,58,2,FR_SAFFRON_CITY,22,11
general__rom_082d4b9c,29F,flat,modeled_building,14,2,FR_SAFFRON_CITY,20,11
general__rom_082d4b9c,29F,flat,unreviewed,26,2,FR_SAFFRON_CITY,53,9
general__rom_082d4b9c,2A0,flat,modeled_building,16,2,FR_SAFFRON_CITY,19,30
general__rom_082d4b9c,2A0,flat,unreviewed,16,2,FR_SAFFRON_CITY,24,30
general__rom_082d4b9c,2A1,flat,modeled_building,16,2,FR_SAFFRON_CITY,20,30
general__rom_082d4b9c,2A1,flat,unreviewed,14,2,FR_SAFFRON_CITY,51,11
general__rom_082d4b9c,2A2,flat,modeled_building,2,2,FR_SAFFRON_CITY,21,30
general__rom_082d4b9c,2A2,flat,unreviewed,6,2,FR_SAFFRON_CITY,40,30
general__rom_082d4b9c,2A3,flat,modeled_building,14,2,FR_SAFFRON_CITY,19,14
general__rom_082d4b9c,2A3,flat,unreviewed,16,2,FR_SAFFRON_CITY,27,30
general__rom_082d4b9c,2A4,flat,modeled_building,14,2,FR_SAFFRON_CITY,21,21
general__rom_082d4b9c,2A4,flat,unreviewed,22,2,FR_SAFFRON_CITY,23,30
general__rom_082d4b9c,2A5,flat,modeled_building,14,2,FR_SAFFRON_CITY,25,12
general__rom_082d4b9c,2A5,flat,unreviewed,28,2,FR_SAFFRON_CITY,22,20
general__rom_082d4b9c,2A6,flat,modeled_building,14,2,FR_SAFFRON_CITY,26,12
general__rom_082d4b9c,2A6,flat,unreviewed,28,2,FR_SAFFRON_CITY,23,20
general__rom_082d4b9c,2A7,flat,modeled_building,14,2,FR_SAFFRON_CITY,34,36
general__rom_082d4b9c,2A7,flat,unreviewed,26,2,FR_SAFFRON_CITY,25,20
general__rom_082d4b9c,2A8,flat,unreviewed,2,2,FR_SAFFRON_CITY,29,16
general__rom_082d4b9c,2A9,flat,unreviewed,8,2,FR_SAFFRON_CITY,31,16
general__rom_082d4b9c,2AA,flat,unreviewed,2,2,FR_SAFFRON_CITY,37,16
general__rom_082d4b9c,2AB,flat,unreviewed,2,2,FR_SAFFRON_CITY,32,28
general__rom_082d4b9c,2AC,flat,unreviewed,2,2,FR_SAFFRON_CITY,33,28
general__rom_082d4b9c,2AD,flat,unreviewed,2,2,FR_SAFFRON_CITY,34,28
general__rom_082d4b9c,2AE,flat,unreviewed,6,2,FR_SAFFRON_CITY,26,21
general__rom_082d4b9c,2AF,flat,unreviewed,8,2,FR_SAFFRON_CITY,23,13
general__rom_082d4b9c,2B0,flat,unreviewed,6,2,FR_SAFFRON_CITY,29,19
general__rom_082d4b9c,2B1,flat,unreviewed,24,2,FR_SAFFRON_CITY,30,19
general__rom_082d4b9c,044,wall,unmatched_building,4,1,FR_SAFFRON_CITY,59,24
general__rom_082d4b9c,2B2,flat,unreviewed,6,2,FR_SAFFRON_CITY,37,17
general__rom_082d4b9c,2B3,flat,unreviewed,2,2,FR_SAFFRON_CITY,32,29
general__rom_082d4b9c,2B4,flat,unreviewed,2,2,FR_SAFFRON_CITY,33,29
general__rom_082d4b9c,2B5,flat,unreviewed,2,2,FR_SAFFRON_CITY,34,29
general__rom_082d4b9c,2B6,flat,unreviewed,2,2,FR_SAFFRON_CITY,42,37
general__rom_082d4b9c,2B7,flat,unreviewed,2,2,FR_SAFFRON_CITY,43,37
general__rom_082d4b9c,2B8,flat,unreviewed,2,2,FR_SAFFRON_CITY,29,20
general__rom_082d4b9c,2B9,flat,unreviewed,8,2,FR_SAFFRON_CITY,30,20
general__rom_082d4b9c,2BA,flat,unreviewed,2,2,FR_SAFFRON_CITY,37,20
general__rom_082d4b9c,2BB,flat,unreviewed,2,2,FR_SAFFRON_CITY,32,30
general__rom_082d4b9c,045,wall,unmatched_building,16,1,FR_SAFFRON_CITY,33,0
general__rom_082d4b9c,2BC,flat,unreviewed,2,2,FR_SAFFRON_CITY,33,30
general__rom_082d4b9c,2BD,flat,unreviewed,2,2,FR_SAFFRON_CITY,34,30
general__rom_082d4b9c,2BE,flat,unreviewed,6,2,FR_SAFFRON_CITY,26,20
general__rom_082d4b9c,2BF,flat,unreviewed,6,2,FR_SAFFRON_CITY,22,13
general__rom_082d4b9c,2C0,flat,unreviewed,2,2,FR_SAFFRON_CITY,29,21
general__rom_082d4b9c,2C1,flat,unreviewed,2,2,FR_SAFFRON_CITY,30,21
general__rom_082d4b9c,2C2,flat,unreviewed,10,2,FR_SAFFRON_CITY,31,21
general__rom_082d4b9c,2C3,flat,unreviewed,2,2,FR_SAFFRON_CITY,36,21
general__rom_082d4b9c,2C4,flat,unreviewed,2,2,FR_SAFFRON_CITY,37,21
general__rom_082d4b9c,2C5,flat,unreviewed,2,2,FR_SAFFRON_CITY,32,16
general__rom_082d4b9c,046,wall,unmatched_building,4,1,FR_SAFFRON_CITY,7,24
general__rom_082d4b9c,2C6,flat,unreviewed,2,2,FR_SAFFRON_CITY,33,16
general__rom_082d4b9c,2C7,flat,unreviewed,2,2,FR_SAFFRON_CITY,34,16
general__rom_082d4b9c,2C8,flat,unreviewed,14,2,FR_SAFFRON_CITY,29,27
general__rom_082d4b9c,2C9,flat,unreviewed,14,2,FR_SAFFRON_CITY,30,25
general__rom_082d4b9c,2CA,flat,unreviewed,68,2,FR_SAFFRON_CITY,31,22
general__rom_082d4b9c,2CB,flat,unreviewed,14,2,FR_SAFFRON_CITY,36,22
general__rom_082d4b9c,2CC,flat,unreviewed,14,2,FR_SAFFRON_CITY,37,22
general__rom_082d4b9c,2CD,flat,unreviewed,6,2,FR_SAFFRON_CITY,32,17
general__rom_082d4b9c,2CE,flat,unreviewed,6,2,FR_SAFFRON_CITY,33,17
general__rom_082d4b9c,2CF,flat,unreviewed,6,2,FR_SAFFRON_CITY,34,17
general__rom_082d4b9c,2D0,flat,unreviewed,2,2,FR_SAFFRON_CITY,29,29
general__rom_082d4b9c,2D1,flat,unreviewed,2,2,FR_SAFFRON_CITY,30,29
general__rom_082d4b9c,2D2,flat,unreviewed,2,2,FR_SAFFRON_CITY,36,29
general__rom_082d4b9c,2D3,flat,unreviewed,2,2,FR_SAFFRON_CITY,37,29
general__rom_082d4b9c,2D4,flat,unreviewed,4,2,FR_SAFFRON_CITY,31,30
general__rom_082d4b9c,2D5,flat,unreviewed,2,2,FR_SAFFRON_CITY,32,20
general__rom_082d4b9c,2D6,flat,unreviewed,2,2,FR_SAFFRON_CITY,33,20
general__rom_082d4b9c,2D7,flat,unreviewed,2,2,FR_SAFFRON_CITY,34,20
general__rom_082d4b9c,2D8,flat,unreviewed,2,2,FR_SAFFRON_CITY,29,30
general__rom_082d4b9c,2D9,flat,unreviewed,2,2,FR_SAFFRON_CITY,30,30
general__rom_082d4b9c,048,roof,modeled_building,2,2,FR_SAFFRON_CITY,22,35
general__rom_082d4b9c,2DA,flat,unreviewed,2,2,FR_SAFFRON_CITY,36,30
general__rom_082d4b9c,2DB,flat,unreviewed,2,2,FR_SAFFRON_CITY,37,30
general__rom_082d4b9c,2DC,flat,unreviewed,6,2,FR_SAFFRON_CITY,22,18
general__rom_082d4b9c,2DD,flat,unreviewed,12,2,FR_SAFFRON_CITY,28,35
general__rom_082d4b9c,2DE,flat,unreviewed,6,2,FR_SAFFRON_CITY,25,18
general__rom_082d4b9c,2DF,flat,modeled_building,2,2,FR_SAFFRON_CITY,22,38
general__rom_082d4b9c,2E1,flat,unreviewed,8,2,FR_SAFFRON_CITY,36,9
general__rom_082d4b9c,2E3,flat,modeled_building,2,2,FR_SAFFRON_CITY,17,26
general__rom_082d4b9c,2E3,flat,unreviewed,18,2,FR_SAFFRON_CITY,16,27
general__rom_082d4b9c,049,roof,modeled_building,2,2,FR_SAFFRON_CITY,23,35
general__rom_082d4b9c,2E4,flat,modeled_building,2,2,FR_SAFFRON_CITY,18,26
general__rom_082d4b9c,2E4,flat,unreviewed,6,2,FR_SAFFRON_CITY,39,35
general__rom_082d4b9c,2E5,flat,unreviewed,18,2,FR_SAFFRON_CITY,50,18
general__rom_082d4b9c,2E6,flat,unreviewed,12,2,FR_SAFFRON_CITY,39,44
general__rom_082d4b9c,2E7,flat,unreviewed,12,2,FR_SAFFRON_CITY,42,44
general__rom_082d4b9c,2E8,flat,unreviewed,8,2,FR_SAFFRON_CITY,14,27
general__rom_082d4b9c,2E9,flat,modeled_building,4,2,FR_SAFFRON_CITY,17,25
general__rom_082d4b9c,2E9,flat,unreviewed,718,2,FR_SAFFRON_CITY,15,27
general__rom_082d4b9c,2EA,flat,unreviewed,12,2,FR_SAFFRON_CITY,53,12
general__rom_082d4b9c,2EB,flat,unreviewed,12,2,FR_SAFFRON_CITY,16,28
general__rom_082d4b9c,2EC,flat,modeled_building,14,2,FR_SAFFRON_CITY,17,27
general__rom_082d4b9c,2EC,flat,unreviewed,118,2,FR_SAFFRON_CITY,48,29
general__rom_082d4b9c,2ED,flat,unreviewed,12,2,FR_SAFFRON_CITY,50,29
general__rom_082d4b9c,04A,roof,modeled_building,2,2,FR_SAFFRON_CITY,24,35
general__rom_082d4b9c,2EE,flat,unreviewed,12,2,FR_SAFFRON_CITY,40,44
general__rom_082d4b9c,2EF,flat,unreviewed,12,2,FR_SAFFRON_CITY,41,44
general__rom_082d4b9c,2F1,flat,unreviewed,12,2,FR_SAFFRON_CITY,32,44
general__rom_082d4b9c,2F3,flat,unreviewed,34,2,FR_SAFFRON_CITY,16,30
general__rom_082d4b9c,2F4,flat,unreviewed,114,2,FR_SAFFRON_CITY,48,31
general__rom_082d4b9c,2F5,flat,unreviewed,32,2,FR_SAFFRON_CITY,50,30
general__rom_082d4b9c,2F6,flat,modeled_building,2,2,FR_SAFFRON_CITY,38,21
general__rom_082d4b9c,2F7,flat,modeled_building,2,2,FR_SAFFRON_CITY,41,21
general__rom_082d4b9c,04B,roof,modeled_building,2,2,FR_SAFFRON_CITY,25,35
general__rom_082d4b9c,2F8,flat,modeled_building,2,2,FR_SAFFRON_CITY,38,18
general__rom_082d4b9c,2F9,flat,modeled_building,2,2,FR_SAFFRON_CITY,39,18
general__rom_082d4b9c,2FA,flat,modeled_building,2,2,FR_SAFFRON_CITY,40,18
general__rom_082d4b9c,2FB,flat,modeled_building,2,2,FR_SAFFRON_CITY,41,18
general__rom_082d4b9c,2FC,flat,modeled_building,2,2,FR_SAFFRON_CITY,22,34
general__rom_082d4b9c,2FD,flat,modeled_building,2,2,FR_SAFFRON_CITY,23,34
general__rom_082d4b9c,2FE,flat,modeled_building,2,2,FR_SAFFRON_CITY,24,34
general__rom_082d4b9c,2FF,flat,modeled_building,2,2,FR_SAFFRON_CITY,26,34
general__rom_082d4b9c,300,roof,modeled_building,2,2,FR_SAFFRON_CITY,43,8
general__rom_082d4b9c,301,roof,modeled_building,6,2,FR_SAFFRON_CITY,48,8
general__rom_082d4b9c,04C,flat,unreviewed,4,1,FR_SAFFRON_CITY,32,1
general__rom_082d4b9c,302,roof,modeled_building,4,2,FR_SAFFRON_CITY,45,8
general__rom_082d4b9c,303,roof,modeled_building,2,2,FR_SAFFRON_CITY,49,8
general__rom_082d4b9c,304,flat,modeled_prop,4,2,FR_SAFFRON_CITY,50,13
general__rom_082d4b9c,305,wall,modeled_building,2,2,FR_SAFFRON_CITY,43,11
general__rom_082d4b9c,306,flat,modeled_building,2,2,FR_SAFFRON_CITY,25,34
general__rom_082d4b9c,307,flat,modeled_building,2,2,FR_SAFFRON_CITY,26,38
general__rom_082d4b9c,308,flat,unreviewed,2,2,FR_SAFFRON_CITY,50,8
general__rom_082d4b9c,309,flat,unreviewed,2,2,FR_SAFFRON_CITY,51,8
general__rom_082d4b9c,30A,flat,unreviewed,2,2,FR_SAFFRON_CITY,52,8
general__rom_082d4b9c,30B,flat,unreviewed,2,2,FR_SAFFRON_CITY,53,8
general__rom_082d4b9c,04D,flat,unreviewed,16,1,FR_SAFFRON_CITY,33,1
general__rom_082d4b9c,30C,flat,modeled_prop,4,2,FR_SAFFRON_CITY,50,14
general__rom_082d4b9c,30D,flat,unreviewed,44,2,FR_SAFFRON_CITY,39,36
general__rom_082d4b9c,30E,flat,unreviewed,8,2,FR_SAFFRON_CITY,38,44
general__rom_082d4b9c,30F,flat,unreviewed,8,2,FR_SAFFRON_CITY,51,44
general__rom_082d4b9c,310,wall,modeled_building,2,2,FR_SAFFRON_CITY,43,12
general__rom_082d4b9c,311,wall,modeled_building,2,2,FR_SAFFRON_CITY,44,12
general__rom_082d4b9c,312,wall,modeled_building,2,2,FR_SAFFRON_CITY,45,12
general__rom_082d4b9c,313,wall,modeled_building,2,2,FR_SAFFRON_CITY,47,12
general__rom_082d4b9c,314,wall,modeled_building,2,2,FR_SAFFRON_CITY,48,12
general__rom_082d4b9c,315,wall,modeled_building,2,2,FR_SAFFRON_CITY,49,12
general__rom_082d4b9c,04E,flat,unreviewed,4,1,FR_SAFFRON_CITY,37,48
general__rom_082d4b9c,316,flat,unreviewed,2,2,FR_SAFFRON_CITY,14,44
general__rom_082d4b9c,317,flat,unreviewed,2,2,FR_SAFFRON_CITY,53,44
general__rom_082d4b9c,318,flat,unreviewed,2,2,FR_SAFFRON_CITY,14,9
general__rom_082d4b9c,319,flat,unreviewed,34,2,FR_SAFFRON_CITY,15,9
general__rom_082d4b9c,31A,flat,unreviewed,2,2,FR_SAFFRON_CITY,53,14
general__rom_082d4b9c,31C,flat,unreviewed,4,2,FR_SAFFRON_CITY,33,14
general__rom_082d4b9c,31D,flat,unreviewed,12,2,FR_SAFFRON_CITY,48,14
general__rom_082d4b9c,31E,flat,unreviewed,10,2,FR_SAFFRON_CITY,49,14
general__rom_082d4b9c,31F,roof,modeled_building,4,2,FR_SAFFRON_CITY,39,8
general__rom_082d4b9c,320,flat,unreviewed,54,2,FR_SAFFRON_CITY,14,30
general__rom_082d4b9c,322,flat,unreviewed,44,2,FR_SAFFRON_CITY,53,41
general__rom_082d4b9c,323,flat,unreviewed,2,2,FR_SAFFRON_CITY,30,14
general__rom_082d4b9c,325,flat,unreviewed,2,2,FR_SAFFRON_CITY,53,29
general__rom_082d4b9c,326,flat,unreviewed,2,2,FR_SAFFRON_CITY,14,29
general__rom_082d4b9c,327,flat,unreviewed,2,2,FR_SAFFRON_CITY,40,37
general__rom_082d4b9c,328,flat,unreviewed,2,2,FR_SAFFRON_CITY,14,43
general__rom_082d4b9c,329,flat,unreviewed,16,2,FR_SAFFRON_CITY,52,14
general__rom_082d4b9c,050,roof,modeled_building,2,2,FR_SAFFRON_CITY,22,36
general__rom_082d4b9c,32A,flat,unreviewed,2,2,FR_SAFFRON_CITY,53,43
general__rom_082d4b9c,32B,wall,modeled_building,2,2,FR_SAFFRON_CITY,40,11
general__rom_082d4b9c,32C,wall,modeled_building,2,2,FR_SAFFRON_CITY,41,11
general__rom_082d4b9c,32D,flat,unreviewed,2,2,FR_SAFFRON_CITY,53,24
general__rom_082d4b9c,32E,flat,unreviewed,2,2,FR_SAFFRON_CITY,14,24
general__rom_082d4b9c,32F,flat,unreviewed,2,2,FR_SAFFRON_CITY,40,38
general__rom_082d4b9c,330,roof,modeled_building,2,2,FR_SAFFRON_CITY,37,8
general__rom_082d4b9c,331,roof,modeled_building,4,2,FR_SAFFRON_CITY,38,8
general__rom_082d4b9c,332,roof,modeled_building,2,2,FR_SAFFRON_CITY,42,8
general__rom_082d4b9c,333,wall,modeled_building,2,2,FR_SAFFRON_CITY,40,12
general__rom_082d4b9c,051,roof,modeled_building,2,2,FR_SAFFRON_CITY,23,36
general__rom_082d4b9c,334,wall,modeled_building,2,2,FR_SAFFRON_CITY,41,12
general__rom_082d4b9c,335,wall,modeled_building,2,2,FR_SAFFRON_CITY,37,11
general__rom_082d4b9c,336,wall,modeled_building,2,2,FR_SAFFRON_CITY,38,11
general__rom_082d4b9c,337,wall,modeled_building,2,2,FR_SAFFRON_CITY,39,11
general__rom_082d4b9c,338,roof,modeled_building,2,2,FR_SAFFRON_CITY,37,9
general__rom_082d4b9c,339,roof,modeled_building,8,2,FR_SAFFRON_CITY,38,9
general__rom_082d4b9c,33A,roof,modeled_building,2,2,FR_SAFFRON_CITY,42,9
general__rom_082d4b9c,33B,wall,modeled_building,2,2,FR_SAFFRON_CITY,42,11
general__rom_082d4b9c,33C,flat,modeled_building,2,2,FR_SAFFRON_CITY,18,30
general__rom_082d4b9c,33D,wall,modeled_building,2,2,FR_SAFFRON_CITY,37,12
general__rom_082d4b9c,052,roof,modeled_building,2,2,FR_SAFFRON_CITY,24,36
general__rom_082d4b9c,33E,wall,modeled_building,2,2,FR_SAFFRON_CITY,38,12
general__rom_082d4b9c,33F,wall,modeled_building,2,2,FR_SAFFRON_CITY,39,12
general__rom_082d4b9c,340,roof,modeled_building,2,2,FR_SAFFRON_CITY,37,10
general__rom_082d4b9c,341,roof,modeled_building,8,2,FR_SAFFRON_CITY,40,10
general__rom_082d4b9c,342,roof,modeled_building,2,2,FR_SAFFRON_CITY,42,10
general__rom_082d4b9c,343,wall,modeled_building,2,2,FR_SAFFRON_CITY,42,12
general__rom_082d4b9c,344,flat,unreviewed,4,2,FR_SAFFRON_CITY,28,23
general__rom_082d4b9c,345,flat,unreviewed,4,2,FR_SAFFRON_CITY,38,23
general__rom_082d4b9c,346,flat,unreviewed,2,2,FR_SAFFRON_CITY,28,22
general__rom_082d4b9c,347,flat,unreviewed,2,2,FR_SAFFRON_CITY,38,22
general__rom_082d4b9c,053,roof,modeled_building,2,2,FR_SAFFRON_CITY,25,36
general__rom_082d4b9c,058,roof,modeled_building,2,2,FR_SAFFRON_CITY,22,37
general__rom_082d4b9c,059,roof,modeled_building,2,2,FR_SAFFRON_CITY,23,37
general__rom_082d4b9c,008,flat,reviewed_surface,29,1,FR_SAFFRON_CITY,27,0
general__rom_082d4b9c,05A,roof,modeled_building,2,2,FR_SAFFRON_CITY,24,37
general__rom_082d4b9c,05B,roof,modeled_building,2,2,FR_SAFFRON_CITY,25,37
general__rom_082d4b9c,05C,wall,unmatched_building,2,1,FR_SAFFRON_CITY,32,4
general__rom_082d4b9c,05E,wall,unmatched_building,2,1,FR_SAFFRON_CITY,37,4
general__rom_082d4b9c,061,wall,modeled_building,2,2,FR_SAFFRON_CITY,23,38
general__rom_082d4b9c,062,wall,modeled_building,4,2,FR_SAFFRON_CITY,24,38
general__rom_082d4b9c,009,flat,reviewed_surface,25,1,FR_SAFFRON_CITY,28,0
general__rom_082d4bfc,000,flat,native_fallback,459,19,FR_FIVE_ISLAND_LOST_CAVE_ENTRANCE,2,11
general__rom_082d4bfc,281,flat,native_fallback,2737,8,FR_FIVE_ISLAND_LOST_CAVE_ENTRANCE,7,8
general__rom_082d4bfc,282,flat,native_fallback,217,16,FR_FIVE_ISLAND_LOST_CAVE_ROOM1,3,8
general__rom_082d4bfc,283,flat,native_fallback,169,7,FR_MT_MOON_1F,24,34
general__rom_082d4bfc,284,flat,native_fallback,20,4,FR_MT_MOON_B2F,35,7
general__rom_082d4bfc,285,flat,native_fallback,9,4,FR_FIVE_ISLAND_LOST_CAVE_ENTRANCE,5,5
general__rom_082d4bfc,286,flat,native_fallback,1,1,FR_VICTORY_ROAD_3F,34,18
general__rom_082d4bfc,287,flat,native_fallback,16,16,FR_FIVE_ISLAND_LOST_CAVE_ENTRANCE,5,8
general__rom_082d4bfc,288,flat,native_fallback,35,6,FR_MT_MOON_1F,20,13
general__rom_082d4bfc,289,flat,native_fallback,239,20,FR_FIVE_ISLAND_LOST_CAVE_ENTRANCE,7,9
general__rom_082d4bfc,28A,flat,native_fallback,41,5,FR_MT_MOON_1F,29,29
general__rom_082d4bfc,28B,flat,native_fallback,10,10,FR_FIVE_ISLAND_LOST_CAVE_ROOM1,4,0
general__rom_082d4bfc,28C,flat,native_fallback,10,10,FR_FIVE_ISLAND_LOST_CAVE_ROOM1,5,0
general__rom_082d4bfc,28D,flat,native_fallback,10,10,FR_FIVE_ISLAND_LOST_CAVE_ROOM1,6,0
general__rom_082d4bfc,28E,flat,native_fallback,10,4,FR_MT_MOON_B1F,25,3
general__rom_082d4bfc,28F,flat,native_fallback,3,2,FR_FIVE_ISLAND_LOST_CAVE_ROOM1,8,1
general__rom_082d4bfc,290,flat,native_fallback,293,20,FR_FIVE_ISLAND_LOST_CAVE_ENTRANCE,10,6
general__rom_082d4bfc,291,flat,native_fallback,1096,6,FR_MT_MOON_1F,14,34
general__rom_082d4bfc,292,flat,native_fallback,318,21,FR_FIVE_ISLAND_LOST_CAVE_ENTRANCE,0,6
general__rom_082d4bfc,294,flat,native_fallback,10,10,FR_FIVE_ISLAND_LOST_CAVE_ROOM1,5,1
general__rom_082d4bfc,295,flat,native_fallback,10,10,FR_FIVE_ISLAND_LOST_CAVE_ROOM1,6,1
general__rom_082d4bfc,296,flat,native_fallback,11,3,FR_MT_MOON_B1F,3,3
general__rom_082d4bfc,297,flat,native_fallback,2,2,FR_FIVE_ISLAND_LOST_CAVE_ROOM1,8,2
general__rom_082d4bfc,298,flat,native_fallback,50,6,FR_MT_MOON_1F,33,34
general__rom_082d4bfc,299,flat,native_fallback,523,22,FR_FIVE_ISLAND_LOST_CAVE_ENTRANCE,6,1
general__rom_082d4bfc,29A,flat,native_fallback,46,5,FR_MT_MOON_1F,35,34
general__rom_082d4bfc,29B,flat,native_fallback,66,21,FR_FIVE_ISLAND_LOST_CAVE_ENTRANCE,0,0
general__rom_082d4bfc,29C,flat,native_fallback,70,21,FR_FIVE_ISLAND_LOST_CAVE_ENTRANCE,10,0
general__rom_082d4bfc,29D,flat,native_fallback,2,1,FR_MT_MOON_B2F,15,17
general__rom_082d4bfc,29E,flat,native_fallback,3,1,FR_MT_MOON_B2F,7,13
general__rom_082d4bfc,29F,flat,native_fallback,45,4,FR_MT_MOON_1F,41,7
general__rom_082d4bfc,2A0,flat,native_fallback,1,1,FR_THREE_ISLAND_DUNSPARCE_TUNNEL,8,5
general__rom_082d4bfc,2A1,flat,native_fallback,1,1,FR_THREE_ISLAND_DUNSPARCE_TUNNEL,9,5
general__rom_082d4bfc,2A3,flat,native_fallback,65,17,FR_FIVE_ISLAND_LOST_CAVE_ENTRANCE,1,9
general__rom_082d4bfc,2A4,flat,native_fallback,38,17,FR_FIVE_ISLAND_LOST_CAVE_ENTRANCE,8,9
general__rom_082d4bfc,2A5,flat,native_fallback,2,1,FR_MT_MOON_B2F,0,14
general__rom_082d4bfc,2A7,flat,native_fallback,45,4,FR_MT_MOON_1F,41,8
general__rom_082d4bfc,2AC,flat,native_fallback,5,2,FR_MT_MOON_1F,16,1
general__rom_082d4bfc,2AF,flat,native_fallback,4,1,FR_MT_MOON_B1F,26,36
general__rom_082d4bfc,2B5,flat,native_fallback,1,1,FR_VICTORY_ROAD_2F,36,16
general__rom_082d4bfc,2B6,flat,native_fallback,1,1,FR_VICTORY_ROAD_2F,32,15
general__rom_082d4bfc,2C0,flat,native_fallback,4,3,FR_VICTORY_ROAD_1F,20,16
general__rom_082d4bfc,2C2,flat,native_fallback,61,1,FR_MT_MOON_B2F,14,34
general__rom_082d4bfc,2C3,flat,native_fallback,4,2,FR_MT_MOON_1F,14,4
general__rom_082d4bfc,2C4,flat,native_fallback,103,3,FR_MT_MOON_1F,10,0
general__rom_082d4bfc,2C5,flat,native_fallback,4,1,FR_MT_MOON_1F,18,1
general__rom_082d4bfc,2C6,flat,native_fallback,177,18,FR_FIVE_ISLAND_LOST_CAVE_ENTRANCE,10,1
general__rom_082d4bfc,2C7,flat,native_fallback,151,17,FR_FIVE_ISLAND_LOST_CAVE_ENTRANCE,0,5
general__rom_082d4bfc,2C8,flat,native_fallback,16,16,FR_FIVE_ISLAND_LOST_CAVE_ENTRANCE,4,9
general__rom_082d4bfc,2C9,flat,native_fallback,16,16,FR_FIVE_ISLAND_LOST_CAVE_ENTRANCE,5,9
general__rom_082d4bfc,2CA,flat,native_fallback,18,18,FR_FIVE_ISLAND_LOST_CAVE_ENTRANCE,6,9
general__rom_082d4bfc,2CD,flat,native_fallback,1,1,FR_MT_MOON_1F,19,26
general__rom_082d4bfc,2CE,flat,native_fallback,162,1,FR_MT_MOON_B2F,10,0
general__rom_082d4bfc,2CF,flat,native_fallback,40,4,FR_MT_MOON_B2F,4,18
general__rom_082d4bfc,2D0,flat,native_fallback,7,4,FR_MT_MOON_B2F,9,8
general__rom_082d4bfc,2D1,flat,native_fallback,85,4,FR_MT_MOON_B2F,10,8
general__rom_082d4bfc,2D2,flat,native_fallback,9,4,FR_MT_MOON_B2F,34,14
general__rom_082d4bfc,2D3,flat,native_fallback,3,3,FR_MT_MOON_B2F,13,8
general__rom_082d4bfc,2D4,flat,native_fallback,5,4,FR_MT_MOON_B2F,14,8
general__rom_082d4bfc,2D5,flat,native_fallback,12,4,FR_MT_MOON_1F,4,28
general__rom_082d4bfc,2D6,flat,native_fallback,12,4,FR_MT_MOON_1F,5,28
general__rom_082d4bfc,2D7,flat,native_fallback,16,3,FR_VICTORY_ROAD_1F,23,14
general__rom_082d4bfc,2D8,flat,native_fallback,59,4,FR_MT_MOON_B2F,8,34
general__rom_082d4bfc,2D9,flat,native_fallback,688,18,FR_FIVE_ISLAND_LOST_CAVE_ROOM1,7,8
general__rom_082d4bfc,2DA,flat,native_fallback,73,5,FR_MT_MOON_B2F,41,34
general__rom_082d4bfc,2DB,flat,native_fallback,5,4,FR_MT_MOON_B2F,13,6
general__rom_082d4bfc,2DC,flat,native_fallback,5,3,FR_MT_MOON_B2F,14,6
general__rom_082d4bfc,2DD,flat,native_fallback,12,4,FR_MT_MOON_1F,10,5
general__rom_082d4bfc,2DE,flat,native_fallback,12,4,FR_MT_MOON_1F,5,29
general__rom_082d4bfc,2DF,flat,native_fallback,224,16,FR_FIVE_ISLAND_LOST_CAVE_ENTRANCE,2,10
general__rom_082d4bfc,2E0,flat,native_fallback,12,4,FR_MT_MOON_B2F,28,27
general__rom_082d4bfc,2E1,flat,native_fallback,115,4,FR_MT_MOON_B2F,12,6
general__rom_082d4bfc,2E2,flat,native_fallback,12,4,FR_MT_MOON_B2F,36,6
general__rom_082d4bfc,2E3,flat,native_fallback,8,1,FR_MT_MOON_B2F,0,15
general__rom_082d4bfc,2E4,flat,native_fallback,114,1,FR_MT_MOON_B2F,34,36
general__rom_082d4bfc,2E5,flat,native_fallback,8,1,FR_MT_MOON_B2F,11,19
general__rom_082d4bfc,2E6,flat,native_fallback,52,1,FR_MT_MOON_B2F,13,27
general__rom_082d4bfc,2E7,flat,native_fallback,52,1,FR_MT_MOON_B2F,14,27
general__rom_082d4bfc,2E8,flat,native_fallback,2,1,FR_MT_MOON_B2F,36,24
general__rom_082d4bfc,2E9,flat,native_fallback,3,1,FR_MT_MOON_B2F,6,14
general__rom_082d4bfc,2EA,flat,native_fallback,2,1,FR_MT_MOON_B2F,0,1
general__rom_082d4bfc,2EB,flat,native_fallback,2,1,FR_MT_MOON_B2F,22,1
general__rom_082d4bfc,2EC,flat,native_fallback,2,1,FR_MT_MOON_B2F,20,3
general__rom_082d4bfc,2ED,flat,native_fallback,2,1,FR_MT_MOON_B2F,2,3
general__rom_082d4bfc,2EE,flat,native_fallback,8,4,FR_MT_MOON_1F,25,31
general__rom_082d4bfc,2EF,flat,native_fallback,8,4,FR_MT_MOON_1F,26,31
general__rom_082d4bfc,2F0,flat,native_fallback,4,1,FR_MT_MOON_B2F,7,17
general__rom_082d4bfc,2F1,flat,native_fallback,2,1,FR_MT_MOON_B2F,21,17
general__rom_082d4bfc,2F2,flat,native_fallback,1672,2,FR_MT_MOON_B1F,45,33
general__rom_082d4bfc,2F3,flat,native_fallback,25,7,FR_FIVE_ISLAND_LOST_CAVE_ROOM11,4,4
general__rom_082d4bfc,2F4,flat,native_fallback,24,7,FR_FIVE_ISLAND_LOST_CAVE_ROOM11,5,4
general__rom_082d4bfc,2F5,flat,native_fallback,20,7,FR_FIVE_ISLAND_LOST_CAVE_ROOM11,6,4
general__rom_082d4bfc,2F6,flat,native_fallback,8,4,FR_MT_MOON_1F,25,32
general__rom_082d4bfc,2F7,flat,native_fallback,8,4,FR_MT_MOON_1F,26,32
general__rom_082d4bfc,2F8,flat,native_fallback,14,3,FR_MT_MOON_1F,45,33
general__rom_082d4bfc,2F9,flat,native_fallback,12,3,FR_MT_MOON_1F,2,31
general__rom_082d4bfc,2FB,flat,native_fallback,37,7,FR_FIVE_ISLAND_LOST_CAVE_ROOM11,4,5
general__rom_082d4bfc,2FC,flat,native_fallback,204,7,FR_FIVE_ISLAND_LOST_CAVE_ROOM11,5,5
general__rom_082d4bfc,2FD,flat,native_fallback,30,7,FR_FIVE_ISLAND_LOST_CAVE_ROOM11,6,5
general__rom_082d4bfc,300,flat,native_fallback,20,3,FR_MT_MOON_1F,12,17
general__rom_082d4bfc,301,flat,native_fallback,14,2,FR_MT_MOON_1F,5,3
general__rom_082d4bfc,302,flat,native_fallback,5,1,FR_VICTORY_ROAD_2F,18,5
general__rom_082d4bfc,303,flat,native_fallback,32,7,FR_FIVE_ISLAND_LOST_CAVE_ROOM11,4,6
general__rom_082d4bfc,304,flat,native_fallback,36,6,FR_FIVE_ISLAND_LOST_CAVE_ROOM11,5,6
general__rom_082d4bfc,305,flat,native_fallback,22,6,FR_FIVE_ISLAND_LOST_CAVE_ROOM11,6,6
general__rom_082d4bfc,308,flat,native_fallback,10,10,FR_FIVE_ISLAND_LOST_CAVE_ROOM1,8,5
general__rom_082d4bfc,309,flat,native_fallback,10,10,FR_FIVE_ISLAND_LOST_CAVE_ROOM1,9,5
general__rom_082d4bfc,30A,flat,native_fallback,10,10,FR_FIVE_ISLAND_LOST_CAVE_ROOM1,1,5
general__rom_082d4bfc,30B,flat,native_fallback,10,10,FR_FIVE_ISLAND_LOST_CAVE_ROOM1,2,5
general__rom_082d4bfc,30C,flat,native_fallback,2,2,FR_MT_MOON_B1F,4,2
general__rom_082d4bfc,30D,flat,native_fallback,4,2,FR_MT_MOON_1F,13,7
general__rom_082d4bfc,30E,flat,native_fallback,5,2,FR_MT_MOON_1F,1,30
general__rom_082d4bfc,310,flat,native_fallback,2,2,FR_MT_MOON_1F,13,16
general__rom_082d4bfc,311,flat,native_fallback,57,3,FR_MT_MOON_1F,41,1
general__rom_082d4bfc,312,flat,native_fallback,2,1,FR_MT_MOON_1F,18,3
general__rom_082d4bfc,313,flat,native_fallback,3,2,FR_MT_MOON_1F,46,15
general__rom_082d4bfc,314,flat,native_fallback,3,3,FR_MT_MOON_1F,9,1
general__rom_082d4bfc,315,flat,native_fallback,36,2,FR_MT_MOON_1F,46,33
general__rom_082d4bfc,316,flat,native_fallback,21,1,FR_MT_MOON_1F,1,31
general__rom_082d4bfc,318,flat,native_fallback,1,1,FR_VICTORY_ROAD_2F,32,16
general__rom_082d4bfc,319,flat,native_fallback,2,1,FR_MT_MOON_B2F,13,34
general__rom_082d4bfc,31A,flat,native_fallback,3,1,FR_MT_MOON_B2F,36,34
general__rom_082d4bfc,31B,flat,native_fallback,1,1,FR_VICTORY_ROAD_2F,36,17
general__rom_082d4bfc,31E,flat,native_fallback,1,1,FR_MT_MOON_1F,1,16
general__rom_082d4d94,000,flat,native_fallback,206,16,FR_SSANNE_1F_CORRIDOR,31,4
general__rom_082d4d94,12A,flat,native_fallback,4,1,FR_SSANNE_DECK,16,2
general__rom_082d4d94,12B,flat,native_fallback,104,1,FR_SSANNE_DECK,0,15
general__rom_082d4d94,12C,flat,native_fallback,4,1,FR_SSANNE_DECK,11,0
general__rom_082d4d94,281,flat,native_fallback,20,11,FR_SSANNE_1F_CORRIDOR,19,1
general__rom_082d4d94,282,flat,native_fallback,25,5,FR_SSANNE_1F_CORRIDOR,11,7
general__rom_082d4d94,283,flat,native_fallback,1,1,FR_SSANNE_1F_CORRIDOR,4,11
general__rom_082d4d94,284,flat,native_fallback,99,5,FR_SSANNE_1F_CORRIDOR,10,11
general__rom_082d4d94,285,flat,native_fallback,1,1,FR_SSANNE_1F_CORRIDOR,25,11
general__rom_082d4d94,286,flat,native_fallback,9,6,FR_SSANNE_1F_CORRIDOR,17,0
general__rom_082d4d94,287,flat,native_fallback,8,6,FR_SSANNE_1F_CORRIDOR,21,0
general__rom_082d4d94,288,flat,native_fallback,448,15,FR_SSANNE_1F_CORRIDOR,10,0
general__rom_082d4d94,289,flat,native_fallback,2,2,FR_SSANNE_B1F_CORRIDOR,21,5
general__rom_082d4d94,28A,flat,native_fallback,3,1,FR_SSANNE_KITCHEN,14,8
general__rom_082d4d94,28B,flat,native_fallback,2,2,FR_SSANNE_1F_CORRIDOR,21,6
general__rom_082d4d94,28C,flat,native_fallback,202,24,FR_SSANNE_1F_CORRIDOR,12,6
general__rom_082d4d94,28D,flat,native_fallback,4,3,FR_SSANNE_1F_CORRIDOR,17,6
general__rom_082d4d94,28E,flat,native_fallback,62,5,FR_SSANNE_1F_CORRIDOR,17,2
general__rom_082d4d94,28F,flat,native_fallback,68,6,FR_SSANNE_1F_CORRIDOR,21,2
general__rom_082d4d94,290,flat,native_fallback,160,1,FR_SSANNE_1F_CORRIDOR,10,12
general__rom_082d4d94,291,flat,native_fallback,21,7,FR_SSANNE_1F_ROOM1,0,1
general__rom_082d4d94,292,flat,native_fallback,44,11,FR_SSANNE_2F_ROOM1,0,1
general__rom_082d4d94,293,flat,native_fallback,2,2,FR_SSANNE_1F_CORRIDOR,21,7
general__rom_082d4d94,294,flat,native_fallback,56,5,FR_SSANNE_1F_CORRIDOR,12,7
general__rom_082d4d94,295,flat,native_fallback,4,3,FR_SSANNE_1F_CORRIDOR,17,7
general__rom_082d4d94,296,flat,native_fallback,1,1,FR_SSANNE_KITCHEN,0,13
general__rom_082d4d94,297,flat,native_fallback,1,1,FR_SSANNE_KITCHEN,15,13
general__rom_082d4d94,298,flat,native_fallback,251,5,FR_SSANNE_1F_CORRIDOR,10,9
general__rom_082d4d94,299,flat,native_fallback,132,3,FR_SSANNE_1F_CORRIDOR,3,14
general__rom_082d4d94,29B,flat,native_fallback,16,3,FR_SSANNE_1F_CORRIDOR,19,2
general__rom_082d4d94,29C,flat,native_fallback,2,2,FR_SSANNE_1F_CORRIDOR,1,10
general__rom_082d4d94,29D,flat,native_fallback,79,4,FR_SSANNE_1F_CORRIDOR,10,8
general__rom_082d4d94,2A2,flat,native_fallback,38,3,FR_SSANNE_1F_CORRIDOR,18,4
general__rom_082d4d94,2A3,flat,native_fallback,1,1,FR_SSANNE_2F_CORRIDOR,30,8
general__rom_082d4d94,2A4,flat,native_fallback,3,2,FR_SSANNE_B1F_CORRIDOR,1,4
general__rom_082d4d94,2A5,flat,native_fallback,5,3,FR_SSANNE_1F_CORRIDOR,18,8
general__rom_082d4d94,2A6,flat,native_fallback,7,1,FR_SSANNE_1F_CORRIDOR,25,13
general__rom_082d4d94,2A7,flat,native_fallback,7,1,FR_SSANNE_1F_CORRIDOR,4,13
general__rom_082d4d94,2A8,flat,native_fallback,1,1,FR_SSANNE_1F_CORRIDOR,1,7
general__rom_082d4d94,2A9,flat,native_fallback,1,1,FR_SSANNE_1F_CORRIDOR,2,7
general__rom_082d4d94,2AB,flat,native_fallback,2,2,FR_SSANNE_1F_CORRIDOR,26,17
general__rom_082d4d94,2AC,flat,native_fallback,2,2,FR_SSANNE_1F_CORRIDOR,27,17
general__rom_082d4d94,2AD,flat,native_fallback,8,1,FR_SSANNE_1F_CORRIDOR,5,11
general__rom_082d4d94,2AE,flat,native_fallback,1,1,FR_SSANNE_1F_CORRIDOR,25,19
general__rom_082d4d94,2AF,flat,native_fallback,1,1,FR_SSANNE_1F_CORRIDOR,4,19
general__rom_082d4d94,2B0,flat,native_fallback,2,2,FR_SSANNE_1F_CORRIDOR,1,8
general__rom_082d4d94,2B1,flat,native_fallback,2,2,FR_SSANNE_1F_CORRIDOR,2,8
general__rom_082d4d94,2B3,flat,native_fallback,2,2,FR_SSANNE_1F_CORRIDOR,26,18
general__rom_082d4d94,2B4,flat,native_fallback,2,2,FR_SSANNE_1F_CORRIDOR,27,18
general__rom_082d4d94,2B5,flat,native_fallback,1,1,FR_SSANNE_1F_CORRIDOR,3,8
general__rom_082d4d94,2B6,flat,native_fallback,5,5,FR_SSANNE_1F_CORRIDOR,30,19
general__rom_082d4d94,2B7,flat,native_fallback,13,1,FR_SSANNE_KITCHEN,2,10
general__rom_082d4d94,2B8,flat,native_fallback,2,2,FR_SSANNE_1F_CORRIDOR,1,9
general__rom_082d4d94,2B9,flat,native_fallback,2,2,FR_SSANNE_1F_CORRIDOR,2,9
general__rom_082d4d94,2BC,flat,native_fallback,1,1,FR_SSANNE_CAPTAINS_OFFICE,3,8
general__rom_082d4d94,2BD,flat,native_fallback,1,1,FR_SSANNE_1F_CORRIDOR,28,18
general__rom_082d4d94,2BE,flat,native_fallback,4,4,FR_SSANNE_1F_CORRIDOR,0,19
general__rom_082d4d94,2BF,flat,native_fallback,20,1,FR_SSANNE_KITCHEN,2,11
general__rom_082d4d94,2C0,flat,native_fallback,1,1,FR_SSANNE_2F_CORRIDOR,1,14
general__rom_082d4d94,2C1,flat,native_fallback,1,1,FR_SSANNE_2F_CORRIDOR,2,14
general__rom_082d4d94,2C8,flat,native_fallback,3,1,FR_SSANNE_KITCHEN,11,3
general__rom_082d4d94,2C9,flat,native_fallback,3,1,FR_SSANNE_KITCHEN,12,3
general__rom_082d4d94,2CA,flat,native_fallback,11,11,FR_SSANNE_2F_ROOM1,3,8
general__rom_082d4d94,2CB,flat,native_fallback,11,11,FR_SSANNE_2F_ROOM1,4,8
general__rom_082d4d94,2CC,flat,native_fallback,11,11,FR_SSANNE_2F_ROOM1,5,8
general__rom_082d4d94,2CD,flat,native_fallback,1,1,FR_SSANNE_3F_CORRIDOR,2,2
general__rom_082d4d94,2D0,flat,native_fallback,3,1,FR_SSANNE_KITCHEN,11,6
general__rom_082d4d94,2D1,flat,native_fallback,10,1,FR_SSANNE_KITCHEN,4,4
general__rom_082d4d94,2D2,flat,native_fallback,2,1,FR_SSANNE_KITCHEN,3,7
general__rom_082d4d94,2D3,flat,native_fallback,2,1,FR_SSANNE_KITCHEN,12,7
general__rom_082d4d94,2D4,flat,native_fallback,7,1,FR_SSANNE_KITCHEN,3,6
general__rom_082d4d94,2D5,flat,native_fallback,1,1,FR_SSANNE_1F_CORRIDOR,26,16
general__rom_082d4d94,2D6,flat,native_fallback,1,1,FR_SSANNE_1F_CORRIDOR,27,16
general__rom_082d4d94,2D7,flat,native_fallback,1,1,FR_SSANNE_1F_CORRIDOR,28,16
general__rom_082d4d94,2D8,flat,native_fallback,1,1,FR_SSANNE_KITCHEN,7,8
general__rom_082d4d94,2D9,flat,native_fallback,1,1,FR_SSANNE_KITCHEN,8,8
general__rom_082d4d94,2DA,flat,native_fallback,2,1,FR_SSANNE_KITCHEN,3,8
general__rom_082d4d94,2DB,flat,native_fallback,2,1,FR_SSANNE_KITCHEN,4,8
general__rom_082d4d94,2DC,flat,native_fallback,1,1,FR_SSANNE_KITCHEN,1,10
general__rom_082d4d94,2E0,flat,native_fallback,1,1,FR_SSANNE_2F_CORRIDOR,1,11
general__rom_082d4d94,2E1,flat,native_fallback,1,1,FR_SSANNE_2F_CORRIDOR,2,11
general__rom_082d4d94,2E2,flat,native_fallback,1,1,FR_SSANNE_2F_CORRIDOR,30,1
general__rom_082d4d94,2E3,flat,native_fallback,1,1,FR_SSANNE_2F_CORRIDOR,30,3
general__rom_082d4d94,2E4,flat,native_fallback,2,2,FR_SSANNE_1F_CORRIDOR,3,9
general__rom_082d4d94,2E5,flat,native_fallback,1,1,FR_SSANNE_1F_CORRIDOR,3,7
general__rom_082d4d94,2E6,flat,native_fallback,5,4,FR_SSANNE_1F_CORRIDOR,18,1
general__rom_082d4d94,2E7,flat,native_fallback,2,2,FR_SSANNE_1F_CORRIDOR,20,1
general__rom_082d4d94,2E8,flat,native_fallback,2,2,FR_SSANNE_2F_CORRIDOR,31,1
general__rom_082d4d94,2E9,flat,native_fallback,2,2,FR_SSANNE_2F_CORRIDOR,32,1
general__rom_082d4d94,2EA,flat,native_fallback,2,1,FR_SSANNE_KITCHEN,12,11
general__rom_082d4d94,2EB,flat,native_fallback,2,1,FR_SSANNE_KITCHEN,3,11
general__rom_082d4d94,2EE,flat,native_fallback,4,3,FR_SSANNE_1F_CORRIDOR,18,2
general__rom_082d4d94,2EF,flat,native_fallback,2,2,FR_SSANNE_1F_CORRIDOR,20,2
general__rom_082d4d94,2F0,flat,native_fallback,2,2,FR_SSANNE_2F_CORRIDOR,31,2
general__rom_082d4d94,2F1,flat,native_fallback,2,2,FR_SSANNE_2F_CORRIDOR,32,2
general__rom_082d4d94,2F2,flat,native_fallback,4,1,FR_SSANNE_KITCHEN,8,11
general__rom_082d4d94,2F3,flat,native_fallback,1,1,FR_SSANNE_CAPTAINS_OFFICE,5,1
general__rom_082d4d94,2F4,flat,native_fallback,1,1,FR_SSANNE_CAPTAINS_OFFICE,6,1
general__rom_082d4d94,2F5,flat,native_fallback,1,1,FR_SSANNE_CAPTAINS_OFFICE,1,6
general__rom_082d4d94,2F6,flat,native_fallback,1,1,FR_SSANNE_CAPTAINS_OFFICE,2,6
general__rom_082d4d94,2F7,flat,native_fallback,1,1,FR_SSANNE_CAPTAINS_OFFICE,3,6
general__rom_082d4d94,2F8,flat,native_fallback,1,1,FR_SSANNE_2F_CORRIDOR,31,3
general__rom_082d4d94,2F9,flat,native_fallback,1,1,FR_SSANNE_2F_CORRIDOR,32,3
general__rom_082d4d94,2FA,flat,native_fallback,1,1,FR_SSANNE_CAPTAINS_OFFICE,7,1
general__rom_082d4d94,2FB,flat,native_fallback,3,1,FR_SSANNE_CAPTAINS_OFFICE,3,1
general__rom_082d4d94,2FC,flat,native_fallback,5,1,FR_SSANNE_CAPTAINS_OFFICE,5,2
general__rom_082d4d94,302,flat,native_fallback,1,1,FR_SSANNE_CAPTAINS_OFFICE,7,2
general__rom_082d4d94,303,flat,native_fallback,2,1,FR_SSANNE_CAPTAINS_OFFICE,7,6
general__rom_082d4d94,304,flat,native_fallback,1,1,FR_SSANNE_CAPTAINS_OFFICE,2,1
general__rom_082d4d94,305,flat,native_fallback,1,1,FR_SSANNE_CAPTAINS_OFFICE,1,3
general__rom_082d4d94,306,flat,native_fallback,1,1,FR_SSANNE_CAPTAINS_OFFICE,2,3
general__rom_082d4d94,307,flat,native_fallback,1,1,FR_SSANNE_CAPTAINS_OFFICE,3,3
general__rom_082d4d94,308,flat,native_fallback,11,11,FR_SSANNE_2F_ROOM1,3,2
general__rom_082d4d94,309,flat,native_fallback,11,11,FR_SSANNE_2F_ROOM1,4,2
general__rom_082d4d94,30A,flat,native_fallback,11,11,FR_SSANNE_2F_ROOM1,5,2
general__rom_082d4d94,30B,flat,native_fallback,11,11,FR_SSANNE_2F_ROOM1,0,6
general__rom_082d4d94,30C,flat,native_fallback,1,1,FR_SSANNE_CAPTAINS_OFFICE,2,2
general__rom_082d4d94,30D,flat,native_fallback,1,1,FR_SSANNE_CAPTAINS_OFFICE,1,4
general__rom_082d4d94,30E,flat,native_fallback,1,1,FR_SSANNE_CAPTAINS_OFFICE,2,4
general__rom_082d4d94,30F,flat,native_fallback,1,1,FR_SSANNE_CAPTAINS_OFFICE,3,4
general__rom_082d4d94,310,flat,native_fallback,11,11,FR_SSANNE_2F_ROOM1,3,3
general__rom_082d4d94,311,flat,native_fallback,11,11,FR_SSANNE_2F_ROOM1,4,3
general__rom_082d4d94,312,flat,native_fallback,11,11,FR_SSANNE_2F_ROOM1,5,3
general__rom_082d4d94,313,flat,native_fallback,11,11,FR_SSANNE_2F_ROOM1,0,7
general__rom_082d4d94,31C,flat,native_fallback,105,7,FR_SSANNE_1F_ROOM1,2,4
general__rom_082d4d94,31D,flat,native_fallback,7,7,FR_SSANNE_1F_ROOM1,0,2
general__rom_082d4d94,31E,flat,native_fallback,28,7,FR_SSANNE_1F_ROOM1,1,2
general__rom_082d4d94,31F,flat,native_fallback,14,7,FR_SSANNE_1F_ROOM1,0,3
general__rom_082d4d94,324,flat,native_fallback,176,11,FR_SSANNE_2F_ROOM1,3,6
general__rom_082d4d94,327,flat,native_fallback,22,11,FR_SSANNE_2F_ROOM1,0,4
general__rom_082d4d94,328,flat,native_fallback,7,7,FR_SSANNE_1F_ROOM1,3,5
general__rom_082d4d94,329,flat,native_fallback,7,7,FR_SSANNE_1F_ROOM1,4,5
general__rom_082d4d94,32A,flat,native_fallback,7,7,FR_SSANNE_1F_ROOM1,5,5
general__rom_082d4d94,32B,flat,native_fallback,7,7,FR_SSANNE_1F_ROOM1,5,1
general__rom_082d4d94,330,flat,native_fallback,7,7,FR_SSANNE_1F_ROOM1,3,6
general__rom_082d4d94,331,flat,native_fallback,7,7,FR_SSANNE_1F_ROOM1,4,6
general__rom_082d4d94,332,flat,native_fallback,7,7,FR_SSANNE_1F_ROOM1,5,6
general__rom_082d4d94,333,flat,native_fallback,7,7,FR_SSANNE_1F_ROOM1,5,2
general__rom_082d4d94,334,flat,native_fallback,7,7,FR_SSANNE_1F_ROOM1,2,6
general__rom_082d4d94,338,flat,native_fallback,7,7,FR_SSANNE_1F_ROOM1,0,5
general__rom_082d4d94,339,flat,native_fallback,7,7,FR_SSANNE_1F_ROOM1,1,5
general__rom_082d4d94,33A,flat,native_fallback,7,7,FR_SSANNE_1F_ROOM1,3,1
general__rom_082d4d94,33B,flat,native_fallback,22,11,FR_SSANNE_2F_ROOM1,1,1
general__rom_082d4d94,33C,flat,native_fallback,11,11,FR_SSANNE_2F_ROOM1,1,4
general__rom_082d4d94,33D,flat,native_fallback,11,11,FR_SSANNE_2F_ROOM1,3,7
general__rom_082d4d94,33E,flat,native_fallback,11,11,FR_SSANNE_2F_ROOM1,4,7
general__rom_082d4d94,33F,flat,native_fallback,11,11,FR_SSANNE_2F_ROOM1,5,7
general__rom_082d4d94,340,flat,native_fallback,7,7,FR_SSANNE_1F_ROOM1,0,6
general__rom_082d4d94,341,flat,native_fallback,7,7,FR_SSANNE_1F_ROOM1,1,6
general__rom_082d4d94,342,flat,native_fallback,11,11,FR_SSANNE_2F_ROOM1,0,2
general__rom_082d4d94,343,flat,native_fallback,11,11,FR_SSANNE_2F_ROOM1,1,2
general__rom_082d4d94,344,flat,native_fallback,11,11,FR_SSANNE_2F_ROOM1,2,2
general__rom_082d4d94,348,flat,native_fallback,7,7,FR_SSANNE_1F_ROOM1,0,7
general__rom_082d4d94,349,flat,native_fallback,7,7,FR_SSANNE_1F_ROOM1,1,7
general__rom_082d4d94,34A,flat,native_fallback,11,11,FR_SSANNE_2F_ROOM1,0,3
general__rom_082d4d94,34B,flat,native_fallback,11,11,FR_SSANNE_2F_ROOM1,1,3
general__rom_082d4d94,34C,flat,native_fallback,11,11,FR_SSANNE_2F_ROOM1,2,3
general__rom_082d4d94,350,flat,native_fallback,59,1,FR_SSANNE_DECK,12,6
general__rom_082d4d94,351,flat,native_fallback,4,1,FR_SSANNE_DECK,5,5
general__rom_082d4d94,352,flat,native_fallback,4,1,FR_SSANNE_DECK,2,7
general__rom_082d4d94,353,flat,native_fallback,3,1,FR_SSANNE_DECK,7,6
general__rom_082d4d94,354,flat,native_fallback,1,1,FR_SSANNE_B1F_CORRIDOR,19,2
general__rom_082d4d94,355,flat,native_fallback,1,1,FR_SSANNE_B1F_CORRIDOR,19,4
general__rom_082d4d94,356,flat,native_fallback,1,1,FR_SSANNE_3F_CORRIDOR,0,3
general__rom_082d4d94,357,flat,native_fallback,1,1,FR_SSANNE_3F_CORRIDOR,1,3
general__rom_082d4d94,358,flat,native_fallback,1,1,FR_SSANNE_DECK,0,8
general__rom_082d4d94,359,flat,native_fallback,4,1,FR_SSANNE_DECK,3,7
general__rom_082d4d94,35A,flat,native_fallback,4,1,FR_SSANNE_DECK,2,8
general__rom_082d4d94,35B,flat,native_fallback,1,1,FR_SSANNE_DECK,9,4
general__rom_082d4d94,35C,flat,native_fallback,1,1,FR_SSANNE_DECK,10,4
general__rom_082d4d94,35D,flat,native_fallback,1,1,FR_SSANNE_DECK,18,4
general__rom_082d4d94,35E,flat,native_fallback,1,1,FR_SSANNE_3F_CORRIDOR,0,4
general__rom_082d4d94,35F,flat,native_fallback,1,1,FR_SSANNE_3F_CORRIDOR,1,4
general__rom_082d4d94,360,flat,native_fallback,1,1,FR_SSANNE_DECK,0,9
general__rom_082d4d94,361,flat,native_fallback,1,1,FR_SSANNE_DECK,1,9
general__rom_082d4d94,362,flat,native_fallback,4,1,FR_SSANNE_DECK,2,9
general__rom_082d4d94,363,flat,native_fallback,1,1,FR_SSANNE_DECK,9,5
general__rom_082d4d94,364,flat,native_fallback,4,1,FR_SSANNE_DECK,12,5
general__rom_082d4d94,365,flat,native_fallback,5,1,FR_SSANNE_DECK,19,4
general__rom_082d4d94,366,flat,native_fallback,1,1,FR_SSANNE_3F_CORRIDOR,0,5
general__rom_082d4d94,367,flat,native_fallback,1,1,FR_SSANNE_3F_CORRIDOR,1,5
general__rom_082d4d94,368,flat,native_fallback,1,1,FR_SSANNE_DECK,0,10
general__rom_082d4d94,369,flat,native_fallback,4,1,FR_SSANNE_DECK,7,13
general__rom_082d4d94,36A,flat,native_fallback,4,1,FR_SSANNE_DECK,2,10
general__rom_082d4d94,36B,flat,native_fallback,1,1,FR_SSANNE_DECK,9,13
general__rom_082d4d94,36C,flat,native_fallback,4,1,FR_SSANNE_DECK,10,13
general__rom_082d4d94,36D,flat,native_fallback,1,1,FR_SSANNE_DECK,16,5
general__rom_082d4d94,36E,flat,native_fallback,1,1,FR_SSANNE_DECK,17,5
general__rom_082d4d94,370,flat,native_fallback,4,1,FR_SSANNE_DECK,1,13
general__rom_082d4d94,371,flat,native_fallback,4,1,FR_SSANNE_DECK,4,17
general__rom_082d4d94,372,flat,native_fallback,4,1,FR_SSANNE_DECK,8,14
general__rom_082d4d94,373,flat,native_fallback,1,1,FR_SSANNE_DECK,9,14
general__rom_082d4d94,374,flat,native_fallback,14,1,FR_SSANNE_DECK,10,14
general__rom_082d4d94,375,flat,native_fallback,1,1,FR_SSANNE_DECK,16,6
general__rom_082d4d94,376,flat,native_fallback,1,1,FR_SSANNE_DECK,17,4
general__rom_082d4d94,377,flat,native_fallback,3,1,FR_SSANNE_DECK,12,7
general__rom_082d4d94,378,flat,native_fallback,3,1,FR_SSANNE_DECK,3,10
general__rom_082d4d94,379,flat,native_fallback,4,1,FR_SSANNE_DECK,1,12
general__rom_082d4d94,37A,flat,native_fallback,28,1,FR_SSANNE_DECK,5,15
general__rom_082d4d94,37B,flat,native_fallback,4,1,FR_SSANNE_DECK,9,15
general__rom_082d4d94,37C,flat,native_fallback,56,1,FR_SSANNE_DECK,12,15
general__rom_082d4d94,37D,flat,native_fallback,1,1,FR_SSANNE_DECK,16,7
general__rom_082d4d94,37E,flat,native_fallback,1,1,FR_SSANNE_DECK,16,13
general__rom_082d4d94,37F,flat,native_fallback,7,1,FR_SSANNE_DECK,23,13
general__rom_082d4d94,380,flat,native_fallback,1,1,FR_SSANNE_DECK,16,9
general__rom_082d4d94,381,flat,native_fallback,4,1,FR_SSANNE_DECK,17,8
general__rom_082d4d94,382,flat,native_fallback,5,1,FR_SSANNE_DECK,18,7
general__rom_082d4d94,383,flat,native_fallback,25,1,FR_SSANNE_DECK,20,5
general__rom_082d4d94,384,flat,native_fallback,2,1,FR_SSANNE_DECK,9,6
general__rom_082d4d94,385,flat,native_fallback,1,1,FR_SSANNE_DECK,16,8
general__rom_082d4d94,387,flat,native_fallback,2,1,FR_SSANNE_DECK,14,12
general__rom_082d4d94,388,flat,native_fallback,1,1,FR_SSANNE_DECK,16,10
general__rom_082d4d94,389,flat,native_fallback,1,1,FR_SSANNE_DECK,17,10
general__rom_082d4d94,38A,flat,native_fallback,1,1,FR_SSANNE_DECK,18,10
general__rom_082d4d94,38B,flat,native_fallback,5,1,FR_SSANNE_DECK,19,10
general__rom_082d4d94,38C,flat,native_fallback,2,1,FR_SSANNE_DECK,9,7
general__rom_082d4d94,38F,flat,native_fallback,2,1,FR_SSANNE_DECK,15,5
general__rom_082d4d94,390,flat,native_fallback,1,1,FR_SSANNE_DECK,16,11
general__rom_082d4d94,391,flat,native_fallback,1,1,FR_SSANNE_DECK,17,11
general__rom_082d4d94,392,flat,native_fallback,1,1,FR_SSANNE_DECK,18,11
general__rom_082d4d94,393,flat,native_fallback,5,1,FR_SSANNE_DECK,21,11
general__rom_082d4d94,394,flat,native_fallback,1,1,FR_SSANNE_CAPTAINS_OFFICE,3,7
general__rom_082d4d94,395,flat,native_fallback,7,1,FR_SSANNE_1F_CORRIDOR,5,10
general__rom_082d4d94,396,flat,native_fallback,2,1,FR_SSANNE_DECK,15,6
general__rom_082d4d94,397,flat,native_fallback,2,1,FR_SSANNE_DECK,14,13
general__rom_082d4d94,398,flat,native_fallback,1,1,FR_SSANNE_DECK,16,12
general__rom_082d4d94,399,flat,native_fallback,1,1,FR_SSANNE_DECK,17,12
general__rom_082d4d94,39A,flat,native_fallback,3,1,FR_SSANNE_DECK,23,12
general__rom_082d4d94,39B,flat,native_fallback,3,1,FR_SSANNE_DECK,20,12
general__rom_082d4d94,39C,flat,native_fallback,1,1,FR_SSANNE_1F_CORRIDOR,28,17
general__rom_082d4d94,3A0,flat,native_fallback,1,1,FR_SSANNE_B1F_CORRIDOR,20,4
general__rom_082d4d94,3A1,flat,native_fallback,1,1,FR_SSANNE_B1F_CORRIDOR,21,4
general__rom_082d4d94,3A2,flat,native_fallback,1,1,FR_SSANNE_B1F_CORRIDOR,19,3
general__rom_082d4d94,3A3,flat,native_fallback,2,2,FR_SSANNE_2F_CORRIDOR,32,0
general__rom_082d4d94,3A4,flat,native_fallback,1,1,FR_SSANNE_1F_CORRIDOR,1,6
general__rom_082d4d94,3A5,flat,native_fallback,1,1,FR_SSANNE_2F_CORRIDOR,30,2
general__rom_082d4d94,3A6,flat,native_fallback,1,1,FR_SSANNE_2F_CORRIDOR,1,10
general__rom_082d4d94,3A7,flat,native_fallback,1,1,FR_SSANNE_2F_CORRIDOR,3,11
general__rom_082d4d94,3A8,flat,native_fallback,1,1,FR_SSANNE_2F_CORRIDOR,3,12
general__rom_082d4d94,3AE,flat,native_fallback,1,1,FR_SSANNE_DECK,14,4
general__rom_082d4d94,3AF,flat,native_fallback,1,1,FR_SSANNE_1F_CORRIDOR,2,18
general__rom_082d4d94,3B0,flat,native_fallback,1,1,FR_SSANNE_DECK,11,4
general__rom_082d4d94,3B1,flat,native_fallback,1,1,FR_SSANNE_DECK,12,4
general__rom_082d4d94,3B2,flat,native_fallback,1,1,FR_SSANNE_DECK,13,4
general__rom_082d4d94,3B3,flat,native_fallback,1,1,FR_SSANNE_DECK,15,4
general__rom_082d4d94,3B4,flat,native_fallback,1,1,FR_SSANNE_DECK,16,4
general__rom_082d4d94,3B6,flat,native_fallback,1,1,FR_SSANNE_2F_CORRIDOR,2,3
general__rom_082d4d94,3B7,flat,native_fallback,1,1,FR_SSANNE_2F_CORRIDOR,2,2
general__rom_082d4d94,3B8,flat,native_fallback,2,2,FR_SSANNE_2F_CORRIDOR,3,2
general__rom_082d4d94,3B9,flat,native_fallback,2,2,FR_SSANNE_2F_CORRIDOR,4,2
general__rom_082d4d94,3BA,flat,native_fallback,2,2,FR_SSANNE_2F_CORRIDOR,3,3
general__rom_082d4d94,3BB,flat,native_fallback,2,2,FR_SSANNE_2F_CORRIDOR,4,3
general__rom_082d4d94,3BC,flat,native_fallback,1,1,FR_SSANNE_3F_CORRIDOR,18,3
general__rom_082d4d94,3BD,flat,native_fallback,1,1,FR_SSANNE_3F_CORRIDOR,18,2
general__rom_082d4d94,3BE,flat,native_fallback,14,1,FR_SSANNE_KITCHEN,2,13
general__rom_082d4d94,3BF,flat,native_fallback,20,11,FR_SSANNE_1F_CORRIDOR,19,0
general__rom_082d4d94,3C5,flat,native_fallback,4,1,FR_SSANNE_DECK,12,2
general__rom_082d4d94,3C6,flat,native_fallback,8,1,FR_SSANNE_DECK,14,0
general__rom_082d4d94,3C7,flat,native_fallback,4,1,FR_SSANNE_DECK,15,0
general__rom_082d4dc4,064,wall,unmatched_building,1,1,FR_VIRIDIAN_FOREST,0,9
general__rom_082d4dc4,065,wall,unmatched_building,2,1,FR_VIRIDIAN_FOREST,2,9
general__rom_082d4dc4,066,flat,unreviewed,1,1,FR_VIRIDIAN_FOREST,10,9
general__rom_082d4dc4,00D,grass,modeled_grass,1487,2,FR_SIX_ISLAND_PATTERN_BUSH,52,15
general__rom_082d4dc4,010,flat,reviewed_surface,215,2,FR_SIX_ISLAND_PATTERN_BUSH,54,25
general__rom_082d4dc4,011,flat,reviewed_surface,154,2,FR_SIX_ISLAND_PATTERN_BUSH,55,25
general__rom_082d4dc4,001,flat,reviewed_surface,58,1,FR_VIRIDIAN_FOREST,16,29
general__rom_082d4dc4,0D0,flat,reviewed_surface,6,1,FR_VIRIDIAN_FOREST,4,29
general__rom_082d4dc4,0D1,flat,unreviewed,38,1,FR_VIRIDIAN_FOREST,5,29
general__rom_082d4dc4,0D2,flat,unreviewed,7,1,FR_VIRIDIAN_FOREST,15,29
general__rom_082d4dc4,0D3,flat,reviewed_surface,1,1,FR_VIRIDIAN_FOREST,28,61
general__rom_082d4dc4,0D4,flat,reviewed_surface,1,1,FR_VIRIDIAN_FOREST,29,61
general__rom_082d4dc4,0D5,flat,reviewed_surface,1,1,FR_VIRIDIAN_FOREST,30,61
general__rom_082d4dc4,0D8,flat,unreviewed,19,1,FR_VIRIDIAN_FOREST,4,30
general__rom_082d4dc4,0D9,flat,unreviewed,55,1,FR_VIRIDIAN_FOREST,14,7
general__rom_082d4dc4,0DA,flat,unreviewed,18,1,FR_VIRIDIAN_FOREST,14,9
general__rom_082d4dc4,0DB,flat,reviewed_surface,10,1,FR_SIX_ISLAND_PATTERN_BUSH,3,31
general__rom_082d4dc4,0DC,flat,reviewed_surface,10,1,FR_SIX_ISLAND_PATTERN_BUSH,4,28
general__rom_082d4dc4,0DD,flat,reviewed_surface,10,1,FR_SIX_ISLAND_PATTERN_BUSH,5,29
general__rom_082d4dc4,0E0,flat,reviewed_surface,6,1,FR_VIRIDIAN_FOREST,15,61
general__rom_082d4dc4,0E1,flat,unreviewed,32,1,FR_VIRIDIAN_FOREST,17,61
general__rom_082d4dc4,0E2,flat,unreviewed,5,1,FR_VIRIDIAN_FOREST,26,61
general__rom_082d4dc4,0E3,flat,reviewed_surface,1,1,FR_VIRIDIAN_FOREST,4,11
general__rom_082d4dc4,0E4,flat,reviewed_surface,1,1,FR_VIRIDIAN_FOREST,5,11
general__rom_082d4dc4,0E5,flat,reviewed_surface,1,1,FR_VIRIDIAN_FOREST,6,11
general__rom_082d4dc4,0EA,flat,unreviewed,1,1,FR_VIRIDIAN_FOREST,11,0
general__rom_082d4dc4,0F1,fence,modeled_fence,3,1,FR_VIRIDIAN_FOREST,11,1
general__rom_082d4dc4,0F2,fence,modeled_fence,1,1,FR_VIRIDIAN_FOREST,3,12
general__rom_082d4dc4,0F3,fence,modeled_fence,1,1,FR_VIRIDIAN_FOREST,7,12
general__rom_082d4dc4,0F9,flat,unreviewed,1,1,FR_VIRIDIAN_FOREST,11,4
general__rom_082d4dc4,0FE,flat,unreviewed,1,1,FR_VIRIDIAN_FOREST,13,30
general__rom_082d4dc4,0FF,flat,unreviewed,2,1,FR_VIRIDIAN_FOREST,6,30
general__rom_082d4dc4,106,flat,unreviewed,1,1,FR_VIRIDIAN_FOREST,20,8
general__rom_082d4dc4,107,flat,unreviewed,1,1,FR_VIRIDIAN_FOREST,14,8
general__rom_082d4dc4,002,sign,modeled_sign,1,1,FR_VIRIDIAN_FOREST,6,12
general__rom_082d4dc4,179,flat,unreviewed,1,1,FR_VIRIDIAN_FOREST,29,62
general__rom_082d4dc4,183,flat,unreviewed,1,1,FR_VIRIDIAN_FOREST,0,6
general__rom_082d4dc4,184,flat,unreviewed,9,1,FR_VIRIDIAN_FOREST,9,6
general__rom_082d4dc4,185,flat,unreviewed,1,1,FR_VIRIDIAN_FOREST,10,6
general__rom_082d4dc4,188,roof,unmatched_building,1,1,FR_VIRIDIAN_FOREST,3,8
general__rom_082d4dc4,189,wall,unmatched_building,3,1,FR_VIRIDIAN_FOREST,4,8
general__rom_082d4dc4,18A,wall,unmatched_building,1,1,FR_VIRIDIAN_FOREST,7,8
general__rom_082d4dc4,003,sign,modeled_sign,5,1,FR_VIRIDIAN_FOREST,9,29
general__rom_082d4dc4,190,flat,unreviewed,1,1,FR_VIRIDIAN_FOREST,3,9
general__rom_082d4dc4,191,flat,unreviewed,3,1,FR_VIRIDIAN_FOREST,4,9
general__rom_082d4dc4,192,flat,unreviewed,1,1,FR_VIRIDIAN_FOREST,7,9
general__rom_082d4dc4,199,wall,unmatched_building,1,1,FR_VIRIDIAN_FOREST,5,10
general__rom_082d4dc4,1B5,flat,unreviewed,9,1,FR_VIRIDIAN_FOREST,9,7
general__rom_082d4dc4,1B6,flat,unreviewed,1,1,FR_VIRIDIAN_FOREST,0,7
general__rom_082d4dc4,1B7,flat,unreviewed,1,1,FR_VIRIDIAN_FOREST,10,7
general__rom_082d4dc4,281,flat,unreviewed,25,1,FR_VIRIDIAN_FOREST,13,61
general__rom_082d4dc4,282,flat,unreviewed,30,1,FR_VIRIDIAN_FOREST,49,42
general__rom_082d4dc4,283,flat,unreviewed,2,1,FR_VIRIDIAN_FOREST,9,9
general__rom_082d4dc4,284,flat,unreviewed,29,2,FR_SIX_ISLAND_PATTERN_BUSH,31,24
general__rom_082d4dc4,286,flat,unreviewed,7,1,FR_VIRIDIAN_FOREST,16,61
general__rom_082d4dc4,287,flat,unreviewed,1,1,FR_VIRIDIAN_FOREST,31,25
general__rom_082d4dc4,288,flat,unreviewed,61,2,FR_SIX_ISLAND_PATTERN_BUSH,48,25
general__rom_082d4dc4,289,flat,unreviewed,19,2,FR_SIX_ISLAND_PATTERN_BUSH,49,25
general__rom_082d4dc4,28A,flat,unreviewed,63,2,FR_SIX_ISLAND_PATTERN_BUSH,50,25
general__rom_082d4dc4,28B,flat,unreviewed,1,1,FR_VIRIDIAN_FOREST,3,10
general__rom_082d4dc4,28C,flat,unreviewed,1,1,FR_VIRIDIAN_FOREST,4,10
general__rom_082d4dc4,28D,flat,unreviewed,1,1,FR_VIRIDIAN_FOREST,7,10
general__rom_082d4dc4,28E,flat,unreviewed,1,1,FR_VIRIDIAN_FOREST,28,56
general__rom_082d4dc4,28F,flat,unreviewed,1,1,FR_VIRIDIAN_FOREST,30,56
general__rom_082d4dc4,290,flat,unreviewed,369,2,FR_SIX_ISLAND_PATTERN_BUSH,57,14
general__rom_082d4dc4,291,flat,unreviewed,345,2,FR_SIX_ISLAND_PATTERN_BUSH,58,14
general__rom_082d4dc4,292,flat,unreviewed,324,2,FR_SIX_ISLAND_PATTERN_BUSH,59,14
general__rom_082d4dc4,293,flat,unreviewed,1,1,FR_VIRIDIAN_FOREST,6,10
general__rom_082d4dc4,294,flat,unreviewed,1,1,FR_VIRIDIAN_FOREST,27,62
general__rom_082d4dc4,295,flat,unreviewed,1,1,FR_VIRIDIAN_FOREST,28,62
general__rom_082d4dc4,296,flat,unreviewed,1,1,FR_VIRIDIAN_FOREST,18,24
general__rom_082d4dc4,298,flat,unreviewed,375,2,FR_SIX_ISLAND_PATTERN_BUSH,57,25
general__rom_082d4dc4,299,flat,unreviewed,418,2,FR_SIX_ISLAND_PATTERN_BUSH,58,25
general__rom_082d4dc4,29A,flat,unreviewed,378,2,FR_SIX_ISLAND_PATTERN_BUSH,59,25
general__rom_082d4dc4,29C,flat,unreviewed,1,1,FR_VIRIDIAN_FOREST,30,62
general__rom_082d4dc4,29D,flat,unreviewed,1,1,FR_VIRIDIAN_FOREST,31,62
general__rom_082d4dc4,29E,flat,unreviewed,1,1,FR_VIRIDIAN_FOREST,18,25
general__rom_082d4dc4,2A0,flat,unreviewed,38,2,FR_SIX_ISLAND_PATTERN_BUSH,36,2
general__rom_082d4dc4,2A1,flat,unreviewed,64,2,FR_SIX_ISLAND_PATTERN_BUSH,10,2
general__rom_082d4dc4,2A2,flat,unreviewed,86,2,FR_SIX_ISLAND_PATTERN_BUSH,11,2
general__rom_082d4dc4,2A3,flat,unreviewed,64,2,FR_SIX_ISLAND_PATTERN_BUSH,36,3
general__rom_082d4dc4,2A4,flat,unreviewed,64,2,FR_SIX_ISLAND_PATTERN_BUSH,10,3
general__rom_082d4dc4,2A5,flat,unreviewed,63,2,FR_SIX_ISLAND_PATTERN_BUSH,11,3
general__rom_082d4dc4,2A6,flat,unreviewed,1,1,FR_VIRIDIAN_FOREST,3,11
general__rom_082d4dc4,2A7,flat,unreviewed,1,1,FR_VIRIDIAN_FOREST,7,11
general__rom_082d4dc4,2A8,flat,unreviewed,2,1,FR_SIX_ISLAND_PATTERN_BUSH,54,26
general__rom_082d4dc4,2A9,flat,unreviewed,2,1,FR_SIX_ISLAND_PATTERN_BUSH,55,26
general__rom_082d4dc4,2AA,flat,unreviewed,2,1,FR_SIX_ISLAND_PATTERN_BUSH,56,26
general__rom_082d4dc4,044,wall,unmatched_building,1,1,FR_VIRIDIAN_FOREST,24,63
general__rom_082d4dc4,045,wall,unmatched_building,9,1,FR_VIRIDIAN_FOREST,25,63
general__rom_082d4dc4,046,wall,unmatched_building,1,1,FR_VIRIDIAN_FOREST,34,63
general__rom_082d4dc4,04C,flat,unreviewed,12,1,FR_VIRIDIAN_FOREST,24,69
general__rom_082d4dc4,04D,flat,unreviewed,108,1,FR_VIRIDIAN_FOREST,3,0
general__rom_082d4dc4,04E,flat,unreviewed,12,1,FR_VIRIDIAN_FOREST,34,69
general__rom_082d4dc4,008,flat,reviewed_surface,237,2,FR_SIX_ISLAND_PATTERN_BUSH,54,14
general__rom_082d4dc4,05C,wall,unmatched_building,1,1,FR_VIRIDIAN_FOREST,0,8
general__rom_082d4dc4,05D,wall,unmatched_building,4,1,FR_VIRIDIAN_FOREST,2,8
general__rom_082d4dc4,05E,wall,unmatched_building,1,1,FR_VIRIDIAN_FOREST,10,8
general__rom_082d4dc4,009,flat,reviewed_surface,277,2,FR_SIX_ISLAND_PATTERN_BUSH,55,14
general__rom_082d4df4,281,flat,native_fallback,1771,3,FR_ROCK_TUNNEL_1F,45,33
general__rom_082d4df4,282,flat,native_fallback,94,3,FR_ROCK_TUNNEL_1F,31,34
general__rom_082d4df4,283,flat,native_fallback,92,3,FR_ROCK_TUNNEL_1F,44,33
general__rom_082d4df4,284,flat,native_fallback,2,1,FR_SIX_ISLAND_ALTERING_CAVE,26,14
general__rom_082d4df4,285,flat,native_fallback,1,1,FR_ROCK_TUNNEL_1F,4,2
general__rom_082d4df4,287,flat,native_fallback,2,2,FR_ROCK_TUNNEL_1F,18,37
general__rom_082d4df4,288,flat,native_fallback,53,3,FR_ROCK_TUNNEL_1F,1,32
general__rom_082d4df4,289,flat,native_fallback,258,3,FR_ROCK_TUNNEL_1F,34,36
general__rom_082d4df4,28A,flat,native_fallback,58,3,FR_ROCK_TUNNEL_1F,11,32
general__rom_082d4df4,28E,flat,native_fallback,4,1,FR_ROCK_TUNNEL_B1F,33,2
general__rom_082d4df4,28F,flat,native_fallback,1,1,FR_ROCK_TUNNEL_1F,17,1
general__rom_082d4df4,290,flat,native_fallback,211,3,FR_ROCK_TUNNEL_1F,46,33
general__rom_082d4df4,291,flat,native_fallback,832,3,FR_ROCK_TUNNEL_1F,47,33
general__rom_082d4df4,292,flat,native_fallback,180,3,FR_ROCK_TUNNEL_1F,0,34
general__rom_082d4df4,296,flat,native_fallback,4,1,FR_ROCK_TUNNEL_B1F,33,3
general__rom_082d4df4,297,flat,native_fallback,1,1,FR_ROCK_TUNNEL_1F,17,2
general__rom_082d4df4,298,flat,native_fallback,56,3,FR_ROCK_TUNNEL_1F,25,27
general__rom_082d4df4,299,flat,native_fallback,204,3,FR_ROCK_TUNNEL_1F,20,27
general__rom_082d4df4,29A,flat,native_fallback,59,3,FR_ROCK_TUNNEL_1F,24,27
general__rom_082d4df4,29B,flat,native_fallback,16,3,FR_ROCK_TUNNEL_1F,41,0
general__rom_082d4df4,29C,flat,native_fallback,14,3,FR_ROCK_TUNNEL_1F,8,0
general__rom_082d4df4,2A3,flat,native_fallback,11,3,FR_ROCK_TUNNEL_1F,21,39
general__rom_082d4df4,2A4,flat,native_fallback,5,3,FR_ROCK_TUNNEL_1F,14,39
general__rom_082d4df4,2AF,flat,native_fallback,3,1,FR_ROCK_TUNNEL_1F,20,13
general__rom_082d4df4,2C8,flat,native_fallback,2,2,FR_ROCK_TUNNEL_1F,17,38
general__rom_082d4df4,2C9,flat,native_fallback,2,2,FR_ROCK_TUNNEL_1F,18,38
general__rom_082d4df4,2CA,flat,native_fallback,2,2,FR_ROCK_TUNNEL_1F,19,38
general__rom_082d4df4,2CD,flat,native_fallback,1,1,FR_ROCK_TUNNEL_1F,14,33
general__rom_082d4df4,2D0,flat,native_fallback,1,1,FR_SIX_ISLAND_ALTERING_CAVE,24,9
general__rom_082d4df4,2D1,flat,native_fallback,4,1,FR_SIX_ISLAND_ALTERING_CAVE,25,9
general__rom_082d4df4,2D2,flat,native_fallback,1,1,FR_SIX_ISLAND_ALTERING_CAVE,29,9
general__rom_082d4df4,2D5,flat,native_fallback,3,1,FR_SIX_ISLAND_ALTERING_CAVE,17,13
general__rom_082d4df4,2D6,flat,native_fallback,3,1,FR_SIX_ISLAND_ALTERING_CAVE,18,13
general__rom_082d4df4,2D8,flat,native_fallback,2,1,FR_SIX_ISLAND_ALTERING_CAVE,24,10
general__rom_082d4df4,2D9,flat,native_fallback,11,1,FR_SIX_ISLAND_ALTERING_CAVE,25,10
general__rom_082d4df4,2DA,flat,native_fallback,3,1,FR_SIX_ISLAND_ALTERING_CAVE,29,10
general__rom_082d4df4,2DB,flat,native_fallback,2,1,FR_SIX_ISLAND_ALTERING_CAVE,26,13
general__rom_082d4df4,2DC,flat,native_fallback,1,1,FR_SIX_ISLAND_ALTERING_CAVE,27,13
general__rom_082d4df4,2DD,flat,native_fallback,3,1,FR_SIX_ISLAND_ALTERING_CAVE,17,14
general__rom_082d4df4,2DE,flat,native_fallback,3,1,FR_SIX_ISLAND_ALTERING_CAVE,18,14
general__rom_082d4df4,2E0,flat,native_fallback,2,1,FR_SIX_ISLAND_ALTERING_CAVE,25,13
general__rom_082d4df4,2E1,flat,native_fallback,1,1,FR_SIX_ISLAND_ALTERING_CAVE,28,13
general__rom_082d4df4,2E2,flat,native_fallback,1,1,FR_SIX_ISLAND_ALTERING_CAVE,29,13
general__rom_082d4df4,2EE,flat,native_fallback,7,2,FR_ROCK_TUNNEL_1F,10,5
general__rom_082d4df4,2EF,flat,native_fallback,7,2,FR_ROCK_TUNNEL_1F,11,5
general__rom_082d4df4,2F3,flat,native_fallback,24,3,FR_ROCK_TUNNEL_1F,10,18
general__rom_082d4df4,2F4,flat,native_fallback,36,3,FR_ROCK_TUNNEL_1F,18,15
general__rom_082d4df4,2F5,flat,native_fallback,33,3,FR_ROCK_TUNNEL_1F,3,20
general__rom_082d4df4,2F6,flat,native_fallback,7,2,FR_ROCK_TUNNEL_1F,10,6
general__rom_082d4df4,2F7,flat,native_fallback,7,2,FR_ROCK_TUNNEL_1F,11,6
general__rom_082d4df4,2F8,flat,native_fallback,17,3,FR_ROCK_TUNNEL_1F,17,17
general__rom_082d4df4,2F9,flat,native_fallback,23,3,FR_ROCK_TUNNEL_1F,12,18
general__rom_082d4df4,2FB,flat,native_fallback,29,3,FR_ROCK_TUNNEL_1F,17,16
general__rom_082d4df4,2FC,flat,native_fallback,161,3,FR_ROCK_TUNNEL_1F,4,28
general__rom_082d4df4,2FD,flat,native_fallback,35,3,FR_ROCK_TUNNEL_1F,19,16
general__rom_082d4df4,300,flat,native_fallback,15,3,FR_ROCK_TUNNEL_1F,35,5
general__rom_082d4df4,301,flat,native_fallback,21,2,FR_ROCK_TUNNEL_1F,10,28
general__rom_082d4df4,303,flat,native_fallback,22,3,FR_ROCK_TUNNEL_1F,10,19
general__rom_082d4df4,304,flat,native_fallback,44,3,FR_ROCK_TUNNEL_1F,12,28
general__rom_082d4df4,305,flat,native_fallback,30,3,FR_ROCK_TUNNEL_1F,2,31
general__rom_082d4df4,308,flat,native_fallback,4,1,FR_ROCK_TUNNEL_1F,10,27
general__rom_082d4df4,309,flat,native_fallback,35,2,FR_ROCK_TUNNEL_1F,11,27
general__rom_082d4df4,30A,flat,native_fallback,3,1,FR_ROCK_TUNNEL_1F,15,27
general__rom_082d4df4,30E,flat,native_fallback,22,2,FR_ROCK_TUNNEL_1F,39,5
general__rom_082d4df4,30F,flat,native_fallback,46,2,FR_ROCK_TUNNEL_1F,0,29
general__rom_082d4e0c,000,flat,native_fallback,96,2,FR_DIGLETTS_CAVE_B1F,85,28
general__rom_082d4e0c,281,flat,native_fallback,453,3,FR_DIGLETTS_CAVE_B1F,69,60
general__rom_082d4e0c,282,flat,native_fallback,13,1,FR_DIGLETTS_CAVE_B1F,54,41
general__rom_082d4e0c,283,flat,native_fallback,19,1,FR_DIGLETTS_CAVE_B1F,52,41
general__rom_082d4e0c,287,flat,native_fallback,3,3,FR_DIGLETTS_CAVE_NORTH_ENTRANCE,4,6
general__rom_082d4e0c,289,flat,native_fallback,62,3,FR_DIGLETTS_CAVE_B1F,29,27
general__rom_082d4e0c,28A,flat,native_fallback,25,1,FR_DIGLETTS_CAVE_B1F,60,53
general__rom_082d4e0c,28F,flat,native_fallback,2,1,FR_DIGLETTS_CAVE_B1F,82,70
general__rom_082d4e0c,290,flat,native_fallback,59,3,FR_DIGLETTS_CAVE_B1F,4,3
general__rom_082d4e0c,291,flat,native_fallback,4789,3,FR_DIGLETTS_CAVE_B1F,10,27
general__rom_082d4e0c,292,flat,native_fallback,49,2,FR_DIGLETTS_CAVE_B1F,68,60
general__rom_082d4e0c,297,flat,native_fallback,2,1,FR_DIGLETTS_CAVE_B1F,82,71
general__rom_082d4e0c,298,flat,native_fallback,21,1,FR_DIGLETTS_CAVE_B1F,69,52
general__rom_082d4e0c,299,flat,native_fallback,62,3,FR_DIGLETTS_CAVE_B1F,70,52
general__rom_082d4e0c,29B,flat,native_fallback,25,3,FR_DIGLETTS_CAVE_B1F,50,64
general__rom_082d4e0c,29C,flat,native_fallback,56,3,FR_DIGLETTS_CAVE_B1F,4,0
general__rom_082d4e0c,2A3,flat,native_fallback,59,3,FR_DIGLETTS_CAVE_B1F,26,27
general__rom_082d4e0c,2A4,flat,native_fallback,24,3,FR_DIGLETTS_CAVE_B1F,51,29
general__rom_082d4e0c,2AF,flat,native_fallback,2,2,FR_DIGLETTS_CAVE_NORTH_ENTRANCE,6,4
general__rom_082d4e0c,2B7,flat,native_fallback,4,1,FR_SEVEN_ISLAND_SEVAULT_CANYON_TANOBY_KEY,5,7
general__rom_082d4e0c,2BE,flat,native_fallback,1,1,FR_SEVEN_ISLAND_SEVAULT_CANYON_TANOBY_KEY,6,11
general__rom_082d4e0c,2BF,flat,native_fallback,1,1,FR_SEVEN_ISLAND_SEVAULT_CANYON_TANOBY_KEY,8,11
general__rom_082d4e0c,2C2,flat,native_fallback,1,1,FR_SEVEN_ISLAND_SEVAULT_CANYON_TANOBY_KEY,7,11
general__rom_082d4e0c,2C8,flat,native_fallback,2,2,FR_DIGLETTS_CAVE_NORTH_ENTRANCE,3,7
general__rom_082d4e0c,2C9,flat,native_fallback,2,2,FR_DIGLETTS_CAVE_NORTH_ENTRANCE,4,7
general__rom_082d4e0c,2CA,flat,native_fallback,2,2,FR_DIGLETTS_CAVE_NORTH_ENTRANCE,5,7
general__rom_082d4e0c,2CF,flat,native_fallback,67,3,FR_DIGLETTS_CAVE_B1F,29,29
general__rom_082d4e0c,2D0,flat,native_fallback,31,1,FR_DIGLETTS_CAVE_B1F,11,7
general__rom_082d4e0c,2D1,flat,native_fallback,278,1,FR_DIGLETTS_CAVE_B1F,28,28
general__rom_082d4e0c,2D2,flat,native_fallback,41,1,FR_DIGLETTS_CAVE_B1F,27,27
general__rom_082d4e0c,2D5,flat,native_fallback,16,1,FR_DIGLETTS_CAVE_B1F,70,62
general__rom_082d4e0c,2D6,flat,native_fallback,16,1,FR_DIGLETTS_CAVE_B1F,71,62
general__rom_082d4e0c,2D8,flat,native_fallback,183,1,FR_DIGLETTS_CAVE_B1F,16,27
general__rom_082d4e0c,2DA,flat,native_fallback,192,3,FR_DIGLETTS_CAVE_B1F,14,27
general__rom_082d4e0c,2DD,flat,native_fallback,16,1,FR_DIGLETTS_CAVE_B1F,47,41
general__rom_082d4e0c,2DE,flat,native_fallback,16,1,FR_DIGLETTS_CAVE_B1F,48,41
general__rom_082d4e0c,2E0,flat,native_fallback,41,1,FR_DIGLETTS_CAVE_B1F,11,8
general__rom_082d4e0c,2E1,flat,native_fallback,287,3,FR_DIGLETTS_CAVE_B1F,11,5
general__rom_082d4e0c,2E2,flat,native_fallback,31,1,FR_DIGLETTS_CAVE_B1F,53,64
general__rom_082d4e0c,2E4,flat,native_fallback,6,1,FR_SEVEN_ISLAND_SEVAULT_CANYON_TANOBY_KEY,6,1
general__rom_082d4e0c,2E5,flat,native_fallback,6,1,FR_SEVEN_ISLAND_SEVAULT_CANYON_TANOBY_KEY,12,2
general__rom_082d4e0c,2EC,flat,native_fallback,4,1,FR_SEVEN_ISLAND_SEVAULT_CANYON_TANOBY_KEY,2,6
general__rom_082d4e0c,2ED,flat,native_fallback,4,1,FR_SEVEN_ISLAND_SEVAULT_CANYON_TANOBY_KEY,11,15
general__rom_082d4e0c,2FB,flat,native_fallback,1,1,FR_SEVEN_ISLAND_SEVAULT_CANYON_TANOBY_KEY,8,13
general__rom_082d4e0c,2FC,flat,native_fallback,38,3,FR_DIGLETTS_CAVE_NORTH_ENTRANCE,2,2
general__rom_082d4e0c,2FD,flat,native_fallback,2,2,FR_DIGLETTS_CAVE_NORTH_ENTRANCE,2,4
general__rom_082d4e0c,300,flat,native_fallback,2,2,FR_DIGLETTS_CAVE_SOUTH_ENTRANCE,2,2
general__rom_082d4e0c,301,flat,native_fallback,4,3,FR_DIGLETTS_CAVE_NORTH_ENTRANCE,3,2
general__rom_082d4e0c,302,flat,native_fallback,92,1,FR_SEVEN_ISLAND_SEVAULT_CANYON_TANOBY_KEY,2,10
general__rom_082d4e0c,303,flat,native_fallback,1,1,FR_DIGLETTS_CAVE_SOUTH_ENTRANCE,2,3
general__rom_082d4e0c,304,flat,native_fallback,3,2,FR_DIGLETTS_CAVE_SOUTH_ENTRANCE,5,2
general__rom_082d4e0c,305,flat,native_fallback,5,2,FR_DIGLETTS_CAVE_NORTH_ENTRANCE,4,2
general__rom_082d4e0c,306,flat,native_fallback,7,1,FR_SEVEN_ISLAND_SEVAULT_CANYON_TANOBY_KEY,4,4
general__rom_082d4e0c,308,flat,native_fallback,1,1,FR_SEVEN_ISLAND_SEVAULT_CANYON_TANOBY_KEY,10,5
general__rom_082d4e0c,309,flat,native_fallback,2,1,FR_SEVEN_ISLAND_SEVAULT_CANYON_TANOBY_KEY,5,14
general__rom_082d4e0c,30A,flat,native_fallback,1,1,FR_SEVEN_ISLAND_SEVAULT_CANYON_TANOBY_KEY,4,5
general__rom_082d4e0c,30B,flat,native_fallback,8,1,FR_SEVEN_ISLAND_SEVAULT_CANYON_TANOBY_KEY,10,6
general__rom_082d4e0c,30C,flat,native_fallback,3,1,FR_SEVEN_ISLAND_SEVAULT_CANYON_TANOBY_KEY,4,13
general__rom_082d4e0c,30D,flat,native_fallback,2,1,FR_SEVEN_ISLAND_SEVAULT_CANYON_TANOBY_KEY,9,3
general__rom_082d4e0c,30E,flat,native_fallback,3,1,FR_SEVEN_ISLAND_SEVAULT_CANYON_TANOBY_KEY,10,3
general__rom_082d4e0c,30F,flat,native_fallback,4,1,FR_SEVEN_ISLAND_SEVAULT_CANYON_TANOBY_KEY,5,1
general__rom_082d4e0c,310,flat,native_fallback,1,1,FR_SEVEN_ISLAND_SEVAULT_CANYON_TANOBY_KEY,11,6
general__rom_082d4e0c,311,flat,native_fallback,7,1,FR_SEVEN_ISLAND_SEVAULT_CANYON_TANOBY_KEY,9,15
general__rom_082d4e0c,312,flat,native_fallback,1,1,FR_SEVEN_ISLAND_SEVAULT_CANYON_TANOBY_KEY,3,6
general__rom_082d4e0c,313,flat,native_fallback,12,1,FR_SEVEN_ISLAND_SEVAULT_CANYON_TANOBY_KEY,12,4
general__rom_082d4e0c,314,flat,native_fallback,17,1,FR_SEVEN_ISLAND_SEVAULT_CANYON_TANOBY_KEY,3,7
general__rom_082d4e0c,315,flat,native_fallback,2,1,FR_SEVEN_ISLAND_SEVAULT_CANYON_TANOBY_KEY,10,2
general__rom_082d4e0c,316,flat,native_fallback,5,1,FR_SEVEN_ISLAND_SEVAULT_CANYON_TANOBY_KEY,6,0
general__rom_082d4e0c,318,flat,native_fallback,1,1,FR_SEVEN_ISLAND_SEVAULT_CANYON_TANOBY_KEY,6,14
general__rom_082d4e0c,319,flat,native_fallback,1,1,FR_SEVEN_ISLAND_SEVAULT_CANYON_TANOBY_KEY,7,14
general__rom_082d4e0c,31A,flat,native_fallback,1,1,FR_SEVEN_ISLAND_SEVAULT_CANYON_TANOBY_KEY,8,14
general__rom_082d4e24,000,flat,native_fallback,64,2,FR_FOUR_ISLAND_ICEFALL_CAVE_BACK,25,3
general__rom_082d4e24,110,flat,native_fallback,11,1,FR_FOUR_ISLAND_ICEFALL_CAVE_BACK,11,4
general__rom_082d4e24,111,flat,native_fallback,11,1,FR_FOUR_ISLAND_ICEFALL_CAVE_BACK,10,1
general__rom_082d4e24,118,flat,native_fallback,11,1,FR_FOUR_ISLAND_ICEFALL_CAVE_BACK,11,5
general__rom_082d4e24,119,flat,native_fallback,11,1,FR_FOUR_ISLAND_ICEFALL_CAVE_BACK,10,2
general__rom_082d4e24,120,flat,native_fallback,2,1,FR_SEAFOAM_ISLANDS_B4F,24,7
general__rom_082d4e24,121,flat,native_fallback,1,1,FR_SEAFOAM_ISLANDS_B4F,34,7
general__rom_082d4e24,123,flat,native_fallback,11,1,FR_SEAFOAM_ISLANDS_B4F,25,7
general__rom_082d4e24,127,flat,native_fallback,8,2,FR_FOUR_ISLAND_ICEFALL_CAVE_ENTRANCE,15,14
general__rom_082d4e24,128,flat,native_fallback,2,1,FR_FOUR_ISLAND_ICEFALL_CAVE_BACK,19,4
general__rom_082d4e24,129,flat,native_fallback,2,1,FR_FOUR_ISLAND_ICEFALL_CAVE_BACK,5,4
general__rom_082d4e24,12A,flat,native_fallback,14,2,FR_FOUR_ISLAND_ICEFALL_CAVE_BACK,5,5
general__rom_082d4e24,12B,flat,native_fallback,249,2,FR_FOUR_ISLAND_ICEFALL_CAVE_BACK,12,6
general__rom_082d4e24,12C,flat,native_fallback,17,2,FR_FOUR_ISLAND_ICEFALL_CAVE_BACK,19,6
general__rom_082d4e24,12F,flat,native_fallback,31,2,FR_FOUR_ISLAND_ICEFALL_CAVE_ENTRANCE,15,15
general__rom_082d4e24,131,flat,native_fallback,1,1,FR_SEAFOAM_ISLANDS_B4F,24,12
general__rom_082d4e24,137,flat,native_fallback,8,2,FR_FOUR_ISLAND_ICEFALL_CAVE_ENTRANCE,15,20
general__rom_082d4e24,1A3,flat,native_fallback,5,1,FR_FOUR_ISLAND_ICEFALL_CAVE_ENTRANCE,10,9
general__rom_082d4e24,1A4,flat,native_fallback,2,1,FR_FOUR_ISLAND_ICEFALL_CAVE_ENTRANCE,20,8
general__rom_082d4e24,1A6,flat,native_fallback,11,1,FR_FOUR_ISLAND_ICEFALL_CAVE_ENTRANCE,14,8
general__rom_082d4e24,1AB,flat,native_fallback,2,1,FR_FOUR_ISLAND_ICEFALL_CAVE_ENTRANCE,14,28
general__rom_082d4e24,1AC,flat,native_fallback,1,1,FR_FOUR_ISLAND_ICEFALL_CAVE_ENTRANCE,15,12
general__rom_082d4e24,1AD,flat,native_fallback,9,1,FR_FOUR_ISLAND_ICEFALL_CAVE_ENTRANCE,9,28
general__rom_082d4e24,1AE,flat,native_fallback,90,1,FR_FOUR_ISLAND_ICEFALL_CAVE_ENTRANCE,10,27
general__rom_082d4e24,1AF,flat,native_fallback,11,1,FR_FOUR_ISLAND_ICEFALL_CAVE_ENTRANCE,20,27
general__rom_082d4e24,1B3,flat,native_fallback,1,1,FR_FOUR_ISLAND_ICEFALL_CAVE_ENTRANCE,19,21
general__rom_082d4e24,1B4,flat,native_fallback,4,1,FR_FOUR_ISLAND_ICEFALL_CAVE_ENTRANCE,11,9
general__rom_082d4e24,222,flat,native_fallback,1,1,FR_FOUR_ISLAND_ICEFALL_CAVE_ENTRANCE,19,13
general__rom_082d4e24,223,flat,native_fallback,1,1,FR_FOUR_ISLAND_ICEFALL_CAVE_ENTRANCE,15,13
general__rom_082d4e24,281,flat,native_fallback,783,8,FR_FOUR_ISLAND_ICEFALL_CAVE_1F,5,15
general__rom_082d4e24,282,flat,native_fallback,179,7,FR_FOUR_ISLAND_ICEFALL_CAVE_1F,12,2
general__rom_082d4e24,283,flat,native_fallback,174,7,FR_FOUR_ISLAND_ICEFALL_CAVE_1F,10,14
general__rom_082d4e24,284,flat,native_fallback,30,5,FR_SEAFOAM_ISLANDS_1F,25,7
general__rom_082d4e24,285,flat,native_fallback,13,5,FR_FOUR_ISLAND_ICEFALL_CAVE_ENTRANCE,9,7
general__rom_082d4e24,286,flat,native_fallback,8,4,FR_SEAFOAM_ISLANDS_1F,21,8
general__rom_082d4e24,287,flat,native_fallback,5,4,FR_FOUR_ISLAND_ICEFALL_CAVE_1F,3,17
general__rom_082d4e24,288,flat,native_fallback,39,7,FR_FOUR_ISLAND_ICEFALL_CAVE_1F,12,5
general__rom_082d4e24,289,flat,native_fallback,173,8,FR_FOUR_ISLAND_ICEFALL_CAVE_1F,1,19
general__rom_082d4e24,28A,flat,native_fallback,40,7,FR_FOUR_ISLAND_ICEFALL_CAVE_1F,13,5
general__rom_082d4e24,28B,flat,native_fallback,15,2,FR_FOUR_ISLAND_ICEFALL_CAVE_1F,2,5
general__rom_082d4e24,28C,flat,native_fallback,5,3,FR_FOUR_ISLAND_ICEFALL_CAVE_1F,3,5
general__rom_082d4e24,28D,flat,native_fallback,1,1,FR_FOUR_ISLAND_ICEFALL_CAVE_ENTRANCE,11,20
general__rom_082d4e24,28E,flat,native_fallback,12,6,FR_FOUR_ISLAND_ICEFALL_CAVE_1F,2,7
general__rom_082d4e24,28F,flat,native_fallback,1,1,FR_FOUR_ISLAND_ICEFALL_CAVE_B1F,12,2
general__rom_082d4e24,290,flat,native_fallback,242,9,FR_FOUR_ISLAND_ICEFALL_CAVE_1F,16,15
general__rom_082d4e24,291,flat,native_fallback,1346,9,FR_FOUR_ISLAND_ICEFALL_CAVE_1F,18,15
general__rom_082d4e24,292,flat,native_fallback,310,9,FR_FOUR_ISLAND_ICEFALL_CAVE_1F,1,12
general__rom_082d4e24,293,flat,native_fallback,2,2,FR_FOUR_ISLAND_ICEFALL_CAVE_1F,2,6
general__rom_082d4e24,294,flat,native_fallback,2,2,FR_FOUR_ISLAND_ICEFALL_CAVE_1F,3,6
general__rom_082d4e24,295,flat,native_fallback,1,1,FR_FOUR_ISLAND_ICEFALL_CAVE_ENTRANCE,11,21
general__rom_082d4e24,296,flat,native_fallback,13,6,FR_FOUR_ISLAND_ICEFALL_CAVE_1F,2,8
general__rom_082d4e24,298,flat,native_fallback,42,8,FR_FOUR_ISLAND_ICEFALL_CAVE_1F,10,4
general__rom_082d4e24,299,flat,native_fallback,396,8,FR_FOUR_ISLAND_ICEFALL_CAVE_1F,10,0
general__rom_082d4e24,29A,flat,native_fallback,62,8,FR_FOUR_ISLAND_ICEFALL_CAVE_1F,6,5
general__rom_082d4e24,29B,flat,native_fallback,66,8,FR_FOUR_ISLAND_ICEFALL_CAVE_1F,11,1
general__rom_082d4e24,29C,flat,native_fallback,56,8,FR_FOUR_ISLAND_ICEFALL_CAVE_1F,10,3
general__rom_082d4e24,29D,flat,native_fallback,4,1,FR_SEAFOAM_ISLANDS_B3F,16,3
general__rom_082d4e24,29E,flat,native_fallback,4,1,FR_SEAFOAM_ISLANDS_B3F,17,3
general__rom_082d4e24,29F,flat,native_fallback,52,5,FR_FOUR_ISLAND_ICEFALL_CAVE_1F,5,8
general__rom_082d4e24,2A0,flat,native_fallback,14,4,FR_FOUR_ISLAND_ICEFALL_CAVE_1F,14,11
general__rom_082d4e24,2A1,flat,native_fallback,10,1,FR_SEAFOAM_ISLANDS_B3F,10,23
general__rom_082d4e24,2A2,flat,native_fallback,14,3,FR_FOUR_ISLAND_ICEFALL_CAVE_B1F,9,16
general__rom_082d4e24,2A3,flat,native_fallback,4,1,FR_SEAFOAM_ISLANDS_B2F,4,21
general__rom_082d4e24,2A5,flat,native_fallback,4,1,FR_SEAFOAM_ISLANDS_B3F,16,4
general__rom_082d4e24,2A6,flat,native_fallback,4,1,FR_SEAFOAM_ISLANDS_B3F,15,4
general__rom_082d4e24,2A7,flat,native_fallback,54,5,FR_FOUR_ISLAND_ICEFALL_CAVE_1F,14,9
general__rom_082d4e24,2A8,flat,native_fallback,3,1,FR_FOUR_ISLAND_ICEFALL_CAVE_1F,10,12
general__rom_082d4e24,2AF,flat,native_fallback,3,1,FR_FOUR_ISLAND_ICEFALL_CAVE_1F,15,16
general__rom_082d4e24,2B5,flat,native_fallback,3,3,FR_SEAFOAM_ISLANDS_B1F,10,5
general__rom_082d4e24,2B6,flat,native_fallback,4,3,FR_SEAFOAM_ISLANDS_1F,23,3
general__rom_082d4e24,2B7,flat,native_fallback,3,2,FR_SEAFOAM_ISLANDS_B3F,31,16
general__rom_082d4e24,2BC,flat,native_fallback,1,1,FR_FOUR_ISLAND_ICEFALL_CAVE_1F,2,13
general__rom_082d4e24,2BD,flat,native_fallback,1,1,FR_FOUR_ISLAND_ICEFALL_CAVE_1F,4,13
general__rom_082d4e24,2C1,flat,native_fallback,1,1,FR_FOUR_ISLAND_ICEFALL_CAVE_1F,3,13
general__rom_082d4e24,2C3,flat,native_fallback,9,2,FR_FOUR_ISLAND_ICEFALL_CAVE_1F,16,1
general__rom_082d4e24,2C4,flat,native_fallback,8,2,FR_FOUR_ISLAND_ICEFALL_CAVE_1F,13,0
general__rom_082d4e24,2C5,flat,native_fallback,4,2,FR_FOUR_ISLAND_ICEFALL_CAVE_B1F,9,6
general__rom_082d4e24,2C6,flat,native_fallback,101,4,FR_FOUR_ISLAND_ICEFALL_CAVE_1F,17,15
general__rom_082d4e24,2C7,flat,native_fallback,50,4,FR_FOUR_ISLAND_ICEFALL_CAVE_1F,0,15
general__rom_082d4e24,2C8,flat,native_fallback,5,4,FR_FOUR_ISLAND_ICEFALL_CAVE_1F,2,18
general__rom_082d4e24,2C9,flat,native_fallback,5,4,FR_FOUR_ISLAND_ICEFALL_CAVE_1F,3,18
general__rom_082d4e24,2CA,flat,native_fallback,5,4,FR_FOUR_ISLAND_ICEFALL_CAVE_1F,4,18
general__rom_082d4e24,2CB,flat,native_fallback,3,1,FR_SEAFOAM_ISLANDS_B4F,11,13
general__rom_082d4e24,2CD,flat,native_fallback,2,1,FR_SEAFOAM_ISLANDS_B4F,14,18
general__rom_082d4e24,2CF,flat,native_fallback,116,7,FR_FOUR_ISLAND_ICEFALL_CAVE_1F,10,1
general__rom_082d4e24,2D0,flat,native_fallback,15,6,FR_FOUR_ISLAND_ICEFALL_CAVE_ENTRANCE,20,12
general__rom_082d4e24,2D1,flat,native_fallback,105,6,FR_FOUR_ISLAND_ICEFALL_CAVE_ENTRANCE,16,28
general__rom_082d4e24,2D2,flat,native_fallback,15,6,FR_FOUR_ISLAND_ICEFALL_CAVE_ENTRANCE,20,28
general__rom_082d4e24,2D3,flat,native_fallback,7,5,FR_FOUR_ISLAND_ICEFALL_CAVE_ENTRANCE,21,12
general__rom_082d4e24,2D4,flat,native_fallback,7,5,FR_FOUR_ISLAND_ICEFALL_CAVE_ENTRANCE,9,12
general__rom_082d4e24,2D5,flat,native_fallback,46,5,FR_FOUR_ISLAND_ICEFALL_CAVE_B1F,8,9
general__rom_082d4e24,2D6,flat,native_fallback,47,5,FR_FOUR_ISLAND_ICEFALL_CAVE_B1F,9,9
general__rom_082d4e24,2D7,flat,native_fallback,21,4,FR_FOUR_ISLAND_ICEFALL_CAVE_1F,14,19
general__rom_082d4e24,2D8,flat,native_fallback,94,7,FR_FOUR_ISLAND_ICEFALL_CAVE_BACK,9,15
general__rom_082d4e24,2D9,flat,native_fallback,393,5,FR_SEAFOAM_ISLANDS_1F,12,6
general__rom_082d4e24,2DA,flat,native_fallback,90,7,FR_FOUR_ISLAND_ICEFALL_CAVE_BACK,15,15
general__rom_082d4e24,2DB,flat,native_fallback,20,6,FR_FOUR_ISLAND_ICEFALL_CAVE_ENTRANCE,21,7
general__rom_082d4e24,2DC,flat,native_fallback,25,7,FR_FOUR_ISLAND_ICEFALL_CAVE_BACK,13,18
general__rom_082d4e24,2DD,flat,native_fallback,46,5,FR_FOUR_ISLAND_ICEFALL_CAVE_B1F,8,10
general__rom_082d4e24,2DE,flat,native_fallback,50,5,FR_FOUR_ISLAND_ICEFALL_CAVE_B1F,9,10
general__rom_082d4e24,2DF,flat,native_fallback,54,1,FR_FOUR_ISLAND_ICEFALL_CAVE_ENTRANCE,27,35
general__rom_082d4e24,2E0,flat,native_fallback,18,6,FR_FOUR_ISLAND_ICEFALL_CAVE_ENTRANCE,8,13
general__rom_082d4e24,2E1,flat,native_fallback,122,6,FR_FOUR_ISLAND_ICEFALL_CAVE_ENTRANCE,12,7
general__rom_082d4e24,2E2,flat,native_fallback,22,6,FR_FOUR_ISLAND_ICEFALL_CAVE_ENTRANCE,10,8
general__rom_082d4e24,2E3,flat,native_fallback,1,1,FR_FOUR_ISLAND_ICEFALL_CAVE_ENTRANCE,8,6
general__rom_082d4e24,2E4,flat,native_fallback,13,1,FR_FOUR_ISLAND_ICEFALL_CAVE_ENTRANCE,12,6
general__rom_082d4e24,2E5,flat,native_fallback,1,1,FR_FOUR_ISLAND_ICEFALL_CAVE_ENTRANCE,22,6
general__rom_082d4e24,2EE,flat,native_fallback,2,2,FR_FOUR_ISLAND_ICEFALL_CAVE_1F,14,14
general__rom_082d4e24,2EF,flat,native_fallback,47,3,FR_FOUR_ISLAND_ICEFALL_CAVE_1F,15,14
general__rom_082d4e24,2F3,flat,native_fallback,12,3,FR_FOUR_ISLAND_ICEFALL_CAVE_1F,2,9
general__rom_082d4e24,2F4,flat,native_fallback,16,2,FR_SEAFOAM_ISLANDS_1F,20,10
general__rom_082d4e24,2F5,flat,native_fallback,5,1,FR_SEAFOAM_ISLANDS_1F,10,7
general__rom_082d4e24,2F6,flat,native_fallback,2,2,FR_FOUR_ISLAND_ICEFALL_CAVE_1F,14,15
general__rom_082d4e24,2F7,flat,native_fallback,2,2,FR_FOUR_ISLAND_ICEFALL_CAVE_1F,15,15
general__rom_082d4e24,2F8,flat,native_fallback,9,3,FR_FOUR_ISLAND_ICEFALL_CAVE_1F,2,10
general__rom_082d4e24,2F9,flat,native_fallback,2,1,FR_SEAFOAM_ISLANDS_1F,21,13
general__rom_082d4e24,2FB,flat,native_fallback,10,2,FR_FOUR_ISLAND_ICEFALL_CAVE_1F,2,14
general__rom_082d4e24,2FC,flat,native_fallback,54,3,FR_FOUR_ISLAND_ICEFALL_CAVE_1F,3,14
general__rom_082d4e24,2FD,flat,native_fallback,14,2,FR_FOUR_ISLAND_ICEFALL_CAVE_1F,4,8
general__rom_082d4e24,2FE,flat,native_fallback,4,1,FR_FOUR_ISLAND_ICEFALL_CAVE_BACK,21,2
general__rom_082d4e24,2FF,flat,native_fallback,6,2,FR_FOUR_ISLAND_ICEFALL_CAVE_BACK,6,6
general__rom_082d4e24,300,flat,native_fallback,7,3,FR_FOUR_ISLAND_ICEFALL_CAVE_1F,3,7
general__rom_082d4e24,301,flat,native_fallback,6,1,FR_SEAFOAM_ISLANDS_1F,32,11
general__rom_082d4e24,303,flat,native_fallback,11,3,FR_FOUR_ISLAND_ICEFALL_CAVE_1F,3,12
general__rom_082d4e24,304,flat,native_fallback,17,3,FR_FOUR_ISLAND_ICEFALL_CAVE_1F,3,15
general__rom_082d4e24,305,flat,native_fallback,12,3,FR_FOUR_ISLAND_ICEFALL_CAVE_1F,4,15
general__rom_082d4e24,306,flat,native_fallback,3,1,FR_SEAFOAM_ISLANDS_B4F,10,7
general__rom_082d4e24,307,flat,native_fallback,1,1,FR_SEAFOAM_ISLANDS_B4F,7,17
general__rom_082d4e24,308,flat,native_fallback,4,2,FR_SEAFOAM_ISLANDS_B3F,15,7
general__rom_082d4e24,309,flat,native_fallback,23,2,FR_SEAFOAM_ISLANDS_B3F,17,7
general__rom_082d4e24,30A,flat,native_fallback,4,2,FR_SEAFOAM_ISLANDS_B3F,21,7
general__rom_082d4e24,30B,flat,native_fallback,37,2,FR_FOUR_ISLAND_ICEFALL_CAVE_BACK,23,2
general__rom_082d4e24,30C,flat,native_fallback,84,1,FR_SEAFOAM_ISLANDS_B4F,6,6
general__rom_082d4e24,30D,flat,native_fallback,18,1,FR_SEAFOAM_ISLANDS_B3F,19,5
general__rom_082d4e24,30F,flat,native_fallback,27,2,FR_SEAFOAM_ISLANDS_B3F,20,6
general__rom_082d4e24,310,flat,native_fallback,2,1,FR_SEAFOAM_ISLANDS_B4F,3,1
general__rom_082d4e24,311,flat,native_fallback,6,1,FR_SEAFOAM_ISLANDS_B4F,6,5
general__rom_082d4e24,312,flat,native_fallback,3,1,FR_SEAFOAM_ISLANDS_B4F,5,1
general__rom_082d4e24,313,flat,native_fallback,24,1,FR_SEAFOAM_ISLANDS_B4F,3,14
general__rom_082d4e24,314,flat,native_fallback,21,1,FR_SEAFOAM_ISLANDS_B4F,5,2
general__rom_082d4e24,315,flat,native_fallback,1,1,FR_SEAFOAM_ISLANDS_B4F,5,5
general__rom_082d4e24,316,flat,native_fallback,1,1,FR_SEAFOAM_ISLANDS_B4F,16,5
general__rom_082d4e24,317,flat,native_fallback,15,2,FR_SEAFOAM_ISLANDS_B3F,21,5
general__rom_082d4e24,318,flat,native_fallback,1,1,FR_SEAFOAM_ISLANDS_B4F,9,13
general__rom_082d4e24,319,flat,native_fallback,1,1,FR_SEAFOAM_ISLANDS_B3F,25,18
general__rom_082d4e24,31A,flat,native_fallback,1,1,FR_SEAFOAM_ISLANDS_B3F,26,18
general__rom_082d4e24,31B,flat,native_fallback,4,1,FR_SEAFOAM_ISLANDS_B3F,25,20
general__rom_082d4e24,31C,flat,native_fallback,4,1,FR_SEAFOAM_ISLANDS_B3F,26,20
general__rom_082d4e24,31D,flat,native_fallback,1,1,FR_SEAFOAM_ISLANDS_B3F,27,14
general__rom_082d4e24,31E,flat,native_fallback,2,1,FR_SEAFOAM_ISLANDS_B3F,22,7
general__rom_082d4e24,320,flat,native_fallback,2,1,FR_SEAFOAM_ISLANDS_B3F,15,5
general__rom_082d4e24,321,flat,native_fallback,3,1,FR_SEAFOAM_ISLANDS_B3F,16,5
general__rom_082d4e24,322,flat,native_fallback,1,1,FR_SEAFOAM_ISLANDS_B3F,24,5
general__rom_082d4e24,323,flat,native_fallback,8,1,FR_SEAFOAM_ISLANDS_B3F,15,6
general__rom_082d4e24,324,flat,native_fallback,9,1,FR_SEAFOAM_ISLANDS_B3F,24,6
general__rom_082d4e24,325,flat,native_fallback,2,1,FR_SEAFOAM_ISLANDS_B3F,20,5
general__rom_082d4e24,326,flat,native_fallback,2,1,FR_SEAFOAM_ISLANDS_B3F,18,5
general__rom_082d4e24,338,flat,native_fallback,1,1,FR_SEAFOAM_ISLANDS_B4F,8,18
general__rom_082d4e24,339,flat,native_fallback,1,1,FR_SEAFOAM_ISLANDS_B4F,9,18
general__rom_082d4e24,33B,flat,native_fallback,1,1,FR_SEAFOAM_ISLANDS_B3F,23,8
general__rom_082d4e24,33C,flat,native_fallback,1,1,FR_SEAFOAM_ISLANDS_B3F,24,8
general__rom_082d4e24,33D,flat,native_fallback,21,1,FR_FOUR_ISLAND_ICEFALL_CAVE_ENTRANCE,25,34
general__rom_082d4e24,33E,flat,native_fallback,3,1,FR_FOUR_ISLAND_ICEFALL_CAVE_ENTRANCE,25,12
general__rom_082d4e24,33F,flat,native_fallback,5,1,FR_FOUR_ISLAND_ICEFALL_CAVE_B1F,19,2
general__rom_082d4e24,340,flat,native_fallback,2,1,FR_FOUR_ISLAND_ICEFALL_CAVE_1F,10,11
general__rom_082d4e24,341,flat,native_fallback,1,1,FR_FOUR_ISLAND_ICEFALL_CAVE_1F,10,13
general__rom_082d4e24,342,flat,native_fallback,3,2,FR_FOUR_ISLAND_ICEFALL_CAVE_1F,7,10
general__rom_082d4e24,343,flat,native_fallback,4,1,FR_FOUR_ISLAND_ICEFALL_CAVE_1F,8,8
general__rom_082d4e24,344,flat,native_fallback,1,1,FR_FOUR_ISLAND_ICEFALL_CAVE_B1F,20,10
general__rom_082d4e24,347,flat,native_fallback,1,1,FR_FOUR_ISLAND_ICEFALL_CAVE_B1F,17,9
general__rom_082d4e24,348,flat,native_fallback,1,1,FR_FOUR_ISLAND_ICEFALL_CAVE_B1F,15,13
general__rom_082d4e24,349,flat,native_fallback,1,1,FR_FOUR_ISLAND_ICEFALL_CAVE_B1F,16,13
general__rom_082d4e24,34A,flat,native_fallback,7,2,FR_FOUR_ISLAND_ICEFALL_CAVE_1F,9,5
general__rom_082d4e24,34B,flat,native_fallback,59,1,FR_FOUR_ISLAND_ICEFALL_CAVE_B1F,16,2
general__rom_082d4e24,34C,flat,native_fallback,5,2,FR_FOUR_ISLAND_ICEFALL_CAVE_1F,10,9
general__rom_082d4e24,34F,flat,native_fallback,3,1,FR_FOUR_ISLAND_ICEFALL_CAVE_B1F,15,3
general__rom_082d4e24,350,flat,native_fallback,3,1,FR_SEAFOAM_ISLANDS_B3F,27,12
general__rom_082d4e24,351,flat,native_fallback,1,1,FR_SEAFOAM_ISLANDS_B3F,28,12
general__rom_082d4e24,352,flat,native_fallback,1,1,FR_FOUR_ISLAND_ICEFALL_CAVE_B1F,13,14
general__rom_082d4e24,353,flat,native_fallback,7,2,FR_FOUR_ISLAND_ICEFALL_CAVE_1F,8,15
general__rom_082d4e24,354,flat,native_fallback,2,2,FR_FOUR_ISLAND_ICEFALL_CAVE_1F,11,6
general__rom_082d4e24,355,flat,native_fallback,57,9,FR_FOUR_ISLAND_ICEFALL_CAVE_1F,1,18
general__rom_082d4e24,356,flat,native_fallback,55,9,FR_FOUR_ISLAND_ICEFALL_CAVE_1F,16,18
general__rom_082d4e24,357,flat,native_fallback,6,4,FR_SEAFOAM_ISLANDS_B1F,20,12
general__rom_082d4e24,358,flat,native_fallback,6,4,FR_SEAFOAM_ISLANDS_B1F,14,9
general__rom_082d4e24,359,flat,native_fallback,9,1,FR_FOUR_ISLAND_ICEFALL_CAVE_1F,10,5
general__rom_082d4e24,35C,flat,native_fallback,3,2,FR_FOUR_ISLAND_ICEFALL_CAVE_1F,10,6
general__rom_082d4e24,35D,flat,native_fallback,1,1,FR_SEAFOAM_ISLANDS_B2F,13,7
general__rom_082d4e24,35E,flat,native_fallback,7,1,FR_FOUR_ISLAND_ICEFALL_CAVE_B1F,13,5
general__rom_082d4e24,35F,flat,native_fallback,11,2,FR_FOUR_ISLAND_ICEFALL_CAVE_1F,10,10
general__rom_082d4e24,360,flat,native_fallback,2,1,FR_FOUR_ISLAND_ICEFALL_CAVE_1F,14,4
general__rom_082d4e24,361,flat,native_fallback,3,1,FR_FOUR_ISLAND_ICEFALL_CAVE_1F,10,8
general__rom_082d4e24,362,flat,native_fallback,1,1,FR_FOUR_ISLAND_ICEFALL_CAVE_1F,7,8
general__rom_082d4e24,363,flat,native_fallback,1,1,FR_FOUR_ISLAND_ICEFALL_CAVE_1F,9,8
general__rom_082d4e24,364,flat,native_fallback,1,1,FR_FOUR_ISLAND_ICEFALL_CAVE_1F,9,4
general__rom_082d4e24,365,flat,native_fallback,3,1,FR_SEAFOAM_ISLANDS_B2F,19,15
general__rom_082d4e24,366,flat,native_fallback,1,1,FR_FOUR_ISLAND_ICEFALL_CAVE_BACK,16,14
general__rom_082d4e24,367,flat,native_fallback,1,1,FR_FOUR_ISLAND_ICEFALL_CAVE_BACK,8,14
general__rom_082d4e24,368,flat,native_fallback,2,1,FR_FOUR_ISLAND_ICEFALL_CAVE_1F,7,15
general__rom_082d4e24,369,flat,native_fallback,1,1,FR_FOUR_ISLAND_ICEFALL_CAVE_1F,9,15
general__rom_082d4e24,36A,flat,native_fallback,1,1,FR_FOUR_ISLAND_ICEFALL_CAVE_BACK,9,14
general__rom_082d4e24,36B,flat,native_fallback,5,1,FR_FOUR_ISLAND_ICEFALL_CAVE_BACK,10,14
general__rom_082d4e24,36C,flat,native_fallback,1,1,FR_FOUR_ISLAND_ICEFALL_CAVE_BACK,15,14
general__rom_082d4e24,36D,flat,native_fallback,1,1,FR_SEAFOAM_ISLANDS_B2F,19,16
general__rom_082d4e24,36E,flat,native_fallback,1,1,FR_FOUR_ISLAND_ICEFALL_CAVE_BACK,14,18
general__rom_082d4e24,36F,flat,native_fallback,1,1,FR_FOUR_ISLAND_ICEFALL_CAVE_BACK,10,18
general__rom_082d4e24,370,flat,native_fallback,4,2,FR_FOUR_ISLAND_ICEFALL_CAVE_BACK,9,16
general__rom_082d4e24,371,flat,native_fallback,4,2,FR_FOUR_ISLAND_ICEFALL_CAVE_BACK,13,19
general__rom_082d4e24,372,flat,native_fallback,1,1,FR_FOUR_ISLAND_ICEFALL_CAVE_BACK,11,18
general__rom_082d4e24,373,flat,native_fallback,3,1,FR_FOUR_ISLAND_ICEFALL_CAVE_B1F,12,6
general__rom_082d4e24,374,flat,native_fallback,1,1,FR_FOUR_ISLAND_ICEFALL_CAVE_B1F,15,14
general__rom_082d4e24,377,flat,native_fallback,3,1,FR_SEAFOAM_ISLANDS_1F,19,6
general__rom_082d4e54,000,flat,native_fallback,120,3,FR_CERULEAN_CAVE_1F,39,23
general__rom_082d4e54,091,flat,native_fallback,12,2,FR_CERULEAN_CAVE_1F,10,9
general__rom_082d4e54,120,flat,native_fallback,6,2,FR_CERULEAN_CAVE_1F,9,10
general__rom_082d4e54,121,flat,native_fallback,7,2,FR_CERULEAN_CAVE_1F,11,10
general__rom_082d4e54,123,flat,native_fallback,39,2,FR_CERULEAN_CAVE_1F,31,5
general__rom_082d4e54,128,flat,native_fallback,2,1,FR_CERULEAN_CAVE_1F,23,5
general__rom_082d4e54,129,flat,native_fallback,3,2,FR_CERULEAN_CAVE_1F,29,5
general__rom_082d4e54,12A,flat,native_fallback,29,2,FR_CERULEAN_CAVE_1F,36,11
general__rom_082d4e54,12B,flat,native_fallback,138,2,FR_CERULEAN_CAVE_1F,36,6
general__rom_082d4e54,12C,flat,native_fallback,29,2,FR_CERULEAN_CAVE_1F,38,11
general__rom_082d4e54,130,flat,native_fallback,4,2,FR_CERULEAN_CAVE_1F,11,12
general__rom_082d4e54,131,flat,native_fallback,3,2,FR_CERULEAN_CAVE_1F,14,12
general__rom_082d4e54,281,flat,native_fallback,756,3,FR_CERULEAN_CAVE_1F,1,6
general__rom_082d4e54,282,flat,native_fallback,177,3,FR_CERULEAN_CAVE_1F,10,4
general__rom_082d4e54,283,flat,native_fallback,98,3,FR_CERULEAN_CAVE_1F,10,3
general__rom_082d4e54,285,flat,native_fallback,7,2,FR_CERULEAN_CAVE_1F,1,7
general__rom_082d4e54,287,flat,native_fallback,1,1,FR_CERULEAN_CAVE_1F,33,21
general__rom_082d4e54,288,flat,native_fallback,24,3,FR_CERULEAN_CAVE_1F,37,15
general__rom_082d4e54,289,flat,native_fallback,82,3,FR_CERULEAN_CAVE_1F,3,19
general__rom_082d4e54,28A,flat,native_fallback,22,3,FR_CERULEAN_CAVE_1F,25,10
general__rom_082d4e54,28E,flat,native_fallback,4,2,FR_CERULEAN_CAVE_1F,5,14
general__rom_082d4e54,290,flat,native_fallback,121,3,FR_CERULEAN_CAVE_1F,39,11
general__rom_082d4e54,291,flat,native_fallback,349,3,FR_CERULEAN_CAVE_1F,3,0
general__rom_082d4e54,292,flat,native_fallback,123,3,FR_CERULEAN_CAVE_1F,35,11
general__rom_082d4e54,296,flat,native_fallback,7,2,FR_CERULEAN_CAVE_1F,10,2
general__rom_082d4e54,298,flat,native_fallback,27,3,FR_CERULEAN_CAVE_1F,31,4
general__rom_082d4e54,299,flat,native_fallback,186,3,FR_CERULEAN_CAVE_1F,10,0
general__rom_082d4e54,29A,flat,native_fallback,27,3,FR_CERULEAN_CAVE_1F,5,4
general__rom_082d4e54,29B,flat,native_fallback,15,3,FR_CERULEAN_CAVE_1F,5,0
general__rom_082d4e54,29C,flat,native_fallback,15,3,FR_CERULEAN_CAVE_1F,39,0
general__rom_082d4e54,29F,flat,native_fallback,31,3,FR_CERULEAN_CAVE_1F,12,10
general__rom_082d4e54,2A3,flat,native_fallback,12,3,FR_CERULEAN_CAVE_1F,31,22
general__rom_082d4e54,2A4,flat,native_fallback,12,3,FR_CERULEAN_CAVE_1F,35,22
general__rom_082d4e54,2A7,flat,native_fallback,32,3,FR_CERULEAN_CAVE_1F,1,4
general__rom_082d4e54,2AA,flat,native_fallback,2,1,FR_CERULEAN_CAVE_B1F,29,11
general__rom_082d4e54,2AB,flat,native_fallback,2,1,FR_CERULEAN_CAVE_B1F,30,11
general__rom_082d4e54,2B2,flat,native_fallback,2,1,FR_CERULEAN_CAVE_B1F,29,12
general__rom_082d4e54,2B3,flat,native_fallback,2,1,FR_CERULEAN_CAVE_B1F,30,12
general__rom_082d4e54,2B5,flat,native_fallback,3,1,FR_CERULEAN_CAVE_1F,10,1
general__rom_082d4e54,2B6,flat,native_fallback,5,2,FR_CERULEAN_CAVE_1F,11,1
general__rom_082d4e54,2B7,flat,native_fallback,2,1,FR_CERULEAN_CAVE_B1F,6,22
general__rom_082d4e54,2C8,flat,native_fallback,1,1,FR_CERULEAN_CAVE_1F,32,22
general__rom_082d4e54,2C9,flat,native_fallback,1,1,FR_CERULEAN_CAVE_1F,33,22
general__rom_082d4e54,2CA,flat,native_fallback,1,1,FR_CERULEAN_CAVE_1F,34,22
general__rom_082d4e54,2CF,flat,native_fallback,26,3,FR_CERULEAN_CAVE_1F,39,16
general__rom_082d4e54,2D0,flat,native_fallback,9,2,FR_CERULEAN_CAVE_1F,32,1
general__rom_082d4e54,2D1,flat,native_fallback,48,2,FR_CERULEAN_CAVE_1F,6,5
general__rom_082d4e54,2D2,flat,native_fallback,7,2,FR_CERULEAN_CAVE_1F,12,1
general__rom_082d4e54,2D3,flat,native_fallback,3,1,FR_CERULEAN_CAVE_1F,25,6
general__rom_082d4e54,2D4,flat,native_fallback,3,1,FR_CERULEAN_CAVE_1F,35,13
general__rom_082d4e54,2D7,flat,native_fallback,7,3,FR_CERULEAN_CAVE_1F,8,22
general__rom_082d4e54,2D8,flat,native_fallback,49,2,FR_CERULEAN_CAVE_1F,10,6
general__rom_082d4e54,2DA,flat,native_fallback,50,2,FR_CERULEAN_CAVE_1F,12,6
general__rom_082d4e54,2DB,flat,native_fallback,3,2,FR_CERULEAN_CAVE_1F,10,5
general__rom_082d4e54,2DC,flat,native_fallback,3,2,FR_CERULEAN_CAVE_1F,20,8
general__rom_082d4e54,2E0,flat,native_fallback,12,2,FR_CERULEAN_CAVE_1F,27,9
general__rom_082d4e54,2E1,flat,native_fallback,57,2,FR_CERULEAN_CAVE_1F,11,8
general__rom_082d4e54,2E2,flat,native_fallback,12,2,FR_CERULEAN_CAVE_1F,20,10
general__rom_082d4e54,2E5,flat,native_fallback,1,1,FR_CERULEAN_CAVE_B1F,17,22
general__rom_082d4e54,2F3,flat,native_fallback,3,1,FR_CERULEAN_CAVE_1F,25,4
general__rom_082d4e54,2F4,flat,native_fallback,15,1,FR_CERULEAN_CAVE_1F,26,4
general__rom_082d4e54,2F5,flat,native_fallback,3,1,FR_CERULEAN_CAVE_1F,27,4
general__rom_082d4e54,2FA,flat,native_fallback,6,1,FR_CERULEAN_CAVE_1F,10,16
general__rom_082d4e54,2FD,flat,native_fallback,16,1,FR_CERULEAN_CAVE_B1F,10,10
general__rom_082d4e54,2FE,flat,native_fallback,3,1,FR_CERULEAN_CAVE_1F,24,4
general__rom_082d4e54,2FF,flat,native_fallback,3,2,FR_CERULEAN_CAVE_1F,28,4
general__rom_082d4fec,000,flat,native_fallback,287,9,FR_MT_EMBER_RUBY_PATH_1F,10,19
general__rom_082d4fec,127,flat,native_fallback,4,1,FR_ONE_ISLAND_KINDLE_ROAD_EMBER_SPA,6,2
general__rom_082d4fec,12F,flat,native_fallback,8,1,FR_ONE_ISLAND_KINDLE_ROAD_EMBER_SPA,7,3
general__rom_082d4fec,137,flat,native_fallback,4,1,FR_ONE_ISLAND_KINDLE_ROAD_EMBER_SPA,7,4
general__rom_082d4fec,281,flat,native_fallback,503,11,FR_MT_EMBER_RUBY_PATH_1F,12,7
general__rom_082d4fec,282,flat,native_fallback,17,2,FR_MT_EMBER_RUBY_PATH_B2F,13,6
general__rom_082d4fec,283,flat,native_fallback,7,2,FR_MT_EMBER_RUBY_PATH_B2F,10,2
general__rom_082d4fec,284,flat,native_fallback,13,3,FR_MT_EMBER_RUBY_PATH_B3F,5,15
general__rom_082d4fec,285,flat,native_fallback,1,1,FR_MT_EMBER_RUBY_PATH_B4F,14,14
general__rom_082d4fec,287,flat,native_fallback,5,4,FR_MT_EMBER_RUBY_PATH_1F,22,17
general__rom_082d4fec,288,flat,native_fallback,21,9,FR_MT_EMBER_RUBY_PATH_1F,23,10
general__rom_082d4fec,289,flat,native_fallback,502,12,FR_MT_EMBER_RUBY_PATH_1F,10,9
general__rom_082d4fec,28A,flat,native_fallback,20,6,FR_MT_EMBER_RUBY_PATH_1F,16,9
general__rom_082d4fec,28B,flat,native_fallback,2,2,FR_MT_EMBER_SUMMIT_PATH_1F,10,0
general__rom_082d4fec,28C,flat,native_fallback,6,3,FR_MT_EMBER_SUMMIT_PATH_1F,11,0
general__rom_082d4fec,28D,flat,native_fallback,3,2,FR_MT_EMBER_SUMMIT_PATH_1F,12,0
general__rom_082d4fec,28E,flat,native_fallback,1,1,FR_MT_EMBER_RUBY_PATH_B5F,11,6
general__rom_082d4fec,28F,flat,native_fallback,7,6,FR_MT_EMBER_RUBY_PATH_B1F,9,20
general__rom_082d4fec,290,flat,native_fallback,91,10,FR_MT_EMBER_RUBY_PATH_1F,6,5
general__rom_082d4fec,291,flat,native_fallback,1362,11,FR_MT_EMBER_RUBY_PATH_1F,10,0
general__rom_082d4fec,292,flat,native_fallback,137,11,FR_MT_EMBER_RUBY_PATH_1F,16,10
general__rom_082d4fec,293,flat,native_fallback,2,2,FR_MT_EMBER_SUMMIT_PATH_1F,10,1
general__rom_082d4fec,294,flat,native_fallback,2,2,FR_MT_EMBER_SUMMIT_PATH_1F,11,1
general__rom_082d4fec,295,flat,native_fallback,2,2,FR_MT_EMBER_SUMMIT_PATH_1F,12,1
general__rom_082d4fec,296,flat,native_fallback,2,2,FR_MT_EMBER_RUBY_PATH_B1F_STAIRS,1,5
general__rom_082d4fec,297,flat,native_fallback,5,4,FR_MT_EMBER_RUBY_PATH_B1F,9,21
general__rom_082d4fec,298,flat,native_fallback,21,7,FR_MT_EMBER_RUBY_PATH_1F,6,6
general__rom_082d4fec,299,flat,native_fallback,654,11,FR_MT_EMBER_RUBY_PATH_1F,12,6
general__rom_082d4fec,29A,flat,native_fallback,39,9,FR_MT_EMBER_RUBY_PATH_1F,19,6
general__rom_082d4fec,29B,flat,native_fallback,206,12,FR_MT_EMBER_RUBY_PATH_1F,20,3
general__rom_082d4fec,29C,flat,native_fallback,140,12,FR_MT_EMBER_RUBY_PATH_1F,6,4
general__rom_082d4fec,29F,flat,native_fallback,3,2,FR_MT_EMBER_RUBY_PATH_B2F,13,3
general__rom_082d4fec,2A0,flat,native_fallback,14,3,FR_MT_EMBER_SUMMIT_PATH_1F,13,5
general__rom_082d4fec,2A2,flat,native_fallback,8,2,FR_MT_EMBER_SUMMIT_PATH_3F,8,6
general__rom_082d4fec,2A7,flat,native_fallback,3,2,FR_MT_EMBER_RUBY_PATH_B2F,13,4
general__rom_082d4fec,2A8,flat,native_fallback,2,1,FR_MT_EMBER_RUBY_PATH_1F,24,8
general__rom_082d4fec,2AF,flat,native_fallback,7,6,FR_MT_EMBER_RUBY_PATH_1F,24,5
general__rom_082d4fec,2B7,flat,native_fallback,1,1,FR_MT_EMBER_RUBY_PATH_B4F,4,2
general__rom_082d4fec,2B9,flat,native_fallback,1,1,FR_MT_EMBER_RUBY_PATH_1F,24,7
general__rom_082d4fec,2BC,flat,native_fallback,1,1,FR_MT_EMBER_RUBY_PATH_1F,20,7
general__rom_082d4fec,2C1,flat,native_fallback,3,1,FR_MT_EMBER_RUBY_PATH_1F,21,7
general__rom_082d4fec,2C3,flat,native_fallback,86,5,FR_MT_EMBER_RUBY_PATH_B3F,8,15
general__rom_082d4fec,2C4,flat,native_fallback,41,4,FR_MT_EMBER_RUBY_PATH_B4F,2,0
general__rom_082d4fec,2C5,flat,native_fallback,137,4,FR_MT_EMBER_RUBY_PATH_B3F,1,15
general__rom_082d4fec,2C6,flat,native_fallback,306,7,FR_MT_EMBER_RUBY_PATH_B3F,9,16
general__rom_082d4fec,2C7,flat,native_fallback,317,7,FR_MT_EMBER_RUBY_PATH_B3F,0,16
general__rom_082d4fec,2C8,flat,native_fallback,6,5,FR_MT_EMBER_RUBY_PATH_1F,21,18
general__rom_082d4fec,2C9,flat,native_fallback,6,5,FR_MT_EMBER_RUBY_PATH_1F,22,18
general__rom_082d4fec,2CA,flat,native_fallback,6,5,FR_MT_EMBER_RUBY_PATH_1F,23,18
general__rom_082d4fec,2CF,flat,native_fallback,50,8,FR_MT_EMBER_RUBY_PATH_1F,11,4
general__rom_082d4fec,2D7,flat,native_fallback,16,7,FR_MT_EMBER_RUBY_PATH_1F,20,18
general__rom_082d4fec,2E8,flat,native_fallback,5,1,FR_MT_EMBER_RUBY_PATH_B3F,10,18
general__rom_082d4fec,2E9,flat,native_fallback,5,1,FR_MT_EMBER_RUBY_PATH_B3F,1,12
general__rom_082d4fec,2EE,flat,native_fallback,2,1,FR_MT_EMBER_RUBY_PATH_B3F,5,12
general__rom_082d4fec,2EF,flat,native_fallback,2,1,FR_MT_EMBER_RUBY_PATH_B3F,10,12
general__rom_082d4fec,2F0,flat,native_fallback,5,1,FR_MT_EMBER_RUBY_PATH_B3F,10,19
general__rom_082d4fec,2F1,flat,native_fallback,5,1,FR_MT_EMBER_RUBY_PATH_B3F,1,13
general__rom_082d4fec,2F3,flat,native_fallback,3,1,FR_MT_EMBER_RUBY_PATH_B5F,4,6
general__rom_082d4fec,2F4,flat,native_fallback,15,2,FR_MT_EMBER_RUBY_PATH_B4F,12,5
general__rom_082d4fec,2F5,flat,native_fallback,3,1,FR_MT_EMBER_RUBY_PATH_B5F,10,6
general__rom_082d4fec,2F6,flat,native_fallback,2,1,FR_MT_EMBER_RUBY_PATH_B3F,5,13
general__rom_082d4fec,2F7,flat,native_fallback,2,1,FR_MT_EMBER_RUBY_PATH_B3F,10,13
general__rom_082d4fec,2F8,flat,native_fallback,5,2,FR_MT_EMBER_RUBY_PATH_B4F,15,5
general__rom_082d4fec,2F9,flat,native_fallback,5,2,FR_MT_EMBER_RUBY_PATH_B4F,2,5
general__rom_082d4fec,2FB,flat,native_fallback,3,2,FR_MT_EMBER_RUBY_PATH_B4F,15,4
general__rom_082d4fec,2FC,flat,native_fallback,100,3,FR_MT_EMBER_RUBY_PATH_B4F,12,2
general__rom_082d4fec,2FD,flat,native_fallback,3,2,FR_MT_EMBER_RUBY_PATH_B4F,2,4
general__rom_082d4fec,300,flat,native_fallback,6,2,FR_MT_EMBER_RUBY_PATH_B4F,15,3
general__rom_082d4fec,301,flat,native_fallback,6,2,FR_MT_EMBER_RUBY_PATH_B4F,2,3
general__rom_082d4fec,302,flat,native_fallback,1,1,FR_MT_EMBER_RUBY_PATH_B5F,7,3
general__rom_082d4fec,303,flat,native_fallback,3,1,FR_MT_EMBER_RUBY_PATH_B5F,4,8
general__rom_082d4fec,304,flat,native_fallback,16,2,FR_MT_EMBER_RUBY_PATH_B4F,12,3
general__rom_082d4fec,305,flat,native_fallback,3,1,FR_MT_EMBER_RUBY_PATH_B5F,10,8
general__rom_082d4fec,306,flat,native_fallback,12,1,FR_MT_EMBER_SUMMIT_PATH_2F,18,27
general__rom_082d4fec,307,flat,native_fallback,12,1,FR_MT_EMBER_SUMMIT_PATH_2F,30,20
general__rom_082d4fec,310,flat,native_fallback,14,1,FR_MT_EMBER_SUMMIT_PATH_2F,30,21
general__rom_082d4fec,311,flat,native_fallback,2,1,FR_MT_EMBER_SUMMIT_PATH_2F,17,27
general__rom_082d4fec,312,flat,native_fallback,14,1,FR_MT_EMBER_SUMMIT_PATH_2F,18,28
general__rom_082d4fec,313,flat,native_fallback,48,1,FR_MT_EMBER_SUMMIT_PATH_2F,30,33
general__rom_082d4fec,314,flat,native_fallback,48,1,FR_MT_EMBER_SUMMIT_PATH_2F,27,29
general__rom_082d4fec,315,flat,native_fallback,51,1,FR_MT_EMBER_SUMMIT_PATH_2F,24,27
general__rom_082d4fec,316,flat,native_fallback,29,1,FR_MT_EMBER_SUMMIT_PATH_2F,21,27
general__rom_082d4fec,317,flat,native_fallback,32,1,FR_MT_EMBER_SUMMIT_PATH_2F,30,28
general__rom_082d4fec,318,flat,native_fallback,5,1,FR_MT_EMBER_SUMMIT_PATH_2F,30,23
general__rom_082d4fec,319,flat,native_fallback,19,1,FR_MT_EMBER_SUMMIT_PATH_2F,15,29
general__rom_082d4fec,31A,flat,native_fallback,5,1,FR_MT_EMBER_SUMMIT_PATH_2F,19,27
general__rom_082d4fec,31B,flat,native_fallback,25,1,FR_MT_EMBER_SUMMIT_PATH_2F,30,29
general__rom_082d4fec,31C,flat,native_fallback,63,1,FR_MT_EMBER_SUMMIT_PATH_2F,22,27
general__rom_082d4fec,31D,flat,native_fallback,22,1,FR_MT_EMBER_SUMMIT_PATH_2F,23,27
general__rom_082d4fec,320,flat,native_fallback,7,1,FR_ONE_ISLAND_KINDLE_ROAD_EMBER_SPA,14,27
general__rom_082d4fec,321,flat,native_fallback,15,7,FR_MT_EMBER_RUBY_PATH_1F,25,8
general__rom_082d4fec,322,flat,native_fallback,5,1,FR_ONE_ISLAND_KINDLE_ROAD_EMBER_SPA,7,9
general__rom_082d4fec,323,flat,native_fallback,14,7,FR_MT_EMBER_RUBY_PATH_1F,17,10
general__rom_082d4fec,326,flat,native_fallback,3,1,FR_ONE_ISLAND_KINDLE_ROAD_EMBER_SPA,15,13
general__rom_082d4fec,327,flat,native_fallback,3,1,FR_ONE_ISLAND_KINDLE_ROAD_EMBER_SPA,5,6
general__rom_082d4fec,328,flat,native_fallback,6,5,FR_MT_EMBER_RUBY_PATH_B1F_STAIRS,2,6
general__rom_082d4fec,329,flat,native_fallback,25,9,FR_MT_EMBER_RUBY_PATH_1F,14,4
general__rom_082d4fec,32A,flat,native_fallback,7,6,FR_MT_EMBER_RUBY_PATH_B1F,8,22
general__rom_082d4fec,32B,flat,native_fallback,31,9,FR_MT_EMBER_RUBY_PATH_1F,7,2
general__rom_082d4fec,32C,flat,native_fallback,8,1,FR_ONE_ISLAND_KINDLE_ROAD_EMBER_SPA,11,8
general__rom_082d4fec,32D,flat,native_fallback,118,1,FR_ONE_ISLAND_KINDLE_ROAD_EMBER_SPA,13,34
general__rom_082d4fec,32E,flat,native_fallback,3,1,FR_ONE_ISLAND_KINDLE_ROAD_EMBER_SPA,14,28
general__rom_082d4fec,32F,flat,native_fallback,3,1,FR_ONE_ISLAND_KINDLE_ROAD_EMBER_SPA,7,21
general__rom_082d4fec,330,flat,native_fallback,4,1,FR_ONE_ISLAND_KINDLE_ROAD_EMBER_SPA,12,6
general__rom_082d4fec,331,flat,native_fallback,9,1,FR_ONE_ISLAND_KINDLE_ROAD_EMBER_SPA,5,4
general__rom_082d4fec,332,flat,native_fallback,4,1,FR_ONE_ISLAND_KINDLE_ROAD_EMBER_SPA,8,4
general__rom_082d4fec,333,flat,native_fallback,1,1,FR_ONE_ISLAND_KINDLE_ROAD_EMBER_SPA,13,11
general__rom_082d4fec,334,flat,native_fallback,10,1,FR_ONE_ISLAND_KINDLE_ROAD_EMBER_SPA,6,21
general__rom_082d4fec,335,flat,native_fallback,28,2,FR_MT_EMBER_RUBY_PATH_B4F,2,1
general__rom_082d4fec,336,flat,native_fallback,38,2,FR_MT_EMBER_RUBY_PATH_B4F,16,2
general__rom_082d4fec,337,flat,native_fallback,35,2,FR_MT_EMBER_RUBY_PATH_B4F,1,12
general__rom_082d4fec,338,flat,native_fallback,6,1,FR_ONE_ISLAND_KINDLE_ROAD_EMBER_SPA,10,12
general__rom_082d4fec,339,flat,native_fallback,21,1,FR_ONE_ISLAND_KINDLE_ROAD_EMBER_SPA,6,6
general__rom_082d4fec,33A,flat,native_fallback,6,1,FR_ONE_ISLAND_KINDLE_ROAD_EMBER_SPA,8,5
general__rom_082d4fec,33D,flat,native_fallback,1,1,FR_ONE_ISLAND_KINDLE_ROAD_EMBER_SPA,13,36
general__rom_082d4fec,33E,flat,native_fallback,2,1,FR_ONE_ISLAND_KINDLE_ROAD_EMBER_SPA,7,17
general__rom_082d4fec,33F,flat,native_fallback,2,1,FR_ONE_ISLAND_KINDLE_ROAD_EMBER_SPA,20,13
general__rom_082d4fec,340,flat,native_fallback,15,1,FR_MT_EMBER_SUMMIT_PATH_2F,31,21
general__rom_082d4fec,342,flat,native_fallback,15,1,FR_MT_EMBER_SUMMIT_PATH_2F,16,27
general__rom_082d4fec,343,flat,native_fallback,13,1,FR_MT_EMBER_SUMMIT_PATH_2F,29,22
general__rom_082d4fec,345,flat,native_fallback,13,1,FR_MT_EMBER_SUMMIT_PATH_2F,20,27
general__rom_082d4fec,346,flat,native_fallback,1,1,FR_MT_EMBER_RUBY_PATH_B5F,6,7
general__rom_082d4fec,347,flat,native_fallback,1,1,FR_MT_EMBER_RUBY_PATH_B5F,7,6
general__rom_082d4fec,348,flat,native_fallback,5,1,FR_MT_EMBER_SUMMIT_PATH_2F,31,22
general__rom_082d4fec,349,flat,native_fallback,21,1,FR_MT_EMBER_SUMMIT_PATH_2F,13,28
general__rom_082d4fec,34A,flat,native_fallback,5,1,FR_MT_EMBER_SUMMIT_PATH_2F,16,28
general__rom_082d4fec,34B,flat,native_fallback,5,1,FR_MT_EMBER_SUMMIT_PATH_2F,29,24
general__rom_082d4fec,34C,flat,native_fallback,17,1,FR_MT_EMBER_SUMMIT_PATH_2F,15,30
general__rom_082d4fec,34D,flat,native_fallback,5,1,FR_MT_EMBER_SUMMIT_PATH_2F,20,28
general__rom_082d4fec,34E,flat,native_fallback,1,1,FR_MT_EMBER_RUBY_PATH_B5F,7,8
general__rom_082d4fec,34F,flat,native_fallback,1,1,FR_MT_EMBER_RUBY_PATH_B5F,8,7
general__rom_082d4fec,350,flat,native_fallback,8,1,FR_MT_EMBER_RUBY_PATH_B4F,7,7
general__rom_082d4fec,351,flat,native_fallback,8,1,FR_MT_EMBER_RUBY_PATH_B4F,8,7
general__rom_082d4fec,352,flat,native_fallback,8,1,FR_MT_EMBER_RUBY_PATH_B4F,9,7
general__rom_082d4fec,353,flat,native_fallback,2,1,FR_MT_EMBER_RUBY_PATH_B4F,11,7
general__rom_082d4fec,354,flat,native_fallback,1,1,FR_MT_EMBER_RUBY_PATH_B5F,7,7
general__rom_082d4fec,358,flat,native_fallback,1,1,FR_MT_EMBER_RUBY_PATH_B5F,8,8
general__rom_082d4fec,359,flat,native_fallback,1,1,FR_MT_EMBER_RUBY_PATH_B5F,6,8
general__rom_082d4fec,35A,flat,native_fallback,1,1,FR_MT_EMBER_RUBY_PATH_B5F,8,6
general__rom_082d4fec,35B,flat,native_fallback,1,1,FR_MT_EMBER_RUBY_PATH_B5F,6,6
general__rom_082d4fec,35C,flat,native_fallback,1,1,FR_MT_EMBER_RUBY_PATH_B5F,7,2
general__rom_082d4fec,360,flat,native_fallback,1,1,FR_ONE_ISLAND_KINDLE_ROAD_EMBER_SPA,12,7
general__rom_082d4fec,361,flat,native_fallback,1,1,FR_ONE_ISLAND_KINDLE_ROAD_EMBER_SPA,17,7
general__rom_082d5004,087,ledge,modeled_ledge,9,1,FR_THREE_ISLAND_BERRY_FOREST,30,18
general__rom_082d5004,00D,grass,modeled_grass,236,1,FR_THREE_ISLAND_BERRY_FOREST,19,27
general__rom_082d5004,010,flat,reviewed_surface,96,1,FR_THREE_ISLAND_BERRY_FOREST,7,28
general__rom_082d5004,0B0,ledge,modeled_ledge,4,1,FR_THREE_ISLAND_BERRY_FOREST,39,8
general__rom_082d5004,0B1,ledge,modeled_ledge,4,1,FR_THREE_ISLAND_BERRY_FOREST,44,35
general__rom_082d5004,011,flat,reviewed_surface,126,1,FR_THREE_ISLAND_BERRY_FOREST,8,28
general__rom_082d5004,0C2,flat,unreviewed,13,1,FR_THREE_ISLAND_BERRY_FOREST,7,30
general__rom_082d5004,0DB,flat,reviewed_surface,6,1,FR_THREE_ISLAND_BERRY_FOREST,42,42
general__rom_082d5004,0DC,flat,reviewed_surface,6,1,FR_THREE_ISLAND_BERRY_FOREST,43,44
general__rom_082d5004,0DD,flat,reviewed_surface,6,1,FR_THREE_ISLAND_BERRY_FOREST,44,42
general__rom_082d5004,002,sign,modeled_sign,2,1,FR_THREE_ISLAND_BERRY_FOREST,7,27
general__rom_082d5004,1A5,flat,unreviewed,3,1,FR_THREE_ISLAND_BERRY_FOREST,27,12
general__rom_082d5004,1A6,flat,unreviewed,19,1,FR_THREE_ISLAND_BERRY_FOREST,31,12
general__rom_082d5004,1A7,flat,unreviewed,3,1,FR_THREE_ISLAND_BERRY_FOREST,18,26
general__rom_082d5004,1AD,flat,unreviewed,6,1,FR_THREE_ISLAND_BERRY_FOREST,9,27
general__rom_082d5004,1AE,flat,unreviewed,31,1,FR_THREE_ISLAND_BERRY_FOREST,10,27
general__rom_082d5004,1AF,flat,unreviewed,6,1,FR_THREE_ISLAND_BERRY_FOREST,18,27
general__rom_082d5004,224,flat,unreviewed,3,1,FR_THREE_ISLAND_BERRY_FOREST,9,28
general__rom_082d5004,225,flat,unreviewed,19,1,FR_THREE_ISLAND_BERRY_FOREST,10,28
general__rom_082d5004,226,flat,unreviewed,3,1,FR_THREE_ISLAND_BERRY_FOREST,18,28
general__rom_082d5004,281,flat,unreviewed,35,1,FR_THREE_ISLAND_BERRY_FOREST,4,29
general__rom_082d5004,282,flat,unreviewed,57,1,FR_THREE_ISLAND_BERRY_FOREST,3,19
general__rom_082d5004,284,flat,unreviewed,12,1,FR_THREE_ISLAND_BERRY_FOREST,22,12
general__rom_082d5004,288,flat,unreviewed,47,1,FR_THREE_ISLAND_BERRY_FOREST,14,7
general__rom_082d5004,28A,flat,unreviewed,47,1,FR_THREE_ISLAND_BERRY_FOREST,23,30
general__rom_082d5004,290,flat,unreviewed,200,1,FR_THREE_ISLAND_BERRY_FOREST,24,27
general__rom_082d5004,291,flat,unreviewed,202,1,FR_THREE_ISLAND_BERRY_FOREST,25,27
general__rom_082d5004,292,flat,unreviewed,178,1,FR_THREE_ISLAND_BERRY_FOREST,11,1
general__rom_082d5004,297,flat,unreviewed,1,1,FR_THREE_ISLAND_BERRY_FOREST,44,41
general__rom_082d5004,298,flat,unreviewed,239,1,FR_THREE_ISLAND_BERRY_FOREST,0,28
general__rom_082d5004,299,flat,unreviewed,286,1,FR_THREE_ISLAND_BERRY_FOREST,25,28
general__rom_082d5004,29A,flat,unreviewed,264,1,FR_THREE_ISLAND_BERRY_FOREST,26,28
general__rom_082d5004,29B,flat,unreviewed,1,1,FR_THREE_ISLAND_BERRY_FOREST,42,41
general__rom_082d5004,29F,flat,unreviewed,1,1,FR_THREE_ISLAND_BERRY_FOREST,43,41
general__rom_082d5004,2A0,flat,unreviewed,50,1,FR_THREE_ISLAND_BERRY_FOREST,33,3
general__rom_082d5004,2A1,flat,unreviewed,48,1,FR_THREE_ISLAND_BERRY_FOREST,4,3
general__rom_082d5004,2A2,flat,unreviewed,95,1,FR_THREE_ISLAND_BERRY_FOREST,26,27
general__rom_082d5004,2A3,flat,unreviewed,48,1,FR_THREE_ISLAND_BERRY_FOREST,33,4
general__rom_082d5004,2A4,flat,unreviewed,48,1,FR_THREE_ISLAND_BERRY_FOREST,31,4
general__rom_082d5004,2A5,flat,unreviewed,48,1,FR_THREE_ISLAND_BERRY_FOREST,32,4
general__rom_082d5004,008,flat,reviewed_surface,102,1,FR_THREE_ISLAND_BERRY_FOREST,23,27
general__rom_082d5004,009,flat,reviewed_surface,174,1,FR_THREE_ISLAND_BERRY_FOREST,20,27
general__rom_082d501c,000,flat,native_fallback,498,25,FR_NAVEL_ROCK_1F,17,15
general__rom_082d501c,276,flat,native_fallback,39,1,FR_NAVEL_ROCK_BASE,10,0
general__rom_082d501c,281,flat,native_fallback,412,6,FR_SIX_ISLAND_DOTTED_HOLE_1F,7,8
general__rom_082d501c,282,flat,native_fallback,13,4,FR_NAVEL_ROCK_1F,9,8
general__rom_082d501c,283,flat,native_fallback,27,13,FR_NAVEL_ROCK_1F,9,16
general__rom_082d501c,284,flat,native_fallback,3,2,FR_NAVEL_ROCK_FORK,14,5
general__rom_082d501c,285,flat,native_fallback,3,3,FR_NAVEL_ROCK_1F,8,4
general__rom_082d501c,286,flat,native_fallback,17,5,FR_SIX_ISLAND_DOTTED_HOLE_1F,6,5
general__rom_082d501c,287,flat,native_fallback,2,2,FR_NAVEL_ROCK_1F,8,23
general__rom_082d501c,288,flat,native_fallback,7,3,FR_NAVEL_ROCK_1F,10,8
general__rom_082d501c,289,flat,native_fallback,342,25,FR_NAVEL_ROCK_1F,12,7
general__rom_082d501c,28A,flat,native_fallback,7,3,FR_NAVEL_ROCK_1F,5,7
general__rom_082d501c,28E,flat,native_fallback,9,9,FR_NAVEL_ROCK_BASE_PATH_B10F,4,3
general__rom_082d501c,28F,flat,native_fallback,10,10,FR_NAVEL_ROCK_B1F,4,1
general__rom_082d501c,290,flat,native_fallback,297,25,FR_NAVEL_ROCK_1F,10,9
general__rom_082d501c,291,flat,native_fallback,2302,5,FR_NAVEL_ROCK_1F,1,12
general__rom_082d501c,292,flat,native_fallback,297,25,FR_NAVEL_ROCK_1F,6,15
general__rom_082d501c,296,flat,native_fallback,1,1,FR_NAVEL_ROCK_FORK,13,95
general__rom_082d501c,297,flat,native_fallback,18,18,FR_NAVEL_ROCK_B1F,4,2
general__rom_082d501c,298,flat,native_fallback,6,3,FR_NAVEL_ROCK_FORK,15,93
general__rom_082d501c,299,flat,native_fallback,165,25,FR_NAVEL_ROCK_1F,10,1
general__rom_082d501c,29A,flat,native_fallback,6,3,FR_NAVEL_ROCK_FORK,13,93
general__rom_082d501c,29B,flat,native_fallback,54,24,FR_NAVEL_ROCK_1F,2,0
general__rom_082d501c,29C,flat,native_fallback,54,24,FR_NAVEL_ROCK_1F,14,0
general__rom_082d501c,2A3,flat,native_fallback,6,6,FR_NAVEL_ROCK_1F,3,7
general__rom_082d501c,2A4,flat,native_fallback,5,5,FR_SIX_ISLAND_DOTTED_HOLE_1F,15,10
general__rom_082d501c,2A8,flat,native_fallback,3,1,FR_SIX_ISLAND_DOTTED_HOLE_1F,11,4
general__rom_082d501c,2AF,flat,native_fallback,17,17,FR_NAVEL_ROCK_B1F,11,5
general__rom_082d501c,2B0,flat,native_fallback,1,1,FR_SIX_ISLAND_DOTTED_HOLE_1F,11,7
general__rom_082d501c,2B7,flat,native_fallback,301,1,FR_NAVEL_ROCK_SUMMIT,12,6
general__rom_082d501c,2BD,flat,native_fallback,1,1,FR_SIX_ISLAND_DOTTED_HOLE_1F,14,7
general__rom_082d501c,2C0,flat,native_fallback,4,4,FR_SIX_ISLAND_DOTTED_HOLE_B1F,6,5
general__rom_082d501c,2C1,flat,native_fallback,2,1,FR_SIX_ISLAND_DOTTED_HOLE_1F,13,7
general__rom_082d501c,2C3,flat,native_fallback,7,3,FR_NAVEL_ROCK_FORK,16,37
general__rom_082d501c,2C4,flat,native_fallback,123,19,FR_NAVEL_ROCK_1F,10,0
general__rom_082d501c,2C5,flat,native_fallback,7,3,FR_NAVEL_ROCK_FORK,23,37
general__rom_082d501c,2C6,flat,native_fallback,315,21,FR_NAVEL_ROCK_1F,11,16
general__rom_082d501c,2C7,flat,native_fallback,315,21,FR_NAVEL_ROCK_1F,5,15
general__rom_082d501c,2C8,flat,native_fallback,2,2,FR_NAVEL_ROCK_1F,7,24
general__rom_082d501c,2C9,flat,native_fallback,2,2,FR_NAVEL_ROCK_1F,8,24
general__rom_082d501c,2CA,flat,native_fallback,2,2,FR_NAVEL_ROCK_1F,9,24
general__rom_082d501c,2CF,flat,native_fallback,3,1,FR_SIX_ISLAND_DOTTED_HOLE_1F,12,0
general__rom_082d501c,2D0,flat,native_fallback,1,1,FR_NAVEL_ROCK_SUMMIT,7,16
general__rom_082d501c,2D2,flat,native_fallback,1,1,FR_NAVEL_ROCK_SUMMIT,11,16
general__rom_082d501c,2D3,flat,native_fallback,1,1,FR_NAVEL_ROCK_SUMMIT,8,16
general__rom_082d501c,2D4,flat,native_fallback,1,1,FR_NAVEL_ROCK_SUMMIT,10,16
general__rom_082d501c,2D5,flat,native_fallback,8,4,FR_SIX_ISLAND_DOTTED_HOLE_1F,9,4
general__rom_082d501c,2D6,flat,native_fallback,8,4,FR_SIX_ISLAND_DOTTED_HOLE_1F,5,7
general__rom_082d501c,2D7,flat,native_fallback,4,1,FR_SIX_ISLAND_DOTTED_HOLE_1F,10,10
general__rom_082d501c,2D8,flat,native_fallback,2,1,FR_NAVEL_ROCK_SUMMIT,7,18
general__rom_082d501c,2D9,flat,native_fallback,486,19,FR_NAVEL_ROCK_1F,8,15
general__rom_082d501c,2DA,flat,native_fallback,2,1,FR_NAVEL_ROCK_SUMMIT,11,18
general__rom_082d501c,2DD,flat,native_fallback,8,4,FR_SIX_ISLAND_DOTTED_HOLE_1F,4,8
general__rom_082d501c,2DE,flat,native_fallback,8,4,FR_SIX_ISLAND_DOTTED_HOLE_1F,5,8
general__rom_082d501c,2E0,flat,native_fallback,1,1,FR_NAVEL_ROCK_SUMMIT,7,19
general__rom_082d501c,2E1,flat,native_fallback,5,2,FR_NAVEL_ROCK_FORK,15,4
general__rom_082d501c,2E2,flat,native_fallback,1,1,FR_NAVEL_ROCK_SUMMIT,11,19
general__rom_082d501c,2E3,flat,native_fallback,1,1,FR_NAVEL_ROCK_SUMMIT,6,21
general__rom_082d501c,2E4,flat,native_fallback,5,1,FR_NAVEL_ROCK_SUMMIT,7,21
general__rom_082d501c,2E5,flat,native_fallback,1,1,FR_NAVEL_ROCK_SUMMIT,12,21
general__rom_082d501c,2F3,flat,native_fallback,6,5,FR_SIX_ISLAND_DOTTED_HOLE_B1F,5,4
general__rom_082d501c,2F4,flat,native_fallback,6,5,FR_SIX_ISLAND_DOTTED_HOLE_B1F,6,4
general__rom_082d501c,2F5,flat,native_fallback,6,5,FR_SIX_ISLAND_DOTTED_HOLE_B1F,7,4
general__rom_082d501c,2FB,flat,native_fallback,6,5,FR_SIX_ISLAND_DOTTED_HOLE_B1F,5,5
general__rom_082d501c,2FD,flat,native_fallback,6,5,FR_SIX_ISLAND_DOTTED_HOLE_B1F,7,5
general__rom_082d501c,302,flat,native_fallback,1,1,FR_NAVEL_ROCK_BASE,10,17
general__rom_082d501c,303,flat,native_fallback,6,5,FR_SIX_ISLAND_DOTTED_HOLE_B1F,5,6
general__rom_082d501c,304,flat,native_fallback,6,5,FR_SIX_ISLAND_DOTTED_HOLE_B1F,6,6
general__rom_082d501c,305,flat,native_fallback,6,5,FR_SIX_ISLAND_DOTTED_HOLE_B1F,7,6
general__rom_082d501c,306,flat,native_fallback,2,1,FR_NAVEL_ROCK_SUMMIT,9,13
general__rom_082d501c,307,flat,native_fallback,1,1,FR_NAVEL_ROCK_SUMMIT,9,11
general__rom_082d501c,308,flat,native_fallback,1,1,FR_NAVEL_ROCK_SUMMIT,6,22
general__rom_082d501c,309,flat,native_fallback,5,1,FR_NAVEL_ROCK_SUMMIT,7,22
general__rom_082d501c,30A,flat,native_fallback,1,1,FR_NAVEL_ROCK_SUMMIT,12,22
general__rom_082d501c,30B,flat,native_fallback,2,1,FR_NAVEL_ROCK_SUMMIT,6,23
general__rom_082d501c,30C,flat,native_fallback,10,1,FR_NAVEL_ROCK_SUMMIT,7,23
general__rom_082d501c,30D,flat,native_fallback,2,1,FR_NAVEL_ROCK_SUMMIT,12,23
general__rom_082d501c,30E,flat,native_fallback,3,1,FR_NAVEL_ROCK_SUMMIT,6,13
general__rom_082d501c,30F,flat,native_fallback,3,1,FR_NAVEL_ROCK_SUMMIT,10,11
general__rom_082d501c,310,flat,native_fallback,4,1,FR_NAVEL_ROCK_SUMMIT,1,19
general__rom_082d501c,312,flat,native_fallback,4,1,FR_NAVEL_ROCK_SUMMIT,14,17
general__rom_082d501c,313,flat,native_fallback,3,1,FR_NAVEL_ROCK_SUMMIT,6,14
general__rom_082d501c,314,flat,native_fallback,22,1,FR_NAVEL_ROCK_SUMMIT,13,18
general__rom_082d501c,315,flat,native_fallback,3,1,FR_NAVEL_ROCK_SUMMIT,12,14
general__rom_082d501c,316,flat,native_fallback,18,1,FR_NAVEL_ROCK_SUMMIT,3,24
general__rom_082d501c,317,flat,native_fallback,4,1,FR_NAVEL_ROCK_BASE,9,19
general__rom_082d501c,318,flat,native_fallback,1,1,FR_NAVEL_ROCK_SUMMIT,6,20
general__rom_082d501c,319,flat,native_fallback,1,1,FR_NAVEL_ROCK_SUMMIT,12,20
general__rom_082d501c,31A,flat,native_fallback,6,1,FR_NAVEL_ROCK_SUMMIT,3,21
general__rom_082d501c,31B,flat,native_fallback,6,1,FR_NAVEL_ROCK_SUMMIT,15,19
general__rom_082d501c,31C,flat,native_fallback,3,1,FR_NAVEL_ROCK_SUMMIT,6,18
general__rom_082d501c,31D,flat,native_fallback,3,1,FR_NAVEL_ROCK_SUMMIT,12,18
general__rom_082d501c,323,flat,native_fallback,2,1,FR_NAVEL_ROCK_BASE,12,15
general__rom_082d501c,325,flat,native_fallback,2,1,FR_NAVEL_ROCK_BASE,8,15
general__rom_082d501c,326,flat,native_fallback,1,1,FR_NAVEL_ROCK_BASE,6,19
general__rom_082d501c,327,flat,native_fallback,1,1,FR_NAVEL_ROCK_BASE,14,19
general__rom_082d501c,328,flat,native_fallback,44,1,FR_NAVEL_ROCK_BASE,16,2
general__rom_082d501c,32A,flat,native_fallback,44,1,FR_NAVEL_ROCK_BASE,3,14
general__rom_082d501c,32B,flat,native_fallback,58,1,FR_NAVEL_ROCK_BASE,14,0
general__rom_082d501c,32C,flat,native_fallback,29,1,FR_NAVEL_ROCK_BASE,10,15
general__rom_082d501c,32D,flat,native_fallback,58,1,FR_NAVEL_ROCK_BASE,6,4
general__rom_082d501c,32E,flat,native_fallback,14,1,FR_NAVEL_ROCK_BASE,8,0
general__rom_082d501c,32F,flat,native_fallback,1,1,FR_NAVEL_ROCK_BASE,13,19
general__rom_082d501c,333,flat,native_fallback,1,1,FR_NAVEL_ROCK_BASE,12,19
general__rom_082d501c,334,flat,native_fallback,1,1,FR_NAVEL_ROCK_BASE,7,19
general__rom_082d501c,335,flat,native_fallback,1,1,FR_NAVEL_ROCK_BASE,8,19
general__rom_082d501c,336,flat,native_fallback,14,1,FR_NAVEL_ROCK_BASE,12,6
general__rom_082d501c,337,flat,native_fallback,1,1,FR_NAVEL_ROCK_BASE,13,20
general__rom_082d501c,338,flat,native_fallback,3,1,FR_NAVEL_ROCK_BASE,10,13
general__rom_082d501c,339,flat,native_fallback,13,2,FR_NAVEL_ROCK_BASE,8,14
general__rom_082d501c,33A,flat,native_fallback,13,2,FR_NAVEL_ROCK_BASE,12,14
general__rom_082d501c,33B,flat,native_fallback,3,1,FR_NAVEL_ROCK_BASE,10,14
general__rom_082d501c,33C,flat,native_fallback,2,1,FR_NAVEL_ROCK_BASE,5,22
general__rom_082d501c,33D,flat,native_fallback,2,1,FR_NAVEL_ROCK_BASE,14,22
general__rom_082d501c,33E,flat,native_fallback,2,1,FR_NAVEL_ROCK_BASE,3,22
general__rom_082d501c,33F,flat,native_fallback,2,1,FR_NAVEL_ROCK_BASE,16,22
general__rom_082d501c,340,flat,native_fallback,4,1,FR_NAVEL_ROCK_SUMMIT,5,17
general__rom_082d501c,341,flat,native_fallback,1,1,FR_SIX_ISLAND_DOTTED_HOLE_SAPPHIRE_ROOM,5,5
general__rom_082d501c,343,flat,native_fallback,1,1,FR_SIX_ISLAND_DOTTED_HOLE_SAPPHIRE_ROOM,9,5
general__rom_082d501c,345,flat,native_fallback,1,1,FR_SIX_ISLAND_DOTTED_HOLE_SAPPHIRE_ROOM,9,6
general__rom_082d501c,346,flat,native_fallback,1,1,FR_SIX_ISLAND_DOTTED_HOLE_SAPPHIRE_ROOM,5,6
general__rom_082d501c,347,flat,native_fallback,1,1,FR_SIX_ISLAND_DOTTED_HOLE_SAPPHIRE_ROOM,7,7
general__rom_082d501c,348,flat,native_fallback,1,1,FR_SIX_ISLAND_DOTTED_HOLE_SAPPHIRE_ROOM,9,8
general__rom_082d501c,349,flat,native_fallback,1,1,FR_SIX_ISLAND_DOTTED_HOLE_SAPPHIRE_ROOM,5,8
general__rom_082d501c,34A,flat,native_fallback,1,1,FR_SIX_ISLAND_DOTTED_HOLE_SAPPHIRE_ROOM,8,9
general__rom_082d501c,34B,flat,native_fallback,1,1,FR_SIX_ISLAND_DOTTED_HOLE_SAPPHIRE_ROOM,6,9
general__rom_082d501c,34C,flat,native_fallback,1,1,FR_SIX_ISLAND_DOTTED_HOLE_SAPPHIRE_ROOM,8,5
general__rom_082d501c,34D,flat,native_fallback,1,1,FR_SIX_ISLAND_DOTTED_HOLE_SAPPHIRE_ROOM,6,5
general__rom_082d501c,34E,flat,native_fallback,1,1,FR_SIX_ISLAND_DOTTED_HOLE_SAPPHIRE_ROOM,5,9
general__rom_082d501c,34F,flat,native_fallback,1,1,FR_SIX_ISLAND_DOTTED_HOLE_SAPPHIRE_ROOM,9,9
general__rom_082d501c,353,flat,native_fallback,1,1,FR_SIX_ISLAND_DOTTED_HOLE_SAPPHIRE_ROOM,7,2
general__rom_082d501c,354,flat,native_fallback,1,1,FR_NAVEL_ROCK_FORK,14,4
general__rom_082d501c,356,flat,native_fallback,1,1,FR_NAVEL_ROCK_FORK,12,4
general__rom_082d501c,357,flat,native_fallback,1,1,FR_NAVEL_ROCK_FORK,16,4
general__rom_082d501c,35B,flat,native_fallback,1,1,FR_SIX_ISLAND_DOTTED_HOLE_SAPPHIRE_ROOM,7,3
general__rom_082d5064,068,cliff,modeled_cliff,2,1,FR_FOUR_ISLAND,29,31
general__rom_082d5064,069,cliff,modeled_cliff,4,1,FR_FOUR_ISLAND,30,31
general__rom_082d5064,06B,cliff,modeled_cliff,2,1,FR_FIVE_ISLAND_MEMORIAL_PILLAR,5,38
general__rom_082d5064,06D,cliff,modeled_cliff,3,1,FR_FIVE_ISLAND_MEMORIAL_PILLAR,16,43
general__rom_082d5064,070,cliff,modeled_cliff,19,2,FR_FIVE_ISLAND_MEADOW,6,25
general__rom_082d5064,071,cliff,modeled_cliff,386,3,FR_FIVE_ISLAND_MEMORIAL_PILLAR,13,52
general__rom_082d5064,072,cliff,modeled_cliff,24,3,FR_FIVE_ISLAND_MEADOW,17,27
general__rom_082d5064,073,cliff,modeled_cliff,110,4,FR_FIVE_ISLAND_MEADOW,9,29
general__rom_082d5064,075,cliff,modeled_cliff,30,4,FR_FIVE_ISLAND_MEADOW,14,4
general__rom_082d5064,00B,tree,modeled_tree,9,1,FR_FIVE_ISLAND_MEADOW,11,7
general__rom_082d5064,078,cliff,modeled_cliff,5,2,FR_FIVE_ISLAND_MEADOW,6,28
general__rom_082d5064,079,cliff,modeled_cliff,72,5,FR_FIVE_ISLAND,14,9
general__rom_082d5064,07A,cliff,modeled_cliff,6,3,FR_FIVE_ISLAND_MEADOW,17,28
general__rom_082d5064,07B,cliff,modeled_cliff,21,3,FR_FIVE_ISLAND_MEADOW,2,23
general__rom_082d5064,07C,cliff,modeled_cliff,139,4,FR_FIVE_ISLAND_MEADOW,8,28
general__rom_082d5064,07D,cliff,modeled_cliff,1,1,FR_FIVE_ISLAND_RESORT_GORGEOUS,65,12
general__rom_082d5064,00C,tree,modeled_tree,8,1,FR_FIVE_ISLAND_MEADOW,12,7
general__rom_082d5064,083,flat,unreviewed,1,1,FR_FIVE_ISLAND_RESORT_GORGEOUS,37,6
general__rom_082d5064,084,flat,unreviewed,1,1,FR_FIVE_ISLAND_RESORT_GORGEOUS,45,6
general__rom_082d5064,085,flat,unreviewed,2,1,FR_FIVE_ISLAND_RESORT_GORGEOUS,37,8
general__rom_082d5064,086,flat,unreviewed,2,1,FR_FIVE_ISLAND_RESORT_GORGEOUS,45,7
general__rom_082d5064,087,ledge,modeled_ledge,1,1,FR_FIVE_ISLAND_RESORT_GORGEOUS,44,9
general__rom_082d5064,089,flat,unreviewed,14,4,FR_FIVE_ISLAND,12,9
general__rom_082d5064,00D,grass,modeled_grass,154,3,FR_FIVE_ISLAND_MEADOW,9,34
general__rom_082d5064,08D,flat,unreviewed,1,1,FR_FIVE_ISLAND_RESORT_GORGEOUS,37,9
general__rom_082d5064,08E,flat,unreviewed,1,1,FR_FIVE_ISLAND_RESORT_GORGEOUS,45,9
general__rom_082d5064,091,flat,unreviewed,13,4,FR_FIVE_ISLAND,11,9
general__rom_082d5064,00E,tree,modeled_tree,12,2,FR_FIVE_ISLAND_MEADOW,17,29
general__rom_082d5064,098,flat,unreviewed,6,3,FR_FIVE_ISLAND_MEADOW,2,13
general__rom_082d5064,099,flat,unreviewed,6,2,FR_FIVE_ISLAND_MEMORIAL_PILLAR,13,51
general__rom_082d5064,09A,flat,unreviewed,6,2,FR_FIVE_ISLAND_MEMORIAL_PILLAR,4,49
general__rom_082d5064,00F,tree,modeled_tree,13,2,FR_FIVE_ISLAND_MEADOW,14,7
general__rom_082d5064,0A0,flat,unreviewed,68,5,FR_FIVE_ISLAND,10,4
general__rom_082d5064,0A2,flat,unreviewed,20,2,FR_FIVE_ISLAND_MEMORIAL_PILLAR,19,27
general__rom_082d5064,0A8,flat,unreviewed,17,4,FR_FIVE_ISLAND,10,9
general__rom_082d5064,0A9,flat,unreviewed,2,2,FR_FIVE_ISLAND_RESORT_GORGEOUS,64,13
general__rom_082d5064,010,flat,reviewed_surface,131,5,FR_FIVE_ISLAND,11,7
general__rom_082d5064,0AA,flat,unreviewed,9,3,FR_FIVE_ISLAND,23,11
general__rom_082d5064,0B0,ledge,modeled_ledge,1,1,FR_FIVE_ISLAND_RESORT_GORGEOUS,43,9
general__rom_082d5064,0B1,ledge,modeled_ledge,1,1,FR_FIVE_ISLAND_RESORT_GORGEOUS,38,9
general__rom_082d5064,0B2,cliff,modeled_cliff,8,4,FR_FIVE_ISLAND,23,10
general__rom_082d5064,0B3,cliff,modeled_cliff,32,4,FR_FIVE_ISLAND,15,9
general__rom_082d5064,011,flat,reviewed_surface,92,5,FR_FIVE_ISLAND_MEADOW,14,34
general__rom_082d5064,0B4,cliff,modeled_cliff,2,1,FR_FOUR_ISLAND,7,4
general__rom_082d5064,0B5,cliff,modeled_cliff,2,1,FR_FOUR_ISLAND,8,4
general__rom_082d5064,0BA,cliff,modeled_cliff,4,2,FR_FIVE_ISLAND_MEMORIAL_PILLAR,13,38
general__rom_082d5064,0BB,cliff,modeled_cliff,4,2,FR_FIVE_ISLAND_MEMORIAL_PILLAR,4,38
general__rom_082d5064,0BD,flat,unreviewed,1,1,FR_FIVE_ISLAND_RESORT_GORGEOUS,33,8
general__rom_082d5064,0BE,flat,unreviewed,6,1,FR_FIVE_ISLAND_RESORT_GORGEOUS,40,10
general__rom_082d5064,0BF,flat,unreviewed,2,1,FR_FIVE_ISLAND_RESORT_GORGEOUS,41,10
general__rom_082d5064,0C2,flat,unreviewed,3,1,FR_FIVE_ISLAND_MEMORIAL_PILLAR,15,7
general__rom_082d5064,0C4,flat,unreviewed,1,1,FR_FIVE_ISLAND_RESORT_GORGEOUS,35,10
general__rom_082d5064,0C5,flat,unreviewed,3,2,FR_FIVE_ISLAND_RESORT_GORGEOUS,33,10
general__rom_082d5064,0C6,flat,unreviewed,3,2,FR_FIVE_ISLAND_RESORT_GORGEOUS,34,10
general__rom_082d5064,0C7,flat,unreviewed,2,2,FR_FIVE_ISLAND_RESORT_GORGEOUS,35,9
general__rom_082d5064,001,flat,reviewed_surface,17,2,FR_FIVE_ISLAND_MEMORIAL_PILLAR,18,27
general__rom_082d5064,0CD,flat,unreviewed,2,2,FR_FIVE_ISLAND_RESORT_GORGEOUS,33,11
general__rom_082d5064,0CE,flat,unreviewed,8,2,FR_FIVE_ISLAND_RESORT_GORGEOUS,40,11
general__rom_082d5064,0CF,flat,unreviewed,2,2,FR_FIVE_ISLAND_RESORT_GORGEOUS,41,11
general__rom_082d5064,0D0,flat,reviewed_surface,1,1,FR_FIVE_ISLAND_MEMORIAL_PILLAR,7,41
general__rom_082d5064,014,tree,modeled_tree,21,1,FR_FIVE_ISLAND_MEADOW,11,15
general__rom_082d5064,0D2,flat,unreviewed,1,1,FR_FIVE_ISLAND_MEMORIAL_PILLAR,10,41
general__rom_082d5064,0D3,flat,reviewed_surface,1,1,FR_FIVE_ISLAND_WATER_LABYRINTH,9,7
general__rom_082d5064,0D4,flat,reviewed_surface,4,1,FR_FIVE_ISLAND_WATER_LABYRINTH,12,7
general__rom_082d5064,0D5,flat,reviewed_surface,2,1,FR_FIVE_ISLAND_WATER_LABYRINTH,14,7
general__rom_082d5064,0D6,flat,unreviewed,1,1,FR_FIVE_ISLAND_RESORT_GORGEOUS,35,5
general__rom_082d5064,0D7,flat,unreviewed,1,1,FR_FIVE_ISLAND_RESORT_GORGEOUS,36,5
general__rom_082d5064,0D8,flat,unreviewed,1,1,FR_FIVE_ISLAND_MEMORIAL_PILLAR,7,42
general__rom_082d5064,0DA,flat,unreviewed,1,1,FR_FIVE_ISLAND_MEMORIAL_PILLAR,10,42
general__rom_082d5064,015,tree,modeled_tree,23,2,FR_FIVE_ISLAND,23,4
general__rom_082d5064,0DC,flat,reviewed_surface,5,1,FR_FIVE_ISLAND_WATER_LABYRINTH,14,9
general__rom_082d5064,0DD,flat,reviewed_surface,3,1,FR_FIVE_ISLAND_WATER_LABYRINTH,15,9
general__rom_082d5064,0E1,flat,unreviewed,2,1,FR_FIVE_ISLAND_MEMORIAL_PILLAR,8,44
general__rom_082d5064,0E2,flat,unreviewed,1,1,FR_FIVE_ISLAND_MEMORIAL_PILLAR,10,44
general__rom_082d5064,0E3,flat,reviewed_surface,5,1,FR_FIVE_ISLAND_WATER_LABYRINTH,11,9
general__rom_082d5064,0E4,flat,reviewed_surface,1,1,FR_FIVE_ISLAND_WATER_LABYRINTH,10,8
general__rom_082d5064,0E5,flat,reviewed_surface,1,1,FR_FIVE_ISLAND_WATER_LABYRINTH,15,12
general__rom_082d5064,016,tree,modeled_tree,17,3,FR_FIVE_ISLAND,22,4
general__rom_082d5064,0E6,fence,modeled_fence,14,1,FR_FOUR_ISLAND,10,13
general__rom_082d5064,0E7,fence,modeled_fence,8,1,FR_FIVE_ISLAND_RESORT_GORGEOUS,34,5
general__rom_082d5064,0E8,fence,modeled_fence,1,1,FR_FOUR_ISLAND,9,5
general__rom_082d5064,0E9,fence,modeled_fence,1,1,FR_FOUR_ISLAND,23,5
general__rom_082d5064,0EA,flat,unreviewed,1,1,FR_FOUR_ISLAND,17,11
general__rom_082d5064,0EC,fence,modeled_fence,1,1,FR_FIVE_ISLAND_RESORT_GORGEOUS,31,5
general__rom_082d5064,017,tree,modeled_tree,15,2,FR_FIVE_ISLAND_MEADOW,14,13
general__rom_082d5064,0F0,fence,modeled_fence,7,1,FR_FOUR_ISLAND,9,7
general__rom_082d5064,0F1,fence,modeled_fence,6,1,FR_FOUR_ISLAND,23,10
general__rom_082d5064,0F4,fence,modeled_fence,2,1,FR_FIVE_ISLAND_RESORT_GORGEOUS,31,6
general__rom_082d5064,0F8,flat,unreviewed,1,1,FR_FOUR_ISLAND,9,13
general__rom_082d5064,0F9,flat,unreviewed,2,1,FR_FOUR_ISLAND,17,13
general__rom_082d5064,0FA,flat,unreviewed,5,2,FR_FIVE_ISLAND,22,3
general__rom_082d5064,0FB,flat,unreviewed,5,2,FR_FIVE_ISLAND,23,3
general__rom_082d5064,0FC,fence,modeled_fence,1,1,FR_FIVE_ISLAND_RESORT_GORGEOUS,31,8
general__rom_082d5064,103,flat,reviewed_surface,1,1,FR_FIVE_ISLAND_WATER_LABYRINTH,14,8
general__rom_082d5064,104,flat,reviewed_surface,4,1,FR_FIVE_ISLAND_WATER_LABYRINTH,11,8
general__rom_082d5064,10A,flat,unreviewed,5,2,FR_FIVE_ISLAND,22,2
general__rom_082d5064,10B,flat,unreviewed,5,2,FR_FIVE_ISLAND,23,2
general__rom_082d5064,10C,flat,unreviewed,10,2,FR_FIVE_ISLAND_MEMORIAL_PILLAR,7,5
general__rom_082d5064,10D,flat,unreviewed,28,2,FR_FIVE_ISLAND_MEMORIAL_PILLAR,18,43
general__rom_082d5064,10E,flat,unreviewed,7,2,FR_FIVE_ISLAND_MEMORIAL_PILLAR,19,43
general__rom_082d5064,10F,flat,unreviewed,11,1,FR_FIVE_ISLAND_MEMORIAL_PILLAR,5,37
general__rom_082d5064,110,flat,unreviewed,181,5,FR_FIVE_ISLAND,16,15
general__rom_082d5064,111,flat,unreviewed,182,5,FR_FIVE_ISLAND,8,15
general__rom_082d5064,112,flat,unreviewed,2,1,FR_FIVE_ISLAND_MEADOW,21,15
general__rom_082d5064,113,flat,unreviewed,3,1,FR_FIVE_ISLAND_MEADOW,1,14
general__rom_082d5064,114,flat,reviewed_surface,14,2,FR_FIVE_ISLAND_MEMORIAL_PILLAR,7,6
general__rom_082d5064,115,flat,reviewed_surface,236,5,FR_FIVE_ISLAND,10,10
general__rom_082d5064,116,flat,unreviewed,21,2,FR_FIVE_ISLAND_MEMORIAL_PILLAR,19,49
general__rom_082d5064,117,flat,unreviewed,4,2,FR_FIVE_ISLAND,10,2
general__rom_082d5064,01B,flat,unreviewed,6,1,FR_FOUR_ISLAND,10,6
general__rom_082d5064,118,flat,unreviewed,177,5,FR_FIVE_ISLAND,18,15
general__rom_082d5064,119,flat,reviewed_surface,178,5,FR_FIVE_ISLAND,19,15
general__rom_082d5064,11A,flat,unreviewed,2,1,FR_FIVE_ISLAND_MEADOW,21,16
general__rom_082d5064,11B,flat,unreviewed,3,1,FR_FIVE_ISLAND_MEADOW,1,15
general__rom_082d5064,11C,flat,reviewed_surface,13,2,FR_FIVE_ISLAND_MEMORIAL_PILLAR,7,9
general__rom_082d5064,11D,flat,reviewed_surface,37,2,FR_FIVE_ISLAND_MEMORIAL_PILLAR,10,11
general__rom_082d5064,11E,flat,unreviewed,9,2,FR_FIVE_ISLAND_MEMORIAL_PILLAR,19,52
general__rom_082d5064,11F,flat,unreviewed,10,3,FR_FIVE_ISLAND,21,2
general__rom_082d5064,121,flat,unreviewed,3,2,FR_FIVE_ISLAND,8,12
general__rom_082d5064,01C,tree,modeled_tree,21,1,FR_FIVE_ISLAND_MEADOW,11,8
general__rom_082d5064,122,flat,unreviewed,1,1,FR_FIVE_ISLAND_MEADOW,20,34
general__rom_082d5064,123,flat,unreviewed,36,3,FR_FIVE_ISLAND,10,13
general__rom_082d5064,124,flat,unreviewed,5,2,FR_FIVE_ISLAND_MEADOW,5,28
general__rom_082d5064,125,flat,reviewed_surface,6,1,FR_FIVE_ISLAND_RESORT_GORGEOUS,10,7
general__rom_082d5064,126,flat,reviewed_surface,3,1,FR_FIVE_ISLAND_RESORT_GORGEOUS,14,8
general__rom_082d5064,128,flat,unreviewed,2,2,FR_FIVE_ISLAND,7,3
general__rom_082d5064,129,flat,unreviewed,5,2,FR_FIVE_ISLAND_MEADOW,21,7
general__rom_082d5064,12A,flat,reviewed_surface,27,2,FR_FIVE_ISLAND_MEADOW,21,27
general__rom_082d5064,12B,flat,reviewed_surface,1892,5,FR_FIVE_ISLAND,1,12
general__rom_082d5064,01D,tree,modeled_tree,20,2,FR_FIVE_ISLAND,23,5
general__rom_082d5064,002,sign,modeled_sign,2,2,FR_FIVE_ISLAND,20,8
general__rom_082d5064,12C,flat,reviewed_surface,24,3,FR_FIVE_ISLAND,7,6
general__rom_082d5064,12D,flat,reviewed_surface,7,2,FR_FIVE_ISLAND_MEMORIAL_PILLAR,8,9
general__rom_082d5064,12E,flat,reviewed_surface,4,1,FR_FIVE_ISLAND_RESORT_GORGEOUS,14,9
general__rom_082d5064,130,flat,reviewed_surface,10,3,FR_FIVE_ISLAND,8,13
general__rom_082d5064,131,flat,reviewed_surface,3,2,FR_FIVE_ISLAND_MEADOW,21,34
general__rom_082d5064,132,flat,unreviewed,5,3,FR_FIVE_ISLAND,11,2
general__rom_082d5064,133,flat,unreviewed,50,5,FR_FIVE_ISLAND,12,2
general__rom_082d5064,134,flat,unreviewed,12,4,FR_FIVE_ISLAND_MEADOW,17,5
general__rom_082d5064,01E,tree,modeled_tree,44,4,FR_FIVE_ISLAND,22,5
general__rom_082d5064,01F,tree,modeled_tree,45,3,FR_FIVE_ISLAND_MEADOW,10,7
general__rom_082d5064,161,flat,unreviewed,1,1,FR_FOUR_ISLAND,31,22
general__rom_082d5064,023,flat,unreviewed,6,1,FR_FOUR_ISLAND,10,7
general__rom_082d5064,169,flat,unreviewed,2,2,FR_FIVE_ISLAND_RESORT_GORGEOUS,42,9
general__rom_082d5064,024,tree,modeled_tree,12,2,FR_FIVE_ISLAND_MEADOW,6,4
general__rom_082d5064,17B,flat,modeled_building,1,1,FR_FOUR_ISLAND,16,16
general__rom_082d5064,025,tree,modeled_tree,13,2,FR_FIVE_ISLAND_MEADOW,10,8
general__rom_082d5064,17C,flat,modeled_building,1,1,FR_FOUR_ISLAND,17,16
general__rom_082d5064,17D,flat,modeled_building,1,1,FR_FOUR_ISLAND,18,16
general__rom_082d5064,17E,flat,modeled_building,1,1,FR_FOUR_ISLAND,19,16
general__rom_082d5064,17F,flat,modeled_building,1,1,FR_FOUR_ISLAND,20,16
general__rom_082d5064,026,tree,modeled_tree,15,3,FR_FIVE_ISLAND_MEADOW,15,34
general__rom_082d5064,186,wall,modeled_building,2,2,FR_FIVE_ISLAND,19,6
general__rom_082d5064,187,roof,modeled_building,2,2,FR_FIVE_ISLAND,20,3
general__rom_082d5064,18F,flat,modeled_building,2,2,FR_FIVE_ISLAND,20,4
general__rom_082d5064,027,tree,modeled_tree,14,3,FR_FIVE_ISLAND_MEADOW,16,34
general__rom_082d5064,197,wall,modeled_building,2,2,FR_FIVE_ISLAND,20,5
general__rom_082d5064,028,roof,modeled_building,1,1,FR_FOUR_ISLAND,20,23
general__rom_082d5064,19F,wall,modeled_building,2,2,FR_FIVE_ISLAND,20,6
general__rom_082d5064,1A0,flat,unreviewed,5,1,FR_FOUR_ISLAND,12,6
general__rom_082d5064,1A1,flat,unreviewed,1,1,FR_FOUR_ISLAND,13,6
general__rom_082d5064,1A2,flat,unreviewed,5,1,FR_FOUR_ISLAND,14,6
general__rom_082d5064,1A3,flat,unreviewed,1,1,FR_FOUR_ISLAND,32,13
general__rom_082d5064,029,roof,modeled_building,1,1,FR_FOUR_ISLAND,21,23
general__rom_082d5064,1A5,flat,unreviewed,1,1,FR_FOUR_ISLAND,21,17
general__rom_082d5064,1A6,flat,unreviewed,9,1,FR_FOUR_ISLAND,22,17
general__rom_082d5064,1A7,flat,unreviewed,3,1,FR_FOUR_ISLAND,25,17
general__rom_082d5064,1A8,flat,unreviewed,2,1,FR_FOUR_ISLAND,12,7
general__rom_082d5064,1A9,flat,unreviewed,3,1,FR_FOUR_ISLAND,13,7
general__rom_082d5064,1AA,flat,unreviewed,1,1,FR_FOUR_ISLAND,14,7
general__rom_082d5064,1AD,flat,unreviewed,12,1,FR_FOUR_ISLAND,21,18
general__rom_082d5064,02A,roof,modeled_building,1,1,FR_FOUR_ISLAND,22,23
general__rom_082d5064,1AE,flat,unreviewed,38,1,FR_FOUR_ISLAND,22,18
general__rom_082d5064,1AF,flat,unreviewed,11,1,FR_FOUR_ISLAND,25,18
general__rom_082d5064,1B0,flat,unreviewed,4,1,FR_FOUR_ISLAND,12,8
general__rom_082d5064,1B1,flat,unreviewed,2,1,FR_FOUR_ISLAND,13,8
general__rom_082d5064,1B2,flat,unreviewed,5,1,FR_FOUR_ISLAND,14,8
general__rom_082d5064,1B3,flat,unreviewed,1,1,FR_FOUR_ISLAND,35,15
general__rom_082d5064,02B,roof,modeled_building,1,1,FR_FOUR_ISLAND,23,23
general__rom_082d5064,1BD,flat,unreviewed,2,2,FR_FIVE_ISLAND,11,13
general__rom_082d5064,1BE,flat,unreviewed,2,2,FR_FIVE_ISLAND,12,13
general__rom_082d5064,1BF,flat,unreviewed,2,2,FR_FIVE_ISLAND,13,13
general__rom_082d5064,1CB,flat,unreviewed,91,5,FR_FIVE_ISLAND,22,15
general__rom_082d5064,1CC,flat,unreviewed,91,5,FR_FIVE_ISLAND,23,15
general__rom_082d5064,1D0,flat,reviewed_surface,21,4,FR_FIVE_ISLAND,22,17
general__rom_082d5064,1D1,flat,reviewed_surface,11,2,FR_FIVE_ISLAND_MEMORIAL_PILLAR,16,58
general__rom_082d5064,1D2,flat,reviewed_surface,25,5,FR_FIVE_ISLAND,1,13
general__rom_082d5064,1D3,flat,unreviewed,91,5,FR_FIVE_ISLAND,5,15
general__rom_082d5064,1D4,flat,reviewed_surface,91,5,FR_FIVE_ISLAND,6,15
general__rom_082d5064,1D5,flat,unreviewed,2,1,FR_FIVE_ISLAND_RESORT_GORGEOUS,45,10
general__rom_082d5064,1D6,flat,unreviewed,11,1,FR_FIVE_ISLAND_RESORT_GORGEOUS,44,11
general__rom_082d5064,1D7,flat,unreviewed,3,1,FR_FIVE_ISLAND_RESORT_GORGEOUS,30,9
general__rom_082d5064,1D9,flat,reviewed_surface,539,5,FR_FIVE_ISLAND,0,16
general__rom_082d5064,1DA,flat,reviewed_surface,3,2,FR_FIVE_ISLAND,2,0
general__rom_082d5064,1DD,flat,unreviewed,5,1,FR_FIVE_ISLAND_RESORT_GORGEOUS,46,9
general__rom_082d5064,1DF,flat,unreviewed,4,1,FR_FIVE_ISLAND_RESORT_GORGEOUS,29,5
general__rom_082d5064,1E0,flat,unreviewed,29,5,FR_FIVE_ISLAND,23,0
general__rom_082d5064,1E1,flat,unreviewed,70,1,FR_FIVE_ISLAND_RESORT_GORGEOUS,71,14
general__rom_082d5064,1E2,flat,unreviewed,25,5,FR_FIVE_ISLAND,2,1
general__rom_082d5064,1E6,flat,unreviewed,16,1,FR_FIVE_ISLAND_RESORT_GORGEOUS,31,4
general__rom_082d5064,1E8,flat,unreviewed,3,1,FR_FIVE_ISLAND_RESORT_GORGEOUS,46,10
general__rom_082d5064,1E9,flat,unreviewed,4,1,FR_FIVE_ISLAND_RESORT_GORGEOUS,30,10
general__rom_082d5064,030,roof,modeled_building,1,1,FR_FOUR_ISLAND,20,24
general__rom_082d5064,1EA,flat,unreviewed,1,1,FR_FIVE_ISLAND_RESORT_GORGEOUS,46,4
general__rom_082d5064,1EB,flat,unreviewed,1,1,FR_FIVE_ISLAND_RESORT_GORGEOUS,29,4
general__rom_082d5064,031,roof,modeled_building,1,1,FR_FOUR_ISLAND,21,24
general__rom_082d5064,004,flowers,modeled_flowers,25,4,FR_FIVE_ISLAND_MEMORIAL_PILLAR,7,40
general__rom_082d5064,1F5,flat,unreviewed,2,1,FR_FIVE_ISLAND_MEMORIAL_PILLAR,8,5
general__rom_082d5064,1F6,flat,unreviewed,5,1,FR_FIVE_ISLAND_MEMORIAL_PILLAR,17,43
general__rom_082d5064,1F8,flat,unreviewed,2,1,FR_FIVE_ISLAND_MEMORIAL_PILLAR,14,54
general__rom_082d5064,1F9,flat,unreviewed,2,1,FR_FIVE_ISLAND_MEMORIAL_PILLAR,15,54
general__rom_082d5064,1FA,flat,unreviewed,1,1,FR_FIVE_ISLAND_MEMORIAL_PILLAR,16,16
general__rom_082d5064,1FB,flat,unreviewed,8,1,FR_FIVE_ISLAND_MEMORIAL_PILLAR,12,28
general__rom_082d5064,1FD,flat,unreviewed,2,1,FR_FIVE_ISLAND_MEMORIAL_PILLAR,0,48
general__rom_082d5064,032,roof,modeled_building,1,1,FR_FOUR_ISLAND,22,24
general__rom_082d5064,1FE,flat,unreviewed,3,1,FR_FIVE_ISLAND_MEMORIAL_PILLAR,16,39
general__rom_082d5064,200,flat,unreviewed,1,1,FR_FIVE_ISLAND_MEMORIAL_PILLAR,20,28
general__rom_082d5064,202,flat,unreviewed,21,1,FR_FIVE_ISLAND_MEMORIAL_PILLAR,20,27
general__rom_082d5064,204,flat,unreviewed,27,1,FR_FIVE_ISLAND_MEMORIAL_PILLAR,11,27
general__rom_082d5064,033,roof,modeled_building,1,1,FR_FOUR_ISLAND,23,24
general__rom_082d5064,208,flat,unreviewed,1,1,FR_FIVE_ISLAND_MEMORIAL_PILLAR,20,29
general__rom_082d5064,20A,flat,unreviewed,3,1,FR_FIVE_ISLAND_MEMORIAL_PILLAR,17,16
general__rom_082d5064,20C,flat,unreviewed,3,1,FR_FIVE_ISLAND_MEMORIAL_PILLAR,10,54
general__rom_082d5064,20D,flat,unreviewed,2,1,FR_FIVE_ISLAND_MEMORIAL_PILLAR,5,52
general__rom_082d5064,20E,flat,unreviewed,1,1,FR_FIVE_ISLAND_MEMORIAL_PILLAR,19,30
general__rom_082d5064,210,flat,unreviewed,1,1,FR_FIVE_ISLAND_MEMORIAL_PILLAR,1,48
general__rom_082d5064,212,flat,unreviewed,46,5,FR_FIVE_ISLAND,1,18
general__rom_082d5064,213,flat,unreviewed,45,5,FR_FIVE_ISLAND,1,14
general__rom_082d5064,218,flat,unreviewed,2,1,FR_FIVE_ISLAND_MEMORIAL_PILLAR,10,53
general__rom_082d5064,219,flat,unreviewed,1,1,FR_FIVE_ISLAND_MEMORIAL_PILLAR,16,52
general__rom_082d5064,21A,flat,unreviewed,52,5,FR_FIVE_ISLAND,0,15
general__rom_082d5064,21B,flat,unreviewed,51,5,FR_FIVE_ISLAND,1,15
general__rom_082d5064,038,roof,modeled_building,1,1,FR_FOUR_ISLAND,20,25
general__rom_082d5064,039,roof,modeled_building,1,1,FR_FOUR_ISLAND,21,25
general__rom_082d5064,244,flat,unreviewed,8,1,FR_FOUR_ISLAND,0,11
general__rom_082d5064,245,flat,unreviewed,8,1,FR_FOUR_ISLAND,18,37
general__rom_082d5064,247,flat,unreviewed,6,1,FR_FOUR_ISLAND,14,27
general__rom_082d5064,24C,flat,unreviewed,9,1,FR_FOUR_ISLAND,12,37
general__rom_082d5064,24D,flat,unreviewed,9,1,FR_FOUR_ISLAND,3,19
general__rom_082d5064,03A,roof,modeled_building,1,1,FR_FOUR_ISLAND,22,25
general__rom_082d5064,24F,flat,unreviewed,33,1,FR_FOUR_ISLAND,17,34
general__rom_082d5064,257,flat,unreviewed,7,1,FR_FOUR_ISLAND,23,37
general__rom_082d5064,03B,roof,modeled_building,1,1,FR_FOUR_ISLAND,23,25
general__rom_082d5064,005,shrub,modeled_shrub,8,1,FR_FIVE_ISLAND_RESORT_GORGEOUS,43,6
general__rom_082d5064,25E,flat,unreviewed,1,1,FR_FOUR_ISLAND,28,38
general__rom_082d5064,25F,flat,unreviewed,1,1,FR_FOUR_ISLAND,29,38
general__rom_082d5064,265,flat,unreviewed,25,1,FR_FOUR_ISLAND,33,37
general__rom_082d5064,26B,flat,unreviewed,12,1,FR_FOUR_ISLAND,12,27
general__rom_082d5064,26F,flat,unreviewed,8,1,FR_FOUR_ISLAND,6,34
general__rom_082d5064,273,flat,unreviewed,49,1,FR_FOUR_ISLAND,7,34
general__rom_082d5064,276,flat,unreviewed,192,1,FR_FOUR_ISLAND,0,34
general__rom_082d5064,281,flat,modeled_building,2,2,FR_FIVE_ISLAND,11,3
general__rom_082d5064,281,flat,unreviewed,1,1,FR_FIVE_ISLAND,21,6
general__rom_082d5064,282,flat,modeled_building,6,2,FR_FIVE_ISLAND,12,3
general__rom_082d5064,283,flat,unreviewed,1,1,FR_FIVE_ISLAND_MEADOW,0,6
general__rom_082d5064,284,flat,unreviewed,1,1,FR_FIVE_ISLAND,23,6
general__rom_082d5064,285,flat,modeled_building,2,2,FR_FIVE_ISLAND,15,3
general__rom_082d5064,286,flat,unreviewed,1,1,FR_FOUR_ISLAND,7,29
general__rom_082d5064,287,flat,unreviewed,1,1,FR_FOUR_ISLAND,13,29
general__rom_082d5064,288,flat,unreviewed,2,1,FR_FIVE_ISLAND,8,3
general__rom_082d5064,289,flat,modeled_building,4,2,FR_FIVE_ISLAND,11,4
general__rom_082d5064,289,flat,unreviewed,1,1,FR_FIVE_ISLAND,21,7
general__rom_082d5064,040,wall,modeled_building,1,1,FR_FOUR_ISLAND,20,26
general__rom_082d5064,28A,flat,modeled_building,4,2,FR_FIVE_ISLAND,12,4
general__rom_082d5064,28A,flat,unreviewed,1,1,FR_FIVE_ISLAND,22,7
general__rom_082d5064,28B,flat,modeled_building,4,2,FR_FIVE_ISLAND,13,4
general__rom_082d5064,28B,flat,unreviewed,1,1,FR_FIVE_ISLAND,23,7
general__rom_082d5064,28C,flat,modeled_building,4,2,FR_FIVE_ISLAND,14,4
general__rom_082d5064,28C,flat,unreviewed,1,1,FR_FIVE_ISLAND_MEADOW,0,7
general__rom_082d5064,28D,flat,modeled_building,4,2,FR_FIVE_ISLAND,15,4
general__rom_082d5064,28D,flat,unreviewed,1,1,FR_FIVE_ISLAND_MEADOW,1,7
general__rom_082d5064,28E,flat,unreviewed,1,1,FR_FOUR_ISLAND,7,31
general__rom_082d5064,28F,flat,unreviewed,1,1,FR_FOUR_ISLAND,13,31
general__rom_082d5064,290,flat,unreviewed,1,1,FR_FIVE_ISLAND_MEADOW,1,6
general__rom_082d5064,291,flat,modeled_building,4,2,FR_FIVE_ISLAND,11,5
general__rom_082d5064,291,flat,unreviewed,1,1,FR_FIVE_ISLAND,21,8
general__rom_082d5064,292,flat,modeled_building,4,2,FR_FIVE_ISLAND,12,5
general__rom_082d5064,292,flat,unreviewed,1,1,FR_FIVE_ISLAND,22,8
general__rom_082d5064,293,flat,modeled_building,4,2,FR_FIVE_ISLAND,13,5
general__rom_082d5064,293,flat,unreviewed,1,1,FR_FIVE_ISLAND,23,8
general__rom_082d5064,041,wall,modeled_building,1,1,FR_FOUR_ISLAND,21,26
general__rom_082d5064,294,flat,modeled_building,4,2,FR_FIVE_ISLAND,14,5
general__rom_082d5064,294,flat,unreviewed,1,1,FR_FIVE_ISLAND_MEADOW,0,8
general__rom_082d5064,295,flat,modeled_building,4,2,FR_FIVE_ISLAND,15,5
general__rom_082d5064,295,flat,unreviewed,1,1,FR_FIVE_ISLAND_MEADOW,1,8
general__rom_082d5064,296,flat,unreviewed,2,1,FR_FOUR_ISLAND,7,32
general__rom_082d5064,297,flat,unreviewed,2,1,FR_FOUR_ISLAND,13,30
general__rom_082d5064,298,flat,unreviewed,2,1,FR_FIVE_ISLAND_MEADOW,10,17
general__rom_082d5064,299,flat,modeled_building,4,2,FR_FIVE_ISLAND,11,6
general__rom_082d5064,299,flat,unreviewed,1,1,FR_FIVE_ISLAND,21,9
general__rom_082d5064,29A,flat,modeled_building,4,2,FR_FIVE_ISLAND,12,6
general__rom_082d5064,29A,flat,unreviewed,2,2,FR_FIVE_ISLAND,22,9
general__rom_082d5064,29B,flat,modeled_building,4,2,FR_FIVE_ISLAND,13,6
general__rom_082d5064,29B,flat,unreviewed,1,1,FR_FIVE_ISLAND,23,9
general__rom_082d5064,29C,flat,modeled_building,4,2,FR_FIVE_ISLAND,14,6
general__rom_082d5064,29C,flat,unreviewed,1,1,FR_FIVE_ISLAND_MEADOW,0,9
general__rom_082d5064,29D,flat,modeled_building,4,2,FR_FIVE_ISLAND,15,6
general__rom_082d5064,29D,flat,unreviewed,1,1,FR_FIVE_ISLAND_MEADOW,1,9
general__rom_082d5064,29E,flat,unreviewed,1,1,FR_FOUR_ISLAND,7,33
general__rom_082d5064,29F,flat,unreviewed,1,1,FR_FOUR_ISLAND,13,33
general__rom_082d5064,2A0,flat,unreviewed,1,1,FR_FOUR_ISLAND,11,10
general__rom_082d5064,2A1,flat,unreviewed,1,1,FR_FOUR_ISLAND,12,10
general__rom_082d5064,2A2,flat,unreviewed,1,1,FR_FOUR_ISLAND,13,10
general__rom_082d5064,2A3,flat,unreviewed,1,1,FR_FOUR_ISLAND,14,10
general__rom_082d5064,2A4,flat,unreviewed,1,1,FR_FIVE_ISLAND_MEADOW,9,17
general__rom_082d5064,2A5,flat,unreviewed,2,1,FR_FIVE_ISLAND_MEADOW,13,17
general__rom_082d5064,2A6,flat,unreviewed,1,1,FR_FIVE_ISLAND_MEADOW,14,17
general__rom_082d5064,2A7,flat,unreviewed,1,1,FR_FIVE_ISLAND_MEADOW,12,20
general__rom_082d5064,2A8,flat,unreviewed,1,1,FR_FOUR_ISLAND,11,11
general__rom_082d5064,2A9,flat,unreviewed,1,1,FR_FOUR_ISLAND,12,11
general__rom_082d5064,2AA,flat,unreviewed,1,1,FR_FOUR_ISLAND,13,11
general__rom_082d5064,2AB,flat,unreviewed,1,1,FR_FOUR_ISLAND,14,11
general__rom_082d5064,2AC,flat,unreviewed,1,1,FR_FIVE_ISLAND_MEADOW,9,18
general__rom_082d5064,2AD,flat,unreviewed,4,1,FR_FIVE_ISLAND_MEADOW,10,18
general__rom_082d5064,2AE,flat,unreviewed,1,1,FR_FIVE_ISLAND_MEADOW,14,18
general__rom_082d5064,2B0,flat,unreviewed,1,1,FR_FOUR_ISLAND,11,12
general__rom_082d5064,2B1,flat,unreviewed,1,1,FR_FOUR_ISLAND,12,12
general__rom_082d5064,2B2,flat,unreviewed,1,1,FR_FOUR_ISLAND,13,12
general__rom_082d5064,2B3,flat,unreviewed,1,1,FR_FOUR_ISLAND,14,12
general__rom_082d5064,2B4,flat,unreviewed,1,1,FR_FIVE_ISLAND_MEADOW,9,19
general__rom_082d5064,2B5,flat,unreviewed,4,1,FR_FIVE_ISLAND_MEADOW,10,19
general__rom_082d5064,2B6,flat,unreviewed,1,1,FR_FIVE_ISLAND_MEADOW,14,19
general__rom_082d5064,2B8,flat,unreviewed,1,1,FR_FOUR_ISLAND,11,13
general__rom_082d5064,2B9,flat,unreviewed,1,1,FR_FOUR_ISLAND,12,13
general__rom_082d5064,2BA,flat,unreviewed,1,1,FR_FOUR_ISLAND,13,13
general__rom_082d5064,2BB,flat,unreviewed,1,1,FR_FOUR_ISLAND,14,13
general__rom_082d5064,2BC,flat,unreviewed,1,1,FR_FIVE_ISLAND_MEADOW,9,20
general__rom_082d5064,2BD,flat,unreviewed,3,1,FR_FIVE_ISLAND_MEADOW,10,20
general__rom_082d5064,2BE,flat,unreviewed,1,1,FR_FIVE_ISLAND_MEADOW,14,20
general__rom_082d5064,2BF,flat,unreviewed,6,1,FR_FOUR_ISLAND,10,5
general__rom_082d5064,2C0,flat,unreviewed,1,1,FR_FIVE_ISLAND_MEMORIAL_PILLAR,8,40
general__rom_082d5064,2C1,flat,unreviewed,1,1,FR_FIVE_ISLAND_MEMORIAL_PILLAR,9,40
general__rom_082d5064,2C2,flat,unreviewed,1,1,FR_FIVE_ISLAND_MEMORIAL_PILLAR,7,43
general__rom_082d5064,2C3,flat,unreviewed,1,1,FR_FIVE_ISLAND_MEADOW,14,21
general__rom_082d5064,2C4,flat,unreviewed,1,1,FR_FIVE_ISLAND_MEADOW,9,21
general__rom_082d5064,2C5,flat,unreviewed,1,1,FR_FIVE_ISLAND_MEADOW,10,21
general__rom_082d5064,2C6,flat,unreviewed,1,1,FR_FIVE_ISLAND,9,15
general__rom_082d5064,2C7,flat,unreviewed,1,1,FR_FIVE_ISLAND,15,15
general__rom_082d5064,2C8,flat,unreviewed,1,1,FR_FIVE_ISLAND_MEMORIAL_PILLAR,8,41
general__rom_082d5064,2C9,flat,unreviewed,1,1,FR_FIVE_ISLAND_MEMORIAL_PILLAR,9,41
general__rom_082d5064,2CA,flat,unreviewed,1,1,FR_FIVE_ISLAND_MEMORIAL_PILLAR,10,43
general__rom_082d5064,2CB,flat,unreviewed,2,2,FR_FIVE_ISLAND,10,15
general__rom_082d5064,2CC,flat,unreviewed,6,2,FR_FIVE_ISLAND,12,15
general__rom_082d5064,2CD,flat,unreviewed,2,2,FR_FIVE_ISLAND,14,15
general__rom_082d5064,2CE,flat,unreviewed,1,1,FR_FIVE_ISLAND,9,17
general__rom_082d5064,2CF,flat,unreviewed,1,1,FR_FIVE_ISLAND,15,17
general__rom_082d5064,2D0,flat,unreviewed,1,1,FR_FIVE_ISLAND_MEMORIAL_PILLAR,8,42
general__rom_082d5064,2D1,flat,unreviewed,1,1,FR_FIVE_ISLAND_MEMORIAL_PILLAR,9,42
general__rom_082d5064,2D3,flat,unreviewed,2,2,FR_FIVE_ISLAND,10,16
general__rom_082d5064,2D4,flat,unreviewed,6,2,FR_FIVE_ISLAND,11,16
general__rom_082d5064,2D5,flat,unreviewed,2,2,FR_FIVE_ISLAND,14,16
general__rom_082d5064,2D6,flat,unreviewed,2,1,FR_FIVE_ISLAND,9,16
general__rom_082d5064,2D7,flat,unreviewed,2,1,FR_FIVE_ISLAND,15,16
general__rom_082d5064,2D8,flat,unreviewed,1,1,FR_FIVE_ISLAND_MEMORIAL_PILLAR,8,43
general__rom_082d5064,2D9,flat,unreviewed,1,1,FR_FIVE_ISLAND_MEMORIAL_PILLAR,9,43
general__rom_082d5064,048,roof,modeled_building,2,2,FR_FIVE_ISLAND,16,3
general__rom_082d5064,2DB,flat,unreviewed,2,2,FR_FIVE_ISLAND,10,17
general__rom_082d5064,2DC,flat,unreviewed,6,2,FR_FIVE_ISLAND,13,17
general__rom_082d5064,2DD,flat,unreviewed,2,2,FR_FIVE_ISLAND,14,17
general__rom_082d5064,2DE,flat,unreviewed,1,1,FR_FIVE_ISLAND,9,19
general__rom_082d5064,2DF,flat,unreviewed,1,1,FR_FIVE_ISLAND,15,19
general__rom_082d5064,2E2,flat,unreviewed,2,1,FR_FIVE_ISLAND_MEADOW,11,21
general__rom_082d5064,2E3,flat,unreviewed,2,2,FR_FIVE_ISLAND,10,18
general__rom_082d5064,049,roof,modeled_building,2,2,FR_FIVE_ISLAND,17,3
general__rom_082d5064,2E4,flat,unreviewed,2,2,FR_FIVE_ISLAND,11,18
general__rom_082d5064,2E5,flat,unreviewed,2,2,FR_FIVE_ISLAND,12,18
general__rom_082d5064,2E6,flat,unreviewed,2,2,FR_FIVE_ISLAND,13,18
general__rom_082d5064,2E7,flat,unreviewed,2,2,FR_FIVE_ISLAND,14,18
general__rom_082d5064,2E8,flat,unreviewed,1,1,FR_FOUR_ISLAND,24,11
general__rom_082d5064,2E9,flat,unreviewed,3,1,FR_FOUR_ISLAND,25,11
general__rom_082d5064,2EA,flat,unreviewed,1,1,FR_FOUR_ISLAND,28,11
general__rom_082d5064,2EB,flat,unreviewed,1,1,FR_FIVE_ISLAND,10,19
general__rom_082d5064,2EC,flat,unreviewed,1,1,FR_FIVE_ISLAND,11,19
general__rom_082d5064,2ED,flat,unreviewed,1,1,FR_FIVE_ISLAND,12,19
general__rom_082d5064,04A,roof,modeled_building,2,2,FR_FIVE_ISLAND,18,3
general__rom_082d5064,2EE,flat,unreviewed,1,1,FR_FIVE_ISLAND,13,19
general__rom_082d5064,2EF,flat,unreviewed,1,1,FR_FIVE_ISLAND,14,19
general__rom_082d5064,2F0,flat,unreviewed,1,1,FR_FOUR_ISLAND,32,20
general__rom_082d5064,2F1,flat,unreviewed,3,1,FR_FOUR_ISLAND,33,20
general__rom_082d5064,2F2,flat,unreviewed,1,1,FR_FOUR_ISLAND,36,20
general__rom_082d5064,2F3,flat,unreviewed,1,1,FR_FOUR_ISLAND,8,33
general__rom_082d5064,2F4,flat,unreviewed,1,1,FR_FOUR_ISLAND,9,33
general__rom_082d5064,2F5,flat,unreviewed,1,1,FR_FOUR_ISLAND,10,33
general__rom_082d5064,2F6,flat,unreviewed,1,1,FR_FOUR_ISLAND,11,33
general__rom_082d5064,2F7,flat,unreviewed,1,1,FR_FOUR_ISLAND,12,33
general__rom_082d5064,04B,roof,modeled_building,2,2,FR_FIVE_ISLAND,19,3
general__rom_082d5064,2F8,flat,unreviewed,2,2,FR_FIVE_ISLAND,11,14
general__rom_082d5064,2F9,flat,unreviewed,2,2,FR_FIVE_ISLAND,12,14
general__rom_082d5064,2FA,flat,unreviewed,2,2,FR_FIVE_ISLAND,13,14
general__rom_082d5064,2FB,flat,unreviewed,2,1,FR_FIVE_ISLAND_MEADOW,5,13
general__rom_082d5064,2FC,flat,unreviewed,2,1,FR_FIVE_ISLAND_MEADOW,4,13
general__rom_082d5064,2FD,flat,unreviewed,1,1,FR_FIVE_ISLAND_RESORT_GORGEOUS,38,5
general__rom_082d5064,2FE,flat,unreviewed,3,1,FR_FIVE_ISLAND_RESORT_GORGEOUS,41,5
general__rom_082d5064,2FF,flat,unreviewed,1,1,FR_FIVE_ISLAND_RESORT_GORGEOUS,42,5
general__rom_082d5064,300,flat,modeled_building,1,1,FR_FIVE_ISLAND,16,2
general__rom_082d5064,301,flat,modeled_building,1,1,FR_FIVE_ISLAND,17,2
general__rom_082d5064,302,flat,modeled_building,1,1,FR_FIVE_ISLAND,18,2
general__rom_082d5064,303,flat,modeled_building,1,1,FR_FIVE_ISLAND,19,2
general__rom_082d5064,304,flat,modeled_building,1,1,FR_FIVE_ISLAND,20,2
general__rom_082d5064,305,flat,unreviewed,9,1,FR_FOUR_ISLAND,40,31
general__rom_082d5064,306,flat,unreviewed,1,1,FR_FOUR_ISLAND,37,20
general__rom_082d5064,307,flat,unreviewed,1,1,FR_FIVE_ISLAND,10,3
general__rom_082d5064,308,flat,unreviewed,1,1,FR_FIVE_ISLAND,22,6
general__rom_082d5064,309,flat,unreviewed,6,1,FR_FIVE_ISLAND_MEMORIAL_PILLAR,4,43
general__rom_082d5064,30A,flat,unreviewed,1,1,FR_FIVE_ISLAND_MEMORIAL_PILLAR,7,44
general__rom_082d5064,30B,flat,unreviewed,1,1,FR_FIVE_ISLAND_MEADOW,12,21
general__rom_082d5064,30C,flat,unreviewed,1,1,FR_FIVE_ISLAND_RESORT_GORGEOUS,42,8
general__rom_082d5064,30D,flat,unreviewed,1,1,FR_FIVE_ISLAND_RESORT_GORGEOUS,38,8
general__rom_082d5064,30E,flat,unreviewed,1,1,FR_FIVE_ISLAND_RESORT_GORGEOUS,40,8
general__rom_082d5064,30F,flat,unreviewed,1,1,FR_FIVE_ISLAND_RESORT_GORGEOUS,41,8
general__rom_082d5064,310,flat,unreviewed,1,1,FR_FIVE_ISLAND_RESORT_GORGEOUS,38,6
general__rom_082d5064,311,flat,unreviewed,3,1,FR_FIVE_ISLAND_RESORT_GORGEOUS,40,6
general__rom_082d5064,312,flat,unreviewed,1,1,FR_FIVE_ISLAND_RESORT_GORGEOUS,42,6
general__rom_082d5064,313,flat,unreviewed,1,1,FR_FIVE_ISLAND_RESORT_GORGEOUS,38,7
general__rom_082d5064,314,flat,unreviewed,1,1,FR_FIVE_ISLAND_RESORT_GORGEOUS,39,7
general__rom_082d5064,315,flat,unreviewed,1,1,FR_FIVE_ISLAND_RESORT_GORGEOUS,40,7
general__rom_082d5064,316,flat,unreviewed,1,1,FR_FIVE_ISLAND_RESORT_GORGEOUS,41,7
general__rom_082d5064,317,flat,unreviewed,1,1,FR_FIVE_ISLAND_RESORT_GORGEOUS,42,7
general__rom_082d5064,050,roof,modeled_building,2,2,FR_FIVE_ISLAND,16,4
general__rom_082d5064,051,roof,modeled_building,2,2,FR_FIVE_ISLAND,17,4
general__rom_082d5064,052,roof,modeled_building,2,2,FR_FIVE_ISLAND,18,4
general__rom_082d5064,053,roof,modeled_building,2,2,FR_FIVE_ISLAND,19,4
general__rom_082d5064,058,roof,modeled_building,2,2,FR_FIVE_ISLAND,16,5
general__rom_082d5064,059,roof,modeled_building,2,2,FR_FIVE_ISLAND,17,5
general__rom_082d5064,008,flat,reviewed_surface,155,6,FR_FIVE_ISLAND,12,7
general__rom_082d5064,05A,roof,modeled_building,2,2,FR_FIVE_ISLAND,18,5
general__rom_082d5064,05B,roof,modeled_building,2,2,FR_FIVE_ISLAND,19,5
general__rom_082d5064,060,wall,modeled_building,2,2,FR_FIVE_ISLAND,16,6
general__rom_082d5064,061,wall,modeled_building,2,2,FR_FIVE_ISLAND,17,6
general__rom_082d5064,062,wall,modeled_building,3,2,FR_FIVE_ISLAND,18,6
general__rom_082d5064,063,wall,modeled_building,1,1,FR_FOUR_ISLAND,23,26
general__rom_082d5064,009,flat,reviewed_surface,129,6,FR_FIVE_ISLAND,12,8
general__rom_082d507c,068,cliff,modeled_cliff,37,6,FR_SEVEN_ISLAND_SEVAULT_CANYON,16,27
general__rom_082d507c,069,cliff,modeled_cliff,107,6,FR_SEVEN_ISLAND_SEVAULT_CANYON,9,64
general__rom_082d507c,06A,cliff,modeled_cliff,38,5,FR_SEVEN_ISLAND_SEVAULT_CANYON,10,64
general__rom_082d507c,06B,cliff,modeled_cliff,42,8,FR_BIRTH_ISLAND_EXTERIOR,4,16
general__rom_082d507c,06C,cliff,modeled_cliff,201,7,FR_SEVEN_ISLAND_SEVAULT_CANYON,4,44
general__rom_082d507c,06D,cliff,modeled_cliff,49,6,FR_BIRTH_ISLAND_EXTERIOR,25,14
general__rom_082d507c,070,cliff,modeled_cliff,170,9,FR_SEVEN_ISLAND,15,0
general__rom_082d507c,071,cliff,modeled_cliff,1472,9,FR_SEVEN_ISLAND,2,0
general__rom_082d507c,072,cliff,modeled_cliff,162,8,FR_SEVEN_ISLAND,6,4
general__rom_082d507c,073,cliff,modeled_cliff,476,11,FR_BIRTH_ISLAND_EXTERIOR,10,8
general__rom_082d507c,075,cliff,modeled_cliff,425,10,FR_BIRTH_ISLAND_EXTERIOR,17,5
general__rom_082d507c,078,cliff,modeled_cliff,45,9,FR_SEVEN_ISLAND,15,2
general__rom_082d507c,079,cliff,modeled_cliff,206,10,FR_SEVEN_ISLAND,16,2
general__rom_082d507c,07A,cliff,modeled_cliff,32,7,FR_SEVEN_ISLAND_SEVAULT_CANYON,9,17
general__rom_082d507c,07B,cliff,modeled_cliff,99,10,FR_BIRTH_ISLAND_EXTERIOR,4,17
general__rom_082d507c,07C,cliff,modeled_cliff,377,11,FR_BIRTH_ISLAND_EXTERIOR,10,17
general__rom_082d507c,07D,cliff,modeled_cliff,83,8,FR_BIRTH_ISLAND_EXTERIOR,26,17
general__rom_082d507c,080,flat,unreviewed,10,3,FR_SEVEN_ISLAND_SEVAULT_CANYON,11,43
general__rom_082d507c,081,flat,unreviewed,11,4,FR_SEVEN_ISLAND_SEVAULT_CANYON,4,43
general__rom_082d507c,082,flat,unreviewed,9,2,FR_SEVEN_ISLAND_SEVAULT_CANYON,6,43
general__rom_082d507c,084,flat,unreviewed,1,1,FR_SIX_ISLAND_RUIN_VALLEY,33,31
general__rom_082d507c,086,flat,unreviewed,5,1,FR_SIX_ISLAND_RUIN_VALLEY,33,34
general__rom_082d507c,087,ledge,modeled_ledge,5,2,FR_SIX_ISLAND,15,10
general__rom_082d507c,088,flat,unreviewed,42,4,FR_SEVEN_ISLAND_SEVAULT_CANYON,16,34
general__rom_082d507c,089,flat,unreviewed,45,9,FR_SEVEN_ISLAND,9,14
general__rom_082d507c,08A,flat,unreviewed,41,4,FR_SEVEN_ISLAND_SEVAULT_CANYON,13,34
general__rom_082d507c,00D,grass,modeled_grass,714,4,FR_SEVEN_ISLAND_SEVAULT_CANYON,7,34
general__rom_082d507c,090,flat,unreviewed,15,4,FR_SEVEN_ISLAND_SEVAULT_CANYON,19,46
general__rom_082d507c,091,flat,unreviewed,42,10,FR_BIRTH_ISLAND_EXTERIOR,15,18
general__rom_082d507c,092,flat,unreviewed,14,4,FR_SEVEN_ISLAND_SEVAULT_CANYON,8,5
general__rom_082d507c,00E,tree,modeled_tree,18,4,FR_BIRTH_ISLAND_EXTERIOR,8,14
general__rom_082d507c,098,flat,unreviewed,15,4,FR_SEVEN_ISLAND_TANOBY_RUINS,86,4
general__rom_082d507c,099,flat,unreviewed,22,3,FR_SEVEN_ISLAND_TANOBY_RUINS,31,5
general__rom_082d507c,09A,flat,unreviewed,13,4,FR_SEVEN_ISLAND_TANOBY_RUINS,90,4
general__rom_082d507c,09F,flat,unreviewed,7,1,FR_SIX_ISLAND_RUIN_VALLEY,6,28
general__rom_082d507c,00F,tree,modeled_tree,18,4,FR_BIRTH_ISLAND_EXTERIOR,9,14
general__rom_082d507c,0A0,flat,unreviewed,34,3,FR_SEVEN_ISLAND_TANOBY_RUINS,9,3
general__rom_082d507c,0A1,flat,unreviewed,4,1,FR_SEVEN_ISLAND_SEVAULT_CANYON,17,63
general__rom_082d507c,0A2,flat,unreviewed,29,2,FR_SEVEN_ISLAND_TANOBY_RUINS,46,9
general__rom_082d507c,0A8,flat,unreviewed,32,4,FR_SEVEN_ISLAND_TANOBY_RUINS,9,5
general__rom_082d507c,0A9,flat,unreviewed,2,2,FR_SEVEN_ISLAND_SEVAULT_CANYON,7,17
general__rom_082d507c,010,flat,reviewed_surface,194,9,FR_BIRTH_ISLAND_EXTERIOR,10,16
general__rom_082d507c,0AA,flat,unreviewed,32,3,FR_SEVEN_ISLAND_TANOBY_RUINS,124,12
general__rom_082d507c,0AF,flat,unreviewed,9,1,FR_SEVEN_ISLAND_TANOBY_RUINS,9,6
general__rom_082d507c,0B0,ledge,modeled_ledge,3,1,FR_SIX_ISLAND,7,10
general__rom_082d507c,0B1,ledge,modeled_ledge,3,2,FR_SIX_ISLAND,8,10
general__rom_082d507c,0B2,cliff,modeled_cliff,106,9,FR_SEVEN_ISLAND,10,12
general__rom_082d507c,0B3,cliff,modeled_cliff,140,10,FR_SEVEN_ISLAND,2,2
general__rom_082d507c,011,flat,reviewed_surface,211,10,FR_BIRTH_ISLAND_EXTERIOR,10,11
general__rom_082d507c,0B4,cliff,modeled_cliff,2,1,FR_SIX_ISLAND,4,20
general__rom_082d507c,0B5,cliff,modeled_cliff,2,1,FR_SIX_ISLAND,5,20
general__rom_082d507c,0B7,flat,unreviewed,9,1,FR_SIX_ISLAND_RUIN_VALLEY,34,14
general__rom_082d507c,0BA,cliff,modeled_cliff,82,7,FR_BIRTH_ISLAND_EXTERIOR,25,13
general__rom_082d507c,0BB,cliff,modeled_cliff,65,7,FR_BIRTH_ISLAND_EXTERIOR,4,15
general__rom_082d507c,0BD,flat,unreviewed,3,3,FR_SEVEN_ISLAND,3,10
general__rom_082d507c,0BE,flat,unreviewed,39,5,FR_SEVEN_ISLAND,10,4
general__rom_082d507c,0BF,flat,unreviewed,4,3,FR_SEVEN_ISLAND,14,4
general__rom_082d507c,0C2,flat,unreviewed,5,3,FR_SEVEN_ISLAND_SEVAULT_CANYON,15,66
general__rom_082d507c,0C3,flat,unreviewed,2,2,FR_SEVEN_ISLAND,7,10
general__rom_082d507c,0C4,flat,unreviewed,4,3,FR_SEVEN_ISLAND,9,4
general__rom_082d507c,0C5,flat,unreviewed,39,4,FR_SEVEN_ISLAND,7,0
general__rom_082d507c,0C6,flat,unreviewed,52,4,FR_SEVEN_ISLAND,12,4
general__rom_082d507c,0C7,flat,unreviewed,36,5,FR_SEVEN_ISLAND,9,0
general__rom_082d507c,001,flat,reviewed_surface,9,3,FR_SEVEN_ISLAND_SEVAULT_CANYON,16,79
general__rom_082d507c,0CB,flat,unreviewed,5,5,FR_SEVEN_ISLAND,7,11
general__rom_082d507c,0CC,flat,unreviewed,6,3,FR_SEVEN_ISLAND,9,5
general__rom_082d507c,0CD,flat,unreviewed,4,2,FR_SEVEN_ISLAND,3,11
general__rom_082d507c,0CE,flat,unreviewed,42,5,FR_SEVEN_ISLAND,12,5
general__rom_082d507c,0CF,flat,unreviewed,6,3,FR_SEVEN_ISLAND,9,12
general__rom_082d507c,014,tree,modeled_tree,77,2,FR_SIX_ISLAND,3,15
general__rom_082d507c,0D3,flat,reviewed_surface,9,2,FR_SIX_ISLAND_GREEN_PATH,65,11
general__rom_082d507c,0D4,flat,reviewed_surface,14,2,FR_SIX_ISLAND_GREEN_PATH,40,11
general__rom_082d507c,0D5,flat,reviewed_surface,8,2,FR_SIX_ISLAND_GREEN_PATH,42,11
general__rom_082d507c,0D9,flat,unreviewed,6,1,FR_SEVEN_ISLAND_TANOBY_RUINS,123,7
general__rom_082d507c,0DB,flat,reviewed_surface,6,2,FR_SIX_ISLAND_GREEN_PATH,38,12
general__rom_082d507c,015,tree,modeled_tree,79,2,FR_SIX_ISLAND,6,5
general__rom_082d507c,0DC,flat,reviewed_surface,6,2,FR_SIX_ISLAND_GREEN_PATH,71,9
general__rom_082d507c,0DD,flat,reviewed_surface,5,1,FR_SIX_ISLAND_WATER_PATH,11,21
general__rom_082d507c,0DE,flat,unreviewed,23,2,FR_SEVEN_ISLAND_TRAINER_TOWER,59,31
general__rom_082d507c,0DF,flat,unreviewed,5,1,FR_SEVEN_ISLAND_SEVAULT_CANYON_ENTRANCE,10,4
general__rom_082d507c,0E3,flat,reviewed_surface,7,2,FR_SIX_ISLAND_GREEN_PATH,37,14
general__rom_082d507c,0E4,flat,reviewed_surface,14,2,FR_SIX_ISLAND_GREEN_PATH,40,12
general__rom_082d507c,0E5,flat,reviewed_surface,10,2,FR_SIX_ISLAND_GREEN_PATH,42,12
general__rom_082d507c,016,tree,modeled_tree,7,2,FR_SIX_ISLAND,8,14
general__rom_082d507c,0E6,fence,modeled_fence,15,2,FR_SIX_ISLAND,17,6
general__rom_082d507c,0E7,fence,modeled_fence,5,1,FR_SIX_ISLAND,8,22
general__rom_082d507c,0E8,fence,modeled_fence,1,1,FR_SIX_ISLAND,23,20
general__rom_082d507c,0EA,flat,unreviewed,2,1,FR_SIX_ISLAND_GREEN_PATH,67,6
general__rom_082d507c,0EB,flat,unreviewed,4,3,FR_SIX_ISLAND,19,6
general__rom_082d507c,017,tree,modeled_tree,13,2,FR_SIX_ISLAND,8,5
general__rom_082d507c,0F0,fence,modeled_fence,10,2,FR_SIX_ISLAND_GREEN_PATH,42,6
general__rom_082d507c,0F1,fence,modeled_fence,5,1,FR_SIX_ISLAND_GREEN_PATH,67,14
general__rom_082d507c,0F2,fence,modeled_fence,2,1,FR_SIX_ISLAND_GREEN_PATH,67,16
general__rom_082d507c,0F3,fence,modeled_fence,4,3,FR_SIX_ISLAND,23,21
general__rom_082d507c,0F8,flat,unreviewed,1,1,FR_SIX_ISLAND,19,7
general__rom_082d507c,0FA,flat,unreviewed,18,3,FR_SIX_ISLAND,5,4
general__rom_082d507c,0FB,flat,unreviewed,19,3,FR_SIX_ISLAND,6,4
general__rom_082d507c,102,flat,reviewed_surface,1,1,FR_SIX_ISLAND_WATER_PATH,9,21
general__rom_082d507c,105,flat,reviewed_surface,2,2,FR_SIX_ISLAND_GREEN_PATH,39,12
general__rom_082d507c,108,flat,unreviewed,8,3,FR_SEVEN_ISLAND_TRAINER_TOWER,51,16
general__rom_082d507c,109,flat,unreviewed,8,3,FR_SEVEN_ISLAND_TRAINER_TOWER,49,14
general__rom_082d507c,10A,flat,unreviewed,14,2,FR_SIX_ISLAND_GREEN_PATH,65,2
general__rom_082d507c,10B,flat,unreviewed,14,2,FR_SIX_ISLAND_GREEN_PATH,62,2
general__rom_082d507c,10C,flat,unreviewed,14,3,FR_SEVEN_ISLAND_TANOBY_RUINS,29,4
general__rom_082d507c,10D,flat,unreviewed,42,4,FR_SEVEN_ISLAND_TANOBY_RUINS,32,3
general__rom_082d507c,10E,flat,unreviewed,15,3,FR_SEVEN_ISLAND_TANOBY_RUINS,15,11
general__rom_082d507c,10F,flat,unreviewed,22,3,FR_SEVEN_ISLAND_TRAINER_TOWER,42,34
general__rom_082d507c,110,flat,unreviewed,217,5,FR_SEVEN_ISLAND_TANOBY_RUINS,11,0
general__rom_082d507c,111,flat,unreviewed,222,5,FR_SEVEN_ISLAND_TANOBY_RUINS,32,0
general__rom_082d507c,112,flat,unreviewed,7,2,FR_SEVEN_ISLAND_TANOBY_RUINS,68,0
general__rom_082d507c,113,flat,unreviewed,1,1,FR_SEVEN_ISLAND_TANOBY_RUINS,56,0
general__rom_082d507c,114,flat,reviewed_surface,40,3,FR_SEVEN_ISLAND_TANOBY_RUINS,41,10
general__rom_082d507c,115,flat,reviewed_surface,129,4,FR_SEVEN_ISLAND_TANOBY_RUINS,31,4
general__rom_082d507c,116,flat,unreviewed,34,3,FR_SEVEN_ISLAND_TANOBY_RUINS,125,13
general__rom_082d507c,117,flat,unreviewed,12,4,FR_SEVEN_ISLAND_TRAINER_TOWER,41,34
general__rom_082d507c,118,flat,unreviewed,230,5,FR_SEVEN_ISLAND_TANOBY_RUINS,11,1
general__rom_082d507c,119,flat,reviewed_surface,235,5,FR_SEVEN_ISLAND_TANOBY_RUINS,32,1
general__rom_082d507c,11A,flat,unreviewed,7,2,FR_SEVEN_ISLAND_TANOBY_RUINS,68,1
general__rom_082d507c,11B,flat,unreviewed,1,1,FR_SEVEN_ISLAND_TANOBY_RUINS,56,1
general__rom_082d507c,11C,flat,reviewed_surface,16,3,FR_SEVEN_ISLAND_TANOBY_RUINS,41,12
general__rom_082d507c,11D,flat,reviewed_surface,37,3,FR_SEVEN_ISLAND_TANOBY_RUINS,11,8
general__rom_082d507c,11E,flat,unreviewed,16,2,FR_SEVEN_ISLAND_TANOBY_RUINS,125,14
general__rom_082d507c,11F,flat,unreviewed,22,4,FR_SEVEN_ISLAND_TRAINER_TOWER,70,30
general__rom_082d507c,120,flat,unreviewed,8,3,FR_SEVEN_ISLAND_SEVAULT_CANYON,21,76
general__rom_082d507c,121,flat,unreviewed,9,5,FR_SEVEN_ISLAND_SEVAULT_CANYON,8,78
general__rom_082d507c,01C,tree,modeled_tree,77,2,FR_SIX_ISLAND,3,14
general__rom_082d507c,122,flat,unreviewed,3,3,FR_SEVEN_ISLAND_TANOBY_RUINS,67,2
general__rom_082d507c,123,flat,unreviewed,71,5,FR_SEVEN_ISLAND_SEVAULT_CANYON,6,77
general__rom_082d507c,124,flat,unreviewed,4,3,FR_SEVEN_ISLAND_TANOBY_RUINS,60,4
general__rom_082d507c,125,flat,reviewed_surface,6,3,FR_SEVEN_ISLAND_TANOBY_RUINS,115,6
general__rom_082d507c,126,flat,reviewed_surface,6,1,FR_SEVEN_ISLAND_TANOBY_RUINS,15,12
general__rom_082d507c,128,flat,unreviewed,5,2,FR_SEVEN_ISLAND_TRAINER_TOWER,38,37
general__rom_082d507c,129,flat,unreviewed,15,3,FR_SEVEN_ISLAND_TRAINER_TOWER,76,34
general__rom_082d507c,12A,flat,reviewed_surface,73,4,FR_SEVEN_ISLAND_SEVAULT_CANYON,21,78
general__rom_082d507c,12B,flat,reviewed_surface,2929,6,FR_SEVEN_ISLAND_SEVAULT_CANYON,2,74
general__rom_082d507c,01D,tree,modeled_tree,78,2,FR_SIX_ISLAND,6,6
general__rom_082d507c,002,sign,modeled_sign,10,7,FR_SEVEN_ISLAND,17,9
general__rom_082d507c,12C,flat,reviewed_surface,35,5,FR_SEVEN_ISLAND_SEVAULT_CANYON,5,76
general__rom_082d507c,12D,flat,reviewed_surface,7,1,FR_SEVEN_ISLAND_TANOBY_RUINS,101,11
general__rom_082d507c,12E,flat,reviewed_surface,8,1,FR_SEVEN_ISLAND_TANOBY_RUINS,125,12
general__rom_082d507c,130,flat,reviewed_surface,15,5,FR_SEVEN_ISLAND_SEVAULT_CANYON,7,78
general__rom_082d507c,131,flat,reviewed_surface,13,4,FR_SEVEN_ISLAND_SEVAULT_CANYON,22,76
general__rom_082d507c,132,flat,unreviewed,11,5,FR_BIRTH_ISLAND_EXTERIOR,12,6
general__rom_082d507c,133,flat,unreviewed,62,7,FR_BIRTH_ISLAND_EXTERIOR,10,9
general__rom_082d507c,134,flat,unreviewed,18,3,FR_BIRTH_ISLAND_EXTERIOR,18,6
general__rom_082d507c,01E,tree,modeled_tree,30,4,FR_BIRTH_ISLAND_EXTERIOR,8,15
general__rom_082d507c,01F,tree,modeled_tree,37,4,FR_BIRTH_ISLAND_EXTERIOR,9,15
general__rom_082d507c,024,tree,modeled_tree,17,3,FR_SIX_ISLAND,3,19
general__rom_082d507c,17B,flat,unreviewed,1,1,FR_SEVEN_ISLAND_TRAINER_TOWER,58,39
general__rom_082d507c,025,tree,modeled_tree,15,2,FR_SIX_ISLAND,15,9
general__rom_082d507c,17C,flat,modeled_building,1,1,FR_SIX_ISLAND,10,7
general__rom_082d507c,17C,flat,unreviewed,1,1,FR_SEVEN_ISLAND_TRAINER_TOWER,59,39
general__rom_082d507c,17D,flat,modeled_building,1,1,FR_SIX_ISLAND,11,7
general__rom_082d507c,17E,flat,modeled_building,1,1,FR_SIX_ISLAND,12,7
general__rom_082d507c,17F,flat,modeled_building,1,1,FR_SIX_ISLAND,13,7
general__rom_082d507c,026,tree,modeled_tree,20,4,FR_BIRTH_ISLAND_EXTERIOR,8,16
general__rom_082d507c,186,wall,modeled_building,2,2,FR_SEVEN_ISLAND,13,3
general__rom_082d507c,187,roof,modeled_building,2,2,FR_SEVEN_ISLAND,14,0
general__rom_082d507c,18F,flat,modeled_building,2,2,FR_SEVEN_ISLAND,14,1
general__rom_082d507c,027,tree,modeled_tree,23,4,FR_BIRTH_ISLAND_EXTERIOR,9,16
general__rom_082d507c,197,wall,modeled_building,2,2,FR_SEVEN_ISLAND,14,2
general__rom_082d507c,028,roof,modeled_building,1,1,FR_SIX_ISLAND,18,8
general__rom_082d507c,19F,wall,modeled_building,2,2,FR_SEVEN_ISLAND,14,3
general__rom_082d507c,1A3,flat,unreviewed,1,1,FR_SIX_ISLAND_RUIN_VALLEY,20,18
general__rom_082d507c,029,roof,modeled_building,1,1,FR_SIX_ISLAND,19,8
general__rom_082d507c,1A4,flat,unreviewed,1,1,FR_SIX_ISLAND_RUIN_VALLEY,28,18
general__rom_082d507c,1A6,flat,unreviewed,7,1,FR_SIX_ISLAND_RUIN_VALLEY,21,18
general__rom_082d507c,1AB,flat,unreviewed,1,1,FR_SIX_ISLAND_RUIN_VALLEY,21,21
general__rom_082d507c,1AC,flat,unreviewed,1,1,FR_SIX_ISLAND_RUIN_VALLEY,27,21
general__rom_082d507c,1AD,flat,unreviewed,9,1,FR_SIX_ISLAND_RUIN_VALLEY,20,19
general__rom_082d507c,02A,roof,modeled_building,1,1,FR_SIX_ISLAND,20,8
general__rom_082d507c,1AE,flat,unreviewed,9,1,FR_SIX_ISLAND_RUIN_VALLEY,21,19
general__rom_082d507c,1AF,flat,unreviewed,9,1,FR_SIX_ISLAND_RUIN_VALLEY,28,19
general__rom_082d507c,02B,roof,modeled_building,1,1,FR_SIX_ISLAND,21,8
general__rom_082d507c,1BD,flat,unreviewed,1,1,FR_BIRTH_ISLAND_EXTERIOR,14,20
general__rom_082d507c,1BE,flat,unreviewed,1,1,FR_BIRTH_ISLAND_EXTERIOR,15,20
general__rom_082d507c,1BF,flat,unreviewed,1,1,FR_BIRTH_ISLAND_EXTERIOR,16,20
general__rom_082d507c,1C5,flat,unreviewed,12,3,FR_BIRTH_ISLAND_EXTERIOR,14,21
general__rom_082d507c,1C6,flat,unreviewed,12,3,FR_BIRTH_ISLAND_EXTERIOR,15,21
general__rom_082d507c,1C7,flat,unreviewed,12,3,FR_BIRTH_ISLAND_EXTERIOR,16,21
general__rom_082d507c,1CB,flat,unreviewed,150,5,FR_SEVEN_ISLAND_TANOBY_RUINS,129,13
general__rom_082d507c,1CC,flat,unreviewed,150,5,FR_SEVEN_ISLAND_TANOBY_RUINS,4,3
general__rom_082d507c,1D0,flat,reviewed_surface,41,6,FR_SEVEN_ISLAND_SEVAULT_CANYON,22,77
general__rom_082d507c,1D2,flat,reviewed_surface,39,5,FR_SEVEN_ISLAND_SEVAULT_CANYON,5,78
general__rom_082d507c,1D3,flat,unreviewed,150,5,FR_SEVEN_ISLAND_TANOBY_RUINS,9,1
general__rom_082d507c,1D4,flat,reviewed_surface,150,5,FR_SEVEN_ISLAND_TANOBY_RUINS,130,14
general__rom_082d507c,1D8,flat,reviewed_surface,17,2,FR_SEVEN_ISLAND_TRAINER_TOWER,73,28
general__rom_082d507c,1D9,flat,reviewed_surface,4697,6,FR_SEVEN_ISLAND_SEVAULT_CANYON,1,74
general__rom_082d507c,1DA,flat,reviewed_surface,8,1,FR_SEVEN_ISLAND_TRAINER_TOWER,39,33
general__rom_082d507c,1E0,flat,unreviewed,50,5,FR_SEVEN_ISLAND_TANOBY_RUINS,19,0
general__rom_082d507c,1E2,flat,unreviewed,46,5,FR_SEVEN_ISLAND_TANOBY_RUINS,4,0
general__rom_082d507c,030,roof,modeled_building,2,2,FR_SEVEN_ISLAND,3,7
general__rom_082d507c,031,roof,modeled_building,2,2,FR_SEVEN_ISLAND,4,7
general__rom_082d507c,004,flowers,modeled_flowers,24,4,FR_SEVEN_ISLAND_SEVAULT_CANYON_ENTRANCE,10,5
general__rom_082d507c,1F5,flat,unreviewed,2,1,FR_SIX_ISLAND_OUTCAST_ISLAND,6,29
general__rom_082d507c,1F6,flat,unreviewed,5,2,FR_SEVEN_ISLAND_TRAINER_TOWER,59,29
general__rom_082d507c,1F8,flat,unreviewed,5,1,FR_SIX_ISLAND_OUTCAST_ISLAND,20,47
general__rom_082d507c,1F9,flat,unreviewed,5,1,FR_SIX_ISLAND_OUTCAST_ISLAND,21,47
general__rom_082d507c,1FA,flat,unreviewed,1,1,FR_SIX_ISLAND_OUTCAST_ISLAND,12,28
general__rom_082d507c,1FB,flat,unreviewed,35,2,FR_SIX_ISLAND_GREEN_PATH,19,14
general__rom_082d507c,1FC,flat,unreviewed,2,1,FR_SIX_ISLAND_OUTCAST_ISLAND,13,28
general__rom_082d507c,1FD,flat,unreviewed,16,2,FR_SIX_ISLAND_GREEN_PATH,8,7
general__rom_082d507c,032,roof,modeled_building,2,2,FR_SEVEN_ISLAND,5,7
general__rom_082d507c,1FE,flat,unreviewed,16,3,FR_SEVEN_ISLAND_TRAINER_TOWER,60,29
general__rom_082d507c,201,flat,unreviewed,1,1,FR_SIX_ISLAND_OUTCAST_ISLAND,2,21
general__rom_082d507c,202,flat,unreviewed,31,3,FR_SEVEN_ISLAND_TRAINER_TOWER,60,30
general__rom_082d507c,204,flat,unreviewed,25,2,FR_SIX_ISLAND_GREEN_PATH,18,13
general__rom_082d507c,207,flat,unreviewed,47,3,FR_SEVEN_ISLAND_SEVAULT_CANYON,14,13
general__rom_082d507c,033,roof,modeled_building,2,2,FR_SEVEN_ISLAND,6,7
general__rom_082d507c,209,flat,unreviewed,1,1,FR_SIX_ISLAND_OUTCAST_ISLAND,2,22
general__rom_082d507c,20A,flat,unreviewed,15,2,FR_SIX_ISLAND_GREEN_PATH,21,14
general__rom_082d507c,20C,flat,unreviewed,18,2,FR_SIX_ISLAND_GREEN_PATH,18,14
general__rom_082d507c,20D,flat,unreviewed,2,2,FR_SIX_ISLAND_GREEN_PATH,10,9
general__rom_082d507c,20F,flat,unreviewed,2,1,FR_SEVEN_ISLAND_SEVAULT_CANYON,19,9
general__rom_082d507c,212,flat,unreviewed,71,6,FR_SEVEN_ISLAND_SEVAULT_CANYON,22,78
general__rom_082d507c,213,flat,unreviewed,71,6,FR_SEVEN_ISLAND_SEVAULT_CANYON,23,78
general__rom_082d507c,214,flat,unreviewed,17,3,FR_SEVEN_ISLAND_TANOBY_RUINS,10,11
general__rom_082d507c,215,flat,unreviewed,14,2,FR_SEVEN_ISLAND_TANOBY_RUINS,11,2
general__rom_082d507c,216,flat,unreviewed,17,3,FR_SEVEN_ISLAND_TANOBY_RUINS,14,11
general__rom_082d507c,218,flat,unreviewed,1,1,FR_SIX_ISLAND_OUTCAST_ISLAND,7,25
general__rom_082d507c,21A,flat,unreviewed,71,6,FR_SEVEN_ISLAND_SEVAULT_CANYON,0,76
general__rom_082d507c,21B,flat,unreviewed,71,6,FR_SEVEN_ISLAND_SEVAULT_CANYON,4,79
general__rom_082d507c,038,roof,modeled_building,2,2,FR_SEVEN_ISLAND,3,8
general__rom_082d507c,039,roof,modeled_building,2,2,FR_SEVEN_ISLAND,4,8
general__rom_082d507c,244,flat,unreviewed,12,3,FR_BIRTH_ISLAND_EXTERIOR,25,7
general__rom_082d507c,245,flat,unreviewed,12,3,FR_BIRTH_ISLAND_EXTERIOR,26,7
general__rom_082d507c,24C,flat,unreviewed,12,3,FR_BIRTH_ISLAND_EXTERIOR,25,8
general__rom_082d507c,24D,flat,unreviewed,12,3,FR_BIRTH_ISLAND_EXTERIOR,26,8
general__rom_082d507c,03A,roof,modeled_building,2,2,FR_SEVEN_ISLAND,5,8
general__rom_082d507c,255,flat,unreviewed,4,1,FR_SIX_ISLAND,5,3
general__rom_082d507c,03B,roof,modeled_building,2,2,FR_SEVEN_ISLAND,6,8
general__rom_082d507c,005,shrub,modeled_shrub,18,2,FR_SIX_ISLAND_GREEN_PATH,70,16
general__rom_082d507c,25D,flat,unreviewed,5,1,FR_SIX_ISLAND,4,3
general__rom_082d507c,268,flat,unreviewed,2,1,FR_SEVEN_ISLAND,11,13
general__rom_082d507c,269,flat,unreviewed,3,1,FR_SEVEN_ISLAND,5,13
general__rom_082d507c,26B,flat,unreviewed,52,4,FR_BIRTH_ISLAND_EXTERIOR,3,20
general__rom_082d507c,26C,flat,unreviewed,2,2,FR_SEVEN_ISLAND_SEVAULT_CANYON_ENTRANCE,6,35
general__rom_082d507c,26D,flat,unreviewed,6,3,FR_BIRTH_ISLAND_EXTERIOR,20,21
general__rom_082d507c,26F,flat,unreviewed,14,4,FR_BIRTH_ISLAND_EXTERIOR,11,21
general__rom_082d507c,270,flat,unreviewed,3,2,FR_BIRTH_ISLAND_EXTERIOR,1,16
general__rom_082d507c,271,flat,unreviewed,3,3,FR_BIRTH_ISLAND_EXTERIOR,29,16
general__rom_082d507c,272,flat,unreviewed,14,3,FR_BIRTH_ISLAND_EXTERIOR,29,17
general__rom_082d507c,273,flat,unreviewed,167,4,FR_BIRTH_ISLAND_EXTERIOR,10,5
general__rom_082d507c,274,flat,unreviewed,54,4,FR_BIRTH_ISLAND_EXTERIOR,1,18
general__rom_082d507c,276,flat,unreviewed,687,4,FR_BIRTH_ISLAND_EXTERIOR,10,27
general__rom_082d507c,278,flat,unreviewed,5,3,FR_BIRTH_ISLAND_EXTERIOR,1,20
general__rom_082d507c,279,flat,unreviewed,3,2,FR_BIRTH_ISLAND_EXTERIOR,29,20
general__rom_082d507c,27A,flat,unreviewed,14,2,FR_BIRTH_ISLAND_EXTERIOR,10,7
general__rom_082d507c,27B,flat,unreviewed,10,1,FR_SEVEN_ISLAND_SEVAULT_CANYON_ENTRANCE,13,7
general__rom_082d507c,27C,flat,unreviewed,13,2,FR_BIRTH_ISLAND_EXTERIOR,17,4
general__rom_082d507c,27D,flat,unreviewed,15,2,FR_BIRTH_ISLAND_EXTERIOR,19,4
general__rom_082d507c,27F,flat,unreviewed,19,3,FR_BIRTH_ISLAND_EXTERIOR,11,4
general__rom_082d507c,281,flat,modeled_building,2,2,FR_SEVEN_ISLAND,10,6
general__rom_082d507c,281,flat,unreviewed,2,1,FR_SIX_ISLAND_WATER_PATH,10,16
general__rom_082d507c,282,flat,unreviewed,2,2,FR_SEVEN_ISLAND,13,14
general__rom_082d507c,283,flat,modeled_building,4,2,FR_SEVEN_ISLAND,12,6
general__rom_082d507c,283,flat,unreviewed,2,1,FR_SIX_ISLAND_WATER_PATH,5,10
general__rom_082d507c,284,flat,modeled_building,2,2,FR_SEVEN_ISLAND,13,6
general__rom_082d507c,284,flat,unreviewed,4,1,FR_SIX_ISLAND_WATER_PATH,6,10
general__rom_082d507c,285,flat,modeled_building,2,2,FR_SEVEN_ISLAND,14,6
general__rom_082d507c,285,flat,unreviewed,2,1,FR_SIX_ISLAND_WATER_PATH,8,10
general__rom_082d507c,286,flat,unreviewed,2,2,FR_SEVEN_ISLAND,19,14
general__rom_082d507c,287,flat,unreviewed,1,1,FR_SEVEN_ISLAND_TRAINER_TOWER,54,2
general__rom_082d507c,288,flat,unreviewed,2,2,FR_SEVEN_ISLAND,13,16
general__rom_082d507c,289,flat,modeled_building,2,2,FR_SEVEN_ISLAND,10,7
general__rom_082d507c,289,flat,unreviewed,3,2,FR_SEVEN_ISLAND_SEVAULT_CANYON,13,59
general__rom_082d507c,040,wall,modeled_building,2,2,FR_SEVEN_ISLAND,3,9
general__rom_082d507c,28A,flat,modeled_building,2,2,FR_SEVEN_ISLAND,11,7
general__rom_082d507c,28A,flat,unreviewed,3,2,FR_SEVEN_ISLAND_SEVAULT_CANYON,14,59
general__rom_082d507c,28B,flat,modeled_building,2,2,FR_SEVEN_ISLAND,12,7
general__rom_082d507c,28B,flat,unreviewed,3,2,FR_SEVEN_ISLAND_SEVAULT_CANYON,15,59
general__rom_082d507c,28C,flat,modeled_building,2,2,FR_SEVEN_ISLAND,13,7
general__rom_082d507c,28C,flat,unreviewed,3,2,FR_SEVEN_ISLAND_SEVAULT_CANYON,16,59
general__rom_082d507c,28D,flat,modeled_building,2,2,FR_SEVEN_ISLAND,14,7
general__rom_082d507c,28D,flat,unreviewed,3,2,FR_SEVEN_ISLAND_SEVAULT_CANYON,17,59
general__rom_082d507c,28E,flat,unreviewed,2,2,FR_SEVEN_ISLAND,19,16
general__rom_082d507c,28F,flat,unreviewed,1,1,FR_SEVEN_ISLAND_TRAINER_TOWER,54,3
general__rom_082d507c,290,flat,unreviewed,5,3,FR_BIRTH_ISLAND_EXTERIOR,12,26
general__rom_082d507c,291,flat,modeled_building,2,2,FR_SEVEN_ISLAND,10,8
general__rom_082d507c,291,flat,unreviewed,3,2,FR_SEVEN_ISLAND_SEVAULT_CANYON,13,60
general__rom_082d507c,292,flat,modeled_building,2,2,FR_SEVEN_ISLAND,11,8
general__rom_082d507c,292,flat,unreviewed,3,2,FR_SEVEN_ISLAND_SEVAULT_CANYON,14,60
general__rom_082d507c,293,flat,modeled_building,2,2,FR_SEVEN_ISLAND,12,8
general__rom_082d507c,293,flat,unreviewed,3,2,FR_SEVEN_ISLAND_SEVAULT_CANYON,15,60
general__rom_082d507c,041,wall,modeled_building,2,2,FR_SEVEN_ISLAND,4,9
general__rom_082d507c,294,flat,modeled_building,2,2,FR_SEVEN_ISLAND,13,8
general__rom_082d507c,294,flat,unreviewed,3,2,FR_SEVEN_ISLAND_SEVAULT_CANYON,16,60
general__rom_082d507c,295,flat,modeled_building,2,2,FR_SEVEN_ISLAND,14,8
general__rom_082d507c,295,flat,unreviewed,3,2,FR_SEVEN_ISLAND_SEVAULT_CANYON,17,60
general__rom_082d507c,296,flat,unreviewed,5,3,FR_BIRTH_ISLAND_EXTERIOR,18,26
general__rom_082d507c,297,flat,unreviewed,1,1,FR_SEVEN_ISLAND_TRAINER_TOWER,54,4
general__rom_082d507c,298,flat,unreviewed,2,2,FR_SEVEN_ISLAND,13,18
general__rom_082d507c,299,flat,modeled_building,2,2,FR_SEVEN_ISLAND,10,9
general__rom_082d507c,299,flat,unreviewed,3,2,FR_SEVEN_ISLAND_SEVAULT_CANYON,13,61
general__rom_082d507c,29B,flat,modeled_building,2,2,FR_SEVEN_ISLAND,12,9
general__rom_082d507c,29B,flat,unreviewed,3,2,FR_SEVEN_ISLAND_SEVAULT_CANYON,15,61
general__rom_082d507c,29C,flat,modeled_building,2,2,FR_SEVEN_ISLAND,13,9
general__rom_082d507c,29C,flat,unreviewed,3,2,FR_SEVEN_ISLAND_SEVAULT_CANYON,16,61
general__rom_082d507c,29D,flat,modeled_building,2,2,FR_SEVEN_ISLAND,14,9
general__rom_082d507c,29D,flat,unreviewed,3,2,FR_SEVEN_ISLAND_SEVAULT_CANYON,17,61
general__rom_082d507c,29E,flat,unreviewed,2,2,FR_SEVEN_ISLAND,19,18
general__rom_082d507c,29F,flat,unreviewed,1,1,FR_SEVEN_ISLAND_TRAINER_TOWER,54,5
general__rom_082d507c,2A0,flat,unreviewed,2,1,FR_SEVEN_ISLAND_TRAINER_TOWER,55,2
general__rom_082d507c,2A1,flat,unreviewed,1,1,FR_SEVEN_ISLAND_TRAINER_TOWER,56,2
general__rom_082d507c,2A2,flat,unreviewed,1,1,FR_SEVEN_ISLAND_TRAINER_TOWER,57,2
general__rom_082d507c,2A3,flat,unreviewed,1,1,FR_SEVEN_ISLAND_TRAINER_TOWER,58,2
general__rom_082d507c,2A4,flat,unreviewed,1,1,FR_SEVEN_ISLAND_TRAINER_TOWER,59,2
general__rom_082d507c,2A5,flat,unreviewed,1,1,FR_SEVEN_ISLAND_TRAINER_TOWER,60,2
general__rom_082d507c,2A6,flat,unreviewed,2,1,FR_SEVEN_ISLAND_TRAINER_TOWER,61,2
general__rom_082d507c,2A7,flat,unreviewed,1,1,FR_SEVEN_ISLAND_TRAINER_TOWER,54,6
general__rom_082d507c,2A8,flat,unreviewed,2,1,FR_SEVEN_ISLAND_TRAINER_TOWER,55,3
general__rom_082d507c,2A9,flat,unreviewed,2,1,FR_SEVEN_ISLAND_TRAINER_TOWER,56,3
general__rom_082d507c,2AA,flat,unreviewed,2,1,FR_SEVEN_ISLAND_TRAINER_TOWER,57,3
general__rom_082d507c,2AB,flat,unreviewed,2,1,FR_SEVEN_ISLAND_TRAINER_TOWER,58,3
general__rom_082d507c,2AC,flat,unreviewed,2,1,FR_SEVEN_ISLAND_TRAINER_TOWER,59,0
general__rom_082d507c,2AD,flat,unreviewed,2,1,FR_SEVEN_ISLAND_TRAINER_TOWER,60,3
general__rom_082d507c,2AE,flat,unreviewed,2,1,FR_SEVEN_ISLAND_TRAINER_TOWER,61,1
general__rom_082d507c,2AF,flat,unreviewed,1,1,FR_SEVEN_ISLAND_TRAINER_TOWER,62,3
general__rom_082d507c,2B0,flat,unreviewed,1,1,FR_SEVEN_ISLAND_TRAINER_TOWER,55,4
general__rom_082d507c,2B1,flat,unreviewed,2,1,FR_SEVEN_ISLAND_TRAINER_TOWER,56,1
general__rom_082d507c,2B2,flat,unreviewed,2,1,FR_SEVEN_ISLAND_TRAINER_TOWER,57,1
general__rom_082d507c,2B3,flat,unreviewed,2,1,FR_SEVEN_ISLAND_TRAINER_TOWER,58,1
general__rom_082d507c,2B4,flat,unreviewed,2,1,FR_SEVEN_ISLAND_TRAINER_TOWER,59,1
general__rom_082d507c,2B5,flat,unreviewed,2,1,FR_SEVEN_ISLAND_TRAINER_TOWER,60,1
general__rom_082d507c,2B6,flat,unreviewed,1,1,FR_SEVEN_ISLAND_TRAINER_TOWER,61,4
general__rom_082d507c,2B7,flat,unreviewed,1,1,FR_SEVEN_ISLAND_TRAINER_TOWER,62,4
general__rom_082d507c,2B8,flat,unreviewed,1,1,FR_SEVEN_ISLAND_TRAINER_TOWER,55,5
general__rom_082d507c,2B9,flat,unreviewed,1,1,FR_SEVEN_ISLAND_TRAINER_TOWER,56,5
general__rom_082d507c,2BA,flat,unreviewed,1,1,FR_SEVEN_ISLAND_TRAINER_TOWER,57,5
general__rom_082d507c,2BB,flat,unreviewed,1,1,FR_SEVEN_ISLAND_TRAINER_TOWER,58,5
general__rom_082d507c,2BC,flat,unreviewed,1,1,FR_SEVEN_ISLAND_TRAINER_TOWER,59,5
general__rom_082d507c,2BD,flat,unreviewed,1,1,FR_SEVEN_ISLAND_TRAINER_TOWER,60,5
general__rom_082d507c,2BE,flat,unreviewed,1,1,FR_SEVEN_ISLAND_TRAINER_TOWER,61,5
general__rom_082d507c,2BF,flat,unreviewed,1,1,FR_SEVEN_ISLAND_TRAINER_TOWER,62,5
general__rom_082d507c,2C0,flat,unreviewed,1,1,FR_SEVEN_ISLAND_TRAINER_TOWER,55,6
general__rom_082d507c,2C1,flat,unreviewed,1,1,FR_SEVEN_ISLAND_TRAINER_TOWER,56,6
general__rom_082d507c,2C2,flat,unreviewed,1,1,FR_SEVEN_ISLAND_TRAINER_TOWER,57,6
general__rom_082d507c,2C3,flat,unreviewed,1,1,FR_SEVEN_ISLAND_TRAINER_TOWER,58,6
general__rom_082d507c,2C4,flat,unreviewed,1,1,FR_SEVEN_ISLAND_TRAINER_TOWER,59,6
general__rom_082d507c,2C5,flat,unreviewed,1,1,FR_SEVEN_ISLAND_TRAINER_TOWER,60,6
general__rom_082d507c,2C6,flat,unreviewed,1,1,FR_SEVEN_ISLAND_TRAINER_TOWER,61,6
general__rom_082d507c,2C7,flat,unreviewed,1,1,FR_SEVEN_ISLAND_TRAINER_TOWER,62,6
general__rom_082d507c,2C8,flat,unreviewed,7,1,FR_SEVEN_ISLAND_TANOBY_RUINS,31,6
general__rom_082d507c,2C9,flat,unreviewed,7,1,FR_SEVEN_ISLAND_TANOBY_RUINS,11,3
general__rom_082d507c,2CA,flat,unreviewed,7,1,FR_SEVEN_ISLAND_TANOBY_RUINS,13,12
general__rom_082d507c,2CB,flat,unreviewed,1,1,FR_SEVEN_ISLAND_TRAINER_TOWER,57,7
general__rom_082d507c,2CC,flat,unreviewed,1,1,FR_SEVEN_ISLAND_TRAINER_TOWER,58,7
general__rom_082d507c,2CD,flat,unreviewed,1,1,FR_SEVEN_ISLAND_TRAINER_TOWER,59,7
general__rom_082d507c,2D0,flat,unreviewed,7,1,FR_SEVEN_ISLAND_TANOBY_RUINS,10,4
general__rom_082d507c,2D1,flat,unreviewed,7,1,FR_SEVEN_ISLAND_TANOBY_RUINS,11,4
general__rom_082d507c,2D2,flat,unreviewed,7,1,FR_SEVEN_ISLAND_TANOBY_RUINS,13,13
general__rom_082d507c,2D3,flat,unreviewed,1,1,FR_SEVEN_ISLAND_TRAINER_TOWER,57,8
general__rom_082d507c,2D4,flat,unreviewed,1,1,FR_SEVEN_ISLAND_TRAINER_TOWER,58,8
general__rom_082d507c,2D5,flat,unreviewed,1,1,FR_SEVEN_ISLAND_TRAINER_TOWER,59,8
general__rom_082d507c,2D8,flat,unreviewed,7,1,FR_SEVEN_ISLAND_TANOBY_RUINS,43,10
general__rom_082d507c,2D9,flat,unreviewed,7,1,FR_SEVEN_ISLAND_TANOBY_RUINS,11,5
general__rom_082d507c,048,roof,modeled_building,2,2,FR_SEVEN_ISLAND,10,0
general__rom_082d507c,2DA,flat,unreviewed,7,1,FR_SEVEN_ISLAND_TANOBY_RUINS,45,10
general__rom_082d507c,2DB,flat,unreviewed,1,1,FR_SIX_ISLAND_RUIN_VALLEY,22,20
general__rom_082d507c,2DC,flat,unreviewed,3,1,FR_SIX_ISLAND_RUIN_VALLEY,23,20
general__rom_082d507c,2DD,flat,unreviewed,1,1,FR_SIX_ISLAND_RUIN_VALLEY,26,20
general__rom_082d507c,2E0,flat,unreviewed,6,1,FR_SEVEN_ISLAND_TANOBY_RUINS,43,11
general__rom_082d507c,2E1,flat,unreviewed,6,1,FR_SEVEN_ISLAND_TANOBY_RUINS,11,6
general__rom_082d507c,2E2,flat,unreviewed,6,1,FR_SEVEN_ISLAND_TANOBY_RUINS,45,11
general__rom_082d507c,2E3,flat,unreviewed,3,3,FR_BIRTH_ISLAND_EXTERIOR,14,24
general__rom_082d507c,049,roof,modeled_building,2,2,FR_SEVEN_ISLAND,11,0
general__rom_082d507c,2E4,flat,unreviewed,3,3,FR_BIRTH_ISLAND_EXTERIOR,15,24
general__rom_082d507c,2E5,flat,unreviewed,3,3,FR_BIRTH_ISLAND_EXTERIOR,16,24
general__rom_082d507c,2E8,flat,unreviewed,3,3,FR_BIRTH_ISLAND_EXTERIOR,13,25
general__rom_082d507c,2E9,flat,unreviewed,9,3,FR_BIRTH_ISLAND_EXTERIOR,14,25
general__rom_082d507c,2EA,flat,unreviewed,3,3,FR_BIRTH_ISLAND_EXTERIOR,17,25
general__rom_082d507c,2EB,flat,unreviewed,3,3,FR_BIRTH_ISLAND_EXTERIOR,13,28
general__rom_082d507c,2EC,flat,unreviewed,3,3,FR_BIRTH_ISLAND_EXTERIOR,14,28
general__rom_082d507c,2ED,flat,unreviewed,3,3,FR_BIRTH_ISLAND_EXTERIOR,15,28
general__rom_082d507c,04A,roof,modeled_building,2,2,FR_SEVEN_ISLAND,12,0
general__rom_082d507c,2EE,flat,unreviewed,3,3,FR_BIRTH_ISLAND_EXTERIOR,16,28
general__rom_082d507c,2EF,flat,unreviewed,3,3,FR_BIRTH_ISLAND_EXTERIOR,17,28
general__rom_082d507c,2F0,flat,unreviewed,3,3,FR_BIRTH_ISLAND_EXTERIOR,13,26
general__rom_082d507c,2F1,flat,unreviewed,9,3,FR_BIRTH_ISLAND_EXTERIOR,14,26
general__rom_082d507c,2F2,flat,unreviewed,3,3,FR_BIRTH_ISLAND_EXTERIOR,17,26
general__rom_082d507c,04B,roof,modeled_building,2,2,FR_SEVEN_ISLAND,13,0
general__rom_082d507c,2F8,flat,unreviewed,3,3,FR_BIRTH_ISLAND_EXTERIOR,13,27
general__rom_082d507c,2F9,flat,unreviewed,9,3,FR_BIRTH_ISLAND_EXTERIOR,14,27
general__rom_082d507c,2FA,flat,unreviewed,3,3,FR_BIRTH_ISLAND_EXTERIOR,17,27
general__rom_082d507c,2FB,flat,unreviewed,3,3,FR_BIRTH_ISLAND_EXTERIOR,13,29
general__rom_082d507c,2FC,flat,unreviewed,3,3,FR_BIRTH_ISLAND_EXTERIOR,14,29
general__rom_082d507c,2FD,flat,unreviewed,3,3,FR_BIRTH_ISLAND_EXTERIOR,15,29
general__rom_082d507c,2FE,flat,unreviewed,3,3,FR_BIRTH_ISLAND_EXTERIOR,16,29
general__rom_082d507c,2FF,flat,unreviewed,3,3,FR_BIRTH_ISLAND_EXTERIOR,17,29
general__rom_082d507c,300,flat,unreviewed,2,1,FR_SIX_ISLAND_GREEN_PATH,44,8
general__rom_082d507c,301,flat,unreviewed,2,1,FR_SIX_ISLAND_GREEN_PATH,45,8
general__rom_082d507c,302,flat,unreviewed,2,1,FR_SIX_ISLAND_GREEN_PATH,46,8
general__rom_082d507c,303,flat,unreviewed,2,1,FR_SIX_ISLAND_GREEN_PATH,47,8
general__rom_082d507c,304,flat,unreviewed,1,1,FR_SIX_ISLAND_GREEN_PATH,62,10
general__rom_082d507c,305,flat,unreviewed,1,1,FR_SIX_ISLAND_GREEN_PATH,47,10
general__rom_082d507c,306,flat,unreviewed,1,1,FR_SIX_ISLAND_GREEN_PATH,65,12
general__rom_082d507c,307,flat,unreviewed,1,1,FR_SIX_ISLAND_GREEN_PATH,66,12
general__rom_082d507c,308,flat,unreviewed,2,1,FR_SIX_ISLAND_GREEN_PATH,44,9
general__rom_082d507c,309,flat,unreviewed,2,1,FR_SIX_ISLAND_GREEN_PATH,45,9
general__rom_082d507c,30A,flat,unreviewed,2,1,FR_SIX_ISLAND_GREEN_PATH,46,9
general__rom_082d507c,30B,flat,unreviewed,2,1,FR_SIX_ISLAND_GREEN_PATH,47,9
general__rom_082d507c,30C,flat,modeled_building,2,2,FR_SEVEN_ISLAND,11,9
general__rom_082d507c,30C,flat,unreviewed,3,2,FR_SEVEN_ISLAND_SEVAULT_CANYON,14,61
general__rom_082d507c,30D,flat,unreviewed,1,1,FR_SIX_ISLAND_RUIN_VALLEY,10,10
general__rom_082d507c,30E,flat,unreviewed,1,1,FR_SIX_ISLAND_GREEN_PATH,68,5
general__rom_082d507c,30F,flat,unreviewed,1,1,FR_SIX_ISLAND_GREEN_PATH,69,5
general__rom_082d507c,310,flat,unreviewed,1,1,FR_SIX_ISLAND_GREEN_PATH,44,10
general__rom_082d507c,311,flat,unreviewed,2,1,FR_SIX_ISLAND_GREEN_PATH,45,10
general__rom_082d507c,312,flat,unreviewed,2,1,FR_SIX_ISLAND_GREEN_PATH,46,10
general__rom_082d507c,313,flat,unreviewed,1,1,FR_SIX_ISLAND_GREEN_PATH,65,10
general__rom_082d507c,314,flat,unreviewed,2,1,FR_SEVEN_ISLAND_TRAINER_TOWER,58,11
general__rom_082d507c,315,flat,unreviewed,1,1,FR_SEVEN_ISLAND_TRAINER_TOWER,60,39
general__rom_082d507c,316,flat,unreviewed,1,1,FR_SEVEN_ISLAND_TRAINER_TOWER,61,39
general__rom_082d507c,317,flat,unreviewed,1,1,FR_SEVEN_ISLAND_TRAINER_TOWER,62,39
general__rom_082d507c,318,flat,unreviewed,1,1,FR_SEVEN_ISLAND,3,6
general__rom_082d507c,319,flat,unreviewed,1,1,FR_SEVEN_ISLAND,4,6
general__rom_082d507c,31A,flat,unreviewed,1,1,FR_SEVEN_ISLAND,5,6
general__rom_082d507c,31B,flat,unreviewed,1,1,FR_SEVEN_ISLAND,6,6
general__rom_082d507c,31C,flat,unreviewed,1,1,FR_SEVEN_ISLAND_TRAINER_TOWER,57,11
general__rom_082d507c,31D,flat,unreviewed,4,1,FR_BIRTH_ISLAND_EXTERIOR,3,15
general__rom_082d507c,31F,flat,unreviewed,3,1,FR_BIRTH_ISLAND_EXTERIOR,27,15
general__rom_082d507c,320,flat,unreviewed,1,1,FR_BIRTH_ISLAND_EXTERIOR,12,27
general__rom_082d507c,321,flat,unreviewed,1,1,FR_BIRTH_ISLAND_EXTERIOR,18,27
general__rom_082d507c,322,flat,unreviewed,1,1,FR_BIRTH_ISLAND_EXTERIOR,12,25
general__rom_082d507c,323,flat,unreviewed,1,1,FR_BIRTH_ISLAND_EXTERIOR,18,25
general__rom_082d507c,324,flat,unreviewed,1,1,FR_BIRTH_ISLAND_EXTERIOR,12,28
general__rom_082d507c,325,flat,unreviewed,1,1,FR_BIRTH_ISLAND_EXTERIOR,18,28
general__rom_082d507c,326,flat,unreviewed,1,1,FR_BIRTH_ISLAND_EXTERIOR,12,29
general__rom_082d507c,327,flat,unreviewed,1,1,FR_BIRTH_ISLAND_EXTERIOR,18,29
general__rom_082d507c,329,flat,unreviewed,5,1,FR_BIRTH_ISLAND_EXTERIOR,10,14
general__rom_082d507c,050,roof,modeled_building,2,2,FR_SEVEN_ISLAND,10,1
general__rom_082d507c,32B,flat,unreviewed,5,1,FR_BIRTH_ISLAND_EXTERIOR,16,8
general__rom_082d507c,32C,flat,unreviewed,4,1,FR_BIRTH_ISLAND_EXTERIOR,13,11
general__rom_082d507c,32D,flat,unreviewed,4,1,FR_BIRTH_ISLAND_EXTERIOR,16,9
general__rom_082d507c,32E,flat,unreviewed,1,1,FR_SIX_ISLAND_RUIN_VALLEY,23,24
general__rom_082d507c,32F,flat,unreviewed,1,1,FR_SIX_ISLAND_RUIN_VALLEY,25,21
general__rom_082d507c,330,flat,unreviewed,1,1,FR_SIX_ISLAND_RUIN_VALLEY,23,21
general__rom_082d507c,331,flat,unreviewed,2,1,FR_BIRTH_ISLAND_EXTERIOR,13,10
general__rom_082d507c,332,flat,unreviewed,26,1,FR_BIRTH_ISLAND_EXTERIOR,15,9
general__rom_082d507c,333,flat,unreviewed,2,1,FR_BIRTH_ISLAND_EXTERIOR,17,10
general__rom_082d507c,051,roof,modeled_building,2,2,FR_SEVEN_ISLAND,11,1
general__rom_082d507c,336,flat,unreviewed,1,1,FR_SIX_ISLAND_RUIN_VALLEY,23,25
general__rom_082d507c,338,flat,unreviewed,1,1,FR_SIX_ISLAND_RUIN_VALLEY,24,21
general__rom_082d507c,339,flat,unreviewed,1,1,FR_BIRTH_ISLAND_EXTERIOR,10,15
general__rom_082d507c,33A,flat,unreviewed,9,1,FR_BIRTH_ISLAND_EXTERIOR,12,15
general__rom_082d507c,33B,flat,unreviewed,1,1,FR_BIRTH_ISLAND_EXTERIOR,20,15
general__rom_082d507c,33C,flat,unreviewed,1,1,FR_SEVEN_ISLAND_TANOBY_RUINS,119,10
general__rom_082d507c,33D,flat,unreviewed,1,1,FR_SEVEN_ISLAND_TANOBY_RUINS,120,10
general__rom_082d507c,052,roof,modeled_building,2,2,FR_SEVEN_ISLAND,12,1
general__rom_082d507c,33E,flat,unreviewed,1,1,FR_SEVEN_ISLAND_TANOBY_RUINS,121,10
general__rom_082d507c,33F,flat,unreviewed,1,1,FR_SIX_ISLAND_GREEN_PATH,37,13
general__rom_082d507c,340,flat,unreviewed,4,1,FR_SEVEN_ISLAND_SEVAULT_CANYON,11,59
general__rom_082d507c,341,flat,unreviewed,4,2,FR_SEVEN_ISLAND_SEVAULT_CANYON,12,59
general__rom_082d507c,342,flat,unreviewed,3,1,FR_SEVEN_ISLAND_SEVAULT_CANYON,14,5
general__rom_082d507c,343,flat,unreviewed,3,1,FR_SEVEN_ISLAND_SEVAULT_CANYON,18,10
general__rom_082d507c,344,flat,unreviewed,3,1,FR_SEVEN_ISLAND_SEVAULT_CANYON,12,4
general__rom_082d507c,345,flat,unreviewed,9,3,FR_SEVEN_ISLAND_SEVAULT_CANYON,12,61
general__rom_082d507c,346,flat,unreviewed,5,2,FR_SEVEN_ISLAND_SEVAULT_CANYON,8,54
general__rom_082d507c,347,flat,unreviewed,1,1,FR_SEVEN_ISLAND_TRAINER_TOWER,46,34
general__rom_082d507c,053,roof,modeled_building,2,2,FR_SEVEN_ISLAND,13,1
general__rom_082d507c,348,flat,unreviewed,11,2,FR_SEVEN_ISLAND_SEVAULT_CANYON,15,34
general__rom_082d507c,349,flat,unreviewed,294,4,FR_SEVEN_ISLAND_SEVAULT_CANYON,4,34
general__rom_082d507c,34A,flat,unreviewed,5,2,FR_SEVEN_ISLAND_SEVAULT_CANYON,5,8
general__rom_082d507c,34B,flat,unreviewed,1,1,FR_SEVEN_ISLAND_SEVAULT_CANYON,13,58
general__rom_082d507c,34C,flat,unreviewed,1,1,FR_SEVEN_ISLAND_SEVAULT_CANYON,14,58
general__rom_082d507c,34D,flat,unreviewed,2,1,FR_SEVEN_ISLAND_SEVAULT_CANYON,16,58
general__rom_082d507c,34E,flat,unreviewed,1,1,FR_SEVEN_ISLAND_SEVAULT_CANYON,17,58
general__rom_082d507c,34F,flat,unreviewed,1,1,FR_SEVEN_ISLAND_TRAINER_TOWER,76,36
general__rom_082d507c,350,flat,unreviewed,8,3,FR_SEVEN_ISLAND_SEVAULT_CANYON,14,63
general__rom_082d507c,351,flat,unreviewed,15,2,FR_SEVEN_ISLAND_SEVAULT_CANYON,15,63
general__rom_082d507c,352,flat,unreviewed,4,2,FR_SEVEN_ISLAND_SEVAULT_CANYON,9,54
general__rom_082d507c,353,flat,unreviewed,1,1,FR_SEVEN_ISLAND_SEVAULT_CANYON_ENTRANCE,4,18
general__rom_082d507c,354,flat,unreviewed,1,1,FR_SIX_ISLAND_OUTCAST_ISLAND,6,28
general__rom_082d507c,355,flat,unreviewed,1,1,FR_SIX_ISLAND_OUTCAST_ISLAND,7,28
general__rom_082d507c,356,flat,unreviewed,1,1,FR_SIX_ISLAND_OUTCAST_ISLAND,8,14
general__rom_082d507c,357,flat,unreviewed,1,1,FR_SIX_ISLAND_RUIN_VALLEY,24,24
general__rom_082d507c,359,flat,unreviewed,1,1,FR_BIRTH_ISLAND_EXTERIOR,15,7
general__rom_082d507c,35A,flat,unreviewed,1,1,FR_BIRTH_ISLAND_EXTERIOR,15,8
general__rom_082d507c,35B,flat,unreviewed,1,1,FR_BIRTH_ISLAND_EXTERIOR,14,3
general__rom_082d507c,35C,flat,unreviewed,1,1,FR_BIRTH_ISLAND_EXTERIOR,15,3
general__rom_082d507c,35D,flat,unreviewed,1,1,FR_BIRTH_ISLAND_EXTERIOR,16,3
general__rom_082d507c,35E,flat,modeled_building,1,1,FR_SIX_ISLAND,9,7
general__rom_082d507c,35F,flat,unreviewed,1,1,FR_SEVEN_ISLAND_SEVAULT_CANYON_ENTRANCE,8,29
general__rom_082d507c,360,flat,unreviewed,1,1,FR_BIRTH_ISLAND_EXTERIOR,14,4
general__rom_082d507c,361,flat,unreviewed,1,1,FR_BIRTH_ISLAND_EXTERIOR,15,4
general__rom_082d507c,362,flat,unreviewed,1,1,FR_BIRTH_ISLAND_EXTERIOR,16,4
general__rom_082d507c,363,flat,unreviewed,1,1,FR_BIRTH_ISLAND_EXTERIOR,14,5
general__rom_082d507c,364,flat,unreviewed,1,1,FR_BIRTH_ISLAND_EXTERIOR,15,5
general__rom_082d507c,365,flat,unreviewed,1,1,FR_BIRTH_ISLAND_EXTERIOR,16,5
general__rom_082d507c,366,flat,unreviewed,1,1,FR_BIRTH_ISLAND_EXTERIOR,15,1
general__rom_082d507c,367,flat,unreviewed,1,1,FR_SIX_ISLAND_RUIN_VALLEY,25,24
general__rom_082d507c,36E,flat,unreviewed,1,1,FR_BIRTH_ISLAND_EXTERIOR,15,2
general__rom_082d507c,36F,flat,unreviewed,1,1,FR_SIX_ISLAND_RUIN_VALLEY,25,25
general__rom_082d507c,058,roof,modeled_building,2,2,FR_SEVEN_ISLAND,10,2
general__rom_082d507c,059,roof,modeled_building,2,2,FR_SEVEN_ISLAND,11,2
general__rom_082d507c,008,flat,reviewed_surface,244,10,FR_BIRTH_ISLAND_EXTERIOR,12,7
general__rom_082d507c,05A,roof,modeled_building,2,2,FR_SEVEN_ISLAND,12,2
general__rom_082d507c,05B,roof,modeled_building,2,2,FR_SEVEN_ISLAND,13,2
general__rom_082d507c,060,wall,modeled_building,2,2,FR_SEVEN_ISLAND,10,3
general__rom_082d507c,061,wall,modeled_building,2,2,FR_SEVEN_ISLAND,11,3
general__rom_082d507c,062,wall,modeled_building,4,2,FR_SEVEN_ISLAND,12,3
general__rom_082d507c,063,wall,modeled_building,2,2,FR_SEVEN_ISLAND,6,9
general__rom_082d507c,009,flat,reviewed_surface,201,10,FR_BIRTH_ISLAND_EXTERIOR,10,10
harbor,000,flat,native_fallback,279,9,FR_BIRTH_ISLAND_HARBOR,17,4
harbor,120,flat,native_fallback,9,9,FR_BIRTH_ISLAND_HARBOR,11,5
harbor,121,flat,native_fallback,9,9,FR_BIRTH_ISLAND_HARBOR,5,5
harbor,123,flat,native_fallback,99,9,FR_BIRTH_ISLAND_HARBOR,15,5
harbor,12A,flat,native_fallback,9,9,FR_BIRTH_ISLAND_HARBOR,11,6
harbor,12B,flat,native_fallback,792,9,FR_BIRTH_ISLAND_HARBOR,2,10
harbor,12C,flat,native_fallback,9,9,FR_BIRTH_ISLAND_HARBOR,5,6
harbor,130,flat,native_fallback,9,9,FR_BIRTH_ISLAND_HARBOR,5,7
harbor,131,flat,native_fallback,9,9,FR_BIRTH_ISLAND_HARBOR,11,7
harbor,281,flat,native_fallback,63,9,FR_BIRTH_ISLAND_HARBOR,8,6
harbor,282,flat,native_fallback,135,9,FR_BIRTH_ISLAND_HARBOR,14,3
harbor,288,flat,native_fallback,90,9,FR_BIRTH_ISLAND_HARBOR,2,0
harbor,289,flat,native_fallback,9,9,FR_BIRTH_ISLAND_HARBOR,7,0
harbor,28A,flat,native_fallback,36,9,FR_BIRTH_ISLAND_HARBOR,14,0
harbor,28C,flat,native_fallback,9,9,FR_BIRTH_ISLAND_HARBOR,10,4
harbor,28D,flat,native_fallback,108,9,FR_BIRTH_ISLAND_HARBOR,15,4
harbor,28E,flat,native_fallback,9,9,FR_BIRTH_ISLAND_HARBOR,6,4
harbor,28F,flat,native_fallback,9,9,FR_BIRTH_ISLAND_HARBOR,6,6
harbor,290,flat,native_fallback,63,9,FR_BIRTH_ISLAND_HARBOR,2,1
harbor,291,flat,native_fallback,9,9,FR_BIRTH_ISLAND_HARBOR,6,1
harbor,292,flat,native_fallback,36,9,FR_BIRTH_ISLAND_HARBOR,11,1
harbor,294,flat,native_fallback,9,9,FR_BIRTH_ISLAND_HARBOR,10,5
harbor,295,flat,native_fallback,9,9,FR_BIRTH_ISLAND_HARBOR,7,6
harbor,296,flat,native_fallback,9,9,FR_BIRTH_ISLAND_HARBOR,6,5
harbor,297,flat,native_fallback,9,9,FR_BIRTH_ISLAND_HARBOR,10,6
harbor,298,flat,native_fallback,72,9,FR_BIRTH_ISLAND_HARBOR,13,2
harbor,299,flat,native_fallback,9,9,FR_BIRTH_ISLAND_HARBOR,6,2
harbor,29A,flat,native_fallback,27,9,FR_BIRTH_ISLAND_HARBOR,11,2
harbor,29D,flat,native_fallback,9,9,FR_BIRTH_ISLAND_HARBOR,9,6
harbor,2A5,flat,native_fallback,153,9,FR_BIRTH_ISLAND_HARBOR,1,12
harbor,2AC,flat,native_fallback,9,9,FR_BIRTH_ISLAND_HARBOR,7,7
harbor,2AD,flat,native_fallback,9,9,FR_BIRTH_ISLAND_HARBOR,8,7
harbor,2AE,flat,native_fallback,9,9,FR_BIRTH_ISLAND_HARBOR,9,7
harbor,2AF,flat,native_fallback,9,9,FR_BIRTH_ISLAND_HARBOR,10,7
harbor,2C0,flat,native_fallback,9,9,FR_BIRTH_ISLAND_HARBOR,7,1
harbor,2C1,flat,native_fallback,9,9,FR_BIRTH_ISLAND_HARBOR,8,1
harbor,2C2,flat,native_fallback,9,9,FR_BIRTH_ISLAND_HARBOR,9,1
harbor,2C3,flat,native_fallback,9,9,FR_BIRTH_ISLAND_HARBOR,0,0
harbor,2C4,flat,native_fallback,9,9,FR_BIRTH_ISLAND_HARBOR,0,2
harbor,2C5,flat,native_fallback,9,9,FR_BIRTH_ISLAND_HARBOR,16,0
harbor,2C6,flat,native_fallback,9,9,FR_BIRTH_ISLAND_HARBOR,16,2
harbor,2C8,flat,native_fallback,9,9,FR_BIRTH_ISLAND_HARBOR,7,2
harbor,2C9,flat,native_fallback,9,9,FR_BIRTH_ISLAND_HARBOR,8,2
harbor,2CA,flat,native_fallback,9,9,FR_BIRTH_ISLAND_HARBOR,9,2
harbor,2CB,flat,native_fallback,9,9,FR_BIRTH_ISLAND_HARBOR,0,1
harbor,2CC,flat,native_fallback,9,9,FR_BIRTH_ISLAND_HARBOR,0,3
harbor,2CD,flat,native_fallback,9,9,FR_BIRTH_ISLAND_HARBOR,16,1
harbor,2CE,flat,native_fallback,9,9,FR_BIRTH_ISLAND_HARBOR,16,3
house,000,flat,unreviewed,948,50,FR_CERULEAN_CITY_HOUSE5,7,9
house,096,roomWall,modeled_building,1,1,FR_VIRIDIAN_CITY_HOUSE,7,0
house,09B,flat,unreviewed,1,1,FR_CERULEAN_CITY_HOUSE1,6,0
house,09C,flat,unreviewed,6,6,FR_PEWTER_CITY_HOUSE1,9,0
house,09D,flat,unreviewed,6,6,FR_PEWTER_CITY_HOUSE1,10,0
house,09E,flat,unreviewed,1,1,FR_VIRIDIAN_CITY_HOUSE,7,1
house,0A3,flat,unreviewed,1,1,FR_CERULEAN_CITY_HOUSE1,6,1
house,0A4,flat,unreviewed,6,6,FR_PEWTER_CITY_HOUSE1,9,1
house,0A5,flat,unreviewed,6,6,FR_PEWTER_CITY_HOUSE1,10,1
house,0AB,flat,unreviewed,1,1,FR_CERULEAN_CITY_HOUSE5,6,0
house,0AC,flat,unreviewed,1,1,FR_CERULEAN_CITY_HOUSE1,0,0
house,0AD,flat,unreviewed,1,1,FR_CERULEAN_CITY_HOUSE1,1,0
house,0B3,flat,unreviewed,1,1,FR_CERULEAN_CITY_HOUSE5,6,1
house,0B4,roomWall,modeled_building,1,1,FR_CERULEAN_CITY_HOUSE1,0,1
house,0B5,roomWall,modeled_building,1,1,FR_CERULEAN_CITY_HOUSE1,1,1
house,0B8,flat,unreviewed,2,1,FR_CERULEAN_CITY_HOUSE1,7,0
house,012,flat,unreviewed,8,8,FR_PEWTER_CITY_HOUSE1,3,7
house,0C0,roomWall,modeled_building,2,1,FR_CERULEAN_CITY_HOUSE1,5,1
house,0C2,flat,unreviewed,5,2,FR_CERULEAN_CITY_HOUSE1,9,0
house,013,flat,unreviewed,8,8,FR_PEWTER_CITY_HOUSE1,4,7
house,001,flat,unreviewed,190,8,FR_PEWTER_CITY_HOUSE1,9,3
house,0CA,flat,unreviewed,5,2,FR_CERULEAN_CITY_HOUSE1,9,1
house,0CE,flat,unreviewed,1,1,FR_CERULEAN_CITY_HOUSE5,3,0
house,014,flat,unreviewed,8,8,FR_PEWTER_CITY_HOUSE1,5,7
house,0D6,flat,unreviewed,1,1,FR_CERULEAN_CITY_HOUSE5,3,1
house,0DD,flat,unreviewed,2,1,FR_CERULEAN_CITY_HOUSE5,9,0
house,0DE,flat,unreviewed,2,1,FR_CERULEAN_CITY_HOUSE5,10,0
house,0E5,flat,unreviewed,2,1,FR_CERULEAN_CITY_HOUSE5,9,1
house,0E6,flat,unreviewed,2,1,FR_CERULEAN_CITY_HOUSE5,8,1
house,102,flat,unreviewed,5,2,FR_CERULEAN_CITY_HOUSE5,0,4
house,103,flat,unreviewed,4,2,FR_CERULEAN_CITY_HOUSE5,0,5
house,104,flat,unreviewed,3,3,FR_ROUTE_12_FISHING_HOUSE,9,0
house,105,flat,unreviewed,3,3,FR_ROUTE_12_FISHING_HOUSE,9,1
house,108,flat,unreviewed,56,19,FR_FIVE_ISLAND_HOUSE1,6,0
house,109,roomWall,modeled_building,811,21,FR_CERULEAN_CITY_HOUSE1,7,8
house,10C,flat,unreviewed,18,18,FR_FIVE_ISLAND_HOUSE1,2,0
house,10D,flat,unreviewed,18,18,FR_FIVE_ISLAND_HOUSE1,3,0
house,01A,flat,unreviewed,28,28,FR_CERULEAN_CITY_HOUSE1,2,9
house,10E,flat,unreviewed,18,18,FR_FIVE_ISLAND_HOUSE1,1,0
house,10F,flat,unreviewed,15,15,FR_FIVE_ISLAND_HOUSE1,10,0
house,110,flat,unreviewed,56,19,FR_FIVE_ISLAND_HOUSE1,5,1
house,111,roomWall,modeled_building,127,21,FR_CERULEAN_CITY_HOUSE1,5,2
house,114,flat,unreviewed,18,18,FR_FIVE_ISLAND_HOUSE1,2,1
house,115,flat,unreviewed,18,18,FR_FIVE_ISLAND_HOUSE1,3,1
house,116,flat,unreviewed,18,18,FR_FIVE_ISLAND_HOUSE1,1,1
house,117,flat,unreviewed,15,15,FR_FIVE_ISLAND_HOUSE1,10,1
house,01B,flat,unreviewed,28,28,FR_CERULEAN_CITY_HOUSE1,3,9
house,118,flat,unreviewed,6,3,FR_ROUTE_12_FISHING_HOUSE,6,0
house,119,roomWall,modeled_building,18,16,FR_FIVE_ISLAND_HOUSE1,4,0
house,11B,flat,unreviewed,1,1,FR_CERULEAN_CITY_HOUSE5,6,2
house,11C,flat,unreviewed,19,19,FR_CERULEAN_CITY_HOUSE1,0,2
house,11D,flat,unreviewed,19,19,FR_CERULEAN_CITY_HOUSE1,1,2
house,11E,flat,unreviewed,18,18,FR_FIVE_ISLAND_HOUSE1,1,2
house,11F,flat,unreviewed,15,15,FR_FIVE_ISLAND_HOUSE1,10,2
house,120,flat,unreviewed,6,3,FR_ROUTE_12_FISHING_HOUSE,6,1
house,121,roomWall,modeled_building,18,16,FR_FIVE_ISLAND_HOUSE1,4,1
house,01C,flat,unreviewed,28,28,FR_CERULEAN_CITY_HOUSE1,4,9
house,122,flat,unreviewed,15,15,FR_FIVE_ISLAND_HOUSE1,0,0
house,123,flat,unreviewed,2,2,FR_CERULEAN_CITY_HOUSE1,5,4
house,124,flat,unreviewed,7,2,FR_CERULEAN_CITY_HOUSE1,8,4
house,125,flat,unreviewed,2,2,FR_CERULEAN_CITY_HOUSE1,9,4
house,126,flat,unreviewed,1,1,FR_CERULEAN_CITY_HOUSE1,6,5
house,128,flat,unreviewed,1,1,FR_CERULEAN_CITY_HOUSE1,7,5
house,129,flat,unreviewed,1,1,FR_CERULEAN_CITY_HOUSE1,8,5
house,12A,flat,unreviewed,15,15,FR_FIVE_ISLAND_HOUSE1,0,1
house,12B,flat,unreviewed,3,2,FR_CERULEAN_CITY_HOUSE1,5,5
house,12C,flat,unreviewed,5,2,FR_CERULEAN_CITY_HOUSE1,6,6
house,12D,flat,unreviewed,3,2,FR_CERULEAN_CITY_HOUSE1,9,5
house,12E,flat,unreviewed,3,2,FR_CERULEAN_CITY_HOUSE5,1,6
house,130,flat,unreviewed,1,1,FR_CERULEAN_CITY_HOUSE1,7,6
house,131,flat,unreviewed,1,1,FR_CERULEAN_CITY_HOUSE1,8,6
house,132,flat,unreviewed,20,17,FR_CERULEAN_CITY_HOUSE1,8,2
house,133,flat,unreviewed,2,2,FR_CERULEAN_CITY_HOUSE1,5,7
house,134,flat,unreviewed,7,2,FR_CERULEAN_CITY_HOUSE1,8,7
house,135,flat,unreviewed,2,2,FR_CERULEAN_CITY_HOUSE1,9,7
house,136,flat,unreviewed,4,2,FR_CERULEAN_CITY_HOUSE5,1,5
house,138,flat,unreviewed,15,15,FR_FIVE_ISLAND_HOUSE1,8,0
house,139,flat,unreviewed,15,15,FR_FIVE_ISLAND_HOUSE1,9,0
house,13F,flat,unreviewed,20,20,FR_CERULEAN_CITY_HOUSE1,2,8
house,140,flat,unreviewed,15,15,FR_FIVE_ISLAND_HOUSE1,8,1
house,141,flat,unreviewed,15,15,FR_FIVE_ISLAND_HOUSE1,9,1
house,147,flat,unreviewed,20,20,FR_CERULEAN_CITY_HOUSE1,3,8
house,148,flat,unreviewed,15,15,FR_FIVE_ISLAND_HOUSE1,8,2
house,149,flat,unreviewed,15,15,FR_FIVE_ISLAND_HOUSE1,9,2
house,020,roomWall,modeled_building,34,8,FR_PEWTER_CITY_HOUSE1,4,0
house,14D,flat,unreviewed,2,1,FR_CERULEAN_CITY_HOUSE5,9,2
house,14E,flat,unreviewed,2,1,FR_CERULEAN_CITY_HOUSE5,8,2
house,14F,flat,unreviewed,20,20,FR_CERULEAN_CITY_HOUSE1,4,8
house,150,flat,unreviewed,2,1,FR_SEVEN_ISLAND_HOUSE_ROOM2,6,0
house,151,flat,unreviewed,2,1,FR_SEVEN_ISLAND_HOUSE_ROOM2,9,0
house,021,roomWall,modeled_building,8,8,FR_PEWTER_CITY_HOUSE1,6,0
house,156,flat,unreviewed,38,19,FR_CERULEAN_CITY_HOUSE1,0,6
house,158,flat,unreviewed,2,1,FR_SEVEN_ISLAND_HOUSE_ROOM2,6,1
house,159,flat,unreviewed,2,1,FR_SEVEN_ISLAND_HOUSE_ROOM2,9,1
house,022,roomWall,modeled_building,8,8,FR_PEWTER_CITY_HOUSE1,7,0
house,15E,flat,unreviewed,38,19,FR_CERULEAN_CITY_HOUSE1,0,7
house,160,flat,unreviewed,6,3,FR_ROUTE_12_FISHING_HOUSE,7,0
house,161,flat,unreviewed,2,1,FR_CERULEAN_CITY_HOUSE5,4,0
house,162,flat,unreviewed,1,1,FR_CERULEAN_CITY_HOUSE1,2,0
house,163,flat,unreviewed,1,1,FR_CERULEAN_CITY_HOUSE1,3,0
house,164,flat,unreviewed,1,1,FR_CERULEAN_CITY_HOUSE1,4,0
house,165,flat,unreviewed,20,19,FR_CERULEAN_CITY_HOUSE5,8,5
house,166,flat,unreviewed,20,19,FR_CERULEAN_CITY_HOUSE5,9,3
house,167,flat,unreviewed,37,19,FR_CERULEAN_CITY_HOUSE5,10,6
house,168,flat,unreviewed,6,3,FR_ROUTE_12_FISHING_HOUSE,5,1
house,169,roomWall,modeled_building,2,1,FR_CERULEAN_CITY_HOUSE5,5,1
house,16A,flat,unreviewed,1,1,FR_CERULEAN_CITY_HOUSE1,2,1
house,16B,flat,unreviewed,1,1,FR_CERULEAN_CITY_HOUSE1,3,1
house,16C,flat,unreviewed,1,1,FR_CERULEAN_CITY_HOUSE1,4,1
house,16D,flat,unreviewed,20,19,FR_CERULEAN_CITY_HOUSE5,8,6
house,16E,flat,unreviewed,20,19,FR_CERULEAN_CITY_HOUSE5,9,4
house,16F,flat,unreviewed,37,19,FR_CERULEAN_CITY_HOUSE5,7,4
house,177,flat,unreviewed,1,1,FR_SEVEN_ISLAND_HOUSE_ROOM2,4,1
house,17B,flat,unreviewed,1,1,FR_SEVEN_ISLAND_HOUSE_ROOM2,2,0
house,17C,flat,unreviewed,1,1,FR_SEVEN_ISLAND_HOUSE_ROOM2,3,0
house,17D,flat,unreviewed,1,1,FR_SEVEN_ISLAND_HOUSE_ROOM2,4,0
house,17E,flat,unreviewed,1,1,FR_SEVEN_ISLAND_HOUSE_ROOM2,2,1
house,17F,flat,unreviewed,1,1,FR_SEVEN_ISLAND_HOUSE_ROOM2,3,1
house,184,flat,unreviewed,1,1,FR_RIVALS_HOUSE,9,0
house,185,flat,unreviewed,1,1,FR_RIVALS_HOUSE,9,1
house,028,roomWall,modeled_building,18,8,FR_PEWTER_CITY_HOUSE1,4,1
house,029,roomWall,modeled_building,8,8,FR_PEWTER_CITY_HOUSE1,6,1
house,02A,roomWall,modeled_building,8,8,FR_PEWTER_CITY_HOUSE1,7,1
house,02B,roomWall,modeled_building,1,1,FR_RIVALS_HOUSE,11,0
house,02C,roomWall,modeled_building,1,1,FR_RIVALS_HOUSE,12,0
house,02D,roomWall,modeled_building,8,8,FR_PEWTER_CITY_HOUSE1,5,0
house,02E,roomWall,modeled_building,8,8,FR_PEWTER_CITY_HOUSE1,2,0
house,02F,roomWall,modeled_building,8,8,FR_PEWTER_CITY_HOUSE1,3,0
house,031,flat,modeled_prop,8,8,FR_PEWTER_CITY_HOUSE1,0,1
house,032,flat,modeled_prop,8,8,FR_PEWTER_CITY_HOUSE1,1,1
house,033,flat,modeled_prop,1,1,FR_RIVALS_HOUSE,11,1
house,034,flat,modeled_prop,1,1,FR_RIVALS_HOUSE,12,1
house,035,flat,modeled_prop,8,8,FR_PEWTER_CITY_HOUSE1,5,1
house,036,flat,unreviewed,8,8,FR_PEWTER_CITY_HOUSE1,2,1
house,037,flat,unreviewed,8,8,FR_PEWTER_CITY_HOUSE1,3,1
house,039,flat,modeled_prop,8,8,FR_PEWTER_CITY_HOUSE1,0,2
house,03A,flat,modeled_prop,8,8,FR_PEWTER_CITY_HOUSE1,1,2
house,03B,flat,modeled_prop,1,1,FR_RIVALS_HOUSE,11,2
house,03C,flat,modeled_prop,1,1,FR_RIVALS_HOUSE,12,2
house,03D,flat,modeled_prop,8,8,FR_PEWTER_CITY_HOUSE1,5,2
house,03E,flat,unreviewed,8,8,FR_PEWTER_CITY_HOUSE1,2,2
house,03F,flat,unreviewed,8,8,FR_PEWTER_CITY_HOUSE1,3,2
house,281,flat,unreviewed,708,22,FR_ROUTE_11_EAST_ENTRANCE_1F,2,11
house,282,flat,unreviewed,192,22,FR_ROUTE_11_EAST_ENTRANCE_1F,1,10
house,283,flat,unreviewed,69,13,FR_ROUTE_11_EAST_ENTRANCE_1F,11,3
house,284,flat,unreviewed,95,10,FR_ROUTE_11_EAST_ENTRANCE_1F,2,10
house,285,flat,unreviewed,4,4,FR_UNDERGROUND_PATH_EAST_ENTRANCE,3,4
house,286,flat,unreviewed,15,7,FR_ROUTE_11_EAST_ENTRANCE_1F,11,4
house,287,flat,unreviewed,163,22,FR_ROUTE_11_EAST_ENTRANCE_1F,6,0
house,288,flat,unreviewed,7,7,FR_ROUTE_12_NORTH_ENTRANCE_1F,4,0
house,289,flat,unreviewed,7,7,FR_ROUTE_12_NORTH_ENTRANCE_1F,5,0
house,28A,flat,unreviewed,7,7,FR_ROUTE_12_NORTH_ENTRANCE_1F,6,0
house,28C,flat,unreviewed,6,6,FR_ROUTE_7_EAST_ENTRANCE,2,6
house,28D,flat,unreviewed,53,11,FR_ROUTE_11_EAST_ENTRANCE_1F,7,10
house,28E,flat,unreviewed,7,7,FR_ROUTE_11_EAST_ENTRANCE_1F,7,8
house,28F,flat,unreviewed,113,20,FR_ROUTE_11_EAST_ENTRANCE_1F,6,1
house,290,flat,unreviewed,7,7,FR_ROUTE_12_NORTH_ENTRANCE_1F,4,1
house,291,flat,unreviewed,7,7,FR_ROUTE_12_NORTH_ENTRANCE_1F,5,1
house,292,flat,unreviewed,7,7,FR_ROUTE_12_NORTH_ENTRANCE_1F,6,1
house,293,flat,unreviewed,4,4,FR_UNDERGROUND_PATH_EAST_ENTRANCE,3,5
house,294,flat,unreviewed,4,4,FR_UNDERGROUND_PATH_EAST_ENTRANCE,2,3
house,295,flat,unreviewed,9,7,FR_ROUTE_11_EAST_ENTRANCE_1F,7,11
house,296,flat,unreviewed,8,8,FR_ROUTE_11_EAST_ENTRANCE_1F,7,9
house,297,flat,unreviewed,6,3,FR_ROUTE_12_NORTH_ENTRANCE_1F,2,1
house,298,flat,unreviewed,21,13,FR_ROUTE_11_EAST_ENTRANCE_1F,3,0
house,299,flat,unreviewed,21,13,FR_ROUTE_11_EAST_ENTRANCE_1F,4,0
house,29A,flat,unreviewed,9,9,FR_ROUTE_11_EAST_ENTRANCE_1F,2,5
house,29B,flat,unreviewed,11,11,FR_ROUTE_11_EAST_ENTRANCE_1F,10,5
house,29C,flat,unreviewed,5,5,FR_ROUTE_12_NORTH_ENTRANCE_1F,8,6
house,29D,flat,unreviewed,20,4,FR_ROUTE_11_EAST_ENTRANCE_1F,3,8
house,29E,flat,unreviewed,4,4,FR_UNDERGROUND_PATH_EAST_ENTRANCE,10,5
house,29F,flat,unreviewed,1,1,FR_ROUTE_12_NORTH_ENTRANCE_1F,9,6
house,2A0,flat,unreviewed,21,13,FR_ROUTE_11_EAST_ENTRANCE_1F,3,1
house,2A1,flat,unreviewed,21,13,FR_ROUTE_11_EAST_ENTRANCE_1F,4,1
house,2A2,flat,unreviewed,10,9,FR_ROUTE_11_EAST_ENTRANCE_1F,2,7
house,2A3,flat,unreviewed,12,11,FR_ROUTE_11_EAST_ENTRANCE_1F,10,7
house,2A4,flat,unreviewed,25,11,FR_ROUTE_11_EAST_ENTRANCE_1F,2,3
house,2A5,flat,unreviewed,79,7,FR_ROUTE_11_EAST_ENTRANCE_1F,3,9
house,2A6,flat,unreviewed,21,11,FR_ROUTE_11_EAST_ENTRANCE_1F,10,3
house,2A7,flat,unreviewed,5,5,FR_ROUTE_11_EAST_ENTRANCE_1F,11,8
house,043,flat,unreviewed,8,8,FR_PEWTER_CITY_HOUSE1,3,3
house,2A8,flat,unreviewed,10,5,FR_ROUTE_11_EAST_ENTRANCE_2F,3,0
house,2A9,flat,unreviewed,10,5,FR_ROUTE_11_EAST_ENTRANCE_2F,9,0
house,2AA,flat,unreviewed,9,9,FR_ROUTE_11_EAST_ENTRANCE_2F,8,8
house,2AB,flat,unreviewed,9,9,FR_ROUTE_11_EAST_ENTRANCE_2F,9,8
house,2AC,flat,unreviewed,9,9,FR_ROUTE_11_EAST_ENTRANCE_2F,10,8
house,2AD,flat,unreviewed,5,5,FR_ROUTE_11_EAST_ENTRANCE_1F,9,9
house,2AE,flat,unreviewed,5,5,FR_ROUTE_11_EAST_ENTRANCE_1F,10,9
house,2AF,flat,unreviewed,5,5,FR_ROUTE_11_EAST_ENTRANCE_1F,11,9
house,2B0,flat,unreviewed,5,5,FR_ROUTE_11_EAST_ENTRANCE_2F,3,1
house,2B1,flat,unreviewed,5,5,FR_ROUTE_11_EAST_ENTRANCE_2F,9,1
house,044,flat,unreviewed,32,8,FR_PEWTER_CITY_HOUSE1,5,3
house,2B2,flat,unreviewed,9,9,FR_ROUTE_11_EAST_ENTRANCE_2F,8,9
house,2B3,flat,unreviewed,9,9,FR_ROUTE_11_EAST_ENTRANCE_2F,9,9
house,2B4,flat,unreviewed,9,9,FR_ROUTE_11_EAST_ENTRANCE_2F,10,9
house,2B5,flat,unreviewed,5,5,FR_ROUTE_11_EAST_ENTRANCE_1F,9,10
house,2B6,flat,unreviewed,5,5,FR_ROUTE_11_EAST_ENTRANCE_1F,10,10
house,2B7,flat,unreviewed,5,5,FR_ROUTE_11_EAST_ENTRANCE_1F,11,10
house,2B8,flat,unreviewed,5,5,FR_ROUTE_11_EAST_ENTRANCE_2F,3,2
house,2B9,flat,unreviewed,5,5,FR_ROUTE_11_EAST_ENTRANCE_2F,9,2
house,2BA,flat,unreviewed,9,9,FR_ROUTE_11_EAST_ENTRANCE_2F,8,10
house,2BB,flat,unreviewed,9,9,FR_ROUTE_11_EAST_ENTRANCE_2F,9,10
house,2BC,flat,unreviewed,9,9,FR_ROUTE_11_EAST_ENTRANCE_2F,10,10
house,2BD,flat,unreviewed,5,5,FR_ROUTE_11_EAST_ENTRANCE_1F,9,11
house,2BE,flat,unreviewed,5,5,FR_ROUTE_11_EAST_ENTRANCE_1F,10,11
house,2BF,flat,unreviewed,5,5,FR_ROUTE_11_EAST_ENTRANCE_1F,11,11
house,2C0,flat,unreviewed,5,5,FR_ROUTE_11_EAST_ENTRANCE_2F,8,1
house,2C1,flat,unreviewed,5,5,FR_ROUTE_11_EAST_ENTRANCE_2F,4,1
house,2C2,flat,unreviewed,35,11,FR_ROUTE_11_EAST_ENTRANCE_1F,4,5
house,2C3,flat,unreviewed,26,9,FR_ROUTE_11_EAST_ENTRANCE_1F,2,6
house,2C4,flat,unreviewed,32,11,FR_ROUTE_11_EAST_ENTRANCE_1F,10,6
house,2C5,flat,unreviewed,9,9,FR_ROUTE_12_NORTH_ENTRANCE_1F,4,11
house,046,flat,unreviewed,8,8,FR_PEWTER_CITY_HOUSE1,8,3
house,2C6,flat,unreviewed,11,11,FR_ROUTE_12_NORTH_ENTRANCE_1F,5,11
house,2C7,flat,unreviewed,11,11,FR_ROUTE_12_NORTH_ENTRANCE_1F,6,11
house,2C8,flat,unreviewed,5,5,FR_ROUTE_11_EAST_ENTRANCE_2F,8,2
house,2C9,flat,unreviewed,5,5,FR_ROUTE_11_EAST_ENTRANCE_2F,4,2
house,2CA,flat,unreviewed,42,11,FR_ROUTE_11_EAST_ENTRANCE_1F,3,7
house,2CB,flat,unreviewed,72,13,FR_ROUTE_11_EAST_ENTRANCE_1F,3,6
house,2CC,flat,unreviewed,2,2,FR_ROUTE_5_SOUTH_ENTRANCE,3,9
house,2CD,flat,unreviewed,11,11,FR_ROUTE_12_NORTH_ENTRANCE_1F,4,12
house,2CE,flat,unreviewed,11,11,FR_ROUTE_12_NORTH_ENTRANCE_1F,5,12
house,2CF,flat,unreviewed,11,11,FR_ROUTE_12_NORTH_ENTRANCE_1F,6,12
house,047,flat,unreviewed,8,8,FR_PEWTER_CITY_HOUSE1,10,6
house,2D0,flat,unreviewed,7,6,FR_ROUTE_11_EAST_ENTRANCE_1F,0,5
house,2D1,flat,unreviewed,7,6,FR_ROUTE_11_EAST_ENTRANCE_1F,1,5
house,2D2,flat,unreviewed,4,4,FR_ROUTE_11_EAST_ENTRANCE_1F,11,5
house,2D3,flat,unreviewed,7,6,FR_ROUTE_11_EAST_ENTRANCE_1F,12,5
house,2D6,flat,unreviewed,16,8,FR_ROUTE_11_EAST_ENTRANCE_2F,8,5
house,2D7,flat,unreviewed,16,8,FR_ROUTE_11_EAST_ENTRANCE_2F,4,5
house,2D8,flat,unreviewed,7,6,FR_ROUTE_11_EAST_ENTRANCE_1F,0,6
house,2D9,flat,unreviewed,7,6,FR_ROUTE_11_EAST_ENTRANCE_1F,1,6
house,2DA,flat,unreviewed,7,6,FR_ROUTE_11_EAST_ENTRANCE_1F,11,6
house,2DB,flat,unreviewed,7,6,FR_ROUTE_11_EAST_ENTRANCE_1F,12,6
house,2DE,flat,unreviewed,16,8,FR_ROUTE_11_EAST_ENTRANCE_2F,3,6
house,2DF,flat,unreviewed,16,8,FR_ROUTE_11_EAST_ENTRANCE_2F,4,6
house,2E0,flat,unreviewed,7,6,FR_ROUTE_11_EAST_ENTRANCE_1F,0,7
house,2E1,flat,unreviewed,7,6,FR_ROUTE_11_EAST_ENTRANCE_1F,1,7
house,2E2,flat,unreviewed,7,6,FR_ROUTE_11_EAST_ENTRANCE_1F,11,7
house,2E3,flat,unreviewed,7,6,FR_ROUTE_11_EAST_ENTRANCE_1F,12,7
house,2E6,flat,unreviewed,21,8,FR_ROUTE_11_EAST_ENTRANCE_2F,2,6
house,2E7,flat,unreviewed,16,8,FR_ROUTE_11_EAST_ENTRANCE_2F,10,6
house,2E8,flat,unreviewed,17,10,FR_ROUTE_22_NORTH_ENTRANCE,13,9
house,2E9,flat,unreviewed,29,18,FR_ROUTE_11_EAST_ENTRANCE_2F,1,9
house,2EA,flat,unreviewed,44,18,FR_ROUTE_11_EAST_ENTRANCE_1F,11,1
house,2EB,flat,unreviewed,18,10,FR_ROUTE_11_EAST_ENTRANCE_1F,2,2
house,2EC,flat,unreviewed,44,6,FR_ROUTE_11_EAST_ENTRANCE_1F,5,2
house,2ED,flat,unreviewed,14,10,FR_ROUTE_11_EAST_ENTRANCE_1F,10,2
house,2EE,flat,unreviewed,2,2,FR_ROUTE_7_EAST_ENTRANCE,11,4
house,2EF,flat,unreviewed,2,2,FR_ROUTE_7_EAST_ENTRANCE,11,7
house,2F0,flat,unreviewed,19,10,FR_ROUTE_22_NORTH_ENTRANCE,13,10
house,2F1,flat,unreviewed,71,21,FR_ROUTE_11_EAST_ENTRANCE_1F,11,2
house,2F6,flat,unreviewed,1,1,FR_ROUTE_16_NORTH_ENTRANCE_1F,11,2
house,2F7,flat,unreviewed,2,2,FR_ROUTE_7_EAST_ENTRANCE,11,8
house,04B,flat,modeled_prop,16,8,FR_PEWTER_CITY_HOUSE1,4,4
house,2FB,flat,unreviewed,1,1,FR_ROUTE_16_NORTH_ENTRANCE_1F,1,5
house,2FC,flat,unreviewed,9,1,FR_ROUTE_16_NORTH_ENTRANCE_1F,4,5
house,2FD,flat,unreviewed,1,1,FR_ROUTE_16_NORTH_ENTRANCE_1F,11,5
house,2FE,flat,unreviewed,5,5,FR_ROUTE_11_EAST_ENTRANCE_1F,8,0
house,2FF,flat,unreviewed,5,5,FR_ROUTE_11_EAST_ENTRANCE_1F,9,0
house,04C,flat,modeled_prop,8,8,FR_PEWTER_CITY_HOUSE1,5,4
house,303,flat,unreviewed,1,1,FR_ROUTE_16_NORTH_ENTRANCE_1F,1,6
house,304,flat,unreviewed,9,1,FR_ROUTE_16_NORTH_ENTRANCE_1F,3,6
house,305,flat,unreviewed,1,1,FR_ROUTE_16_NORTH_ENTRANCE_1F,11,6
house,306,flat,unreviewed,5,5,FR_ROUTE_11_EAST_ENTRANCE_1F,8,1
house,307,flat,unreviewed,5,5,FR_ROUTE_11_EAST_ENTRANCE_1F,9,1
house,30B,flat,unreviewed,1,1,FR_ROUTE_16_NORTH_ENTRANCE_1F,1,7
house,04D,flat,modeled_prop,8,8,FR_PEWTER_CITY_HOUSE1,6,4
house,30C,flat,unreviewed,9,1,FR_ROUTE_16_NORTH_ENTRANCE_1F,3,7
house,30D,flat,unreviewed,1,1,FR_ROUTE_16_NORTH_ENTRANCE_1F,11,7
house,30E,flat,unreviewed,2,1,FR_ROUTE_22_NORTH_ENTRANCE,3,2
house,30F,flat,unreviewed,2,1,FR_ROUTE_22_NORTH_ENTRANCE,11,2
house,04E,flat,modeled_prop,16,8,FR_PEWTER_CITY_HOUSE1,7,4
house,317,flat,unreviewed,1,1,FR_ROUTE_16_NORTH_ENTRANCE_1F,2,2
house,31B,flat,unreviewed,2,2,FR_ROUTE_5_SOUTH_ENTRANCE,3,3
house,31C,flat,unreviewed,1,1,FR_ROUTE_16_NORTH_ENTRANCE_1F,10,2
house,31D,flat,unreviewed,7,1,FR_ROUTE_16_NORTH_ENTRANCE_1F,5,2
house,31E,flat,unreviewed,6,2,FR_ROUTE_5_SOUTH_ENTRANCE,3,6
house,04F,flat,unreviewed,8,8,FR_PEWTER_CITY_HOUSE1,10,7
house,323,flat,unreviewed,2,2,FR_ROUTE_5_SOUTH_ENTRANCE,3,7
house,326,flat,unreviewed,10,2,FR_ROUTE_7_EAST_ENTRANCE,4,6
house,327,flat,unreviewed,10,2,FR_ROUTE_7_EAST_ENTRANCE,4,4
house,328,flat,unreviewed,2,2,FR_ROUTE_7_EAST_ENTRANCE,3,4
house,329,flat,unreviewed,2,2,FR_ROUTE_7_EAST_ENTRANCE,9,4
house,32A,flat,unreviewed,2,2,FR_ROUTE_7_EAST_ENTRANCE,3,6
house,32B,flat,unreviewed,2,2,FR_ROUTE_7_EAST_ENTRANCE,9,6
house,32C,flat,unreviewed,2,2,FR_ROUTE_7_EAST_ENTRANCE,3,5
house,32D,flat,unreviewed,2,2,FR_ROUTE_7_EAST_ENTRANCE,9,5
house,32E,flat,unreviewed,4,1,FR_ROUTE_22_NORTH_ENTRANCE,4,8
house,32F,flat,unreviewed,6,1,FR_ROUTE_22_NORTH_ENTRANCE,3,6
house,330,flat,unreviewed,4,1,FR_ROUTE_22_NORTH_ENTRANCE,3,8
house,331,flat,unreviewed,2,1,FR_ROUTE_22_NORTH_ENTRANCE,10,2
house,332,flat,unreviewed,4,1,FR_ROUTE_22_NORTH_ENTRANCE,4,5
house,333,flat,unreviewed,6,1,FR_ROUTE_22_NORTH_ENTRANCE,2,6
house,334,flat,unreviewed,6,1,FR_ROUTE_22_NORTH_ENTRANCE,4,6
house,335,flat,unreviewed,6,1,FR_ROUTE_22_NORTH_ENTRANCE,2,7
house,336,flat,unreviewed,6,1,FR_ROUTE_22_NORTH_ENTRANCE,3,7
house,337,flat,unreviewed,6,1,FR_ROUTE_22_NORTH_ENTRANCE,12,7
house,053,flat,unreviewed,16,8,FR_PEWTER_CITY_HOUSE1,3,4
house,054,flat,modeled_prop,8,8,FR_PEWTER_CITY_HOUSE1,5,5
house,055,flat,modeled_prop,8,8,FR_PEWTER_CITY_HOUSE1,6,5
house,056,flat,unreviewed,16,8,FR_PEWTER_CITY_HOUSE1,8,4
house,057,flat,unreviewed,8,8,FR_PEWTER_CITY_HOUSE1,0,6
house,008,flat,unreviewed,611,50,FR_CERULEAN_CITY_HOUSE1,7,9
house,05B,flat,unreviewed,8,8,FR_PEWTER_CITY_HOUSE1,3,6
house,05C,flat,unreviewed,32,8,FR_PEWTER_CITY_HOUSE1,6,6
house,05E,flat,unreviewed,8,8,FR_PEWTER_CITY_HOUSE1,8,6
house,05F,flat,unreviewed,8,8,FR_PEWTER_CITY_HOUSE1,0,7
house,009,flat,unreviewed,73,8,FR_PEWTER_CITY_HOUSE1,9,2
network,000,flat,native_fallback,409,38,FR_CELADON_CITY_POKEMON_CENTER_1F,15,4
network,01A,flat,native_fallback,19,19,FR_CELADON_CITY_POKEMON_CENTER_1F,6,9
network,01B,flat,native_fallback,19,19,FR_CELADON_CITY_POKEMON_CENTER_1F,7,9
network,01C,flat,native_fallback,19,19,FR_CELADON_CITY_POKEMON_CENTER_1F,8,9
network,281,flat,native_fallback,1342,38,FR_CELADON_CITY_POKEMON_CENTER_1F,3,6
network,282,flat,native_fallback,29,21,FR_CELADON_CITY_POKEMON_CENTER_2F,0,4
network,283,flat,native_fallback,2,2,FR_INDIGO_PLATEAU_POKEMON_CENTER_1F,1,2
network,284,flat,native_fallback,276,38,FR_CELADON_CITY_POKEMON_CENTER_1F,6,0
network,285,flat,native_fallback,19,19,FR_CELADON_CITY_POKEMON_CENTER_1F,11,0
network,286,flat,native_fallback,19,19,FR_CELADON_CITY_POKEMON_CENTER_1F,7,0
network,287,flat,native_fallback,19,19,FR_CELADON_CITY_POKEMON_CENTER_1F,8,0
network,288,flat,native_fallback,2,1,FR_INDIGO_PLATEAU_POKEMON_CENTER_1F,0,7
network,289,flat,native_fallback,20,19,FR_CELADON_CITY_POKEMON_CENTER_1F,6,5
network,28A,flat,native_fallback,20,19,FR_CELADON_CITY_POKEMON_CENTER_1F,7,5
network,28B,flat,native_fallback,20,19,FR_CELADON_CITY_POKEMON_CENTER_1F,8,5
network,28C,flat,native_fallback,138,21,FR_CELADON_CITY_POKEMON_CENTER_2F,6,1
network,28D,flat,native_fallback,17,17,FR_CELADON_CITY_POKEMON_CENTER_1F,1,1
network,28E,flat,native_fallback,19,19,FR_CELADON_CITY_POKEMON_CENTER_1F,7,1
network,28F,flat,native_fallback,19,19,FR_CELADON_CITY_POKEMON_CENTER_1F,8,1
network,290,flat,native_fallback,19,19,FR_CELADON_CITY_POKEMON_CENTER_1F,7,2
network,291,flat,native_fallback,20,19,FR_CELADON_CITY_POKEMON_CENTER_1F,6,6
network,292,flat,native_fallback,20,19,FR_CELADON_CITY_POKEMON_CENTER_1F,7,6
network,293,flat,native_fallback,20,19,FR_CELADON_CITY_POKEMON_CENTER_1F,8,6
network,294,flat,native_fallback,17,17,FR_CELADON_CITY_POKEMON_CENTER_1F,1,2
network,295,flat,native_fallback,19,19,FR_CELADON_CITY_POKEMON_CENTER_1F,11,2
network,296,flat,native_fallback,19,19,FR_CELADON_CITY_POKEMON_CENTER_1F,12,0
network,297,flat,native_fallback,19,19,FR_CELADON_CITY_POKEMON_CENTER_1F,13,0
network,298,flat,native_fallback,19,19,FR_CELADON_CITY_POKEMON_CENTER_1F,7,3
network,299,flat,native_fallback,20,19,FR_CELADON_CITY_POKEMON_CENTER_1F,6,7
network,29A,flat,native_fallback,20,19,FR_CELADON_CITY_POKEMON_CENTER_1F,7,7
network,29B,flat,native_fallback,20,19,FR_CELADON_CITY_POKEMON_CENTER_1F,8,7
network,29C,flat,native_fallback,21,19,FR_CELADON_CITY_POKEMON_CENTER_1F,11,6
network,29D,flat,native_fallback,21,19,FR_CELADON_CITY_POKEMON_CENTER_1F,12,6
network,29E,flat,native_fallback,19,19,FR_CELADON_CITY_POKEMON_CENTER_1F,12,1
network,29F,flat,native_fallback,19,19,FR_CELADON_CITY_POKEMON_CENTER_1F,13,1
network,2A0,flat,native_fallback,38,38,FR_CELADON_CITY_POKEMON_CENTER_1F,0,0
network,2A1,flat,native_fallback,38,38,FR_CELADON_CITY_POKEMON_CENTER_1F,0,8
network,2A2,flat,native_fallback,38,38,FR_CELADON_CITY_POKEMON_CENTER_1F,14,8
network,2A3,flat,native_fallback,55,38,FR_CELADON_CITY_POKEMON_CENTER_1F,4,4
network,2A4,flat,native_fallback,21,19,FR_CELADON_CITY_POKEMON_CENTER_1F,11,7
network,2A5,flat,native_fallback,21,19,FR_CELADON_CITY_POKEMON_CENTER_1F,12,7
network,2A6,flat,native_fallback,39,38,FR_CELADON_CITY_POKEMON_CENTER_1F,14,0
network,2A7,flat,native_fallback,19,19,FR_CELADON_CITY_POKEMON_CENTER_2F,14,5
network,2A8,flat,native_fallback,38,38,FR_CELADON_CITY_POKEMON_CENTER_1F,0,1
network,2A9,flat,native_fallback,19,19,FR_CELADON_CITY_POKEMON_CENTER_1F,4,1
network,2AA,flat,native_fallback,19,19,FR_CELADON_CITY_POKEMON_CENTER_1F,5,1
network,2AB,flat,native_fallback,19,19,FR_CELADON_CITY_POKEMON_CENTER_1F,6,1
network,2AC,flat,native_fallback,19,19,FR_CELADON_CITY_POKEMON_CENTER_1F,9,1
network,2AD,flat,native_fallback,19,19,FR_CELADON_CITY_POKEMON_CENTER_1F,10,1
network,2AE,flat,native_fallback,40,38,FR_CELADON_CITY_POKEMON_CENTER_1F,14,1
network,2AF,flat,native_fallback,19,19,FR_CELADON_CITY_POKEMON_CENTER_2F,14,6
network,2B0,flat,native_fallback,19,19,FR_CELADON_CITY_POKEMON_CENTER_1F,0,2
network,2B1,flat,native_fallback,19,19,FR_CELADON_CITY_POKEMON_CENTER_1F,4,2
network,2B2,flat,native_fallback,19,19,FR_CELADON_CITY_POKEMON_CENTER_1F,5,2
network,2B3,flat,native_fallback,19,19,FR_CELADON_CITY_POKEMON_CENTER_1F,6,2
network,2B4,flat,native_fallback,19,19,FR_CELADON_CITY_POKEMON_CENTER_1F,9,2
network,2B5,flat,native_fallback,20,19,FR_CELADON_CITY_POKEMON_CENTER_1F,10,2
network,2B6,flat,native_fallback,20,18,FR_CELADON_CITY_POKEMON_CENTER_1F,14,2
network,2B7,flat,native_fallback,269,38,FR_CELADON_CITY_POKEMON_CENTER_1F,13,2
network,2B8,flat,native_fallback,38,19,FR_CELADON_CITY_POKEMON_CENTER_1F,0,3
network,2B9,flat,native_fallback,19,19,FR_CELADON_CITY_POKEMON_CENTER_1F,4,3
network,2BC,flat,native_fallback,76,19,FR_CELADON_CITY_POKEMON_CENTER_1F,6,3
network,2BD,flat,native_fallback,20,19,FR_CELADON_CITY_POKEMON_CENTER_1F,10,3
network,2BE,flat,native_fallback,19,18,FR_CELADON_CITY_POKEMON_CENTER_1F,14,3
network,2BF,flat,native_fallback,56,38,FR_CELADON_CITY_POKEMON_CENTER_1F,11,4
network,2C2,flat,native_fallback,19,19,FR_CELADON_CITY_POKEMON_CENTER_1F,6,8
network,2C3,flat,native_fallback,19,19,FR_CELADON_CITY_POKEMON_CENTER_1F,7,8
network,2C4,flat,native_fallback,19,19,FR_CELADON_CITY_POKEMON_CENTER_1F,8,8
network,2C5,flat,native_fallback,41,19,FR_CELADON_CITY_POKEMON_CENTER_1F,13,7
network,2C6,flat,native_fallback,40,38,FR_CELADON_CITY_POKEMON_CENTER_1F,12,2
network,2C9,flat,native_fallback,18,18,FR_CELADON_CITY_POKEMON_CENTER_1F,2,0
network,2CA,flat,native_fallback,18,18,FR_CELADON_CITY_POKEMON_CENTER_1F,3,0
network,2CB,flat,native_fallback,18,18,FR_CELADON_CITY_POKEMON_CENTER_1F,2,1
network,2CC,flat,native_fallback,18,18,FR_CELADON_CITY_POKEMON_CENTER_1F,3,1
network,2CD,flat,native_fallback,18,18,FR_CELADON_CITY_POKEMON_CENTER_1F,2,2
network,2CE,flat,native_fallback,18,18,FR_CELADON_CITY_POKEMON_CENTER_1F,3,2
network,2CF,flat,native_fallback,18,18,FR_CELADON_CITY_POKEMON_CENTER_1F,13,6
network,2D0,flat,native_fallback,19,19,FR_CELADON_CITY_POKEMON_CENTER_1F,0,5
network,2D1,flat,native_fallback,19,19,FR_CELADON_CITY_POKEMON_CENTER_1F,1,5
network,2D3,flat,native_fallback,17,17,FR_CELADON_CITY_POKEMON_CENTER_1F,1,0
network,2D6,flat,native_fallback,38,19,FR_CELADON_CITY_POKEMON_CENTER_2F,5,0
network,2D7,flat,native_fallback,38,19,FR_CELADON_CITY_POKEMON_CENTER_2F,3,0
network,2D8,flat,native_fallback,19,19,FR_CELADON_CITY_POKEMON_CENTER_1F,0,6
network,2D9,flat,native_fallback,19,19,FR_CELADON_CITY_POKEMON_CENTER_1F,1,6
network,2DA,flat,native_fallback,19,19,FR_CELADON_CITY_POKEMON_CENTER_2F,0,2
network,2DB,flat,native_fallback,19,19,FR_CELADON_CITY_POKEMON_CENTER_2F,0,5
network,2DC,flat,native_fallback,19,19,FR_CELADON_CITY_POKEMON_CENTER_2F,1,5
network,2DE,flat,native_fallback,38,19,FR_CELADON_CITY_POKEMON_CENTER_2F,5,1
network,2DF,flat,native_fallback,38,19,FR_CELADON_CITY_POKEMON_CENTER_2F,3,1
network,2E0,flat,native_fallback,19,19,FR_CELADON_CITY_POKEMON_CENTER_1F,0,7
network,2E1,flat,native_fallback,19,19,FR_CELADON_CITY_POKEMON_CENTER_1F,1,7
network,2E3,flat,native_fallback,19,19,FR_CELADON_CITY_POKEMON_CENTER_2F,0,6
network,2E4,flat,native_fallback,19,19,FR_CELADON_CITY_POKEMON_CENTER_2F,1,6
network,2E7,flat,native_fallback,19,19,FR_CELADON_CITY_POKEMON_CENTER_2F,13,2
network,2E9,flat,native_fallback,78,20,FR_CELADON_CITY_POKEMON_CENTER_2F,11,3
network,2EB,flat,native_fallback,19,19,FR_CELADON_CITY_POKEMON_CENTER_2F,0,7
network,2EC,flat,native_fallback,19,19,FR_CELADON_CITY_POKEMON_CENTER_2F,1,7
network,2EF,flat,native_fallback,19,19,FR_CELADON_CITY_POKEMON_CENTER_2F,13,3
network,2F5,flat,native_fallback,99,38,FR_CELADON_CITY_POKEMON_CENTER_1F,11,5
network,2F6,flat,native_fallback,19,19,FR_CELADON_CITY_POKEMON_CENTER_2F,3,4
network,2F8,flat,native_fallback,19,19,FR_CELADON_CITY_POKEMON_CENTER_2F,2,3
network,2F9,flat,native_fallback,38,19,FR_CELADON_CITY_POKEMON_CENTER_2F,5,3
network,2FD,flat,native_fallback,99,38,FR_CELADON_CITY_POKEMON_CENTER_1F,14,7
network,2FE,flat,native_fallback,38,19,FR_CELADON_CITY_POKEMON_CENTER_2F,12,1
network,300,flat,native_fallback,40,20,FR_CELADON_CITY_POKEMON_CENTER_2F,3,7
network,301,flat,native_fallback,41,20,FR_CELADON_CITY_POKEMON_CENTER_2F,3,8
network,302,flat,native_fallback,38,19,FR_CELADON_CITY_POKEMON_CENTER_2F,10,2
network,303,flat,native_fallback,38,19,FR_CELADON_CITY_POKEMON_CENTER_2F,6,3
network,320,flat,native_fallback,20,20,FR_CELADON_CITY_POKEMON_CENTER_2F,14,2
network,321,flat,native_fallback,19,19,FR_CELADON_CITY_POKEMON_CENTER_2F,14,3
network,326,flat,native_fallback,19,19,FR_CELADON_CITY_POKEMON_CENTER_2F,3,2
network,327,flat,native_fallback,19,19,FR_CELADON_CITY_POKEMON_CENTER_2F,2,2
network,328,flat,native_fallback,19,19,FR_CELADON_CITY_POKEMON_CENTER_2F,1,2
network,32F,flat,native_fallback,1,1,FR_INDIGO_PLATEAU_POKEMON_CENTER_1F,6,2
network,330,flat,native_fallback,1,1,FR_INDIGO_PLATEAU_POKEMON_CENTER_1F,1,4
network,331,flat,native_fallback,1,1,FR_INDIGO_PLATEAU_POKEMON_CENTER_1F,1,6
network,332,flat,native_fallback,1,1,FR_INDIGO_PLATEAU_POKEMON_CENTER_1F,3,0
network,333,flat,native_fallback,1,1,FR_INDIGO_PLATEAU_POKEMON_CENTER_1F,4,0
network,334,flat,native_fallback,1,1,FR_INDIGO_PLATEAU_POKEMON_CENTER_1F,5,0
network,335,flat,native_fallback,2,1,FR_INDIGO_PLATEAU_POKEMON_CENTER_1F,2,0
network,336,flat,native_fallback,1,1,FR_INDIGO_PLATEAU_POKEMON_CENTER_1F,9,6
network,337,flat,native_fallback,1,1,FR_INDIGO_PLATEAU_POKEMON_CENTER_1F,10,7
network,338,flat,native_fallback,1,1,FR_INDIGO_PLATEAU_POKEMON_CENTER_1F,1,5
network,33A,flat,native_fallback,1,1,FR_INDIGO_PLATEAU_POKEMON_CENTER_1F,3,1
network,33B,flat,native_fallback,1,1,FR_INDIGO_PLATEAU_POKEMON_CENTER_1F,4,1
network,33C,flat,native_fallback,1,1,FR_INDIGO_PLATEAU_POKEMON_CENTER_1F,5,1
network,33D,flat,native_fallback,2,1,FR_INDIGO_PLATEAU_POKEMON_CENTER_1F,2,1
network,33E,flat,native_fallback,1,1,FR_INDIGO_PLATEAU_POKEMON_CENTER_1F,9,7
network,33F,flat,native_fallback,1,1,FR_INDIGO_PLATEAU_POKEMON_CENTER_1F,10,8
network,340,flat,native_fallback,1,1,FR_INDIGO_PLATEAU_POKEMON_CENTER_1F,8,3
network,341,flat,native_fallback,1,1,SEVII_ONE_ISLAND_POKECENTER,12,5
network,342,flat,native_fallback,1,1,SEVII_ONE_ISLAND_POKECENTER,13,5
network,343,flat,native_fallback,1,1,SEVII_ONE_ISLAND_POKECENTER,16,5
network,344,flat,native_fallback,1,1,SEVII_ONE_ISLAND_POKECENTER,17,5
network,345,flat,native_fallback,1,1,SEVII_ONE_ISLAND_POKECENTER,12,6
network,346,flat,native_fallback,1,1,SEVII_ONE_ISLAND_POKECENTER,14,5
network,347,flat,native_fallback,1,1,SEVII_ONE_ISLAND_POKECENTER,15,5
network,348,flat,native_fallback,1,1,SEVII_ONE_ISLAND_POKECENTER,12,1
network,349,flat,native_fallback,1,1,SEVII_ONE_ISLAND_POKECENTER,13,1
network,34A,flat,native_fallback,1,1,SEVII_ONE_ISLAND_POKECENTER,16,1
network,34B,flat,native_fallback,1,1,SEVII_ONE_ISLAND_POKECENTER,17,1
network,34C,flat,native_fallback,1,1,SEVII_ONE_ISLAND_POKECENTER,12,3
network,34D,flat,native_fallback,1,1,SEVII_ONE_ISLAND_POKECENTER,13,3
network,34E,flat,native_fallback,1,1,SEVII_ONE_ISLAND_POKECENTER,16,3
network,34F,flat,native_fallback,1,1,SEVII_ONE_ISLAND_POKECENTER,17,3
network,350,flat,native_fallback,1,1,SEVII_ONE_ISLAND_POKECENTER,12,2
network,351,flat,native_fallback,1,1,SEVII_ONE_ISLAND_POKECENTER,13,2
network,352,flat,native_fallback,1,1,SEVII_ONE_ISLAND_POKECENTER,16,2
network,353,flat,native_fallback,1,1,SEVII_ONE_ISLAND_POKECENTER,17,2
network,354,flat,native_fallback,1,1,SEVII_ONE_ISLAND_POKECENTER,12,4
network,355,flat,native_fallback,2,1,SEVII_ONE_ISLAND_POKECENTER,14,2
network,356,flat,native_fallback,2,1,SEVII_ONE_ISLAND_POKECENTER,14,3
network,357,flat,native_fallback,1,1,SEVII_ONE_ISLAND_POKECENTER,17,4
network,358,flat,native_fallback,1,1,SEVII_ONE_ISLAND_POKECENTER,14,4
network,359,flat,native_fallback,1,1,SEVII_ONE_ISLAND_POKECENTER,15,4
network,35C,flat,native_fallback,1,1,SEVII_ONE_ISLAND_POKECENTER,13,4
network,35E,flat,native_fallback,1,1,SEVII_ONE_ISLAND_POKECENTER,16,4
network,360,flat,native_fallback,2,1,SEVII_ONE_ISLAND_POKECENTER,15,1
network,362,flat,native_fallback,1,1,FR_INDIGO_PLATEAU_POKEMON_CENTER_1F,2,2
network,363,flat,native_fallback,57,38,FR_CELADON_CITY_POKEMON_CENTER_1F,8,2
network,365,flat,native_fallback,38,19,FR_CELADON_CITY_POKEMON_CENTER_2F,12,2
network,366,flat,native_fallback,19,19,FR_CELADON_CITY_POKEMON_CENTER_2F,8,3
network,367,flat,native_fallback,19,19,FR_CELADON_CITY_POKEMON_CENTER_2F,12,3
network,368,flat,native_fallback,19,19,FR_CELADON_CITY_POKEMON_CENTER_2F,4,4
network,369,flat,native_fallback,19,19,FR_CELADON_CITY_POKEMON_CENTER_2F,5,4
network,36A,flat,native_fallback,19,19,FR_CELADON_CITY_POKEMON_CENTER_2F,6,4
network,36B,flat,native_fallback,19,19,FR_CELADON_CITY_POKEMON_CENTER_2F,8,4
network,36C,flat,native_fallback,19,19,FR_CELADON_CITY_POKEMON_CENTER_2F,9,4
network,36D,flat,native_fallback,19,19,FR_CELADON_CITY_POKEMON_CENTER_2F,10,4
network,36E,flat,native_fallback,2,1,SEVII_ONE_ISLAND_POKECENTER,18,4
network,36F,flat,native_fallback,19,19,FR_CELADON_CITY_POKEMON_CENTER_2F,12,4
network,370,flat,native_fallback,19,19,FR_CELADON_CITY_POKEMON_CENTER_2F,4,5
network,371,flat,native_fallback,19,19,FR_CELADON_CITY_POKEMON_CENTER_2F,5,5
network,372,flat,native_fallback,19,19,FR_CELADON_CITY_POKEMON_CENTER_2F,6,5
network,373,flat,native_fallback,19,19,FR_CELADON_CITY_POKEMON_CENTER_2F,8,5
network,374,flat,native_fallback,19,19,FR_CELADON_CITY_POKEMON_CENTER_2F,9,5
network,375,flat,native_fallback,19,19,FR_CELADON_CITY_POKEMON_CENTER_2F,10,5
network,376,flat,native_fallback,19,19,FR_CELADON_CITY_POKEMON_CENTER_2F,4,2
network,378,flat,native_fallback,19,19,FR_CELADON_CITY_POKEMON_CENTER_2F,4,6
network,379,flat,native_fallback,19,19,FR_CELADON_CITY_POKEMON_CENTER_2F,5,6
network,37A,flat,native_fallback,19,19,FR_CELADON_CITY_POKEMON_CENTER_2F,6,6
network,37B,flat,native_fallback,19,19,FR_CELADON_CITY_POKEMON_CENTER_2F,8,6
network,37C,flat,native_fallback,19,19,FR_CELADON_CITY_POKEMON_CENTER_2F,9,6
network,37D,flat,native_fallback,19,19,FR_CELADON_CITY_POKEMON_CENTER_2F,10,6
network,37E,flat,native_fallback,19,19,FR_CELADON_CITY_POKEMON_CENTER_2F,4,3
network,008,flat,native_fallback,652,38,FR_CELADON_CITY_POKEMON_CENTER_1F,5,9
network,062,flat,native_fallback,38,38,FR_CELADON_CITY_POKEMON_CENTER_1F,11,1
oak_lab,000,flat,unreviewed,144,6,FR_CINNABAR_ISLAND_POKEMON_LAB_ENTRANCE,10,11
oak_lab,068,roomWall,modeled_building,7,4,FR_CINNABAR_ISLAND_POKEMON_LAB_ENTRANCE,10,4
oak_lab,069,roomWall,modeled_building,17,5,FR_CINNABAR_ISLAND_POKEMON_LAB_ENTRANCE,11,4
oak_lab,06A,roomWall,modeled_building,7,3,FR_CINNABAR_ISLAND_POKEMON_LAB_ENTRANCE,9,4
oak_lab,06B,roomWall,modeled_building,5,3,FR_CINNABAR_ISLAND_POKEMON_LAB_LOUNGE,10,0
oak_lab,06C,roomWall,modeled_building,5,3,FR_CINNABAR_ISLAND_POKEMON_LAB_LOUNGE,11,0
oak_lab,06D,roomWall,modeled_building,3,2,FR_CINNABAR_ISLAND_POKEMON_LAB_RESEARCH_ROOM,3,0
oak_lab,06E,roomWall,modeled_building,2,2,FR_CINNABAR_ISLAND_POKEMON_LAB_RESEARCH_ROOM,4,0
oak_lab,06F,flat,unreviewed,3,2,FR_CINNABAR_ISLAND_POKEMON_LAB_EXPERIMENT_ROOM,7,4
oak_lab,070,flat,unreviewed,7,4,FR_CINNABAR_ISLAND_POKEMON_LAB_ENTRANCE,10,5
oak_lab,071,flat,unreviewed,12,4,FR_CINNABAR_ISLAND_POKEMON_LAB_ENTRANCE,11,5
oak_lab,072,flat,unreviewed,7,3,FR_CINNABAR_ISLAND_POKEMON_LAB_ENTRANCE,9,5
oak_lab,073,flat,modeled_prop,6,1,FR_OAKS_LAB,3,8
oak_lab,073,flat,unreviewed,6,3,FR_CINNABAR_ISLAND_POKEMON_LAB_LOUNGE,10,1
oak_lab,074,flat,modeled_prop,7,1,FR_OAKS_LAB,4,8
oak_lab,074,flat,unreviewed,5,2,FR_CINNABAR_ISLAND_POKEMON_LAB_LOUNGE,11,1
oak_lab,075,flat,modeled_prop,1,1,FR_OAKS_LAB,2,1
oak_lab,075,flat,unreviewed,1,1,FR_CINNABAR_ISLAND_POKEMON_LAB_RESEARCH_ROOM,3,1
oak_lab,076,flat,modeled_prop,1,1,FR_OAKS_LAB,3,1
oak_lab,076,flat,unreviewed,1,1,FR_CINNABAR_ISLAND_POKEMON_LAB_RESEARCH_ROOM,4,1
oak_lab,077,flat,unreviewed,3,2,FR_CINNABAR_ISLAND_POKEMON_LAB_EXPERIMENT_ROOM,7,5
oak_lab,078,flat,unreviewed,7,4,FR_CINNABAR_ISLAND_POKEMON_LAB_ENTRANCE,10,6
oak_lab,079,flat,unreviewed,27,4,FR_CINNABAR_ISLAND_POKEMON_LAB_ENTRANCE,2,2
oak_lab,07A,flat,unreviewed,7,3,FR_CINNABAR_ISLAND_POKEMON_LAB_ENTRANCE,9,6
oak_lab,07B,flat,unreviewed,5,2,FR_CINNABAR_ISLAND_POKEMON_LAB_LOUNGE,10,2
oak_lab,07C,flat,unreviewed,5,2,FR_CINNABAR_ISLAND_POKEMON_LAB_LOUNGE,11,2
oak_lab,07D,flat,unreviewed,1,1,FR_CINNABAR_ISLAND_POKEMON_LAB_RESEARCH_ROOM,3,2
oak_lab,07E,flat,unreviewed,1,1,FR_CINNABAR_ISLAND_POKEMON_LAB_RESEARCH_ROOM,4,2
oak_lab,07F,flat,unreviewed,3,2,FR_CINNABAR_ISLAND_POKEMON_LAB_EXPERIMENT_ROOM,7,6
oak_lab,080,flat,unreviewed,6,2,FR_CINNABAR_ISLAND_POKEMON_LAB_ENTRANCE,2,5
oak_lab,081,flat,unreviewed,223,4,FR_CINNABAR_ISLAND_POKEMON_LAB_ENTRANCE,2,3
oak_lab,082,flat,unreviewed,16,4,FR_CINNABAR_ISLAND_POKEMON_LAB_ENTRANCE,0,8
oak_lab,085,flat,modeled_prop,1,1,FR_OAKS_LAB,4,1
oak_lab,086,flat,modeled_prop,1,1,FR_OAKS_LAB,5,1
oak_lab,088,flat,unreviewed,4,4,FR_CINNABAR_ISLAND_POKEMON_LAB_ENTRANCE,3,9
oak_lab,089,flat,unreviewed,4,4,FR_CINNABAR_ISLAND_POKEMON_LAB_ENTRANCE,4,9
oak_lab,08A,flat,unreviewed,4,4,FR_CINNABAR_ISLAND_POKEMON_LAB_ENTRANCE,5,9
oak_lab,08C,flat,unreviewed,12,3,FR_CINNABAR_ISLAND_POKEMON_LAB_ENTRANCE,11,8
oak_lab,08F,flat,unreviewed,3,2,FR_CINNABAR_ISLAND_POKEMON_LAB_EXPERIMENT_ROOM,8,4
oak_lab,090,flat,unreviewed,1,1,FR_CINNABAR_ISLAND_POKEMON_LAB_ENTRANCE,3,10
oak_lab,091,flat,unreviewed,1,1,FR_CINNABAR_ISLAND_POKEMON_LAB_ENTRANCE,4,10
oak_lab,092,flat,unreviewed,1,1,FR_CINNABAR_ISLAND_POKEMON_LAB_ENTRANCE,5,10
oak_lab,094,flat,unreviewed,12,3,FR_CINNABAR_ISLAND_POKEMON_LAB_ENTRANCE,11,9
oak_lab,098,flat,modeled_prop,1,1,FR_OAKS_LAB,8,0
oak_lab,099,flat,unreviewed,4,1,FR_CINNABAR_ISLAND_POKEMON_LAB_EXPERIMENT_ROOM,14,3
oak_lab,0A0,flat,modeled_prop,1,1,FR_OAKS_LAB,8,1
oak_lab,0A7,flat,unreviewed,6,2,FR_CINNABAR_ISLAND_POKEMON_LAB_EXPERIMENT_ROOM,8,7
oak_lab,108,flat,unreviewed,4,1,FR_THREE_ISLAND_HOUSE1,6,0
oak_lab,109,roomWall,modeled_building,41,1,FR_THREE_ISLAND_HOUSE1,3,6
oak_lab,01A,flat,unreviewed,4,4,FR_CINNABAR_ISLAND_POKEMON_LAB_EXPERIMENT_ROOM,6,10
oak_lab,10F,flat,unreviewed,1,1,FR_THREE_ISLAND_HOUSE1,10,0
oak_lab,110,flat,unreviewed,3,1,FR_THREE_ISLAND_HOUSE1,6,1
oak_lab,111,roomWall,modeled_building,6,1,FR_THREE_ISLAND_HOUSE1,5,2
oak_lab,117,flat,unreviewed,1,1,FR_THREE_ISLAND_HOUSE1,10,1
oak_lab,01B,flat,unreviewed,4,4,FR_CINNABAR_ISLAND_POKEMON_LAB_EXPERIMENT_ROOM,7,10
oak_lab,118,flat,unreviewed,1,1,FR_THREE_ISLAND_HOUSE1,4,0
oak_lab,11F,flat,unreviewed,1,1,FR_THREE_ISLAND_HOUSE1,10,2
oak_lab,120,flat,unreviewed,1,1,FR_THREE_ISLAND_HOUSE1,4,1
oak_lab,01C,flat,unreviewed,4,4,FR_CINNABAR_ISLAND_POKEMON_LAB_EXPERIMENT_ROOM,8,10
oak_lab,138,flat,unreviewed,1,1,FR_THREE_ISLAND_HOUSE1,8,0
oak_lab,139,flat,unreviewed,1,1,FR_THREE_ISLAND_HOUSE1,9,0
oak_lab,13D,flat,unreviewed,1,1,FR_THREE_ISLAND_HOUSE1,0,0
oak_lab,13E,flat,unreviewed,1,1,FR_THREE_ISLAND_HOUSE1,1,0
oak_lab,13F,flat,unreviewed,1,1,FR_THREE_ISLAND_HOUSE1,3,7
oak_lab,140,flat,unreviewed,1,1,FR_THREE_ISLAND_HOUSE1,8,1
oak_lab,141,flat,unreviewed,1,1,FR_THREE_ISLAND_HOUSE1,9,1
oak_lab,145,flat,unreviewed,1,1,FR_THREE_ISLAND_HOUSE1,0,1
oak_lab,146,flat,unreviewed,1,1,FR_THREE_ISLAND_HOUSE1,1,1
oak_lab,147,flat,unreviewed,1,1,FR_THREE_ISLAND_HOUSE1,4,7
oak_lab,148,flat,unreviewed,1,1,FR_THREE_ISLAND_HOUSE1,8,2
oak_lab,149,flat,unreviewed,1,1,FR_THREE_ISLAND_HOUSE1,9,2
oak_lab,14D,flat,unreviewed,1,1,FR_THREE_ISLAND_HOUSE1,0,2
oak_lab,14E,flat,unreviewed,1,1,FR_THREE_ISLAND_HOUSE1,1,2
oak_lab,14F,flat,unreviewed,1,1,FR_THREE_ISLAND_HOUSE1,5,7
oak_lab,156,flat,unreviewed,2,1,FR_THREE_ISLAND_HOUSE1,0,4
oak_lab,15E,flat,unreviewed,2,1,FR_THREE_ISLAND_HOUSE1,0,5
oak_lab,160,flat,unreviewed,1,1,FR_THREE_ISLAND_HOUSE1,5,0
oak_lab,165,flat,unreviewed,1,1,FR_THREE_ISLAND_HOUSE1,5,4
oak_lab,166,flat,unreviewed,1,1,FR_THREE_ISLAND_HOUSE1,6,4
oak_lab,168,flat,unreviewed,1,1,FR_THREE_ISLAND_HOUSE1,5,1
oak_lab,16D,flat,unreviewed,1,1,FR_THREE_ISLAND_HOUSE1,5,5
oak_lab,16E,flat,unreviewed,1,1,FR_THREE_ISLAND_HOUSE1,6,5
oak_lab,16F,flat,unreviewed,2,1,FR_THREE_ISLAND_HOUSE1,4,4
oak_lab,281,flat,unreviewed,3,1,FR_OAKS_LAB,6,2
oak_lab,283,flat,modeled_prop,6,1,FR_OAKS_LAB,3,9
oak_lab,284,flat,modeled_prop,7,1,FR_OAKS_LAB,10,2
oak_lab,285,flat,modeled_prop,2,1,FR_OAKS_LAB,2,2
oak_lab,286,flat,modeled_prop,2,1,FR_OAKS_LAB,5,2
oak_lab,287,flat,unreviewed,1,1,FR_OAKS_LAB,0,9
oak_lab,288,flat,unreviewed,3,1,FR_OAKS_LAB,0,5
oak_lab,289,flat,reviewed_surface,76,1,FR_OAKS_LAB,7,8
oak_lab,28B,flat,unreviewed,4,1,FR_OAKS_LAB,3,7
oak_lab,28C,flat,unreviewed,5,1,FR_OAKS_LAB,4,7
oak_lab,28D,flat,modeled_prop,2,1,FR_OAKS_LAB,6,0
oak_lab,290,flat,unreviewed,1,1,FR_OAKS_LAB,5,12
oak_lab,291,flat,unreviewed,1,1,FR_OAKS_LAB,6,12
oak_lab,292,flat,unreviewed,1,1,FR_OAKS_LAB,7,12
oak_lab,293,flat,unreviewed,1,1,FR_OAKS_LAB,0,11
oak_lab,294,flat,unreviewed,1,1,FR_OAKS_LAB,12,11
oak_lab,295,flat,modeled_prop,2,1,FR_OAKS_LAB,6,1
oak_lab,298,flat,unreviewed,1,1,FR_OAKS_LAB,5,13
oak_lab,299,flat,unreviewed,1,1,FR_OAKS_LAB,6,13
oak_lab,29A,flat,unreviewed,1,1,FR_OAKS_LAB,7,13
oak_lab,29B,flat,unreviewed,1,1,FR_OAKS_LAB,0,12
oak_lab,29C,flat,unreviewed,1,1,FR_OAKS_LAB,12,12
oak_lab,29D,flat,unreviewed,1,1,FR_OAKS_LAB,0,0
oak_lab,29F,flat,unreviewed,2,1,FR_OAKS_LAB,0,3
oak_lab,2A3,flat,unreviewed,1,1,FR_OAKS_LAB,1,3
oak_lab,2A4,flat,unreviewed,1,1,FR_OAKS_LAB,2,3
oak_lab,2A6,flat,unreviewed,1,1,FR_OAKS_LAB,1,1
oak_lab,2A8,flat,modeled_prop,1,1,FR_OAKS_LAB,8,4
oak_lab,2A9,flat,modeled_prop,1,1,FR_OAKS_LAB,9,4
oak_lab,2AA,flat,modeled_prop,1,1,FR_OAKS_LAB,10,4
oak_lab,2AB,flat,unreviewed,1,1,FR_OAKS_LAB,1,4
oak_lab,2AC,flat,unreviewed,1,1,FR_OAKS_LAB,2,4
oak_lab,2AD,flat,unreviewed,1,1,FR_OAKS_LAB,0,1
oak_lab,2B0,flat,modeled_prop,1,1,FR_OAKS_LAB,8,5
oak_lab,2B1,flat,modeled_prop,1,1,FR_OAKS_LAB,9,5
oak_lab,2B2,flat,modeled_prop,1,1,FR_OAKS_LAB,10,5
oak_lab,2B3,flat,unreviewed,1,1,FR_OAKS_LAB,1,5
oak_lab,2B4,flat,unreviewed,1,1,FR_OAKS_LAB,2,5
oak_lab,2B5,flat,unreviewed,1,1,FR_OAKS_LAB,0,2
oak_lab,2B6,flat,unreviewed,1,1,FR_OAKS_LAB,1,2
oak_lab,2B8,flat,unreviewed,1,1,FR_CINNABAR_ISLAND_POKEMON_LAB_EXPERIMENT_ROOM,12,0
oak_lab,2B9,flat,unreviewed,1,1,FR_CINNABAR_ISLAND_POKEMON_LAB_EXPERIMENT_ROOM,13,0
oak_lab,2BA,flat,unreviewed,1,1,FR_OAKS_LAB,0,7
oak_lab,2BD,flat,unreviewed,3,1,FR_CINNABAR_ISLAND_POKEMON_LAB_ENTRANCE,19,4
oak_lab,2BE,flat,unreviewed,3,1,FR_CINNABAR_ISLAND_POKEMON_LAB_ENTRANCE,26,4
oak_lab,2BF,flat,unreviewed,2,1,FR_CINNABAR_ISLAND_POKEMON_LAB_ENTRANCE,7,1
oak_lab,2C0,flat,unreviewed,1,1,FR_CINNABAR_ISLAND_POKEMON_LAB_EXPERIMENT_ROOM,12,1
oak_lab,2C1,flat,unreviewed,1,1,FR_CINNABAR_ISLAND_POKEMON_LAB_EXPERIMENT_ROOM,13,1
oak_lab,2C5,flat,unreviewed,3,1,FR_CINNABAR_ISLAND_POKEMON_LAB_ENTRANCE,13,5
oak_lab,2C6,flat,unreviewed,3,1,FR_CINNABAR_ISLAND_POKEMON_LAB_ENTRANCE,20,5
oak_lab,2C7,flat,unreviewed,2,1,FR_CINNABAR_ISLAND_POKEMON_LAB_ENTRANCE,7,2
oak_lab,2C8,flat,unreviewed,1,1,FR_CINNABAR_ISLAND_POKEMON_LAB_ENTRANCE,4,4
oak_lab,2C9,flat,unreviewed,1,1,FR_CINNABAR_ISLAND_POKEMON_LAB_ENTRANCE,5,4
oak_lab,2CA,flat,unreviewed,2,1,FR_CINNABAR_ISLAND_POKEMON_LAB_ENTRANCE,6,4
oak_lab,2CB,flat,unreviewed,12,2,FR_CINNABAR_ISLAND_POKEMON_LAB_EXPERIMENT_ROOM,6,5
oak_lab,2CC,flat,unreviewed,1,1,FR_CINNABAR_ISLAND_POKEMON_LAB_ENTRANCE,0,3
oak_lab,2CD,flat,unreviewed,1,1,FR_CINNABAR_ISLAND_POKEMON_LAB_ENTRANCE,1,3
oak_lab,2CE,flat,unreviewed,1,1,FR_CINNABAR_ISLAND_POKEMON_LAB_ENTRANCE,0,6
oak_lab,2CF,flat,unreviewed,1,1,FR_CINNABAR_ISLAND_POKEMON_LAB_ENTRANCE,1,6
oak_lab,2D0,flat,unreviewed,1,1,FR_CINNABAR_ISLAND_POKEMON_LAB_ENTRANCE,4,5
oak_lab,2D1,flat,unreviewed,1,1,FR_CINNABAR_ISLAND_POKEMON_LAB_ENTRANCE,5,5
oak_lab,2D2,flat,unreviewed,2,1,FR_CINNABAR_ISLAND_POKEMON_LAB_ENTRANCE,6,5
oak_lab,2D3,flat,unreviewed,1,1,FR_CINNABAR_ISLAND_POKEMON_LAB_ENTRANCE,1,5
oak_lab,2D4,flat,unreviewed,1,1,FR_CINNABAR_ISLAND_POKEMON_LAB_ENTRANCE,0,4
oak_lab,2D5,flat,unreviewed,1,1,FR_CINNABAR_ISLAND_POKEMON_LAB_ENTRANCE,1,4
oak_lab,2D6,flat,unreviewed,1,1,FR_CINNABAR_ISLAND_POKEMON_LAB_ENTRANCE,0,7
oak_lab,2D7,flat,unreviewed,1,1,FR_CINNABAR_ISLAND_POKEMON_LAB_ENTRANCE,1,7
oak_lab,2D8,flat,unreviewed,1,1,FR_CINNABAR_ISLAND_POKEMON_LAB_ENTRANCE,0,5
oak_lab,2D9,flat,unreviewed,8,2,FR_CINNABAR_ISLAND_POKEMON_LAB_ENTRANCE,1,8
oak_lab,2DA,flat,unreviewed,4,2,FR_CINNABAR_ISLAND_POKEMON_LAB_ENTRANCE,2,8
oak_lab,2DB,flat,unreviewed,1,1,FR_CINNABAR_ISLAND_POKEMON_LAB_ENTRANCE,2,4
oak_lab,2DC,flat,unreviewed,1,1,FR_CINNABAR_ISLAND_POKEMON_LAB_EXPERIMENT_ROOM,12,2
oak_lab,2DD,flat,unreviewed,1,1,FR_CINNABAR_ISLAND_POKEMON_LAB_EXPERIMENT_ROOM,13,2
oak_lab,2DE,flat,unreviewed,1,1,FR_CINNABAR_ISLAND_POKEMON_LAB_LOUNGE,0,5
oak_lab,2DF,flat,unreviewed,1,1,FR_CINNABAR_ISLAND_POKEMON_LAB_LOUNGE,0,8
oak_lab,2E0,flat,unreviewed,1,1,FR_CINNABAR_ISLAND_POKEMON_LAB_LOUNGE,6,4
oak_lab,2E1,flat,unreviewed,1,1,FR_CINNABAR_ISLAND_POKEMON_LAB_LOUNGE,7,4
oak_lab,2E2,flat,unreviewed,1,1,FR_CINNABAR_ISLAND_POKEMON_LAB_LOUNGE,8,4
oak_lab,2E3,flat,unreviewed,1,1,FR_CINNABAR_ISLAND_POKEMON_LAB_LOUNGE,14,5
oak_lab,2E4,flat,unreviewed,1,1,FR_CINNABAR_ISLAND_POKEMON_LAB_LOUNGE,14,4
oak_lab,2E5,flat,unreviewed,1,1,FR_CINNABAR_ISLAND_POKEMON_LAB_LOUNGE,0,4
oak_lab,2E6,flat,unreviewed,1,1,FR_CINNABAR_ISLAND_POKEMON_LAB_LOUNGE,0,6
oak_lab,2E7,flat,unreviewed,1,1,FR_CINNABAR_ISLAND_POKEMON_LAB_LOUNGE,0,9
oak_lab,2E8,flat,unreviewed,3,2,FR_CINNABAR_ISLAND_POKEMON_LAB_EXPERIMENT_ROOM,11,5
oak_lab,2E9,flat,unreviewed,2,2,FR_CINNABAR_ISLAND_POKEMON_LAB_EXPERIMENT_ROOM,12,6
oak_lab,2EA,flat,unreviewed,2,2,FR_CINNABAR_ISLAND_POKEMON_LAB_EXPERIMENT_ROOM,13,5
oak_lab,2EB,flat,unreviewed,1,1,FR_CINNABAR_ISLAND_POKEMON_LAB_LOUNGE,14,6
oak_lab,2EC,flat,unreviewed,1,1,FR_CINNABAR_ISLAND_POKEMON_LAB_LOUNGE,4,3
oak_lab,2ED,flat,unreviewed,5,1,FR_CINNABAR_ISLAND_POKEMON_LAB_LOUNGE,6,3
oak_lab,2EE,flat,unreviewed,1,1,FR_CINNABAR_ISLAND_POKEMON_LAB_LOUNGE,10,3
oak_lab,2EF,flat,unreviewed,3,1,FR_CINNABAR_ISLAND_POKEMON_LAB_LOUNGE,10,4
oak_lab,2F0,flat,unreviewed,2,2,FR_CINNABAR_ISLAND_POKEMON_LAB_EXPERIMENT_ROOM,11,7
oak_lab,2F1,flat,unreviewed,2,2,FR_CINNABAR_ISLAND_POKEMON_LAB_EXPERIMENT_ROOM,12,7
oak_lab,2F2,flat,unreviewed,2,2,FR_CINNABAR_ISLAND_POKEMON_LAB_EXPERIMENT_ROOM,13,7
oak_lab,2F3,flat,unreviewed,2,1,FR_CINNABAR_ISLAND_POKEMON_LAB_LOUNGE,5,5
oak_lab,2F4,flat,unreviewed,1,1,FR_CINNABAR_ISLAND_POKEMON_LAB_LOUNGE,4,7
oak_lab,2F5,flat,unreviewed,5,1,FR_CINNABAR_ISLAND_POKEMON_LAB_LOUNGE,5,7
oak_lab,2F6,flat,unreviewed,1,1,FR_CINNABAR_ISLAND_POKEMON_LAB_LOUNGE,10,7
oak_lab,2F7,flat,unreviewed,3,1,FR_CINNABAR_ISLAND_POKEMON_LAB_LOUNGE,4,4
oak_lab,2F8,flat,unreviewed,4,1,FR_CINNABAR_ISLAND_POKEMON_LAB_LOUNGE,5,6
oak_lab,2F9,flat,unreviewed,4,2,FR_CINNABAR_ISLAND_POKEMON_LAB_LOUNGE,1,0
oak_lab,2FA,flat,unreviewed,4,2,FR_CINNABAR_ISLAND_POKEMON_LAB_LOUNGE,2,0
oak_lab,2FB,flat,unreviewed,2,1,FR_CINNABAR_ISLAND_POKEMON_LAB_RESEARCH_ROOM,13,6
oak_lab,2FC,flat,unreviewed,2,1,FR_CINNABAR_ISLAND_POKEMON_LAB_RESEARCH_ROOM,12,6
oak_lab,2FD,flat,unreviewed,1,1,FR_CINNABAR_ISLAND_POKEMON_LAB_EXPERIMENT_ROOM,11,4
oak_lab,2FE,flat,unreviewed,1,1,FR_CINNABAR_ISLAND_POKEMON_LAB_EXPERIMENT_ROOM,12,4
oak_lab,2FF,flat,unreviewed,1,1,FR_CINNABAR_ISLAND_POKEMON_LAB_EXPERIMENT_ROOM,13,4
oak_lab,300,flat,unreviewed,3,2,FR_CINNABAR_ISLAND_POKEMON_LAB_EXPERIMENT_ROOM,8,5
oak_lab,301,flat,unreviewed,4,2,FR_CINNABAR_ISLAND_POKEMON_LAB_LOUNGE,12,1
oak_lab,302,flat,unreviewed,4,2,FR_CINNABAR_ISLAND_POKEMON_LAB_LOUNGE,2,1
oak_lab,304,flat,unreviewed,2,2,FR_CINNABAR_ISLAND_POKEMON_LAB_EXPERIMENT_ROOM,1,0
oak_lab,305,flat,unreviewed,2,1,FR_CINNABAR_ISLAND_POKEMON_LAB_EXPERIMENT_ROOM,2,3
oak_lab,306,flat,unreviewed,2,1,FR_CINNABAR_ISLAND_POKEMON_LAB_EXPERIMENT_ROOM,3,6
oak_lab,307,flat,unreviewed,2,1,FR_CINNABAR_ISLAND_POKEMON_LAB_EXPERIMENT_ROOM,4,6
oak_lab,308,flat,unreviewed,3,2,FR_CINNABAR_ISLAND_POKEMON_LAB_EXPERIMENT_ROOM,8,6
oak_lab,309,flat,unreviewed,4,2,FR_CINNABAR_ISLAND_POKEMON_LAB_LOUNGE,12,2
oak_lab,30A,flat,unreviewed,4,2,FR_CINNABAR_ISLAND_POKEMON_LAB_LOUNGE,13,2
oak_lab,30B,flat,unreviewed,2,2,FR_CINNABAR_ISLAND_POKEMON_LAB_EXPERIMENT_ROOM,1,2
oak_lab,30C,flat,unreviewed,2,1,FR_CINNABAR_ISLAND_POKEMON_LAB_EXPERIMENT_ROOM,14,7
oak_lab,30D,flat,unreviewed,2,1,FR_CINNABAR_ISLAND_POKEMON_LAB_EXPERIMENT_ROOM,2,4
oak_lab,30E,flat,unreviewed,2,1,FR_CINNABAR_ISLAND_POKEMON_LAB_EXPERIMENT_ROOM,3,7
oak_lab,30F,flat,unreviewed,2,1,FR_CINNABAR_ISLAND_POKEMON_LAB_EXPERIMENT_ROOM,4,4
oak_lab,310,flat,unreviewed,2,1,FR_CINNABAR_ISLAND_POKEMON_LAB_EXPERIMENT_ROOM,3,8
oak_lab,311,flat,unreviewed,1,1,FR_CINNABAR_ISLAND_POKEMON_LAB_EXPERIMENT_ROOM,12,5
oak_lab,312,flat,unreviewed,1,1,FR_CINNABAR_ISLAND_POKEMON_LAB_EXPERIMENT_ROOM,13,6
oak_lab,313,flat,unreviewed,1,1,FR_CINNABAR_ISLAND_POKEMON_LAB_EXPERIMENT_ROOM,11,0
oak_lab,314,flat,unreviewed,4,2,FR_CINNABAR_ISLAND_POKEMON_LAB_ENTRANCE,2,0
oak_lab,315,flat,unreviewed,1,1,FR_CINNABAR_ISLAND_POKEMON_LAB_ENTRANCE,4,0
oak_lab,316,flat,unreviewed,3,1,FR_CINNABAR_ISLAND_POKEMON_LAB_ENTRANCE,12,4
oak_lab,318,flat,unreviewed,3,1,FR_CINNABAR_ISLAND_POKEMON_LAB_EXPERIMENT_ROOM,6,0
oak_lab,319,flat,unreviewed,3,1,FR_CINNABAR_ISLAND_POKEMON_LAB_EXPERIMENT_ROOM,10,0
oak_lab,31A,flat,unreviewed,2,1,FR_CINNABAR_ISLAND_POKEMON_LAB_EXPERIMENT_ROOM,5,0
oak_lab,31B,flat,unreviewed,1,1,FR_CINNABAR_ISLAND_POKEMON_LAB_EXPERIMENT_ROOM,11,1
oak_lab,31C,flat,unreviewed,4,2,FR_CINNABAR_ISLAND_POKEMON_LAB_ENTRANCE,2,1
oak_lab,31D,flat,unreviewed,1,1,FR_CINNABAR_ISLAND_POKEMON_LAB_ENTRANCE,4,1
oak_lab,31E,flat,unreviewed,3,1,FR_CINNABAR_ISLAND_POKEMON_LAB_ENTRANCE,12,5
oak_lab,31F,flat,unreviewed,1,1,FR_CINNABAR_ISLAND_POKEMON_LAB_RESEARCH_ROOM,6,1
oak_lab,320,flat,unreviewed,3,1,FR_CINNABAR_ISLAND_POKEMON_LAB_EXPERIMENT_ROOM,6,1
oak_lab,321,flat,unreviewed,3,1,FR_CINNABAR_ISLAND_POKEMON_LAB_EXPERIMENT_ROOM,10,1
oak_lab,322,flat,unreviewed,2,1,FR_CINNABAR_ISLAND_POKEMON_LAB_EXPERIMENT_ROOM,5,1
oak_lab,323,flat,unreviewed,1,1,FR_CINNABAR_ISLAND_POKEMON_LAB_EXPERIMENT_ROOM,11,2
oak_lab,324,flat,unreviewed,1,1,FR_CINNABAR_ISLAND_POKEMON_LAB_LOUNGE,7,0
oak_lab,325,flat,unreviewed,1,1,FR_CINNABAR_ISLAND_POKEMON_LAB_LOUNGE,7,1
oak_lab,326,flat,unreviewed,1,1,FR_THREE_ISLAND_HOUSE1,2,1
oak_lab,327,flat,unreviewed,1,1,FR_CINNABAR_ISLAND_POKEMON_LAB_RESEARCH_ROOM,6,2
oak_lab,328,flat,unreviewed,3,1,FR_CINNABAR_ISLAND_POKEMON_LAB_EXPERIMENT_ROOM,3,2
oak_lab,329,flat,unreviewed,3,1,FR_CINNABAR_ISLAND_POKEMON_LAB_EXPERIMENT_ROOM,10,2
oak_lab,32A,flat,unreviewed,2,1,FR_CINNABAR_ISLAND_POKEMON_LAB_EXPERIMENT_ROOM,5,2
oak_lab,32E,flat,unreviewed,1,1,FR_THREE_ISLAND_HOUSE1,2,2
oak_lab,008,flat,unreviewed,155,6,FR_CINNABAR_ISLAND_POKEMON_LAB_ENTRANCE,12,2
oak_lab,062,flat,unreviewed,2,2,FR_CINNABAR_ISLAND_POKEMON_LAB_EXPERIMENT_ROOM,1,1
pallet_outdoor,087,ledge,modeled_ledge,33,1,FR_ROUTE_1,6,5
pallet_outdoor,00D,grass,modeled_grass,214,2,FR_ROUTE_1,4,34
pallet_outdoor,00E,tree,modeled_tree,22,2,FR_PALLET_TOWN,18,19
pallet_outdoor,097,ledge,modeled_ledge,6,1,FR_ROUTE_1,12,31
pallet_outdoor,00F,tree,modeled_tree,22,2,FR_PALLET_TOWN,5,19
pallet_outdoor,010,flat,reviewed_surface,44,2,FR_ROUTE_1,5,28
pallet_outdoor,0B0,ledge,modeled_ledge,8,1,FR_ROUTE_1,10,5
pallet_outdoor,0B1,ledge,modeled_ledge,8,1,FR_ROUTE_1,3,20
pallet_outdoor,011,flat,reviewed_surface,64,3,FR_PALLET_TOWN,17,19
pallet_outdoor,0C0,ledge,modeled_ledge,2,1,FR_ROUTE_1,5,20
pallet_outdoor,0C1,ledge,modeled_ledge,2,1,FR_ROUTE_1,8,20
pallet_outdoor,001,flat,reviewed_surface,11,1,FR_ROUTE_1,6,28
pallet_outdoor,0C8,ledge,modeled_ledge,1,1,FR_ROUTE_1,11,31
pallet_outdoor,0C9,ledge,modeled_ledge,1,1,FR_ROUTE_1,14,31
pallet_outdoor,014,tree,modeled_tree,68,3,FR_PALLET_TOWN,0,15
pallet_outdoor,0D3,flat,reviewed_surface,4,1,FR_ROUTE_1,13,17
pallet_outdoor,0D4,flat,reviewed_surface,49,1,FR_ROUTE_1,5,29
pallet_outdoor,0D5,flat,reviewed_surface,4,1,FR_ROUTE_1,21,3
pallet_outdoor,0DB,flat,reviewed_surface,14,1,FR_ROUTE_1,18,27
pallet_outdoor,015,tree,modeled_tree,66,3,FR_PALLET_TOWN,23,15
pallet_outdoor,0DC,flat,reviewed_surface,36,1,FR_ROUTE_1,19,27
pallet_outdoor,0DD,flat,reviewed_surface,14,1,FR_ROUTE_1,21,27
pallet_outdoor,0E3,flat,reviewed_surface,6,1,FR_ROUTE_1,11,34
pallet_outdoor,0E4,flat,reviewed_surface,49,1,FR_ROUTE_1,12,34
pallet_outdoor,0E5,flat,reviewed_surface,6,1,FR_ROUTE_1,14,34
pallet_outdoor,016,tree,modeled_tree,34,3,FR_PALLET_TOWN,22,15
pallet_outdoor,0E7,fence,modeled_fence,34,2,FR_ROUTE_1,21,36
pallet_outdoor,0EC,fence,modeled_fence,2,2,FR_ROUTE_1,14,36
pallet_outdoor,0ED,fence,modeled_fence,2,2,FR_ROUTE_1,11,36
pallet_outdoor,017,tree,modeled_tree,36,3,FR_PALLET_TOWN,1,13
pallet_outdoor,0F4,fence,modeled_fence,9,1,FR_ROUTE_21_NORTH,17,2
pallet_outdoor,0F5,fence,modeled_fence,13,1,FR_ROUTE_21_NORTH,6,4
pallet_outdoor,0FC,fence,modeled_fence,1,1,FR_ROUTE_21_NORTH,17,10
pallet_outdoor,0FD,fence,modeled_fence,1,1,FR_ROUTE_21_NORTH,6,14
pallet_outdoor,102,flat,reviewed_surface,2,1,FR_ROUTE_1,13,18
pallet_outdoor,103,flat,reviewed_surface,2,1,FR_ROUTE_1,8,21
pallet_outdoor,104,flat,reviewed_surface,3,1,FR_ROUTE_1,18,4
pallet_outdoor,105,flat,reviewed_surface,3,1,FR_ROUTE_1,15,12
pallet_outdoor,108,flat,unreviewed,2,1,FR_ROUTE_21_NORTH,5,15
pallet_outdoor,109,flat,unreviewed,2,1,FR_ROUTE_21_NORTH,6,15
pallet_outdoor,10C,flat,unreviewed,6,1,FR_ROUTE_21_NORTH,4,28
pallet_outdoor,10D,flat,unreviewed,6,1,FR_ROUTE_21_NORTH,9,28
pallet_outdoor,10E,flat,unreviewed,5,1,FR_ROUTE_21_NORTH,10,28
pallet_outdoor,110,flat,unreviewed,27,1,FR_ROUTE_21_NORTH,0,34
pallet_outdoor,111,flat,unreviewed,27,1,FR_ROUTE_21_NORTH,23,29
pallet_outdoor,114,flat,reviewed_surface,5,1,FR_ROUTE_21_NORTH,15,43
pallet_outdoor,115,flat,reviewed_surface,23,1,FR_ROUTE_21_NORTH,6,28
pallet_outdoor,116,flat,unreviewed,4,1,FR_ROUTE_21_NORTH,10,29
pallet_outdoor,118,flat,unreviewed,29,1,FR_ROUTE_21_NORTH,20,34
pallet_outdoor,119,flat,reviewed_surface,29,1,FR_ROUTE_21_NORTH,21,34
pallet_outdoor,11C,flat,reviewed_surface,4,1,FR_ROUTE_21_NORTH,15,44
pallet_outdoor,11D,flat,reviewed_surface,7,1,FR_ROUTE_21_NORTH,16,44
pallet_outdoor,11E,flat,unreviewed,6,1,FR_ROUTE_21_NORTH,19,43
pallet_outdoor,01C,tree,modeled_tree,74,3,FR_PALLET_TOWN,0,16
pallet_outdoor,123,flat,unreviewed,18,2,FR_PALLET_TOWN,9,17
pallet_outdoor,125,flat,reviewed_surface,3,1,FR_ROUTE_21_NORTH,5,28
pallet_outdoor,126,flat,reviewed_surface,2,1,FR_ROUTE_21_NORTH,8,28
pallet_outdoor,12A,flat,reviewed_surface,17,2,FR_PALLET_TOWN,7,18
pallet_outdoor,12B,flat,reviewed_surface,598,2,FR_PALLET_TOWN,8,18
pallet_outdoor,01D,tree,modeled_tree,72,3,FR_PALLET_TOWN,23,16
pallet_outdoor,002,sign,modeled_sign,3,2,FR_PALLET_TOWN,16,16
pallet_outdoor,12C,flat,reviewed_surface,13,2,FR_PALLET_TOWN,10,18
pallet_outdoor,12D,flat,reviewed_surface,1,1,FR_ROUTE_21_NORTH,7,31
pallet_outdoor,12E,flat,reviewed_surface,3,1,FR_ROUTE_21_NORTH,18,43
pallet_outdoor,130,flat,reviewed_surface,1,1,FR_ROUTE_21_NORTH,10,11
pallet_outdoor,131,flat,reviewed_surface,1,1,FR_ROUTE_21_NORTH,7,15
pallet_outdoor,01E,tree,modeled_tree,60,3,FR_PALLET_TOWN,22,16
pallet_outdoor,01F,tree,modeled_tree,62,3,FR_PALLET_TOWN,1,12
pallet_outdoor,024,tree,modeled_tree,27,3,FR_PALLET_TOWN,2,1
pallet_outdoor,025,tree,modeled_tree,26,3,FR_PALLET_TOWN,5,1
pallet_outdoor,026,tree,modeled_tree,6,2,FR_PALLET_TOWN,14,1
pallet_outdoor,027,tree,modeled_tree,7,3,FR_PALLET_TOWN,11,1
pallet_outdoor,003,sign,modeled_sign,1,1,FR_PALLET_TOWN,5,14
pallet_outdoor,1CB,flat,unreviewed,16,1,FR_ROUTE_21_NORTH,4,34
pallet_outdoor,1CC,flat,unreviewed,16,1,FR_ROUTE_21_NORTH,5,34
pallet_outdoor,1D0,flat,reviewed_surface,3,1,FR_ROUTE_21_NORTH,20,14
pallet_outdoor,1D1,flat,reviewed_surface,1,1,FR_ROUTE_21_NORTH,21,14
pallet_outdoor,1D2,flat,reviewed_surface,3,1,FR_ROUTE_21_NORTH,0,38
pallet_outdoor,1D3,flat,unreviewed,16,1,FR_ROUTE_21_NORTH,21,43
pallet_outdoor,1D4,flat,reviewed_surface,16,1,FR_ROUTE_21_NORTH,21,37
pallet_outdoor,1D8,flat,reviewed_surface,4,1,FR_ROUTE_21_NORTH,20,15
pallet_outdoor,1D9,flat,reviewed_surface,30,1,FR_ROUTE_21_NORTH,21,13
pallet_outdoor,1DA,flat,reviewed_surface,8,1,FR_ROUTE_21_NORTH,0,43
pallet_outdoor,1E0,flat,unreviewed,4,1,FR_ROUTE_21_NORTH,20,16
pallet_outdoor,1E1,flat,unreviewed,2,1,FR_ROUTE_21_NORTH,21,16
pallet_outdoor,1E2,flat,unreviewed,4,1,FR_ROUTE_21_NORTH,1,21
pallet_outdoor,004,flowers,modeled_flowers,33,2,FR_PALLET_TOWN,8,13
pallet_outdoor,281,roof,modeled_building,2,1,FR_PALLET_TOWN,5,3
pallet_outdoor,282,roof,modeled_building,6,1,FR_PALLET_TOWN,15,3
pallet_outdoor,283,roof,modeled_building,2,1,FR_PALLET_TOWN,18,3
pallet_outdoor,284,flat,unreviewed,4,1,FR_PALLET_TOWN,8,11
pallet_outdoor,285,flat,unreviewed,1,1,FR_PALLET_TOWN,12,2
pallet_outdoor,286,flat,unreviewed,1,1,FR_PALLET_TOWN,13,2
pallet_outdoor,287,flat,unreviewed,5,1,FR_PALLET_TOWN,13,16
pallet_outdoor,288,flat,unreviewed,1,1,FR_PALLET_TOWN,19,16
pallet_outdoor,289,roof,modeled_building,2,1,FR_PALLET_TOWN,5,4
pallet_outdoor,28A,roof,modeled_building,6,1,FR_PALLET_TOWN,6,4
pallet_outdoor,28B,roof,modeled_building,2,1,FR_PALLET_TOWN,9,4
pallet_outdoor,28C,flat,unreviewed,1,1,FR_PALLET_TOWN,20,14
pallet_outdoor,28E,flat,unreviewed,31,1,FR_PALLET_TOWN,5,15
pallet_outdoor,28F,flat,unreviewed,1,1,FR_PALLET_TOWN,21,2
pallet_outdoor,290,flat,unreviewed,1,1,FR_PALLET_TOWN,12,16
pallet_outdoor,291,roof,modeled_building,2,1,FR_PALLET_TOWN,5,5
pallet_outdoor,292,roof,modeled_building,4,1,FR_PALLET_TOWN,8,5
pallet_outdoor,293,roof,modeled_building,2,1,FR_PALLET_TOWN,6,5
pallet_outdoor,294,roof,modeled_building,2,1,FR_PALLET_TOWN,9,5
pallet_outdoor,295,flat,unreviewed,9,1,FR_PALLET_TOWN,10,5
pallet_outdoor,296,flat,unreviewed,72,1,FR_PALLET_TOWN,20,15
pallet_outdoor,297,flat,unreviewed,27,1,FR_PALLET_TOWN,21,15
pallet_outdoor,298,wall,modeled_building,2,1,FR_PALLET_TOWN,5,6
pallet_outdoor,299,wall,modeled_building,2,1,FR_PALLET_TOWN,6,6
pallet_outdoor,29A,wall,modeled_building,2,1,FR_PALLET_TOWN,7,6
pallet_outdoor,29B,wall,modeled_building,2,1,FR_PALLET_TOWN,17,6
pallet_outdoor,29C,wall,modeled_building,2,1,FR_PALLET_TOWN,9,6
pallet_outdoor,29E,flat,unreviewed,22,1,FR_PALLET_TOWN,13,15
pallet_outdoor,29F,flat,unreviewed,1,1,FR_PALLET_TOWN,21,18
pallet_outdoor,2A0,wall,modeled_building,2,1,FR_PALLET_TOWN,5,7
pallet_outdoor,2A1,wall,modeled_building,2,1,FR_PALLET_TOWN,8,7
pallet_outdoor,2A2,wall,modeled_building,2,1,FR_PALLET_TOWN,7,7
pallet_outdoor,2A3,wall,modeled_building,2,1,FR_PALLET_TOWN,6,7
pallet_outdoor,2A4,wall,modeled_building,2,1,FR_PALLET_TOWN,9,7
pallet_outdoor,2A5,flat,unreviewed,2,1,FR_PALLET_TOWN,4,6
pallet_outdoor,2A6,flat,unreviewed,2,1,FR_PALLET_TOWN,2,2
pallet_outdoor,2A7,flat,unreviewed,1,1,FR_PALLET_TOWN,13,0
pallet_outdoor,2A8,roof,modeled_building,1,1,FR_PALLET_TOWN,13,9
pallet_outdoor,2A9,roof,modeled_building,4,1,FR_PALLET_TOWN,14,9
pallet_outdoor,2AA,flat,unreviewed,1,1,FR_ROUTE_1,14,37
pallet_outdoor,2AB,flat,unreviewed,1,1,FR_ROUTE_1,11,37
pallet_outdoor,2AC,wall,modeled_building,1,1,FR_PALLET_TOWN,16,13
pallet_outdoor,2AD,flat,unreviewed,2,1,FR_PALLET_TOWN,13,7
pallet_outdoor,2AE,flat,unreviewed,18,1,FR_PALLET_TOWN,2,3
pallet_outdoor,2AF,flat,unreviewed,1,1,FR_PALLET_TOWN,13,1
pallet_outdoor,2B0,roof,modeled_building,1,1,FR_PALLET_TOWN,13,10
pallet_outdoor,2B1,roof,modeled_building,4,1,FR_PALLET_TOWN,14,10
pallet_outdoor,2B2,flat,unreviewed,1,1,FR_ROUTE_1,14,38
pallet_outdoor,2B3,roof,modeled_building,1,1,FR_PALLET_TOWN,18,10
pallet_outdoor,2B4,roof,modeled_building,1,1,FR_PALLET_TOWN,19,10
pallet_outdoor,2B5,roof,modeled_building,1,1,FR_PALLET_TOWN,19,9
pallet_outdoor,2B6,flat,unreviewed,1,1,FR_PALLET_TOWN,2,17
pallet_outdoor,2B8,roof,modeled_building,1,1,FR_PALLET_TOWN,13,11
pallet_outdoor,2B9,roof,modeled_building,4,1,FR_PALLET_TOWN,17,11
pallet_outdoor,2BA,flat,unreviewed,1,1,FR_ROUTE_1,11,38
pallet_outdoor,2BB,roof,modeled_building,1,1,FR_PALLET_TOWN,18,11
pallet_outdoor,2BC,roof,modeled_building,1,1,FR_PALLET_TOWN,19,11
pallet_outdoor,2BD,roof,modeled_building,1,1,FR_PALLET_TOWN,18,9
pallet_outdoor,2BE,flat,unreviewed,6,1,FR_PALLET_TOWN,10,8
pallet_outdoor,2BF,flat,unreviewed,7,1,FR_PALLET_TOWN,4,15
pallet_outdoor,2C0,wall,modeled_building,1,1,FR_PALLET_TOWN,13,12
pallet_outdoor,2C1,wall,modeled_building,1,1,FR_PALLET_TOWN,14,12
pallet_outdoor,2C2,wall,modeled_building,1,1,FR_PALLET_TOWN,16,12
pallet_outdoor,2C3,wall,modeled_building,1,1,FR_PALLET_TOWN,17,12
pallet_outdoor,2C4,wall,modeled_building,1,1,FR_PALLET_TOWN,18,12
pallet_outdoor,2C5,wall,modeled_building,1,1,FR_PALLET_TOWN,19,12
pallet_outdoor,2C6,flat,unreviewed,4,1,FR_PALLET_TOWN,19,15
pallet_outdoor,2C7,flat,unreviewed,5,1,FR_PALLET_TOWN,12,15
pallet_outdoor,2C8,wall,modeled_building,1,1,FR_PALLET_TOWN,13,13
pallet_outdoor,2C9,wall,modeled_building,1,1,FR_PALLET_TOWN,14,13
pallet_outdoor,2CB,wall,modeled_building,1,1,FR_PALLET_TOWN,17,13
pallet_outdoor,2CC,wall,modeled_building,1,1,FR_PALLET_TOWN,18,13
pallet_outdoor,2CD,wall,modeled_building,1,1,FR_PALLET_TOWN,19,13
pallet_outdoor,2CE,flat,unreviewed,1,1,FR_PALLET_TOWN,20,10
pallet_outdoor,2D0,wall,modeled_building,1,1,FR_PALLET_TOWN,15,12
pallet_outdoor,2D1,flat,unreviewed,1,1,FR_PALLET_TOWN,7,17
pallet_outdoor,2D2,flat,unreviewed,1,1,FR_PALLET_TOWN,10,17
pallet_outdoor,2D8,wall,modeled_building,1,1,FR_PALLET_TOWN,15,13
pallet_outdoor,008,flat,reviewed_surface,57,3,FR_PALLET_TOWN,12,19
pallet_outdoor,009,flat,reviewed_surface,36,3,FR_PALLET_TOWN,4,18
pewter_gym,000,flat,native_fallback,32,2,FR_PEWTER_CITY_GYM,13,15
pewter_gym,01A,flat,native_fallback,1,1,FR_SAFFRON_CITY_DOJO,5,15
pewter_gym,01B,flat,native_fallback,1,1,FR_SAFFRON_CITY_DOJO,6,15
pewter_gym,01C,flat,native_fallback,1,1,FR_SAFFRON_CITY_DOJO,7,15
pewter_gym,174,flat,native_fallback,1,1,FR_PEWTER_CITY_GYM,5,15
pewter_gym,175,flat,native_fallback,1,1,FR_PEWTER_CITY_GYM,6,15
pewter_gym,176,flat,native_fallback,1,1,FR_PEWTER_CITY_GYM,7,15
pewter_gym,280,flat,native_fallback,1,1,FR_PEWTER_CITY_GYM,0,0
pewter_gym,281,flat,native_fallback,1,1,FR_PEWTER_CITY_GYM,1,0
pewter_gym,282,flat,native_fallback,8,1,FR_PEWTER_CITY_GYM,10,0
pewter_gym,283,flat,native_fallback,1,1,FR_PEWTER_CITY_GYM,5,14
pewter_gym,284,flat,native_fallback,1,1,FR_PEWTER_CITY_GYM,6,14
pewter_gym,285,flat,native_fallback,1,1,FR_PEWTER_CITY_GYM,7,14
pewter_gym,286,flat,native_fallback,1,1,FR_PEWTER_CITY_GYM,11,0
pewter_gym,287,flat,native_fallback,1,1,FR_PEWTER_CITY_GYM,12,0
pewter_gym,288,flat,native_fallback,11,1,FR_PEWTER_CITY_GYM,0,5
pewter_gym,289,flat,native_fallback,1,1,FR_PEWTER_CITY_GYM,1,1
pewter_gym,28A,flat,native_fallback,4,1,FR_PEWTER_CITY_GYM,2,1
pewter_gym,28B,flat,native_fallback,1,1,FR_PEWTER_CITY_GYM,6,1
pewter_gym,28C,flat,native_fallback,4,1,FR_PEWTER_CITY_GYM,5,1
pewter_gym,28E,flat,native_fallback,1,1,FR_PEWTER_CITY_GYM,11,1
pewter_gym,28F,flat,native_fallback,11,1,FR_PEWTER_CITY_GYM,12,8
pewter_gym,290,flat,native_fallback,1,1,FR_PEWTER_CITY_GYM,0,12
pewter_gym,291,flat,native_fallback,1,1,FR_PEWTER_CITY_GYM,1,2
pewter_gym,292,flat,native_fallback,9,1,FR_PEWTER_CITY_GYM,2,2
pewter_gym,293,flat,native_fallback,4,1,FR_PEWTER_CITY_GYM,1,6
pewter_gym,294,flat,native_fallback,32,1,FR_PEWTER_CITY_GYM,2,10
pewter_gym,295,flat,native_fallback,1,1,FR_PEWTER_CITY_GYM,6,0
pewter_gym,296,flat,native_fallback,1,1,FR_PEWTER_CITY_GYM,11,2
pewter_gym,297,flat,native_fallback,1,1,FR_PEWTER_CITY_GYM,12,12
pewter_gym,298,flat,native_fallback,1,1,FR_PEWTER_CITY_GYM,0,13
pewter_gym,299,flat,native_fallback,1,1,FR_PEWTER_CITY_GYM,1,3
pewter_gym,29A,flat,native_fallback,1,1,FR_PEWTER_CITY_GYM,2,3
pewter_gym,29B,flat,native_fallback,2,1,FR_PEWTER_CITY_GYM,5,3
pewter_gym,29C,flat,native_fallback,5,1,FR_PEWTER_CITY_GYM,6,3
pewter_gym,29D,flat,native_fallback,1,1,FR_PEWTER_CITY_GYM,10,3
pewter_gym,29E,flat,native_fallback,1,1,FR_PEWTER_CITY_GYM,11,3
pewter_gym,29F,flat,native_fallback,1,1,FR_PEWTER_CITY_GYM,12,13
pewter_gym,2A0,flat,native_fallback,1,1,FR_PEWTER_CITY_GYM,0,14
pewter_gym,2A1,flat,native_fallback,1,1,FR_PEWTER_CITY_GYM,1,4
pewter_gym,2A2,flat,native_fallback,2,1,FR_PEWTER_CITY_GYM,1,10
pewter_gym,2A3,flat,native_fallback,6,1,FR_PEWTER_CITY_GYM,3,7
pewter_gym,2A4,flat,native_fallback,4,1,FR_PEWTER_CITY_GYM,5,7
pewter_gym,2A5,flat,native_fallback,2,1,FR_PEWTER_CITY_GYM,6,4
pewter_gym,2A6,flat,native_fallback,2,1,FR_PEWTER_CITY_GYM,6,9
pewter_gym,2A7,flat,native_fallback,1,1,FR_PEWTER_CITY_GYM,12,14
pewter_gym,2A8,flat,native_fallback,5,1,FR_PEWTER_CITY_GYM,1,14
pewter_gym,2A9,flat,native_fallback,3,1,FR_PEWTER_CITY_GYM,3,8
pewter_gym,2AA,flat,native_fallback,27,1,FR_PEWTER_CITY_GYM,7,8
pewter_gym,2AB,flat,native_fallback,2,1,FR_PEWTER_CITY_GYM,9,8
pewter_gym,2AC,flat,native_fallback,1,1,FR_PEWTER_CITY_GYM,5,5
pewter_gym,2AD,flat,native_fallback,1,1,FR_PEWTER_CITY_GYM,6,5
pewter_gym,2AE,flat,native_fallback,1,1,FR_PEWTER_CITY_GYM,7,5
pewter_gym,2AF,flat,native_fallback,2,1,FR_PEWTER_CITY_GYM,4,11
pewter_gym,2B0,flat,native_fallback,11,1,FR_PEWTER_CITY_GYM,7,9
pewter_gym,2B1,flat,native_fallback,1,1,FR_PEWTER_CITY_GYM,1,5
pewter_gym,2B2,flat,native_fallback,2,1,FR_PEWTER_CITY_GYM,4,12
pewter_gym,2B3,flat,native_fallback,1,1,FR_PEWTER_CITY_GYM,4,6
pewter_gym,2B4,flat,native_fallback,1,1,FR_PEWTER_CITY_GYM,5,6
pewter_gym,2B5,flat,native_fallback,1,1,FR_PEWTER_CITY_GYM,6,6
pewter_gym,2B6,flat,native_fallback,1,1,FR_PEWTER_CITY_GYM,7,6
pewter_gym,2B7,flat,native_fallback,1,1,FR_PEWTER_CITY_GYM,8,6
pewter_gym,2B8,flat,native_fallback,2,1,FR_PEWTER_CITY_GYM,8,13
pewter_gym,2B9,flat,native_fallback,2,1,FR_PEWTER_CITY_GYM,9,13
pewter_gym,2C0,flat,native_fallback,50,1,FR_SAFFRON_CITY_DOJO,3,6
pewter_gym,2C1,flat,native_fallback,5,1,FR_SAFFRON_CITY_DOJO,6,1
pewter_gym,2C2,flat,native_fallback,1,1,FR_SAFFRON_CITY_DOJO,4,7
pewter_gym,2C3,flat,native_fallback,3,1,FR_SAFFRON_CITY_DOJO,5,7
pewter_gym,2C4,flat,native_fallback,1,1,FR_SAFFRON_CITY_DOJO,8,7
pewter_gym,2C5,flat,native_fallback,2,1,FR_SAFFRON_CITY_DOJO,4,1
pewter_gym,2C6,flat,native_fallback,2,1,FR_SAFFRON_CITY_DOJO,2,1
pewter_gym,2C7,flat,native_fallback,2,1,FR_SAFFRON_CITY_DOJO,5,1
pewter_gym,2C8,flat,native_fallback,11,1,FR_SAFFRON_CITY_DOJO,2,3
pewter_gym,2C9,flat,native_fallback,4,1,FR_SAFFRON_CITY_DOJO,11,2
pewter_gym,2CA,flat,native_fallback,3,1,FR_SAFFRON_CITY_DOJO,4,8
pewter_gym,2CB,flat,native_fallback,9,1,FR_SAFFRON_CITY_DOJO,7,8
pewter_gym,2CC,flat,native_fallback,3,1,FR_SAFFRON_CITY_DOJO,8,8
pewter_gym,2CD,flat,native_fallback,6,1,FR_SAFFRON_CITY_DOJO,4,4
pewter_gym,2CE,flat,native_fallback,2,1,FR_SAFFRON_CITY_DOJO,2,2
pewter_gym,2CF,flat,native_fallback,2,1,FR_SAFFRON_CITY_DOJO,5,2
pewter_gym,2D0,flat,native_fallback,8,1,FR_SAFFRON_CITY_DOJO,5,6
pewter_gym,2D1,flat,native_fallback,2,1,FR_SAFFRON_CITY_DOJO,3,14
pewter_gym,2D2,flat,native_fallback,1,1,FR_SAFFRON_CITY_DOJO,4,11
pewter_gym,2D3,flat,native_fallback,3,1,FR_SAFFRON_CITY_DOJO,7,11
pewter_gym,2D4,flat,native_fallback,1,1,FR_SAFFRON_CITY_DOJO,8,11
pewter_gym,2D5,flat,native_fallback,2,1,FR_SAFFRON_CITY_DOJO,4,5
pewter_gym,2D6,flat,native_fallback,2,1,FR_SAFFRON_CITY_DOJO,3,12
pewter_gym,2D8,flat,native_fallback,2,1,FR_SAFFRON_CITY_DOJO,10,14
pewter_gym,2D9,flat,native_fallback,8,1,FR_SAFFRON_CITY_DOJO,2,10
pewter_gym,2DA,flat,native_fallback,2,1,FR_SAFFRON_CITY_DOJO,8,13
pewter_gym,2DB,flat,native_fallback,4,1,FR_SAFFRON_CITY_DOJO,11,3
pewter_gym,2DC,flat,native_fallback,4,1,FR_SAFFRON_CITY_DOJO,1,14
pewter_gym,2DD,flat,native_fallback,2,1,FR_SAFFRON_CITY_DOJO,4,6
pewter_gym,2DE,flat,native_fallback,2,1,FR_SAFFRON_CITY_DOJO,9,13
pewter_gym,2E0,flat,native_fallback,1,1,FR_SAFFRON_CITY_DOJO,5,14
pewter_gym,2E1,flat,native_fallback,1,1,FR_SAFFRON_CITY_DOJO,6,14
pewter_gym,2E2,flat,native_fallback,1,1,FR_SAFFRON_CITY_DOJO,7,14
pewter_gym,2E3,flat,native_fallback,1,1,FR_SAFFRON_CITY_DOJO,6,2
pewter_gym,2E4,flat,native_fallback,1,1,FR_SAFFRON_CITY_DOJO,6,3
pewter_gym,008,flat,native_fallback,61,2,FR_PEWTER_CITY_GYM,0,15
pewter_outdoor,068,cliff,modeled_cliff,11,1,FR_ROUTE_3,0,13
pewter_outdoor,069,cliff,modeled_cliff,49,1,FR_ROUTE_3,55,15
pewter_outdoor,06A,cliff,modeled_cliff,8,1,FR_ROUTE_3,56,15
pewter_outdoor,06B,cliff,modeled_cliff,7,1,FR_ROUTE_3,77,17
pewter_outdoor,06C,cliff,modeled_cliff,69,1,FR_ROUTE_3,4,14
pewter_outdoor,06D,cliff,modeled_cliff,6,1,FR_ROUTE_3,10,14
pewter_outdoor,070,cliff,modeled_cliff,42,1,FR_ROUTE_3,79,14
pewter_outdoor,071,cliff,modeled_cliff,478,1,FR_ROUTE_3,81,14
pewter_outdoor,072,cliff,modeled_cliff,25,1,FR_ROUTE_3,54,14
pewter_outdoor,073,cliff,modeled_cliff,38,1,FR_ROUTE_3,80,14
pewter_outdoor,075,cliff,modeled_cliff,21,1,FR_ROUTE_3,53,15
pewter_outdoor,078,cliff,modeled_cliff,6,1,FR_ROUTE_3,20,13
pewter_outdoor,079,cliff,modeled_cliff,61,1,FR_ROUTE_3,11,3
pewter_outdoor,07A,cliff,modeled_cliff,6,1,FR_ROUTE_3,10,7
pewter_outdoor,07B,cliff,modeled_cliff,10,1,FR_ROUTE_3,36,2
pewter_outdoor,07C,cliff,modeled_cliff,54,1,FR_ROUTE_3,10,2
pewter_outdoor,07D,cliff,modeled_cliff,8,1,FR_ROUTE_3,11,2
pewter_outdoor,081,flat,unreviewed,16,1,FR_ROUTE_3,12,15
pewter_outdoor,082,flat,unreviewed,1,1,FR_ROUTE_3,13,15
pewter_outdoor,087,ledge,modeled_ledge,58,2,FR_PEWTER_CITY,12,7
pewter_outdoor,088,flat,unreviewed,5,1,FR_ROUTE_3,37,4
pewter_outdoor,08A,flat,unreviewed,7,1,FR_ROUTE_3,10,4
pewter_outdoor,00D,grass,modeled_grass,117,1,FR_ROUTE_3,70,14
pewter_outdoor,090,flat,unreviewed,2,1,FR_ROUTE_3,35,3
pewter_outdoor,092,flat,unreviewed,2,1,FR_ROUTE_3,12,3
pewter_outdoor,00E,tree,modeled_tree,30,1,FR_PEWTER_CITY,38,35
pewter_outdoor,00F,tree,modeled_tree,30,1,FR_PEWTER_CITY,10,12
pewter_outdoor,0A1,flat,unreviewed,3,1,FR_ROUTE_3,76,2
pewter_outdoor,010,flat,reviewed_surface,125,2,FR_PEWTER_CITY,7,34
pewter_outdoor,0B0,ledge,modeled_ledge,9,2,FR_PEWTER_CITY,9,7
pewter_outdoor,0B1,ledge,modeled_ledge,10,2,FR_PEWTER_CITY,6,7
pewter_outdoor,0B2,cliff,modeled_cliff,13,1,FR_ROUTE_3,10,3
pewter_outdoor,0B3,cliff,modeled_cliff,15,1,FR_ROUTE_3,35,2
pewter_outdoor,011,flat,reviewed_surface,101,2,FR_PEWTER_CITY,6,34
pewter_outdoor,0BA,cliff,modeled_cliff,14,1,FR_ROUTE_3,54,15
pewter_outdoor,0BB,cliff,modeled_cliff,17,1,FR_ROUTE_3,77,18
pewter_outdoor,0BD,flat,unreviewed,5,1,FR_PEWTER_CITY,4,2
pewter_outdoor,0BE,flat,unreviewed,6,1,FR_PEWTER_CITY,5,2
pewter_outdoor,0BF,flat,unreviewed,4,1,FR_PEWTER_CITY,8,2
pewter_outdoor,0C2,flat,unreviewed,1,1,FR_ROUTE_3,26,9
pewter_outdoor,0C3,flat,unreviewed,2,1,FR_PEWTER_CITY,33,3
pewter_outdoor,0C4,flat,unreviewed,1,1,FR_PEWTER_CITY,34,16
pewter_outdoor,0C5,flat,unreviewed,1,1,FR_PEWTER_CITY,4,3
pewter_outdoor,0C6,flat,unreviewed,8,1,FR_PEWTER_CITY,5,3
pewter_outdoor,0C7,flat,unreviewed,2,1,FR_PEWTER_CITY,8,3
pewter_outdoor,001,flat,reviewed_surface,74,2,FR_PEWTER_CITY,10,5
pewter_outdoor,0CB,flat,unreviewed,2,1,FR_PEWTER_CITY,33,4
pewter_outdoor,0CC,flat,unreviewed,2,1,FR_PEWTER_CITY,36,4
pewter_outdoor,0CD,flat,unreviewed,5,1,FR_PEWTER_CITY,32,4
pewter_outdoor,0CE,flat,unreviewed,5,1,FR_PEWTER_CITY,6,4
pewter_outdoor,0CF,flat,unreviewed,5,1,FR_PEWTER_CITY,8,4
pewter_outdoor,0D1,flat,unreviewed,16,1,FR_ROUTE_3,12,14
pewter_outdoor,014,tree,modeled_tree,140,1,FR_PEWTER_CITY,44,33
pewter_outdoor,0D2,flat,unreviewed,1,1,FR_ROUTE_3,20,14
pewter_outdoor,0D9,flat,unreviewed,93,1,FR_ROUTE_3,31,4
pewter_outdoor,0DB,flat,reviewed_surface,7,1,FR_PEWTER_CITY,21,34
pewter_outdoor,015,tree,modeled_tree,127,1,FR_PEWTER_CITY,45,33
pewter_outdoor,0DC,flat,reviewed_surface,7,1,FR_PEWTER_CITY,22,34
pewter_outdoor,0DD,flat,reviewed_surface,7,1,FR_PEWTER_CITY,23,34
pewter_outdoor,0E0,flat,reviewed_surface,5,1,FR_ROUTE_3,24,5
pewter_outdoor,0E1,flat,unreviewed,44,1,FR_ROUTE_3,31,5
pewter_outdoor,0E2,flat,unreviewed,4,1,FR_ROUTE_3,45,7
pewter_outdoor,016,tree,modeled_tree,19,1,FR_PEWTER_CITY,40,31
pewter_outdoor,0E6,fence,modeled_fence,40,2,FR_PEWTER_CITY,31,4
pewter_outdoor,0E8,fence,modeled_fence,1,1,FR_PEWTER_CITY,26,25
pewter_outdoor,0E9,fence,modeled_fence,1,1,FR_PEWTER_CITY,36,25
pewter_outdoor,0EA,flat,unreviewed,2,1,FR_PEWTER_CITY,21,17
pewter_outdoor,017,tree,modeled_tree,32,1,FR_PEWTER_CITY,5,29
pewter_outdoor,0F0,fence,modeled_fence,4,1,FR_PEWTER_CITY,26,28
pewter_outdoor,0F1,fence,modeled_fence,7,1,FR_PEWTER_CITY,21,18
pewter_outdoor,0F2,fence,modeled_fence,1,1,FR_PEWTER_CITY,28,4
pewter_outdoor,0F8,flat,unreviewed,1,1,FR_PEWTER_CITY,26,30
pewter_outdoor,0F9,flat,unreviewed,2,1,FR_PEWTER_CITY,36,30
pewter_outdoor,0FF,flat,unreviewed,1,1,FR_ROUTE_3,20,15
pewter_outdoor,106,flat,unreviewed,5,1,FR_ROUTE_3,34,5
pewter_outdoor,107,flat,unreviewed,4,1,FR_ROUTE_3,45,6
pewter_outdoor,01C,tree,modeled_tree,135,1,FR_PEWTER_CITY,0,34
pewter_outdoor,01D,tree,modeled_tree,124,1,FR_PEWTER_CITY,41,34
pewter_outdoor,002,sign,modeled_sign,4,2,FR_PEWTER_CITY,39,19
pewter_outdoor,01E,tree,modeled_tree,50,1,FR_PEWTER_CITY,40,34
pewter_outdoor,139,roof,modeled_building,1,1,FR_PEWTER_CITY,12,12
pewter_outdoor,13A,roof,modeled_building,5,1,FR_PEWTER_CITY,17,12
pewter_outdoor,13B,roof,modeled_building,1,1,FR_PEWTER_CITY,18,12
pewter_outdoor,01F,tree,modeled_tree,62,1,FR_PEWTER_CITY,5,34
pewter_outdoor,141,roof,modeled_building,1,1,FR_PEWTER_CITY,12,13
pewter_outdoor,142,roof,modeled_building,5,1,FR_PEWTER_CITY,13,13
pewter_outdoor,143,roof,modeled_building,1,1,FR_PEWTER_CITY,18,13
pewter_outdoor,149,roof,modeled_building,1,1,FR_PEWTER_CITY,12,14
pewter_outdoor,14A,roof,modeled_building,5,1,FR_PEWTER_CITY,13,14
pewter_outdoor,14B,roof,modeled_building,1,1,FR_PEWTER_CITY,18,14
pewter_outdoor,150,wall,modeled_building,1,1,FR_PEWTER_CITY,12,15
pewter_outdoor,151,wall,modeled_building,1,1,FR_PEWTER_CITY,13,15
pewter_outdoor,152,wall,modeled_building,1,1,FR_PEWTER_CITY,14,15
pewter_outdoor,153,wall,modeled_building,1,1,FR_PEWTER_CITY,15,15
pewter_outdoor,154,wall,modeled_building,1,1,FR_PEWTER_CITY,16,15
pewter_outdoor,155,wall,modeled_building,1,1,FR_PEWTER_CITY,17,15
pewter_outdoor,156,wall,modeled_building,1,1,FR_PEWTER_CITY,18,15
pewter_outdoor,158,wall,modeled_building,1,1,FR_PEWTER_CITY,12,16
pewter_outdoor,159,wall,modeled_building,1,1,FR_PEWTER_CITY,13,16
pewter_outdoor,15A,wall,modeled_building,1,1,FR_PEWTER_CITY,14,16
pewter_outdoor,15B,wall,modeled_building,1,1,FR_PEWTER_CITY,15,16
pewter_outdoor,15C,wall,modeled_building,1,1,FR_PEWTER_CITY,16,16
pewter_outdoor,15D,wall,modeled_building,1,1,FR_PEWTER_CITY,17,16
pewter_outdoor,15E,wall,modeled_building,1,1,FR_PEWTER_CITY,18,16
pewter_outdoor,160,flat,modeled_prop,1,1,FR_PEWTER_CITY,11,15
pewter_outdoor,168,flat,modeled_prop,1,1,FR_PEWTER_CITY,11,16
pewter_outdoor,024,tree,modeled_tree,18,1,FR_PEWTER_CITY,10,1
pewter_outdoor,17B,flat,modeled_building,1,1,FR_PEWTER_CITY,15,21
pewter_outdoor,025,tree,modeled_tree,18,1,FR_PEWTER_CITY,11,1
pewter_outdoor,17C,flat,modeled_building,1,1,FR_PEWTER_CITY,16,21
pewter_outdoor,17D,flat,modeled_building,1,1,FR_PEWTER_CITY,17,21
pewter_outdoor,17E,flat,modeled_building,1,1,FR_PEWTER_CITY,18,21
pewter_outdoor,17F,flat,modeled_building,1,1,FR_PEWTER_CITY,19,21
pewter_outdoor,026,tree,modeled_tree,6,1,FR_PEWTER_CITY,9,16
pewter_outdoor,186,wall,modeled_building,1,1,FR_PEWTER_CITY,18,25
pewter_outdoor,187,roof,modeled_building,1,1,FR_PEWTER_CITY,19,22
pewter_outdoor,18F,flat,modeled_building,1,1,FR_PEWTER_CITY,19,23
pewter_outdoor,027,tree,modeled_tree,6,1,FR_PEWTER_CITY,10,16
pewter_outdoor,003,sign,modeled_sign,1,1,FR_PEWTER_CITY,20,30
pewter_outdoor,197,wall,modeled_building,1,1,FR_PEWTER_CITY,19,24
pewter_outdoor,028,roof,modeled_building,1,1,FR_PEWTER_CITY,26,15
pewter_outdoor,19F,wall,modeled_building,1,1,FR_PEWTER_CITY,19,25
pewter_outdoor,029,roof,modeled_building,1,1,FR_PEWTER_CITY,27,15
pewter_outdoor,02A,roof,modeled_building,1,1,FR_PEWTER_CITY,28,15
pewter_outdoor,02B,roof,modeled_building,1,1,FR_PEWTER_CITY,29,15
pewter_outdoor,1B8,flat,unreviewed,4,1,FR_PEWTER_CITY,7,31
pewter_outdoor,1B9,flat,unreviewed,78,1,FR_PEWTER_CITY,10,8
pewter_outdoor,1BA,flat,unreviewed,4,1,FR_PEWTER_CITY,19,17
pewter_outdoor,1BB,flat,unreviewed,6,1,FR_PEWTER_CITY,37,12
pewter_outdoor,1BC,flat,unreviewed,6,1,FR_PEWTER_CITY,8,17
pewter_outdoor,1C0,flat,unreviewed,43,1,FR_PEWTER_CITY,14,27
pewter_outdoor,1C1,flat,unreviewed,144,1,FR_PEWTER_CITY,15,27
pewter_outdoor,1C2,flat,unreviewed,42,1,FR_PEWTER_CITY,24,27
pewter_outdoor,1C3,flat,unreviewed,4,1,FR_PEWTER_CITY,22,28
pewter_outdoor,1C4,flat,unreviewed,4,1,FR_PEWTER_CITY,8,11
pewter_outdoor,1C8,flat,unreviewed,3,1,FR_PEWTER_CITY,14,28
pewter_outdoor,1C9,flat,unreviewed,85,1,FR_PEWTER_CITY,16,28
pewter_outdoor,1CA,flat,unreviewed,3,1,FR_PEWTER_CITY,19,19
pewter_outdoor,030,roof,modeled_building,1,1,FR_PEWTER_CITY,26,16
pewter_outdoor,1F1,flat,unreviewed,4,1,FR_ROUTE_3,20,12
pewter_outdoor,1F2,flat,unreviewed,5,1,FR_ROUTE_3,31,7
pewter_outdoor,031,roof,modeled_building,1,1,FR_PEWTER_CITY,27,16
pewter_outdoor,004,flowers,modeled_flowers,45,2,FR_PEWTER_CITY,10,3
pewter_outdoor,032,roof,modeled_building,1,1,FR_PEWTER_CITY,28,16
pewter_outdoor,033,roof,modeled_building,1,1,FR_PEWTER_CITY,29,16
pewter_outdoor,20F,flat,unreviewed,1,1,FR_ROUTE_3,29,15
pewter_outdoor,038,roof,modeled_building,1,1,FR_PEWTER_CITY,26,17
pewter_outdoor,039,roof,modeled_building,1,1,FR_PEWTER_CITY,27,17
pewter_outdoor,03A,roof,modeled_building,1,1,FR_PEWTER_CITY,28,17
pewter_outdoor,03B,roof,modeled_building,1,1,FR_PEWTER_CITY,29,17
pewter_outdoor,005,shrub,modeled_shrub,8,1,FR_PEWTER_CITY,12,6
pewter_outdoor,280,flat,unreviewed,1,1,FR_PEWTER_CITY,12,0
pewter_outdoor,281,flat,unreviewed,5,1,FR_PEWTER_CITY,19,0
pewter_outdoor,282,flat,unreviewed,4,1,FR_PEWTER_CITY,20,0
pewter_outdoor,285,flat,unreviewed,1,1,FR_PEWTER_CITY,27,1
pewter_outdoor,286,flat,unreviewed,1,1,FR_PEWTER_CITY,22,0
pewter_outdoor,287,flat,unreviewed,2,1,FR_PEWTER_CITY,12,27
pewter_outdoor,288,flat,unreviewed,1,1,FR_PEWTER_CITY,12,1
pewter_outdoor,289,flat,unreviewed,9,1,FR_PEWTER_CITY,16,1
pewter_outdoor,040,wall,modeled_building,1,1,FR_PEWTER_CITY,26,18
pewter_outdoor,28B,flat,unreviewed,2,1,FR_PEWTER_CITY,24,1
pewter_outdoor,28C,flat,unreviewed,2,1,FR_PEWTER_CITY,23,1
pewter_outdoor,28D,flat,unreviewed,1,1,FR_PEWTER_CITY,27,2
pewter_outdoor,28E,flat,unreviewed,1,1,FR_PEWTER_CITY,22,1
pewter_outdoor,28F,flat,modeled_building,2,1,FR_PEWTER_CITY,12,28
pewter_outdoor,290,flat,unreviewed,1,1,FR_PEWTER_CITY,12,2
pewter_outdoor,291,flat,unreviewed,13,1,FR_PEWTER_CITY,23,2
pewter_outdoor,293,flat,unreviewed,1,1,FR_PEWTER_CITY,25,3
pewter_outdoor,041,wall,modeled_building,1,1,FR_PEWTER_CITY,27,18
pewter_outdoor,294,flat,unreviewed,3,1,FR_PEWTER_CITY,23,3
pewter_outdoor,295,flat,unreviewed,1,1,FR_PEWTER_CITY,27,3
pewter_outdoor,296,flat,unreviewed,1,1,FR_PEWTER_CITY,22,2
pewter_outdoor,297,flat,modeled_building,2,1,FR_PEWTER_CITY,12,29
pewter_outdoor,298,flat,unreviewed,1,1,FR_PEWTER_CITY,12,3
pewter_outdoor,299,flat,unreviewed,9,1,FR_PEWTER_CITY,14,3
pewter_outdoor,29B,flat,unreviewed,1,1,FR_PEWTER_CITY,24,4
pewter_outdoor,29C,flat,unreviewed,2,1,FR_PEWTER_CITY,23,4
pewter_outdoor,29D,flat,unreviewed,1,1,FR_PEWTER_CITY,27,4
pewter_outdoor,29E,flat,unreviewed,1,1,FR_PEWTER_CITY,22,3
pewter_outdoor,29F,flat,modeled_building,2,1,FR_PEWTER_CITY,12,30
pewter_outdoor,2A0,flat,unreviewed,1,1,FR_PEWTER_CITY,12,4
pewter_outdoor,2A1,flat,unreviewed,3,1,FR_PEWTER_CITY,14,4
pewter_outdoor,2A2,flat,unreviewed,1,1,FR_PEWTER_CITY,16,4
pewter_outdoor,2A3,flat,unreviewed,1,1,FR_PEWTER_CITY,17,4
pewter_outdoor,2A4,flat,unreviewed,1,1,FR_PEWTER_CITY,18,4
pewter_outdoor,2A5,flat,unreviewed,3,1,FR_PEWTER_CITY,19,4
pewter_outdoor,2A6,flat,unreviewed,1,1,FR_PEWTER_CITY,22,4
pewter_outdoor,2A7,flat,unreviewed,2,1,FR_PEWTER_CITY,32,8
pewter_outdoor,2A8,flat,unreviewed,1,1,FR_PEWTER_CITY,12,5
pewter_outdoor,2A9,flat,unreviewed,3,1,FR_PEWTER_CITY,14,5
pewter_outdoor,2AA,flat,unreviewed,1,1,FR_PEWTER_CITY,16,5
pewter_outdoor,2AB,flat,unreviewed,1,1,FR_PEWTER_CITY,17,5
pewter_outdoor,2AC,flat,unreviewed,1,1,FR_PEWTER_CITY,18,5
pewter_outdoor,2AD,flat,unreviewed,3,1,FR_PEWTER_CITY,19,5
pewter_outdoor,2AE,flat,unreviewed,1,1,FR_PEWTER_CITY,22,5
pewter_outdoor,2AF,flat,modeled_building,2,1,FR_PEWTER_CITY,8,28
pewter_outdoor,2B0,flat,modeled_building,2,1,FR_PEWTER_CITY,34,10
pewter_outdoor,2B1,flat,modeled_building,2,1,FR_PEWTER_CITY,11,29
pewter_outdoor,2B2,flat,unreviewed,1,1,FR_PEWTER_CITY,16,6
pewter_outdoor,2B3,flat,unreviewed,1,1,FR_PEWTER_CITY,17,6
pewter_outdoor,2B4,flat,unreviewed,1,1,FR_PEWTER_CITY,18,6
pewter_outdoor,2B6,flat,unreviewed,6,1,FR_PEWTER_CITY,10,27
pewter_outdoor,2B7,flat,modeled_building,2,1,FR_PEWTER_CITY,8,29
pewter_outdoor,2B8,flat,modeled_building,2,1,FR_PEWTER_CITY,10,30
pewter_outdoor,2B9,flat,modeled_building,2,1,FR_PEWTER_CITY,11,30
pewter_outdoor,2BA,flat,unreviewed,1,1,FR_PEWTER_CITY,16,7
pewter_outdoor,2BB,flat,unreviewed,1,1,FR_PEWTER_CITY,17,7
pewter_outdoor,2BC,flat,unreviewed,1,1,FR_PEWTER_CITY,18,7
pewter_outdoor,2BE,flat,modeled_building,6,1,FR_PEWTER_CITY,9,28
pewter_outdoor,2BF,flat,modeled_building,2,1,FR_PEWTER_CITY,8,30
pewter_outdoor,2C6,flat,modeled_building,2,1,FR_PEWTER_CITY,9,29
pewter_outdoor,2CE,flat,modeled_building,2,1,FR_PEWTER_CITY,9,30
pewter_outdoor,2CE,flat,unreviewed,1,1,FR_PEWTER_CITY,25,4
pewter_outdoor,048,roof,modeled_building,1,1,FR_PEWTER_CITY,15,22
pewter_outdoor,049,roof,modeled_building,1,1,FR_PEWTER_CITY,16,22
pewter_outdoor,04A,roof,modeled_building,1,1,FR_PEWTER_CITY,17,22
pewter_outdoor,04B,roof,modeled_building,1,1,FR_PEWTER_CITY,18,22
pewter_outdoor,050,roof,modeled_building,1,1,FR_PEWTER_CITY,15,23
pewter_outdoor,051,roof,modeled_building,1,1,FR_PEWTER_CITY,16,23
pewter_outdoor,052,roof,modeled_building,1,1,FR_PEWTER_CITY,17,23
pewter_outdoor,053,roof,modeled_building,1,1,FR_PEWTER_CITY,18,23
pewter_outdoor,058,roof,modeled_building,1,1,FR_PEWTER_CITY,15,24
pewter_outdoor,059,roof,modeled_building,1,1,FR_PEWTER_CITY,16,24
pewter_outdoor,008,flat,reviewed_surface,158,2,FR_PEWTER_CITY,25,27
pewter_outdoor,05A,roof,modeled_building,1,1,FR_PEWTER_CITY,17,24
pewter_outdoor,05B,roof,modeled_building,1,1,FR_PEWTER_CITY,18,24
pewter_outdoor,060,wall,modeled_building,1,1,FR_PEWTER_CITY,15,25
pewter_outdoor,061,wall,modeled_building,1,1,FR_PEWTER_CITY,16,25
pewter_outdoor,062,wall,modeled_building,2,1,FR_PEWTER_CITY,28,18
pewter_outdoor,063,wall,modeled_building,1,1,FR_PEWTER_CITY,29,18
pewter_outdoor,009,flat,reviewed_surface,151,2,FR_PEWTER_CITY,31,5
player_house,000,flat,unreviewed,317,17,FR_CELADON_CITY_HOUSE1,7,9
player_house,086,flat,unreviewed,1,1,FR_PLAYERS_HOUSE_2F,2,1
player_house,00D,flat,unreviewed,1,1,FR_PLAYERS_HOUSE_2F,8,3
player_house,00E,flat,unreviewed,1,1,FR_PLAYERS_HOUSE_2F,9,3
player_house,096,roomWall,modeled_building,1,1,FR_PLAYERS_HOUSE_2F,11,0
player_house,09B,flat,unreviewed,31,13,FR_CELADON_CITY_HOUSE1,6,0
player_house,00F,flat,unreviewed,1,1,FR_PLAYERS_HOUSE_2F,10,3
player_house,0A3,flat,unreviewed,31,13,FR_CELADON_CITY_HOUSE1,6,1
player_house,0A6,roomWall,modeled_building,1,1,FR_PLAYERS_HOUSE_2F,11,1
player_house,0A8,roomWall,modeled_building,5,2,FR_SAFFRON_CITY_COPYCATS_HOUSE_1F,10,0
player_house,0A9,flat,unreviewed,169,7,FR_CELADON_CITY_HOUSE1,9,3
player_house,0AA,roomWall,modeled_building,14,14,FR_CELADON_CITY_HOUSE1,5,0
player_house,0AB,flat,unreviewed,1,1,FR_SAFFRON_CITY_COPYCATS_HOUSE_2F,4,0
player_house,0AC,flat,unreviewed,9,9,FR_CERULEAN_CITY_HOUSE3,2,0
player_house,0AD,flat,unreviewed,9,9,FR_CERULEAN_CITY_HOUSE3,3,0
player_house,0AE,flat,unreviewed,1,1,FR_SAFFRON_CITY_COPYCATS_HOUSE_2F,3,0
player_house,0AF,flat,unreviewed,6,6,FR_CELADON_CITY_HOUSE1,2,0
player_house,0B0,flat,unreviewed,2,2,FR_SAFFRON_CITY_COPYCATS_HOUSE_1F,10,1
player_house,0B1,flat,unreviewed,64,7,FR_CELADON_CITY_HOUSE1,9,2
player_house,0B3,flat,unreviewed,1,1,FR_SAFFRON_CITY_COPYCATS_HOUSE_2F,4,1
player_house,0B4,roomWall,modeled_building,9,9,FR_CERULEAN_CITY_HOUSE3,2,1
player_house,0B5,roomWall,modeled_building,9,9,FR_CERULEAN_CITY_HOUSE3,3,1
player_house,0B6,flat,unreviewed,1,1,FR_SAFFRON_CITY_COPYCATS_HOUSE_2F,3,1
player_house,0B7,flat,unreviewed,6,6,FR_CELADON_CITY_HOUSE1,2,1
player_house,0B8,flat,unreviewed,4,2,FR_SAFFRON_CITY_COPYCATS_HOUSE_1F,6,0
player_house,0B9,flat,unreviewed,1,1,FR_SAFFRON_CITY_COPYCATS_HOUSE_2F,5,0
player_house,0BA,flat,unreviewed,6,6,FR_CELADON_CITY_HOUSE1,5,2
player_house,0BB,flat,unreviewed,1,1,FR_SAFFRON_CITY_COPYCATS_HOUSE_2F,4,2
player_house,0BC,flat,unreviewed,1,1,FR_SAFFRON_CITY_COPYCATS_HOUSE_1F,4,2
player_house,0BD,flat,unreviewed,1,1,FR_SAFFRON_CITY_COPYCATS_HOUSE_1F,5,2
player_house,012,flat,unreviewed,1,1,FR_PLAYERS_HOUSE_1F,3,8
player_house,0BE,flat,unreviewed,1,1,FR_SAFFRON_CITY_COPYCATS_HOUSE_2F,3,2
player_house,0BF,flat,unreviewed,6,6,FR_CELADON_CITY_HOUSE1,2,2
player_house,0C0,roomWall,modeled_building,4,2,FR_SAFFRON_CITY_COPYCATS_HOUSE_1F,6,1
player_house,0C1,roomWall,modeled_building,1,1,FR_SAFFRON_CITY_COPYCATS_HOUSE_2F,5,1
player_house,0C2,flat,unreviewed,1,1,FR_SAFFRON_CITY_COPYCATS_HOUSE_1F,8,0
player_house,0C3,flat,unreviewed,7,7,FR_CELADON_CITY_HOUSE1,3,3
player_house,0C4,flat,unreviewed,26,7,FR_CELADON_CITY_HOUSE1,5,3
player_house,0C5,flat,unreviewed,7,7,FR_CELADON_CITY_HOUSE1,8,3
player_house,0C6,flat,unreviewed,12,6,FR_CELADON_CITY_HOUSE1,4,4
player_house,0C7,flat,unreviewed,12,6,FR_CELADON_CITY_HOUSE1,7,4
player_house,013,flat,unreviewed,1,1,FR_PLAYERS_HOUSE_1F,4,8
player_house,001,flat,unreviewed,64,2,FR_PLAYERS_HOUSE_1F,7,8
player_house,0C8,flat,unreviewed,6,6,FR_CELADON_CITY_HOUSE1,5,4
player_house,0C9,flat,unreviewed,6,6,FR_CELADON_CITY_HOUSE1,6,4
player_house,0CA,flat,unreviewed,1,1,FR_SAFFRON_CITY_COPYCATS_HOUSE_1F,8,1
player_house,0CB,flat,unreviewed,14,7,FR_CELADON_CITY_HOUSE1,3,4
player_house,0CC,flat,unreviewed,4,1,FR_SAFFRON_CITY_COPYCATS_HOUSE_2F,5,5
player_house,0CD,flat,unreviewed,14,7,FR_CELADON_CITY_HOUSE1,8,4
player_house,0CF,flat,unreviewed,1,1,FR_SAFFRON_CITY_COPYCATS_HOUSE_2F,3,3
player_house,0D0,flat,unreviewed,6,6,FR_CELADON_CITY_HOUSE1,5,5
player_house,0D1,flat,unreviewed,6,6,FR_CELADON_CITY_HOUSE1,6,5
player_house,014,flat,unreviewed,1,1,FR_PLAYERS_HOUSE_1F,5,8
player_house,0D2,flat,unreviewed,1,1,FR_SAFFRON_CITY_COPYCATS_HOUSE_1F,8,2
player_house,0D3,flat,unreviewed,7,7,FR_CELADON_CITY_HOUSE1,3,6
player_house,0D4,flat,unreviewed,27,7,FR_CELADON_CITY_HOUSE1,6,6
player_house,0D5,flat,unreviewed,7,7,FR_CELADON_CITY_HOUSE1,8,6
player_house,0D8,roomWall,modeled_building,14,14,FR_CELADON_CITY_HOUSE1,0,0
player_house,0D9,roomWall,modeled_building,14,14,FR_CELADON_CITY_HOUSE1,1,0
player_house,0DA,flat,unreviewed,1,1,FR_SAFFRON_CITY_COPYCATS_HOUSE_2F,8,2
player_house,0DB,flat,unreviewed,1,1,FR_SAFFRON_CITY_COPYCATS_HOUSE_2F,9,2
player_house,015,flat,unreviewed,1,1,FR_PLAYERS_HOUSE_2F,8,1
player_house,0DC,flat,unreviewed,1,1,FR_SAFFRON_CITY_COPYCATS_HOUSE_2F,10,2
player_house,0DF,flat,unreviewed,6,6,FR_CELADON_CITY_HOUSE1,3,7
player_house,0E0,flat,unreviewed,14,14,FR_CELADON_CITY_HOUSE1,0,1
player_house,0E1,flat,unreviewed,14,14,FR_CELADON_CITY_HOUSE1,1,1
player_house,0E2,flat,unreviewed,1,1,FR_SAFFRON_CITY_COPYCATS_HOUSE_2F,8,3
player_house,0E3,flat,unreviewed,1,1,FR_SAFFRON_CITY_COPYCATS_HOUSE_2F,9,3
player_house,016,flat,unreviewed,1,1,FR_PLAYERS_HOUSE_1F,11,1
player_house,0E7,flat,unreviewed,6,6,FR_CELADON_CITY_HOUSE1,4,7
player_house,0E8,flat,unreviewed,6,6,FR_CELADON_CITY_HOUSE1,0,2
player_house,0E9,flat,unreviewed,6,6,FR_CELADON_CITY_HOUSE1,1,2
player_house,0EA,flat,unreviewed,1,1,FR_SAFFRON_CITY_COPYCATS_HOUSE_2F,8,1
player_house,0EB,flat,unreviewed,1,1,FR_SAFFRON_CITY_COPYCATS_HOUSE_1F,11,1
player_house,0EC,flat,unreviewed,1,1,FR_SAFFRON_CITY_COPYCATS_HOUSE_1F,12,1
player_house,0EF,flat,unreviewed,6,6,FR_CELADON_CITY_HOUSE1,5,7
player_house,017,flat,unreviewed,1,1,FR_PLAYERS_HOUSE_1F,12,1
player_house,0F0,flat,unreviewed,1,1,FR_SAFFRON_CITY_COPYCATS_HOUSE_2F,6,0
player_house,0F1,flat,unreviewed,1,1,FR_SAFFRON_CITY_COPYCATS_HOUSE_2F,7,0
player_house,0F2,flat,unreviewed,1,1,FR_SAFFRON_CITY_COPYCATS_HOUSE_1F,10,2
player_house,0F3,flat,unreviewed,1,1,FR_SAFFRON_CITY_COPYCATS_HOUSE_1F,11,2
player_house,0F4,flat,unreviewed,1,1,FR_SAFFRON_CITY_COPYCATS_HOUSE_1F,12,2
player_house,0F5,flat,unreviewed,9,7,FR_CELADON_CITY_HOUSE1,10,6
player_house,0F6,flat,unreviewed,7,6,FR_CELADON_CITY_HOUSE1,0,6
player_house,0F8,flat,unreviewed,1,1,FR_SAFFRON_CITY_COPYCATS_HOUSE_2F,6,1
player_house,0F9,flat,unreviewed,1,1,FR_SAFFRON_CITY_COPYCATS_HOUSE_2F,7,1
player_house,0FA,flat,unreviewed,2,2,FR_SAFFRON_CITY_COPYCATS_HOUSE_1F,10,3
player_house,0FB,flat,unreviewed,1,1,FR_SAFFRON_CITY_COPYCATS_HOUSE_1F,11,3
player_house,0FC,flat,unreviewed,1,1,FR_SAFFRON_CITY_COPYCATS_HOUSE_1F,12,3
player_house,0FD,flat,unreviewed,9,7,FR_CELADON_CITY_HOUSE1,10,7
player_house,0FE,flat,unreviewed,7,6,FR_CELADON_CITY_HOUSE1,0,7
player_house,100,flat,unreviewed,1,1,FR_SAFFRON_CITY_COPYCATS_HOUSE_2F,1,0
player_house,101,flat,unreviewed,1,1,FR_SAFFRON_CITY_COPYCATS_HOUSE_2F,2,0
player_house,109,roomWall,modeled_building,168,8,FR_CERULEAN_CITY_HOUSE3,9,3
player_house,01A,flat,unreviewed,15,15,FR_CELADON_CITY_HOUSE1,3,8
player_house,111,roomWall,modeled_building,72,8,FR_CERULEAN_CITY_HOUSE3,9,2
player_house,01B,flat,unreviewed,15,15,FR_CELADON_CITY_HOUSE1,4,8
player_house,11A,flat,unreviewed,8,8,FR_CERULEAN_CITY_HOUSE3,5,2
player_house,11C,flat,unreviewed,8,8,FR_CERULEAN_CITY_HOUSE3,2,2
player_house,11D,flat,unreviewed,8,8,FR_CERULEAN_CITY_HOUSE3,3,2
player_house,01C,flat,unreviewed,15,15,FR_CELADON_CITY_HOUSE1,5,8
player_house,123,flat,unreviewed,8,8,FR_CERULEAN_CITY_HOUSE3,3,3
player_house,124,flat,unreviewed,32,8,FR_CERULEAN_CITY_HOUSE3,5,3
player_house,125,flat,unreviewed,8,8,FR_CERULEAN_CITY_HOUSE3,8,3
player_house,126,flat,unreviewed,16,8,FR_CERULEAN_CITY_HOUSE3,4,4
player_house,127,flat,unreviewed,16,8,FR_CERULEAN_CITY_HOUSE3,7,4
player_house,128,flat,unreviewed,8,8,FR_CERULEAN_CITY_HOUSE3,5,4
player_house,129,flat,unreviewed,8,8,FR_CERULEAN_CITY_HOUSE3,6,4
player_house,12B,flat,unreviewed,16,8,FR_CERULEAN_CITY_HOUSE3,3,4
player_house,01D,flat,unreviewed,1,1,FR_PLAYERS_HOUSE_1F,10,2
player_house,12D,flat,unreviewed,16,8,FR_CERULEAN_CITY_HOUSE3,8,4
player_house,130,flat,unreviewed,8,8,FR_CERULEAN_CITY_HOUSE3,5,5
player_house,131,flat,unreviewed,8,8,FR_CERULEAN_CITY_HOUSE3,6,5
player_house,133,flat,unreviewed,8,8,FR_CERULEAN_CITY_HOUSE3,3,6
player_house,134,flat,unreviewed,32,8,FR_CERULEAN_CITY_HOUSE3,6,6
player_house,135,flat,unreviewed,8,8,FR_CERULEAN_CITY_HOUSE3,8,6
player_house,01E,flat,unreviewed,1,1,FR_PLAYERS_HOUSE_1F,11,2
player_house,13F,flat,unreviewed,8,8,FR_CERULEAN_CITY_HOUSE3,3,7
player_house,01F,flat,unreviewed,1,1,FR_PLAYERS_HOUSE_1F,12,2
player_house,147,flat,unreviewed,8,8,FR_CERULEAN_CITY_HOUSE3,4,7
player_house,148,flat,unreviewed,8,8,FR_CERULEAN_CITY_HOUSE3,0,2
player_house,149,flat,unreviewed,8,8,FR_CERULEAN_CITY_HOUSE3,1,2
player_house,020,roomWall,modeled_building,14,2,FR_PLAYERS_HOUSE_1F,10,0
player_house,14F,flat,unreviewed,8,8,FR_CERULEAN_CITY_HOUSE3,5,7
player_house,021,roomWall,modeled_building,1,1,FR_PLAYERS_HOUSE_1F,7,0
player_house,155,flat,unreviewed,8,8,FR_CERULEAN_CITY_HOUSE3,10,6
player_house,156,flat,unreviewed,8,8,FR_CERULEAN_CITY_HOUSE3,0,6
player_house,15D,flat,unreviewed,8,8,FR_CERULEAN_CITY_HOUSE3,10,7
player_house,022,roomWall,modeled_building,1,1,FR_PLAYERS_HOUSE_1F,8,0
player_house,15E,flat,unreviewed,8,8,FR_CERULEAN_CITY_HOUSE3,0,7
player_house,161,flat,unreviewed,26,13,FR_CELADON_CITY_HOUSE1,3,0
player_house,169,roomWall,modeled_building,26,13,FR_CELADON_CITY_HOUSE1,8,1
player_house,170,flat,unreviewed,13,13,FR_CELADON_CITY_HOUSE1,9,0
player_house,171,roomWall,modeled_building,13,13,FR_CELADON_CITY_HOUSE1,10,0
player_house,178,flat,unreviewed,13,13,FR_CELADON_CITY_HOUSE1,9,1
player_house,179,flat,unreviewed,13,13,FR_CELADON_CITY_HOUSE1,10,1
player_house,025,flat,unreviewed,1,1,FR_PLAYERS_HOUSE_1F,10,3
player_house,026,flat,unreviewed,1,1,FR_PLAYERS_HOUSE_1F,11,3
player_house,027,flat,unreviewed,1,1,FR_PLAYERS_HOUSE_1F,12,3
player_house,028,roomWall,modeled_building,7,2,FR_PLAYERS_HOUSE_1F,10,1
player_house,029,roomWall,modeled_building,1,1,FR_PLAYERS_HOUSE_1F,7,1
player_house,02A,roomWall,modeled_building,1,1,FR_PLAYERS_HOUSE_1F,8,1
player_house,02B,roomWall,modeled_building,1,1,FR_PLAYERS_HOUSE_2F,4,0
player_house,02C,roomWall,modeled_building,1,1,FR_PLAYERS_HOUSE_2F,5,0
player_house,02D,roomWall,modeled_building,1,1,FR_PLAYERS_HOUSE_1F,6,0
player_house,02E,roomWall,modeled_building,1,1,FR_PLAYERS_HOUSE_1F,3,0
player_house,02F,roomWall,modeled_building,1,1,FR_PLAYERS_HOUSE_1F,4,0
player_house,030,flat,unreviewed,1,1,FR_PLAYERS_HOUSE_2F,3,1
player_house,031,flat,modeled_prop,1,1,FR_PLAYERS_HOUSE_1F,1,1
player_house,032,flat,modeled_prop,1,1,FR_PLAYERS_HOUSE_1F,2,1
player_house,033,flat,modeled_prop,1,1,FR_PLAYERS_HOUSE_2F,4,1
player_house,034,flat,modeled_prop,1,1,FR_PLAYERS_HOUSE_2F,5,1
player_house,035,flat,modeled_prop,2,2,FR_PLAYERS_HOUSE_1F,6,1
player_house,035,flat,unreviewed,15,15,FR_CELADON_CITY_HOUSE1,5,1
player_house,036,flat,unreviewed,1,1,FR_PLAYERS_HOUSE_1F,3,1
player_house,037,flat,unreviewed,1,1,FR_PLAYERS_HOUSE_1F,4,1
player_house,038,flat,unreviewed,1,1,FR_PLAYERS_HOUSE_2F,3,2
player_house,039,flat,modeled_prop,1,1,FR_PLAYERS_HOUSE_1F,1,2
player_house,03A,flat,modeled_prop,1,1,FR_PLAYERS_HOUSE_1F,2,2
player_house,03B,flat,modeled_prop,1,1,FR_PLAYERS_HOUSE_2F,4,2
player_house,005,flat,unreviewed,1,1,FR_PLAYERS_HOUSE_2F,8,2
player_house,03C,flat,modeled_prop,1,1,FR_PLAYERS_HOUSE_2F,5,2
player_house,03D,flat,modeled_prop,1,1,FR_PLAYERS_HOUSE_1F,6,2
player_house,03E,flat,unreviewed,1,1,FR_PLAYERS_HOUSE_1F,3,2
player_house,03F,flat,unreviewed,1,1,FR_PLAYERS_HOUSE_1F,4,2
player_house,281,flat,unreviewed,1,1,FR_SAFFRON_CITY_COPYCATS_HOUSE_2F,3,5
player_house,282,flat,unreviewed,1,1,FR_SAFFRON_CITY_COPYCATS_HOUSE_2F,3,6
player_house,283,flat,unreviewed,1,1,FR_PLAYERS_HOUSE_2F,1,4
player_house,284,flat,unreviewed,1,1,FR_PLAYERS_HOUSE_2F,2,4
player_house,285,flat,unreviewed,1,1,FR_PLAYERS_HOUSE_2F,3,4
player_house,286,flat,unreviewed,1,1,FR_PLAYERS_HOUSE_2F,6,3
player_house,287,flat,unreviewed,1,1,FR_PLAYERS_HOUSE_2F,1,0
player_house,289,flat,unreviewed,1,1,FR_SAFFRON_CITY_COPYCATS_HOUSE_2F,2,1
player_house,28B,flat,unreviewed,1,1,FR_PLAYERS_HOUSE_2F,1,5
player_house,28C,flat,modeled_prop,1,1,FR_PLAYERS_HOUSE_2F,2,5
player_house,28D,flat,modeled_prop,1,1,FR_PLAYERS_HOUSE_2F,3,5
player_house,28E,flat,modeled_prop,1,1,FR_PLAYERS_HOUSE_2F,6,5
player_house,28F,flat,unreviewed,2,2,FR_PLAYERS_HOUSE_2F,1,1
player_house,290,flat,unreviewed,1,1,FR_SAFFRON_CITY_COPYCATS_HOUSE_2F,1,2
player_house,291,flat,unreviewed,1,1,FR_SAFFRON_CITY_COPYCATS_HOUSE_2F,2,2
player_house,293,flat,unreviewed,1,1,FR_PLAYERS_HOUSE_2F,1,6
player_house,294,flat,modeled_prop,1,1,FR_PLAYERS_HOUSE_2F,2,6
player_house,295,flat,modeled_prop,1,1,FR_PLAYERS_HOUSE_2F,3,6
player_house,296,flat,modeled_prop,1,1,FR_PLAYERS_HOUSE_2F,6,6
player_house,297,flat,unreviewed,1,1,FR_PLAYERS_HOUSE_2F,1,2
player_house,043,flat,unreviewed,2,2,FR_PLAYERS_HOUSE_1F,4,3
player_house,044,flat,unreviewed,6,2,FR_PLAYERS_HOUSE_1F,6,3
player_house,045,flat,unreviewed,4,1,FR_PLAYERS_HOUSE_2F,5,5
player_house,006,flat,unreviewed,1,1,FR_PLAYERS_HOUSE_2F,9,2
player_house,046,flat,unreviewed,2,2,FR_PLAYERS_HOUSE_1F,9,3
player_house,047,flat,unreviewed,1,1,FR_PLAYERS_HOUSE_1F,12,6
player_house,04B,flat,modeled_prop,2,1,FR_PLAYERS_HOUSE_1F,5,4
player_house,04C,flat,modeled_prop,1,1,FR_PLAYERS_HOUSE_1F,6,4
player_house,04D,flat,modeled_prop,1,1,FR_PLAYERS_HOUSE_1F,7,4
player_house,04E,flat,modeled_prop,2,1,FR_PLAYERS_HOUSE_1F,8,4
player_house,04F,flat,unreviewed,1,1,FR_PLAYERS_HOUSE_1F,12,7
player_house,007,flat,unreviewed,1,1,FR_PLAYERS_HOUSE_2F,10,2
player_house,053,flat,unreviewed,4,2,FR_PLAYERS_HOUSE_1F,4,4
player_house,054,flat,modeled_prop,1,1,FR_PLAYERS_HOUSE_1F,6,5
player_house,055,flat,modeled_prop,1,1,FR_PLAYERS_HOUSE_1F,7,5
player_house,056,flat,unreviewed,4,2,FR_PLAYERS_HOUSE_1F,9,4
player_house,057,flat,unreviewed,1,1,FR_PLAYERS_HOUSE_1F,1,6
player_house,008,flat,unreviewed,160,17,FR_CELADON_CITY_HOUSE1,7,8
player_house,05A,flat,unreviewed,1,1,FR_PLAYERS_HOUSE_2F,2,2
player_house,05B,flat,unreviewed,2,2,FR_PLAYERS_HOUSE_1F,4,6
player_house,05C,flat,unreviewed,7,2,FR_PLAYERS_HOUSE_1F,5,6
player_house,05E,flat,unreviewed,2,2,FR_PLAYERS_HOUSE_1F,9,6
player_house,05F,flat,unreviewed,1,1,FR_PLAYERS_HOUSE_1F,1,7
player_house,009,flat,unreviewed,14,2,FR_PLAYERS_HOUSE_1F,5,2
sevii_outdoor,000,flat,native_fallback,22,1,FR_MT_EMBER_SUMMIT,19,15
sevii_outdoor,068,cliff,modeled_cliff,11,5,FR_THREE_ISLAND,14,35
sevii_outdoor,069,cliff,modeled_cliff,60,5,FR_THREE_ISLAND,16,35
sevii_outdoor,06A,cliff,modeled_cliff,9,5,FR_THREE_ISLAND,8,35
sevii_outdoor,06B,cliff,modeled_cliff,17,4,FR_THREE_ISLAND,16,36
sevii_outdoor,06C,cliff,modeled_cliff,96,7,FR_THREE_ISLAND,4,36
sevii_outdoor,06D,cliff,modeled_cliff,19,6,FR_THREE_ISLAND,7,36
sevii_outdoor,070,cliff,modeled_cliff,83,8,FR_THREE_ISLAND,18,34
sevii_outdoor,071,cliff,modeled_cliff,1133,8,FR_THREE_ISLAND,19,34
sevii_outdoor,072,cliff,modeled_cliff,110,7,FR_THREE_ISLAND,8,39
sevii_outdoor,073,cliff,modeled_cliff,160,7,FR_THREE_ISLAND,20,27
sevii_outdoor,075,cliff,modeled_cliff,143,8,FR_THREE_ISLAND,7,39
sevii_outdoor,078,cliff,modeled_cliff,16,5,FR_THREE_ISLAND_BOND_BRIDGE,73,8
sevii_outdoor,079,cliff,modeled_cliff,120,5,FR_THREE_ISLAND_BOND_BRIDGE,58,16
sevii_outdoor,07A,cliff,modeled_cliff,16,4,FR_THREE_ISLAND_BOND_BRIDGE,6,13
sevii_outdoor,07B,cliff,modeled_cliff,32,6,FR_THREE_ISLAND_PORT,31,4
sevii_outdoor,07C,cliff,modeled_cliff,185,6,FR_THREE_ISLAND_BOND_BRIDGE,4,13
sevii_outdoor,07D,cliff,modeled_cliff,26,5,FR_THREE_ISLAND_BOND_BRIDGE,30,17
sevii_outdoor,085,flat,unreviewed,2,1,SEVII_ONE_ISLAND_KINDLE_ROAD,13,108
sevii_outdoor,086,flat,unreviewed,2,1,FR_THREE_ISLAND_BOND_BRIDGE,69,10
sevii_outdoor,087,ledge,modeled_ledge,6,2,FR_THREE_ISLAND_BOND_BRIDGE,65,12
sevii_outdoor,088,flat,unreviewed,6,1,FR_TWO_ISLAND_CAPE_BRINK,17,28
sevii_outdoor,089,flat,native_fallback,12,1,FR_MT_EMBER_SUMMIT,9,16
sevii_outdoor,089,flat,unreviewed,51,8,FR_MT_EMBER_EXTERIOR,30,18
sevii_outdoor,08A,flat,unreviewed,2,1,SEVII_ONE_ISLAND_KINDLE_ROAD,23,49
sevii_outdoor,00D,grass,modeled_grass,322,6,FR_MT_EMBER_EXTERIOR,9,42
sevii_outdoor,08D,flat,unreviewed,1,1,SEVII_ONE_ISLAND_KINDLE_ROAD,13,110
sevii_outdoor,08E,flat,unreviewed,1,1,FR_THREE_ISLAND_BOND_BRIDGE,69,12
sevii_outdoor,090,flat,unreviewed,2,2,FR_THREE_ISLAND_PORT,29,5
sevii_outdoor,091,flat,native_fallback,6,1,FR_MT_EMBER_SUMMIT,8,16
sevii_outdoor,091,flat,unreviewed,51,8,FR_MT_EMBER_EXTERIOR,29,2
sevii_outdoor,092,flat,unreviewed,1,1,FR_THREE_ISLAND_PORT,40,5
sevii_outdoor,00E,tree,modeled_tree,23,2,FR_THREE_ISLAND,0,13
sevii_outdoor,098,flat,unreviewed,12,2,SEVII_ONE_ISLAND_KINDLE_ROAD,15,62
sevii_outdoor,099,flat,unreviewed,30,4,FR_THREE_ISLAND_BOND_BRIDGE,16,15
sevii_outdoor,09A,flat,unreviewed,15,3,FR_THREE_ISLAND_BOND_BRIDGE,31,15
sevii_outdoor,09F,flat,unreviewed,1,1,FR_THREE_ISLAND_BOND_BRIDGE,61,5
sevii_outdoor,00F,tree,modeled_tree,23,2,FR_THREE_ISLAND,5,13
sevii_outdoor,0A0,flat,unreviewed,47,3,FR_THREE_ISLAND_BOND_BRIDGE,57,14
sevii_outdoor,0A2,flat,unreviewed,68,5,FR_THREE_ISLAND_BOND_BRIDGE,24,19
sevii_outdoor,0A8,flat,unreviewed,18,3,FR_THREE_ISLAND_BOND_BRIDGE,57,16
sevii_outdoor,0A9,flat,unreviewed,3,2,FR_THREE_ISLAND_PORT,16,4
sevii_outdoor,010,flat,reviewed_surface,257,8,FR_MT_EMBER_EXTERIOR,12,42
sevii_outdoor,0AA,flat,unreviewed,17,4,FR_THREE_ISLAND_BOND_BRIDGE,31,18
sevii_outdoor,0AF,flat,unreviewed,9,1,SEVII_ONE_ISLAND_KINDLE_ROAD,7,121
sevii_outdoor,0B0,ledge,modeled_ledge,1,1,FR_THREE_ISLAND_BOND_BRIDGE,64,12
sevii_outdoor,0B2,cliff,modeled_cliff,41,6,FR_THREE_ISLAND_BOND_BRIDGE,24,18
sevii_outdoor,0B3,cliff,modeled_cliff,51,6,FR_THREE_ISLAND_BOND_BRIDGE,64,16
sevii_outdoor,011,flat,reviewed_surface,219,7,FR_MT_EMBER_EXTERIOR,39,44
sevii_outdoor,0B4,cliff,modeled_cliff,14,3,FR_THREE_ISLAND_BOND_BRIDGE,7,11
sevii_outdoor,0B5,cliff,modeled_cliff,14,3,FR_THREE_ISLAND_BOND_BRIDGE,10,11
sevii_outdoor,0BA,cliff,modeled_cliff,39,5,FR_THREE_ISLAND_BOND_BRIDGE,0,14
sevii_outdoor,0BB,cliff,modeled_cliff,27,6,FR_THREE_ISLAND,20,36
sevii_outdoor,0BD,flat,unreviewed,1,1,FR_TWO_ISLAND,43,6
sevii_outdoor,0BE,flat,unreviewed,7,2,FR_TWO_ISLAND,44,6
sevii_outdoor,0BF,flat,unreviewed,1,1,FR_TWO_ISLAND,47,6
sevii_outdoor,0C3,flat,unreviewed,1,1,SEVII_ONE_ISLAND,13,12
sevii_outdoor,0C4,flat,unreviewed,2,1,SEVII_ONE_ISLAND,10,12
sevii_outdoor,0C5,flat,unreviewed,8,2,FR_TWO_ISLAND,43,7
sevii_outdoor,0C6,flat,unreviewed,20,2,FR_TWO_ISLAND,28,3
sevii_outdoor,0C7,flat,unreviewed,7,2,FR_TWO_ISLAND,47,8
sevii_outdoor,001,flat,reviewed_surface,14,2,FR_THREE_ISLAND_BOND_BRIDGE,15,8
sevii_outdoor,0CB,flat,unreviewed,2,1,SEVII_ONE_ISLAND,11,13
sevii_outdoor,0CC,flat,unreviewed,2,1,SEVII_ONE_ISLAND,16,10
sevii_outdoor,0CD,flat,unreviewed,2,2,FR_TWO_ISLAND,43,9
sevii_outdoor,0CE,flat,unreviewed,9,2,FR_TWO_ISLAND,28,4
sevii_outdoor,0CF,flat,unreviewed,2,2,FR_TWO_ISLAND,47,9
sevii_outdoor,0D0,flat,reviewed_surface,2,1,FR_THREE_ISLAND_PORT,37,7
sevii_outdoor,0D1,flat,unreviewed,6,1,FR_THREE_ISLAND_PORT,38,7
sevii_outdoor,014,tree,modeled_tree,158,3,FR_THREE_ISLAND,10,1
sevii_outdoor,0D2,flat,unreviewed,1,1,FR_THREE_ISLAND_PORT,31,8
sevii_outdoor,0D3,flat,reviewed_surface,2,2,FR_THREE_ISLAND,2,7
sevii_outdoor,0D4,flat,reviewed_surface,25,2,FR_THREE_ISLAND,10,28
sevii_outdoor,0D5,flat,reviewed_surface,5,2,FR_THREE_ISLAND,16,28
sevii_outdoor,0D6,flat,unreviewed,3,1,FR_TWO_ISLAND,42,3
sevii_outdoor,0D7,flat,unreviewed,3,1,FR_TWO_ISLAND,43,3
sevii_outdoor,0D8,flat,unreviewed,1,1,FR_THREE_ISLAND_PORT,40,6
sevii_outdoor,0D9,flat,unreviewed,44,5,FR_NAVEL_ROCK_EXTERIOR,12,3
sevii_outdoor,0DA,flat,unreviewed,2,1,FR_THREE_ISLAND_PORT,30,6
sevii_outdoor,0DB,flat,reviewed_surface,32,2,FR_THREE_ISLAND,10,34
sevii_outdoor,015,tree,modeled_tree,158,3,FR_THREE_ISLAND,11,1
sevii_outdoor,0DC,flat,reviewed_surface,43,2,FR_THREE_ISLAND,11,34
sevii_outdoor,0DD,flat,reviewed_surface,28,2,FR_THREE_ISLAND,12,34
sevii_outdoor,0E0,flat,reviewed_surface,1,1,FR_TWO_ISLAND,35,3
sevii_outdoor,0E1,flat,unreviewed,2,1,FR_TWO_ISLAND,37,3
sevii_outdoor,0E2,flat,unreviewed,1,1,FR_TWO_ISLAND,38,3
sevii_outdoor,0E3,flat,reviewed_surface,4,2,FR_THREE_ISLAND,10,39
sevii_outdoor,0E4,flat,reviewed_surface,41,2,FR_THREE_ISLAND,10,8
sevii_outdoor,0E5,flat,reviewed_surface,5,1,FR_THREE_ISLAND,12,39
sevii_outdoor,016,tree,modeled_tree,33,3,FR_THREE_ISLAND,22,7
sevii_outdoor,0E6,fence,modeled_fence,62,2,FR_THREE_ISLAND,4,34
sevii_outdoor,0E7,fence,modeled_fence,7,1,FR_TWO_ISLAND,43,10
sevii_outdoor,0E8,fence,modeled_fence,2,1,FR_THREE_ISLAND,13,34
sevii_outdoor,0E9,fence,modeled_fence,2,1,FR_THREE_ISLAND,9,34
sevii_outdoor,0EA,flat,unreviewed,1,1,FR_THREE_ISLAND,20,8
sevii_outdoor,0EC,fence,modeled_fence,1,1,FR_TWO_ISLAND,39,3
sevii_outdoor,017,tree,modeled_tree,33,3,FR_THREE_ISLAND,1,37
sevii_outdoor,0F0,fence,modeled_fence,22,1,FR_THREE_ISLAND,17,27
sevii_outdoor,0F1,fence,modeled_fence,27,1,FR_THREE_ISLAND,9,39
sevii_outdoor,0F3,fence,modeled_fence,1,1,FR_THREE_ISLAND,17,34
sevii_outdoor,0F4,fence,modeled_fence,2,1,FR_TWO_ISLAND,39,4
sevii_outdoor,0F8,flat,unreviewed,1,1,FR_THREE_ISLAND_PORT,13,0
sevii_outdoor,0F9,flat,unreviewed,2,2,FR_THREE_ISLAND,20,16
sevii_outdoor,0FE,flat,unreviewed,3,1,FR_THREE_ISLAND_PORT,37,8
sevii_outdoor,0FF,flat,unreviewed,2,1,FR_THREE_ISLAND_PORT,31,9
sevii_outdoor,102,flat,reviewed_surface,2,1,FR_THREE_ISLAND,7,32
sevii_outdoor,103,flat,reviewed_surface,5,2,FR_THREE_ISLAND,9,28
sevii_outdoor,104,flat,reviewed_surface,4,2,FR_THREE_ISLAND,7,8
sevii_outdoor,105,flat,reviewed_surface,5,1,FR_THREE_ISLAND,9,29
sevii_outdoor,108,flat,unreviewed,2,1,SEVII_ONE_ISLAND,6,16
sevii_outdoor,109,flat,unreviewed,2,1,SEVII_ONE_ISLAND,7,16
sevii_outdoor,10C,flat,unreviewed,15,3,FR_THREE_ISLAND_BOND_BRIDGE,44,7
sevii_outdoor,10D,flat,unreviewed,18,3,FR_THREE_ISLAND_BOND_BRIDGE,28,6
sevii_outdoor,10E,flat,unreviewed,16,3,FR_THREE_ISLAND_BOND_BRIDGE,29,6
sevii_outdoor,10F,flat,unreviewed,16,3,FR_TWO_ISLAND_CAPE_BRINK,17,14
sevii_outdoor,110,flat,unreviewed,95,4,FR_THREE_ISLAND_BOND_BRIDGE,55,14
sevii_outdoor,111,flat,unreviewed,97,4,FR_THREE_ISLAND_BOND_BRIDGE,36,2
sevii_outdoor,112,flat,unreviewed,1,1,SEVII_ONE_ISLAND,22,1
sevii_outdoor,114,flat,reviewed_surface,19,3,FR_THREE_ISLAND_BOND_BRIDGE,44,8
sevii_outdoor,115,flat,reviewed_surface,408,5,FR_THREE_ISLAND_BOND_BRIDGE,27,12
sevii_outdoor,116,flat,unreviewed,38,3,FR_THREE_ISLAND_BOND_BRIDGE,33,12
sevii_outdoor,117,flat,unreviewed,3,2,SEVII_ONE_ISLAND_KINDLE_ROAD,0,62
sevii_outdoor,118,flat,unreviewed,99,4,FR_THREE_ISLAND_BOND_BRIDGE,55,15
sevii_outdoor,119,flat,reviewed_surface,101,4,FR_THREE_ISLAND_BOND_BRIDGE,34,4
sevii_outdoor,11A,flat,unreviewed,1,1,SEVII_ONE_ISLAND,22,2
sevii_outdoor,11C,flat,reviewed_surface,8,2,FR_THREE_ISLAND_BOND_BRIDGE,44,12
sevii_outdoor,11D,flat,reviewed_surface,26,2,FR_THREE_ISLAND_BOND_BRIDGE,45,12
sevii_outdoor,11E,flat,unreviewed,13,2,FR_THREE_ISLAND_BOND_BRIDGE,33,14
sevii_outdoor,11F,flat,unreviewed,7,3,SEVII_ONE_ISLAND,23,6
sevii_outdoor,120,flat,unreviewed,2,1,SEVII_ONE_ISLAND,4,16
sevii_outdoor,121,flat,unreviewed,1,1,SEVII_ONE_ISLAND,22,18
sevii_outdoor,01C,tree,modeled_tree,168,3,FR_THREE_ISLAND,0,34
sevii_outdoor,123,flat,unreviewed,13,2,SEVII_ONE_ISLAND,5,16
sevii_outdoor,124,flat,unreviewed,1,1,SEVII_ONE_ISLAND,17,16
sevii_outdoor,125,flat,reviewed_surface,11,3,FR_THREE_ISLAND_BOND_BRIDGE,44,9
sevii_outdoor,126,flat,reviewed_surface,11,3,FR_THREE_ISLAND_BOND_BRIDGE,29,7
sevii_outdoor,127,flat,unreviewed,3,1,FR_TWO_ISLAND_CAPE_BRINK,11,23
sevii_outdoor,129,flat,unreviewed,1,1,SEVII_ONE_ISLAND_KINDLE_ROAD,7,136
sevii_outdoor,12A,flat,reviewed_surface,7,2,SEVII_ONE_ISLAND,22,0
sevii_outdoor,12B,flat,reviewed_surface,1272,4,FR_THREE_ISLAND_BOND_BRIDGE,54,14
sevii_outdoor,01D,tree,modeled_tree,163,3,FR_THREE_ISLAND,11,0
sevii_outdoor,002,sign,modeled_sign,10,5,FR_THREE_ISLAND,12,31
sevii_outdoor,12C,flat,reviewed_surface,4,2,SEVII_ONE_ISLAND,22,19
sevii_outdoor,12D,flat,reviewed_surface,4,2,FR_THREE_ISLAND_BOND_BRIDGE,54,12
sevii_outdoor,12E,flat,reviewed_surface,7,1,SEVII_ONE_ISLAND_KINDLE_ROAD,18,27
sevii_outdoor,12F,flat,unreviewed,3,1,FR_TWO_ISLAND_CAPE_BRINK,11,24
sevii_outdoor,130,flat,reviewed_surface,1,1,SEVII_ONE_ISLAND_TREASURE_BEACH,22,2
sevii_outdoor,131,flat,reviewed_surface,2,1,SEVII_ONE_ISLAND,4,17
sevii_outdoor,132,flat,unreviewed,1,1,FR_TWO_ISLAND_CAPE_BRINK,6,13
sevii_outdoor,133,flat,unreviewed,16,2,FR_THREE_ISLAND_BOND_BRIDGE,87,6
sevii_outdoor,134,flat,unreviewed,2,2,FR_THREE_ISLAND_BOND_BRIDGE,89,6
sevii_outdoor,01E,tree,modeled_tree,80,4,FR_THREE_ISLAND,8,4
sevii_outdoor,137,flat,unreviewed,3,1,FR_TWO_ISLAND_CAPE_BRINK,11,25
sevii_outdoor,01F,tree,modeled_tree,85,4,FR_THREE_ISLAND,3,14
sevii_outdoor,024,tree,modeled_tree,48,4,FR_THREE_ISLAND,10,3
sevii_outdoor,17B,flat,modeled_building,1,1,FR_THREE_ISLAND,12,23
sevii_outdoor,025,tree,modeled_tree,43,4,FR_THREE_ISLAND,3,27
sevii_outdoor,17C,flat,modeled_building,1,1,FR_THREE_ISLAND,13,23
sevii_outdoor,17D,flat,modeled_building,1,1,FR_THREE_ISLAND,14,23
sevii_outdoor,17E,flat,modeled_building,1,1,FR_THREE_ISLAND,15,23
sevii_outdoor,17F,flat,modeled_building,1,1,FR_THREE_ISLAND,16,23
sevii_outdoor,026,tree,modeled_tree,17,4,FR_THREE_ISLAND,8,5
sevii_outdoor,186,wall,modeled_building,2,2,FR_THREE_ISLAND,15,27
sevii_outdoor,187,roof,modeled_building,2,2,FR_THREE_ISLAND,16,24
sevii_outdoor,18F,flat,modeled_building,2,2,FR_THREE_ISLAND,16,25
sevii_outdoor,027,tree,modeled_tree,20,4,FR_THREE_ISLAND,9,5
sevii_outdoor,197,wall,modeled_building,2,2,FR_THREE_ISLAND,16,26
sevii_outdoor,028,roof,modeled_building,1,1,FR_THREE_ISLAND,16,9
sevii_outdoor,19F,wall,modeled_building,2,2,FR_THREE_ISLAND,16,27
sevii_outdoor,1A3,flat,unreviewed,2,1,FR_TWO_ISLAND_CAPE_BRINK,9,33
sevii_outdoor,029,roof,modeled_building,1,1,FR_THREE_ISLAND,17,9
sevii_outdoor,1A4,flat,unreviewed,2,1,FR_TWO_ISLAND_CAPE_BRINK,16,29
sevii_outdoor,1A5,flat,unreviewed,1,1,FR_TWO_ISLAND_CAPE_BRINK,10,19
sevii_outdoor,1A6,flat,unreviewed,4,1,FR_TWO_ISLAND_CAPE_BRINK,11,19
sevii_outdoor,1A7,flat,unreviewed,1,1,FR_TWO_ISLAND_CAPE_BRINK,14,19
sevii_outdoor,1AD,flat,unreviewed,9,1,FR_TWO_ISLAND_CAPE_BRINK,9,34
sevii_outdoor,02A,roof,modeled_building,1,1,FR_THREE_ISLAND,18,9
sevii_outdoor,1AE,flat,unreviewed,48,1,FR_TWO_ISLAND_CAPE_BRINK,10,34
sevii_outdoor,1AF,flat,unreviewed,9,1,FR_TWO_ISLAND_CAPE_BRINK,16,34
sevii_outdoor,1B3,flat,unreviewed,1,1,FR_TWO_ISLAND_CAPE_BRINK,15,29
sevii_outdoor,1B4,flat,unreviewed,1,1,FR_TWO_ISLAND_CAPE_BRINK,10,33
sevii_outdoor,02B,roof,modeled_building,1,1,FR_THREE_ISLAND,19,9
sevii_outdoor,1BD,flat,unreviewed,1,1,FR_THREE_ISLAND_BOND_BRIDGE,34,9
sevii_outdoor,1BE,flat,unreviewed,8,1,FR_THREE_ISLAND_BOND_BRIDGE,40,9
sevii_outdoor,1BF,flat,unreviewed,1,1,FR_THREE_ISLAND_BOND_BRIDGE,43,9
sevii_outdoor,1C5,flat,unreviewed,8,4,FR_NAVEL_ROCK_EXTERIOR,8,15
sevii_outdoor,1C6,flat,unreviewed,15,4,FR_NAVEL_ROCK_EXTERIOR,9,15
sevii_outdoor,1C7,flat,unreviewed,8,4,FR_NAVEL_ROCK_EXTERIOR,10,12
sevii_outdoor,1CB,flat,unreviewed,49,4,FR_THREE_ISLAND_BOND_BRIDGE,48,16
sevii_outdoor,1CC,flat,unreviewed,48,4,FR_THREE_ISLAND_BOND_BRIDGE,49,16
sevii_outdoor,1CD,flat,unreviewed,1,1,FR_THREE_ISLAND_BOND_BRIDGE,34,11
sevii_outdoor,1CE,flat,unreviewed,9,1,FR_THREE_ISLAND_BOND_BRIDGE,40,11
sevii_outdoor,1D0,flat,reviewed_surface,14,3,FR_THREE_ISLAND_BOND_BRIDGE,33,19
sevii_outdoor,1D1,flat,reviewed_surface,19,2,SEVII_ONE_ISLAND_KINDLE_ROAD,12,138
sevii_outdoor,1D2,flat,reviewed_surface,11,3,FR_THREE_ISLAND_BOND_BRIDGE,53,19
sevii_outdoor,1D3,flat,unreviewed,48,3,FR_THREE_ISLAND_BOND_BRIDGE,31,5
sevii_outdoor,1D4,flat,reviewed_surface,48,3,FR_THREE_ISLAND_BOND_BRIDGE,58,19
sevii_outdoor,1D5,flat,unreviewed,15,3,FR_THREE_ISLAND_BOND_BRIDGE,15,13
sevii_outdoor,1D6,flat,unreviewed,24,4,FR_THREE_ISLAND_BOND_BRIDGE,19,13
sevii_outdoor,1D7,flat,unreviewed,11,3,FR_THREE_ISLAND_BOND_BRIDGE,55,10
sevii_outdoor,1D8,flat,reviewed_surface,21,2,SEVII_ONE_ISLAND_KINDLE_ROAD,8,139
sevii_outdoor,1D9,flat,reviewed_surface,148,3,FR_THREE_ISLAND_BOND_BRIDGE,41,0
sevii_outdoor,1DA,flat,reviewed_surface,21,1,SEVII_ONE_ISLAND_TREASURE_BEACH,0,12
sevii_outdoor,1DD,flat,unreviewed,13,3,FR_THREE_ISLAND_BOND_BRIDGE,15,14
sevii_outdoor,1DF,flat,unreviewed,5,2,FR_THREE_ISLAND_BOND_BRIDGE,18,12
sevii_outdoor,1E0,flat,unreviewed,13,3,FR_THREE_ISLAND_BOND_BRIDGE,29,0
sevii_outdoor,1E1,flat,unreviewed,4,1,SEVII_ONE_ISLAND_KINDLE_ROAD,22,44
sevii_outdoor,1E2,flat,unreviewed,9,3,FR_THREE_ISLAND_BOND_BRIDGE,44,0
sevii_outdoor,1E5,flat,unreviewed,13,3,SEVII_ONE_ISLAND,18,13
sevii_outdoor,1E6,flat,unreviewed,10,2,SEVII_ONE_ISLAND_KINDLE_ROAD,8,75
sevii_outdoor,1E7,flat,unreviewed,10,1,SEVII_ONE_ISLAND_TREASURE_BEACH,15,27
sevii_outdoor,1E8,flat,unreviewed,9,3,FR_THREE_ISLAND_BOND_BRIDGE,16,13
sevii_outdoor,1E9,flat,unreviewed,6,3,FR_THREE_ISLAND_BOND_BRIDGE,18,13
sevii_outdoor,030,roof,modeled_building,1,1,FR_THREE_ISLAND,16,10
sevii_outdoor,1EA,flat,unreviewed,10,3,SEVII_ONE_ISLAND,19,13
sevii_outdoor,1EB,flat,unreviewed,6,1,SEVII_ONE_ISLAND_TREASURE_BEACH,6,22
sevii_outdoor,1F1,flat,unreviewed,1,1,SEVII_ONE_ISLAND_KINDLE_ROAD,16,110
sevii_outdoor,1F2,flat,unreviewed,1,1,SEVII_ONE_ISLAND_KINDLE_ROAD,6,104
sevii_outdoor,031,roof,modeled_building,1,1,FR_THREE_ISLAND,17,10
sevii_outdoor,004,flowers,modeled_flowers,20,3,FR_THREE_ISLAND,16,8
sevii_outdoor,1F5,flat,unreviewed,2,2,SEVII_ONE_ISLAND_KINDLE_ROAD,15,47
sevii_outdoor,1F6,flat,unreviewed,4,2,SEVII_ONE_ISLAND_KINDLE_ROAD,19,106
sevii_outdoor,1F7,flat,unreviewed,3,2,FR_MT_EMBER_EXTERIOR,29,7
sevii_outdoor,1F8,flat,unreviewed,3,1,SEVII_ONE_ISLAND_KINDLE_ROAD,4,125
sevii_outdoor,1F9,flat,unreviewed,3,1,SEVII_ONE_ISLAND_KINDLE_ROAD,3,18
sevii_outdoor,1FA,flat,unreviewed,3,2,FR_THREE_ISLAND_BOND_BRIDGE,25,19
sevii_outdoor,1FB,flat,unreviewed,26,2,FR_THREE_ISLAND_BOND_BRIDGE,31,19
sevii_outdoor,1FC,flat,unreviewed,4,2,FR_THREE_ISLAND_BOND_BRIDGE,63,17
sevii_outdoor,1FD,flat,unreviewed,1,1,SEVII_ONE_ISLAND_KINDLE_ROAD,14,47
sevii_outdoor,032,roof,modeled_building,1,1,FR_THREE_ISLAND,18,10
sevii_outdoor,1FE,flat,unreviewed,1,1,SEVII_ONE_ISLAND_KINDLE_ROAD,20,105
sevii_outdoor,1FF,flat,native_fallback,1,1,FR_MT_EMBER_SUMMIT,9,15
sevii_outdoor,1FF,flat,unreviewed,2,1,FR_MT_EMBER_EXTERIOR,29,48
sevii_outdoor,200,flat,unreviewed,3,2,FR_THREE_ISLAND_BOND_BRIDGE,32,15
sevii_outdoor,201,flat,unreviewed,2,1,FR_THREE_ISLAND_BOND_BRIDGE,56,14
sevii_outdoor,202,flat,unreviewed,28,2,FR_THREE_ISLAND_BOND_BRIDGE,27,0
sevii_outdoor,204,flat,unreviewed,19,2,FR_THREE_ISLAND_BOND_BRIDGE,56,16
sevii_outdoor,207,flat,unreviewed,11,1,SEVII_ONE_ISLAND_KINDLE_ROAD,11,81
sevii_outdoor,033,roof,modeled_building,1,1,FR_THREE_ISLAND,19,10
sevii_outdoor,208,flat,unreviewed,3,2,FR_THREE_ISLAND_BOND_BRIDGE,32,16
sevii_outdoor,209,flat,unreviewed,2,1,FR_THREE_ISLAND_BOND_BRIDGE,56,15
sevii_outdoor,20A,flat,unreviewed,5,2,FR_THREE_ISLAND_BOND_BRIDGE,32,19
sevii_outdoor,20C,flat,unreviewed,4,2,FR_THREE_ISLAND_BOND_BRIDGE,56,17
sevii_outdoor,20D,flat,unreviewed,2,2,FR_THREE_ISLAND_BOND_BRIDGE,44,11
sevii_outdoor,20E,flat,unreviewed,4,2,FR_THREE_ISLAND_BOND_BRIDGE,33,11
sevii_outdoor,210,flat,unreviewed,2,2,FR_THREE_ISLAND_BOND_BRIDGE,45,7
sevii_outdoor,211,flat,unreviewed,2,2,FR_THREE_ISLAND_BOND_BRIDGE,27,6
sevii_outdoor,212,flat,unreviewed,12,3,FR_THREE_ISLAND_BOND_BRIDGE,39,0
sevii_outdoor,213,flat,unreviewed,12,3,FR_THREE_ISLAND_BOND_BRIDGE,40,0
sevii_outdoor,218,flat,unreviewed,1,1,FR_THREE_ISLAND_BOND_BRIDGE,56,13
sevii_outdoor,219,flat,unreviewed,3,2,FR_THREE_ISLAND_BOND_BRIDGE,32,14
sevii_outdoor,21A,flat,unreviewed,14,3,FR_THREE_ISLAND_BOND_BRIDGE,32,1
sevii_outdoor,21B,flat,unreviewed,14,3,FR_THREE_ISLAND_BOND_BRIDGE,33,1
sevii_outdoor,038,roof,modeled_building,1,1,FR_THREE_ISLAND,16,11
sevii_outdoor,039,roof,modeled_building,1,1,FR_THREE_ISLAND,17,11
sevii_outdoor,244,flat,unreviewed,26,4,FR_NAVEL_ROCK_EXTERIOR,4,17
sevii_outdoor,245,flat,unreviewed,26,4,FR_NAVEL_ROCK_EXTERIOR,2,0
sevii_outdoor,246,flat,unreviewed,1,1,FR_THREE_ISLAND_PORT,42,5
sevii_outdoor,247,flat,unreviewed,2,1,FR_THREE_ISLAND_PORT,27,5
sevii_outdoor,24C,flat,unreviewed,26,4,FR_NAVEL_ROCK_EXTERIOR,12,15
sevii_outdoor,24D,flat,unreviewed,26,4,FR_NAVEL_ROCK_EXTERIOR,5,15
sevii_outdoor,03A,roof,modeled_building,1,1,FR_THREE_ISLAND,18,11
sevii_outdoor,24E,flat,unreviewed,10,1,FR_THREE_ISLAND_PORT,42,10
sevii_outdoor,24F,flat,unreviewed,4,1,FR_THREE_ISLAND_PORT,27,7
sevii_outdoor,256,flat,unreviewed,2,1,FR_THREE_ISLAND_PORT,42,11
sevii_outdoor,257,flat,unreviewed,2,1,FR_THREE_ISLAND_PORT,27,9
sevii_outdoor,03B,roof,modeled_building,1,1,FR_THREE_ISLAND,19,11
sevii_outdoor,005,shrub,modeled_shrub,8,2,FR_THREE_ISLAND,10,4
sevii_outdoor,265,flat,unreviewed,33,1,FR_THREE_ISLAND_PORT,10,13
sevii_outdoor,268,flat,unreviewed,3,2,FR_NAVEL_ROCK_EXTERIOR,16,11
sevii_outdoor,269,flat,unreviewed,3,3,FR_NAVEL_ROCK_EXTERIOR,2,11
sevii_outdoor,26B,flat,unreviewed,20,3,FR_NAVEL_ROCK_EXTERIOR,3,12
sevii_outdoor,26C,flat,unreviewed,3,1,FR_TWO_ISLAND,15,14
sevii_outdoor,26D,flat,unreviewed,9,2,FR_NAVEL_ROCK_EXTERIOR,17,12
sevii_outdoor,26E,flat,unreviewed,2,1,FR_THREE_ISLAND_PORT,29,13
sevii_outdoor,26F,flat,unreviewed,13,3,FR_NAVEL_ROCK_EXTERIOR,1,12
sevii_outdoor,270,flat,unreviewed,2,2,FR_NAVEL_ROCK_EXTERIOR,1,4
sevii_outdoor,271,flat,unreviewed,1,1,FR_NAVEL_ROCK_EXTERIOR,17,4
sevii_outdoor,272,flat,unreviewed,12,2,FR_NAVEL_ROCK_EXTERIOR,17,6
sevii_outdoor,273,flat,unreviewed,109,3,FR_THREE_ISLAND_PORT,32,13
sevii_outdoor,274,flat,unreviewed,38,4,FR_NAVEL_ROCK_EXTERIOR,1,5
sevii_outdoor,275,flat,unreviewed,4,1,FR_THREE_ISLAND_PORT,43,12
sevii_outdoor,276,flat,unreviewed,927,4,FR_NAVEL_ROCK_EXTERIOR,0,15
sevii_outdoor,278,flat,unreviewed,6,3,FR_NAVEL_ROCK_EXTERIOR,2,12
sevii_outdoor,279,flat,unreviewed,4,2,FR_NAVEL_ROCK_EXTERIOR,17,11
sevii_outdoor,27A,flat,unreviewed,5,1,FR_TWO_ISLAND_CAPE_BRINK,3,15
sevii_outdoor,27C,flat,unreviewed,7,1,FR_TWO_ISLAND_CAPE_BRINK,16,13
sevii_outdoor,27D,flat,unreviewed,8,2,FR_NAVEL_ROCK_EXTERIOR,15,1
sevii_outdoor,27F,flat,unreviewed,7,2,FR_NAVEL_ROCK_EXTERIOR,2,2
sevii_outdoor,281,flat,unreviewed,1,1,FR_TWO_ISLAND,37,6
sevii_outdoor,282,flat,unreviewed,1,1,FR_TWO_ISLAND,38,6
sevii_outdoor,283,flat,unreviewed,1,1,FR_TWO_ISLAND,39,6
sevii_outdoor,284,flat,unreviewed,1,1,FR_TWO_ISLAND,40,6
sevii_outdoor,285,flat,unreviewed,1,1,FR_TWO_ISLAND,41,6
sevii_outdoor,286,flat,modeled_building,4,2,FR_THREE_ISLAND,11,4
sevii_outdoor,286,flat,unreviewed,4,3,FR_THREE_ISLAND,11,10
sevii_outdoor,287,flat,modeled_building,4,2,FR_THREE_ISLAND,12,4
sevii_outdoor,287,flat,unreviewed,4,3,FR_THREE_ISLAND,12,10
sevii_outdoor,288,flat,unreviewed,1,1,SEVII_ONE_ISLAND,17,18
sevii_outdoor,289,flat,unreviewed,1,1,FR_TWO_ISLAND,37,7
sevii_outdoor,040,wall,modeled_building,1,1,FR_THREE_ISLAND,16,12
sevii_outdoor,28A,flat,unreviewed,1,1,FR_TWO_ISLAND,38,7
sevii_outdoor,28B,flat,unreviewed,1,1,FR_TWO_ISLAND,39,7
sevii_outdoor,28C,flat,unreviewed,1,1,FR_TWO_ISLAND,40,7
sevii_outdoor,28D,flat,unreviewed,1,1,FR_TWO_ISLAND,41,7
sevii_outdoor,28E,flat,modeled_building,4,2,FR_THREE_ISLAND,11,5
sevii_outdoor,28E,flat,unreviewed,4,3,FR_THREE_ISLAND,11,11
sevii_outdoor,28F,flat,modeled_building,4,2,FR_THREE_ISLAND,12,5
sevii_outdoor,28F,flat,unreviewed,4,3,FR_THREE_ISLAND,12,11
sevii_outdoor,290,flat,unreviewed,2,2,FR_THREE_ISLAND_PORT,9,14
sevii_outdoor,291,flat,unreviewed,1,1,FR_TWO_ISLAND,37,8
sevii_outdoor,292,flat,unreviewed,1,1,FR_TWO_ISLAND,38,8
sevii_outdoor,293,flat,unreviewed,1,1,FR_TWO_ISLAND,39,8
sevii_outdoor,041,wall,modeled_building,1,1,FR_THREE_ISLAND,17,12
sevii_outdoor,294,flat,unreviewed,1,1,FR_TWO_ISLAND,40,8
sevii_outdoor,295,flat,unreviewed,1,1,FR_TWO_ISLAND,41,8
sevii_outdoor,296,flat,modeled_building,5,2,FR_THREE_ISLAND,11,6
sevii_outdoor,296,flat,unreviewed,4,3,FR_THREE_ISLAND,11,12
sevii_outdoor,297,flat,modeled_building,5,2,FR_THREE_ISLAND,12,6
sevii_outdoor,297,flat,unreviewed,4,3,FR_THREE_ISLAND,12,12
sevii_outdoor,298,flat,unreviewed,2,2,FR_THREE_ISLAND_PORT,9,16
sevii_outdoor,299,flat,unreviewed,1,1,FR_TWO_ISLAND,37,9
sevii_outdoor,29A,flat,unreviewed,1,1,FR_TWO_ISLAND,38,9
sevii_outdoor,29B,flat,unreviewed,1,1,FR_TWO_ISLAND,39,9
sevii_outdoor,29C,flat,unreviewed,1,1,FR_TWO_ISLAND,40,9
sevii_outdoor,29D,flat,unreviewed,1,1,FR_TWO_ISLAND,41,9
sevii_outdoor,29E,flat,modeled_building,8,2,FR_THREE_ISLAND,6,4
sevii_outdoor,29E,flat,unreviewed,8,3,FR_THREE_ISLAND,13,10
sevii_outdoor,29F,flat,modeled_building,4,2,FR_THREE_ISLAND,7,4
sevii_outdoor,29F,flat,unreviewed,4,3,FR_THREE_ISLAND,15,10
sevii_outdoor,2A0,flat,unreviewed,1,1,FR_TWO_ISLAND,26,2
sevii_outdoor,2A1,flat,unreviewed,1,1,FR_TWO_ISLAND,26,3
sevii_outdoor,2A3,flat,unreviewed,1,1,FR_TWO_ISLAND,31,1
sevii_outdoor,2A4,flat,unreviewed,5,3,FR_NAVEL_ROCK_EXTERIOR,6,18
sevii_outdoor,2A5,flat,modeled_building,4,2,FR_THREE_ISLAND,6,5
sevii_outdoor,2A5,flat,unreviewed,4,3,FR_THREE_ISLAND,14,11
sevii_outdoor,2A6,flat,modeled_building,4,2,FR_THREE_ISLAND,5,5
sevii_outdoor,2A6,flat,unreviewed,4,3,FR_THREE_ISLAND,14,18
sevii_outdoor,2A7,flat,modeled_building,4,2,FR_THREE_ISLAND,15,5
sevii_outdoor,2A7,flat,unreviewed,4,3,FR_THREE_ISLAND,16,18
sevii_outdoor,2A8,flat,unreviewed,1,1,FR_TWO_ISLAND,27,1
sevii_outdoor,2A9,flat,unreviewed,2,1,FR_TWO_ISLAND,28,1
sevii_outdoor,2AA,flat,unreviewed,1,1,FR_TWO_ISLAND,30,1
sevii_outdoor,2AB,flat,unreviewed,1,1,FR_TWO_ISLAND,31,2
sevii_outdoor,2AC,flat,unreviewed,2,2,FR_THREE_ISLAND_PORT,9,18
sevii_outdoor,2AD,flat,modeled_building,5,2,FR_THREE_ISLAND,6,6
sevii_outdoor,2AD,flat,unreviewed,4,3,FR_THREE_ISLAND,14,12
sevii_outdoor,2AE,flat,modeled_building,5,2,FR_THREE_ISLAND,5,6
sevii_outdoor,2AE,flat,unreviewed,4,3,FR_THREE_ISLAND,13,12
sevii_outdoor,2AF,flat,modeled_building,5,2,FR_THREE_ISLAND,7,6
sevii_outdoor,2AF,flat,unreviewed,4,3,FR_THREE_ISLAND,15,12
sevii_outdoor,2B0,flat,unreviewed,1,1,FR_TWO_ISLAND,27,2
sevii_outdoor,2B1,flat,unreviewed,2,1,FR_TWO_ISLAND,28,2
sevii_outdoor,2B2,flat,unreviewed,1,1,FR_TWO_ISLAND,30,2
sevii_outdoor,2B3,flat,unreviewed,3,1,FR_TWO_ISLAND,25,3
sevii_outdoor,2B4,flat,unreviewed,4,4,FR_NAVEL_ROCK_EXTERIOR,8,16
sevii_outdoor,2B5,flat,unreviewed,4,4,FR_NAVEL_ROCK_EXTERIOR,9,16
sevii_outdoor,2B6,flat,unreviewed,4,4,FR_NAVEL_ROCK_EXTERIOR,10,16
sevii_outdoor,2B7,flat,unreviewed,1,1,SEVII_ONE_ISLAND,15,19
sevii_outdoor,2B8,flat,unreviewed,1,1,FR_TWO_ISLAND,27,3
sevii_outdoor,2B9,flat,unreviewed,1,1,FR_TWO_ISLAND,26,4
sevii_outdoor,2BA,flat,unreviewed,1,1,FR_TWO_ISLAND,30,3
sevii_outdoor,2BB,flat,unreviewed,2,1,FR_TWO_ISLAND,31,4
sevii_outdoor,2BC,flat,unreviewed,1,1,FR_TWO_ISLAND,27,4
sevii_outdoor,2BD,flat,unreviewed,1,1,SEVII_ONE_ISLAND,9,19
sevii_outdoor,2BE,flat,modeled_building,1,1,SEVII_ONE_ISLAND,20,6
sevii_outdoor,2BF,flat,unreviewed,1,1,SEVII_ONE_ISLAND_TREASURE_BEACH,15,1
sevii_outdoor,2C0,flat,modeled_building,1,1,SEVII_ONE_ISLAND,11,0
sevii_outdoor,2C1,flat,native_fallback,19,1,FR_MT_EMBER_SUMMIT,2,8
sevii_outdoor,2C2,flat,modeled_building,2,1,SEVII_ONE_ISLAND,12,0
sevii_outdoor,2C3,flat,modeled_building,1,1,SEVII_ONE_ISLAND,14,0
sevii_outdoor,2C4,flat,modeled_building,2,1,SEVII_ONE_ISLAND,15,0
sevii_outdoor,2C5,flat,unreviewed,1,1,SEVII_ONE_ISLAND_TREASURE_BEACH,9,1
sevii_outdoor,2C6,flat,modeled_building,1,1,SEVII_ONE_ISLAND,17,0
sevii_outdoor,2C7,flat,unreviewed,2,1,SEVII_ONE_ISLAND_TREASURE_BEACH,15,0
sevii_outdoor,2C8,flat,modeled_building,1,1,SEVII_ONE_ISLAND,11,1
sevii_outdoor,2CA,flat,modeled_building,3,1,SEVII_ONE_ISLAND,12,2
sevii_outdoor,2CB,flat,modeled_building,1,1,SEVII_ONE_ISLAND,14,1
sevii_outdoor,2CC,flat,modeled_building,3,1,SEVII_ONE_ISLAND,15,1
sevii_outdoor,2CD,flat,unreviewed,2,1,SEVII_ONE_ISLAND_TREASURE_BEACH,9,0
sevii_outdoor,2CE,flat,modeled_building,1,1,SEVII_ONE_ISLAND,17,1
sevii_outdoor,2CF,flat,unreviewed,1,1,SEVII_ONE_ISLAND_TREASURE_BEACH,15,3
sevii_outdoor,2D0,flat,modeled_building,1,1,SEVII_ONE_ISLAND,11,2
sevii_outdoor,2D1,flat,unreviewed,1,1,SEVII_ONE_ISLAND,13,6
sevii_outdoor,2D2,flat,modeled_building,1,1,SEVII_ONE_ISLAND,13,2
sevii_outdoor,2D3,flat,modeled_building,1,1,SEVII_ONE_ISLAND,14,2
sevii_outdoor,2D4,flat,modeled_building,1,1,SEVII_ONE_ISLAND,15,2
sevii_outdoor,2D5,flat,unreviewed,1,1,SEVII_ONE_ISLAND_TREASURE_BEACH,9,3
sevii_outdoor,2D6,flat,modeled_building,1,1,SEVII_ONE_ISLAND,17,2
sevii_outdoor,2D7,flat,unreviewed,2,2,FR_THREE_ISLAND_PORT,15,14
sevii_outdoor,2D8,flat,modeled_building,1,1,SEVII_ONE_ISLAND,11,3
sevii_outdoor,2D9,flat,modeled_building,1,1,SEVII_ONE_ISLAND,12,3
sevii_outdoor,048,roof,modeled_building,2,2,FR_THREE_ISLAND,12,24
sevii_outdoor,2DA,flat,modeled_building,1,1,SEVII_ONE_ISLAND,13,3
sevii_outdoor,2DB,flat,modeled_building,1,1,SEVII_ONE_ISLAND,14,3
sevii_outdoor,2DC,flat,modeled_building,1,1,SEVII_ONE_ISLAND,15,3
sevii_outdoor,2DD,flat,modeled_building,1,1,SEVII_ONE_ISLAND,16,3
sevii_outdoor,2DE,flat,modeled_building,1,1,SEVII_ONE_ISLAND,17,3
sevii_outdoor,2DF,flat,unreviewed,2,2,FR_THREE_ISLAND_PORT,15,16
sevii_outdoor,2E0,flat,modeled_building,1,1,SEVII_ONE_ISLAND,11,4
sevii_outdoor,2E1,flat,modeled_building,1,1,SEVII_ONE_ISLAND,12,4
sevii_outdoor,2E2,flat,modeled_building,1,1,SEVII_ONE_ISLAND,13,4
sevii_outdoor,2E3,flat,modeled_building,1,1,SEVII_ONE_ISLAND,14,4
sevii_outdoor,049,roof,modeled_building,2,2,FR_THREE_ISLAND,13,24
sevii_outdoor,2E4,flat,modeled_building,1,1,SEVII_ONE_ISLAND,15,4
sevii_outdoor,2E5,flat,modeled_building,1,1,SEVII_ONE_ISLAND,16,4
sevii_outdoor,2E6,flat,modeled_building,1,1,SEVII_ONE_ISLAND,17,4
sevii_outdoor,2E7,flat,unreviewed,5,3,FR_NAVEL_ROCK_EXTERIOR,12,18
sevii_outdoor,2E8,flat,modeled_building,1,1,SEVII_ONE_ISLAND,11,5
sevii_outdoor,2E9,flat,modeled_building,1,1,SEVII_ONE_ISLAND,12,5
sevii_outdoor,2EA,flat,modeled_building,1,1,SEVII_ONE_ISLAND,13,5
sevii_outdoor,2EB,flat,modeled_building,1,1,SEVII_ONE_ISLAND,14,5
sevii_outdoor,2EC,flat,modeled_building,1,1,SEVII_ONE_ISLAND,15,5
sevii_outdoor,2ED,flat,modeled_building,1,1,SEVII_ONE_ISLAND,16,5
sevii_outdoor,04A,roof,modeled_building,2,2,FR_THREE_ISLAND,14,24
sevii_outdoor,2EE,flat,modeled_building,1,1,SEVII_ONE_ISLAND,17,5
sevii_outdoor,2EF,flat,unreviewed,2,2,FR_THREE_ISLAND_PORT,15,18
sevii_outdoor,2F0,flat,unreviewed,4,4,FR_NAVEL_ROCK_EXTERIOR,7,17
sevii_outdoor,2F1,flat,unreviewed,12,4,FR_NAVEL_ROCK_EXTERIOR,9,17
sevii_outdoor,2F2,flat,unreviewed,4,4,FR_NAVEL_ROCK_EXTERIOR,11,17
sevii_outdoor,2F3,flat,unreviewed,4,4,FR_NAVEL_ROCK_EXTERIOR,7,20
sevii_outdoor,2F4,flat,unreviewed,4,4,FR_NAVEL_ROCK_EXTERIOR,8,20
sevii_outdoor,2F5,flat,unreviewed,4,4,FR_NAVEL_ROCK_EXTERIOR,9,20
sevii_outdoor,2F6,flat,unreviewed,4,4,FR_NAVEL_ROCK_EXTERIOR,10,20
sevii_outdoor,2F7,flat,unreviewed,4,4,FR_NAVEL_ROCK_EXTERIOR,11,20
sevii_outdoor,04B,roof,modeled_building,2,2,FR_THREE_ISLAND,15,24
sevii_outdoor,2F8,flat,unreviewed,4,4,FR_NAVEL_ROCK_EXTERIOR,7,18
sevii_outdoor,2F9,flat,unreviewed,12,4,FR_NAVEL_ROCK_EXTERIOR,8,18
sevii_outdoor,2FA,flat,unreviewed,4,4,FR_NAVEL_ROCK_EXTERIOR,11,18
sevii_outdoor,2FB,flat,unreviewed,1,1,SEVII_ONE_ISLAND_TREASURE_BEACH,10,3
sevii_outdoor,2FC,flat,unreviewed,1,1,SEVII_ONE_ISLAND_TREASURE_BEACH,11,3
sevii_outdoor,2FD,flat,unreviewed,1,1,SEVII_ONE_ISLAND_TREASURE_BEACH,12,3
sevii_outdoor,2FE,flat,unreviewed,1,1,SEVII_ONE_ISLAND_TREASURE_BEACH,13,3
sevii_outdoor,2FF,flat,unreviewed,1,1,SEVII_ONE_ISLAND_TREASURE_BEACH,14,3
sevii_outdoor,300,flat,unreviewed,4,4,FR_NAVEL_ROCK_EXTERIOR,7,19
sevii_outdoor,301,flat,unreviewed,12,4,FR_NAVEL_ROCK_EXTERIOR,9,19
sevii_outdoor,302,flat,unreviewed,4,4,FR_NAVEL_ROCK_EXTERIOR,11,19
sevii_outdoor,303,flat,modeled_building,1,1,FR_TWO_ISLAND,19,3
sevii_outdoor,304,flat,modeled_building,1,1,FR_TWO_ISLAND,20,3
sevii_outdoor,305,flat,modeled_building,1,1,FR_TWO_ISLAND,21,3
sevii_outdoor,306,flat,modeled_building,1,1,FR_TWO_ISLAND,22,3
sevii_outdoor,307,flat,modeled_building,1,1,FR_TWO_ISLAND,23,3
sevii_outdoor,30B,flat,unreviewed,3,3,FR_NAVEL_ROCK_EXTERIOR,7,21
sevii_outdoor,30C,flat,unreviewed,3,3,FR_NAVEL_ROCK_EXTERIOR,8,21
sevii_outdoor,30D,flat,unreviewed,3,3,FR_NAVEL_ROCK_EXTERIOR,9,21
sevii_outdoor,30E,flat,unreviewed,3,3,FR_NAVEL_ROCK_EXTERIOR,10,21
sevii_outdoor,30F,flat,unreviewed,3,3,FR_NAVEL_ROCK_EXTERIOR,11,21
sevii_outdoor,310,flat,modeled_building,2,1,FR_THREE_ISLAND,11,3
sevii_outdoor,311,flat,modeled_building,3,2,FR_THREE_ISLAND,5,3
sevii_outdoor,312,flat,modeled_building,4,1,FR_THREE_ISLAND,4,3
sevii_outdoor,313,flat,modeled_building,2,1,FR_THREE_ISLAND,7,3
sevii_outdoor,314,flat,unreviewed,3,2,FR_THREE_ISLAND,11,9
sevii_outdoor,315,flat,unreviewed,4,2,FR_THREE_ISLAND,13,16
sevii_outdoor,316,flat,unreviewed,5,2,FR_THREE_ISLAND,14,9
sevii_outdoor,317,flat,modeled_building,1,1,SEVII_ONE_ISLAND,11,8
sevii_outdoor,317,flat,unreviewed,3,2,FR_THREE_ISLAND,15,9
sevii_outdoor,318,flat,modeled_building,1,1,SEVII_ONE_ISLAND,18,6
sevii_outdoor,319,flat,modeled_building,1,1,SEVII_ONE_ISLAND,19,6
sevii_outdoor,31A,flat,modeled_building,1,1,SEVII_ONE_ISLAND,21,6
sevii_outdoor,31B,flat,modeled_building,1,1,SEVII_ONE_ISLAND,22,6
sevii_outdoor,31C,flat,modeled_building,1,1,FR_THREE_ISLAND,2,28
sevii_outdoor,31D,flat,modeled_building,1,1,FR_THREE_ISLAND,3,28
sevii_outdoor,31E,flat,modeled_building,2,1,FR_THREE_ISLAND,4,28
sevii_outdoor,31F,flat,modeled_building,1,1,FR_THREE_ISLAND,6,28
sevii_outdoor,320,flat,unreviewed,1,1,FR_TWO_ISLAND_CAPE_BRINK,11,13
sevii_outdoor,321,flat,unreviewed,2,1,FR_TWO_ISLAND_CAPE_BRINK,12,13
sevii_outdoor,322,flat,unreviewed,1,1,FR_TWO_ISLAND_CAPE_BRINK,14,13
sevii_outdoor,323,flat,unreviewed,1,1,FR_TWO_ISLAND_CAPE_BRINK,15,13
sevii_outdoor,324,flat,unreviewed,2,1,FR_THREE_ISLAND_PORT,7,10
sevii_outdoor,326,flat,unreviewed,5,1,FR_THREE_ISLAND_PORT,18,6
sevii_outdoor,327,flat,unreviewed,3,1,FR_THREE_ISLAND_PORT,7,8
sevii_outdoor,328,flat,unreviewed,1,1,FR_THREE_ISLAND_PORT,7,9
sevii_outdoor,329,flat,unreviewed,1,1,FR_THREE_ISLAND_PORT,18,5
sevii_outdoor,050,roof,modeled_building,2,2,FR_THREE_ISLAND,12,25
sevii_outdoor,32A,flat,unreviewed,1,1,FR_THREE_ISLAND_PORT,7,5
sevii_outdoor,32B,flat,unreviewed,1,1,FR_THREE_ISLAND_PORT,16,11
sevii_outdoor,32C,flat,unreviewed,1,1,FR_THREE_ISLAND_PORT,7,12
sevii_outdoor,32D,flat,unreviewed,6,1,FR_THREE_ISLAND_PORT,10,12
sevii_outdoor,32E,flat,unreviewed,2,1,FR_THREE_ISLAND_PORT,16,12
sevii_outdoor,32F,flat,unreviewed,10,1,FR_TWO_ISLAND_CAPE_BRINK,10,12
sevii_outdoor,330,flat,unreviewed,1,1,FR_THREE_ISLAND_BOND_BRIDGE,11,4
sevii_outdoor,331,flat,unreviewed,1,1,FR_THREE_ISLAND_BOND_BRIDGE,12,4
sevii_outdoor,332,flat,unreviewed,1,1,FR_THREE_ISLAND_BOND_BRIDGE,13,4
sevii_outdoor,333,flat,unreviewed,1,1,FR_THREE_ISLAND_BOND_BRIDGE,14,4
sevii_outdoor,051,roof,modeled_building,2,2,FR_THREE_ISLAND,13,25
sevii_outdoor,334,flat,native_fallback,23,1,FR_MT_EMBER_SUMMIT,13,15
sevii_outdoor,334,flat,unreviewed,155,3,FR_MT_EMBER_EXTERIOR,48,41
sevii_outdoor,335,flat,native_fallback,26,1,FR_MT_EMBER_SUMMIT,1,12
sevii_outdoor,335,flat,unreviewed,143,3,FR_MT_EMBER_EXTERIOR,16,27
sevii_outdoor,336,flat,unreviewed,35,3,FR_MT_EMBER_EXTERIOR,16,28
sevii_outdoor,337,flat,unreviewed,19,3,FR_MT_EMBER_EXTERIOR,27,53
sevii_outdoor,338,flat,unreviewed,1,1,FR_THREE_ISLAND_BOND_BRIDGE,11,5
sevii_outdoor,339,flat,unreviewed,1,1,FR_THREE_ISLAND_BOND_BRIDGE,12,5
sevii_outdoor,33A,flat,unreviewed,1,1,FR_THREE_ISLAND_BOND_BRIDGE,13,5
sevii_outdoor,33B,flat,unreviewed,1,1,FR_THREE_ISLAND_BOND_BRIDGE,14,5
sevii_outdoor,33C,flat,native_fallback,3,1,FR_MT_EMBER_SUMMIT,2,6
sevii_outdoor,33C,flat,unreviewed,3,1,FR_NAVEL_ROCK_EXTERIOR,14,2
sevii_outdoor,33D,flat,native_fallback,3,1,FR_MT_EMBER_SUMMIT,13,6
sevii_outdoor,33D,flat,unreviewed,3,1,FR_NAVEL_ROCK_EXTERIOR,4,2
sevii_outdoor,052,roof,modeled_building,2,2,FR_THREE_ISLAND,14,25
sevii_outdoor,33E,flat,unreviewed,17,3,FR_MT_EMBER_EXTERIOR,8,29
sevii_outdoor,33F,flat,unreviewed,12,3,FR_MT_EMBER_EXTERIOR,25,27
sevii_outdoor,340,flat,unreviewed,1,1,FR_THREE_ISLAND_BOND_BRIDGE,11,6
sevii_outdoor,341,flat,unreviewed,1,1,FR_THREE_ISLAND_BOND_BRIDGE,12,6
sevii_outdoor,342,flat,unreviewed,1,1,FR_THREE_ISLAND_BOND_BRIDGE,13,6
sevii_outdoor,343,flat,unreviewed,1,1,FR_THREE_ISLAND_BOND_BRIDGE,14,6
sevii_outdoor,344,flat,unreviewed,5,1,SEVII_ONE_ISLAND_KINDLE_ROAD,10,15
sevii_outdoor,345,flat,unreviewed,11,1,FR_MT_EMBER_EXTERIOR,15,27
sevii_outdoor,346,flat,unreviewed,3,2,FR_MT_EMBER_EXTERIOR,14,24
sevii_outdoor,347,flat,unreviewed,8,1,FR_MT_EMBER_EXTERIOR,36,45
sevii_outdoor,053,roof,modeled_building,2,2,FR_THREE_ISLAND,15,25
sevii_outdoor,34B,flat,native_fallback,3,1,FR_MT_EMBER_SUMMIT,6,5
sevii_outdoor,34C,flat,native_fallback,4,1,FR_MT_EMBER_SUMMIT,5,6
sevii_outdoor,34D,flat,native_fallback,4,1,FR_MT_EMBER_SUMMIT,12,5
sevii_outdoor,34E,flat,unreviewed,17,1,FR_MT_EMBER_EXTERIOR,15,25
sevii_outdoor,34F,flat,unreviewed,11,1,FR_MT_EMBER_EXTERIOR,36,44
sevii_outdoor,350,flat,unreviewed,6,1,SEVII_ONE_ISLAND_KINDLE_ROAD,17,15
sevii_outdoor,351,flat,native_fallback,17,1,FR_MT_EMBER_SUMMIT,17,15
sevii_outdoor,351,flat,unreviewed,981,3,FR_MT_EMBER_EXTERIOR,17,27
sevii_outdoor,352,flat,unreviewed,6,1,SEVII_ONE_ISLAND_KINDLE_ROAD,22,13
sevii_outdoor,353,flat,native_fallback,26,1,FR_MT_EMBER_SUMMIT,1,13
sevii_outdoor,353,flat,unreviewed,361,3,FR_MT_EMBER_EXTERIOR,18,27
sevii_outdoor,354,flat,unreviewed,1,1,FR_MT_EMBER_EXTERIOR,33,26
sevii_outdoor,355,flat,native_fallback,30,1,FR_MT_EMBER_SUMMIT,16,15
sevii_outdoor,355,flat,unreviewed,296,3,FR_MT_EMBER_EXTERIOR,12,27
sevii_outdoor,356,flat,unreviewed,6,1,FR_MT_EMBER_EXTERIOR,6,35
sevii_outdoor,357,flat,native_fallback,27,1,FR_MT_EMBER_SUMMIT,8,15
sevii_outdoor,357,flat,unreviewed,26,3,FR_MT_EMBER_EXTERIOR,28,0
sevii_outdoor,358,flat,unreviewed,2,1,SEVII_ONE_ISLAND_KINDLE_ROAD,17,17
sevii_outdoor,359,flat,unreviewed,128,3,FR_MT_EMBER_EXTERIOR,20,30
sevii_outdoor,35A,flat,unreviewed,2,1,SEVII_ONE_ISLAND_KINDLE_ROAD,7,17
sevii_outdoor,35B,flat,native_fallback,22,1,FR_MT_EMBER_SUMMIT,0,15
sevii_outdoor,35B,flat,unreviewed,130,3,FR_MT_EMBER_EXTERIOR,22,27
sevii_outdoor,35C,flat,native_fallback,95,1,FR_MT_EMBER_SUMMIT,14,15
sevii_outdoor,35C,flat,unreviewed,363,3,FR_MT_EMBER_EXTERIOR,10,27
sevii_outdoor,35D,flat,native_fallback,19,1,FR_MT_EMBER_SUMMIT,15,15
sevii_outdoor,35D,flat,unreviewed,148,3,FR_MT_EMBER_EXTERIOR,11,27
sevii_outdoor,35E,flat,unreviewed,5,2,FR_MT_EMBER_EXTERIOR,31,48
sevii_outdoor,35F,flat,unreviewed,1,1,FR_MT_EMBER_EXTERIOR,32,48
sevii_outdoor,360,flat,unreviewed,1,1,FR_MT_EMBER_EXTERIOR,24,48
sevii_outdoor,361,flat,unreviewed,1,1,FR_MT_EMBER_EXTERIOR,25,48
sevii_outdoor,362,flat,unreviewed,2,1,FR_MT_EMBER_EXTERIOR,33,48
sevii_outdoor,363,flat,unreviewed,1,1,FR_MT_EMBER_EXTERIOR,37,14
sevii_outdoor,364,flat,unreviewed,9,1,FR_MT_EMBER_EXTERIOR,30,26
sevii_outdoor,365,flat,unreviewed,1,1,FR_MT_EMBER_EXTERIOR,40,14
sevii_outdoor,366,flat,unreviewed,2,1,FR_MT_EMBER_EXTERIOR,28,37
sevii_outdoor,367,flat,unreviewed,1,1,FR_MT_EMBER_EXTERIOR,28,35
sevii_outdoor,368,flat,unreviewed,1,1,FR_MT_EMBER_EXTERIOR,31,43
sevii_outdoor,369,flat,unreviewed,3,1,FR_MT_EMBER_EXTERIOR,32,43
sevii_outdoor,36A,flat,unreviewed,1,1,FR_MT_EMBER_EXTERIOR,35,43
sevii_outdoor,36B,flat,unreviewed,3,1,FR_NAVEL_ROCK_EXTERIOR,10,3
sevii_outdoor,36C,flat,unreviewed,4,1,FR_NAVEL_ROCK_EXTERIOR,12,4
sevii_outdoor,36D,flat,unreviewed,1,1,FR_NAVEL_ROCK_EXTERIOR,6,19
sevii_outdoor,36E,flat,unreviewed,1,1,FR_NAVEL_ROCK_EXTERIOR,12,19
sevii_outdoor,36F,flat,unreviewed,1,1,FR_MT_EMBER_EXTERIOR,28,38
sevii_outdoor,370,flat,unreviewed,3,1,FR_NAVEL_ROCK_EXTERIOR,2,3
sevii_outdoor,371,flat,unreviewed,9,1,FR_NAVEL_ROCK_EXTERIOR,10,1
sevii_outdoor,372,flat,unreviewed,3,1,FR_NAVEL_ROCK_EXTERIOR,15,2
sevii_outdoor,373,flat,modeled_building,1,1,SEVII_ONE_ISLAND,7,8
sevii_outdoor,374,flat,unreviewed,1,1,FR_NAVEL_ROCK_EXTERIOR,6,20
sevii_outdoor,375,flat,unreviewed,1,1,FR_NAVEL_ROCK_EXTERIOR,12,20
sevii_outdoor,376,flat,unreviewed,1,1,FR_NAVEL_ROCK_EXTERIOR,6,21
sevii_outdoor,377,flat,unreviewed,1,1,FR_NAVEL_ROCK_EXTERIOR,12,21
sevii_outdoor,378,flat,unreviewed,1,1,FR_NAVEL_ROCK_EXTERIOR,6,17
sevii_outdoor,379,flat,unreviewed,1,1,FR_NAVEL_ROCK_EXTERIOR,12,17
sevii_outdoor,058,roof,modeled_building,2,2,FR_THREE_ISLAND,12,26
sevii_outdoor,37A,flat,unreviewed,1,1,FR_TWO_ISLAND_CAPE_BRINK,13,22
sevii_outdoor,37B,flat,unreviewed,1,1,FR_TWO_ISLAND_CAPE_BRINK,11,22
sevii_outdoor,37C,flat,unreviewed,3,2,FR_MT_EMBER_EXTERIOR,28,46
sevii_outdoor,37D,flat,unreviewed,15,2,FR_MT_EMBER_EXTERIOR,13,27
sevii_outdoor,37E,flat,unreviewed,5,2,FR_MT_EMBER_EXTERIOR,14,27
sevii_outdoor,37F,flat,unreviewed,3,1,SEVII_ONE_ISLAND_TREASURE_BEACH,7,34
sevii_outdoor,380,flat,modeled_building,1,1,FR_THREE_ISLAND,2,29
sevii_outdoor,381,flat,modeled_building,2,1,FR_THREE_ISLAND,4,29
sevii_outdoor,382,flat,modeled_building,1,1,FR_THREE_ISLAND,5,29
sevii_outdoor,383,flat,modeled_building,1,1,FR_THREE_ISLAND,6,29
sevii_outdoor,059,roof,modeled_building,2,2,FR_THREE_ISLAND,13,26
sevii_outdoor,008,flat,reviewed_surface,225,8,FR_MT_EMBER_EXTERIOR,8,42
sevii_outdoor,384,flat,unreviewed,7,2,FR_MT_EMBER_EXTERIOR,40,10
sevii_outdoor,385,flat,native_fallback,78,1,FR_MT_EMBER_SUMMIT,6,15
sevii_outdoor,385,flat,unreviewed,382,3,FR_MT_EMBER_EXTERIOR,26,27
sevii_outdoor,386,flat,unreviewed,7,3,FR_MT_EMBER_EXTERIOR,30,37
sevii_outdoor,387,flat,unreviewed,3,2,SEVII_ONE_ISLAND,19,14
sevii_outdoor,388,flat,modeled_building,1,1,FR_THREE_ISLAND,2,30
sevii_outdoor,389,flat,modeled_building,1,1,FR_THREE_ISLAND,3,30
sevii_outdoor,38A,flat,modeled_building,2,1,FR_THREE_ISLAND,5,30
sevii_outdoor,38B,flat,modeled_building,1,1,FR_THREE_ISLAND,6,30
sevii_outdoor,38C,flat,unreviewed,4,2,FR_MT_EMBER_EXTERIOR,35,36
sevii_outdoor,38D,flat,unreviewed,10,2,FR_MT_EMBER_EXTERIOR,23,35
sevii_outdoor,05A,roof,modeled_building,2,2,FR_THREE_ISLAND,14,26
sevii_outdoor,38E,flat,unreviewed,5,2,FR_MT_EMBER_EXTERIOR,36,33
sevii_outdoor,38F,flat,unreviewed,2,2,FR_THREE_ISLAND_BOND_BRIDGE,15,15
sevii_outdoor,390,flat,unreviewed,4,3,FR_MT_EMBER_EXTERIOR,40,11
sevii_outdoor,391,flat,unreviewed,7,2,FR_MT_EMBER_EXTERIOR,14,28
sevii_outdoor,392,flat,unreviewed,7,2,FR_MT_EMBER_EXTERIOR,35,35
sevii_outdoor,393,flat,unreviewed,8,3,FR_MT_EMBER_EXTERIOR,35,33
sevii_outdoor,394,flat,unreviewed,2,2,SEVII_ONE_ISLAND_KINDLE_ROAD,3,135
sevii_outdoor,395,flat,unreviewed,2,1,SEVII_ONE_ISLAND_TREASURE_BEACH,17,31
sevii_outdoor,396,flat,unreviewed,5,4,FR_THREE_ISLAND_BOND_BRIDGE,57,11
sevii_outdoor,397,flat,unreviewed,1,1,FR_THREE_ISLAND,19,13
sevii_outdoor,05B,roof,modeled_building,2,2,FR_THREE_ISLAND,15,26
sevii_outdoor,398,flat,modeled_building,1,1,SEVII_ONE_ISLAND,8,8
sevii_outdoor,399,flat,modeled_building,1,1,SEVII_ONE_ISLAND,9,8
sevii_outdoor,39A,flat,unreviewed,6,1,FR_THREE_ISLAND,13,28
sevii_outdoor,39B,flat,unreviewed,6,1,FR_THREE_ISLAND,13,13
sevii_outdoor,39C,flat,unreviewed,1,1,FR_THREE_ISLAND,2,32
sevii_outdoor,060,wall,modeled_building,2,2,FR_THREE_ISLAND,12,27
sevii_outdoor,061,wall,modeled_building,2,2,FR_THREE_ISLAND,13,27
sevii_outdoor,062,wall,modeled_building,3,2,FR_THREE_ISLAND,14,27
sevii_outdoor,063,wall,modeled_building,1,1,FR_THREE_ISLAND,19,12
sevii_outdoor,009,flat,reviewed_surface,234,7,FR_MT_EMBER_EXTERIOR,42,41
viridian_outdoor,064,wall,unmatched_building,2,1,FR_ROUTE_2,16,46
viridian_outdoor,065,wall,unmatched_building,2,1,FR_ROUTE_2,8,51
viridian_outdoor,066,flat,unreviewed,2,1,FR_ROUTE_2,21,46
viridian_outdoor,068,cliff,modeled_cliff,2,2,FR_ROUTE_2,13,6
viridian_outdoor,069,cliff,modeled_cliff,59,3,FR_ROUTE_2,14,6
viridian_outdoor,06A,cliff,modeled_cliff,4,3,FR_ROUTE_2,20,6
viridian_outdoor,06B,cliff,modeled_cliff,6,3,FR_ROUTE_2,14,7
viridian_outdoor,06C,cliff,modeled_cliff,56,3,FR_ROUTE_2,15,7
viridian_outdoor,06D,cliff,modeled_cliff,10,3,FR_ROUTE_2,19,7
viridian_outdoor,070,cliff,modeled_cliff,20,2,FR_ROUTE_2,13,7
viridian_outdoor,071,cliff,modeled_cliff,364,3,FR_ROUTE_2,15,8
viridian_outdoor,072,cliff,modeled_cliff,65,3,FR_ROUTE_2,20,7
viridian_outdoor,073,cliff,modeled_cliff,21,3,FR_ROUTE_2,14,8
viridian_outdoor,075,cliff,modeled_cliff,47,3,FR_ROUTE_2,19,8
viridian_outdoor,078,cliff,modeled_cliff,4,2,FR_ROUTE_2,13,11
viridian_outdoor,079,cliff,modeled_cliff,48,3,FR_ROUTE_2,14,11
viridian_outdoor,07A,cliff,modeled_cliff,6,3,FR_ROUTE_2,20,11
viridian_outdoor,07B,cliff,modeled_cliff,7,3,FR_ROUTE_2,14,10
viridian_outdoor,07C,cliff,modeled_cliff,41,3,FR_ROUTE_2,18,10
viridian_outdoor,07D,cliff,modeled_cliff,11,3,FR_ROUTE_2,19,10
viridian_outdoor,087,ledge,modeled_ledge,91,3,FR_ROUTE_2,17,37
viridian_outdoor,00D,grass,modeled_grass,149,2,FR_ROUTE_2,6,4
viridian_outdoor,00E,tree,modeled_tree,38,3,FR_ROUTE_2,10,15
viridian_outdoor,097,ledge,modeled_ledge,3,1,FR_ROUTE_2,12,70
viridian_outdoor,00F,tree,modeled_tree,39,3,FR_ROUTE_2,13,78
viridian_outdoor,0A9,flat,unreviewed,1,1,FR_ROUTE_2,17,11
viridian_outdoor,010,flat,reviewed_surface,126,3,FR_ROUTE_2,16,34
viridian_outdoor,0B0,ledge,modeled_ledge,23,3,FR_ROUTE_2,19,70
viridian_outdoor,0B1,ledge,modeled_ledge,21,3,FR_ROUTE_2,18,37
viridian_outdoor,0B2,cliff,modeled_cliff,11,2,FR_ROUTE_22,33,1
viridian_outdoor,0B3,cliff,modeled_cliff,4,1,FR_ROUTE_22,16,1
viridian_outdoor,011,flat,reviewed_surface,115,3,FR_ROUTE_2,17,34
viridian_outdoor,0BA,cliff,modeled_cliff,9,2,FR_ROUTE_22,3,19
viridian_outdoor,0BB,cliff,modeled_cliff,4,2,FR_ROUTE_22,46,19
viridian_outdoor,0BD,flat,unreviewed,11,2,FR_ROUTE_2,14,13
viridian_outdoor,0BE,flat,unreviewed,16,2,FR_ROUTE_2,18,72
viridian_outdoor,0BF,flat,unreviewed,8,2,FR_ROUTE_2,19,72
viridian_outdoor,0C0,ledge,modeled_ledge,1,1,FR_ROUTE_2,11,70
viridian_outdoor,0C1,ledge,modeled_ledge,1,1,FR_ROUTE_2,13,70
viridian_outdoor,0C3,flat,unreviewed,4,1,FR_ROUTE_2,15,13
viridian_outdoor,0C4,flat,unreviewed,1,1,FR_VIRIDIAN_CITY,17,23
viridian_outdoor,0C5,flat,unreviewed,14,2,FR_ROUTE_2,18,60
viridian_outdoor,0C6,flat,unreviewed,37,2,FR_ROUTE_2,18,74
viridian_outdoor,0C7,flat,unreviewed,15,2,FR_ROUTE_2,20,63
viridian_outdoor,001,flat,reviewed_surface,48,3,FR_ROUTE_2,19,37
viridian_outdoor,0C8,ledge,modeled_ledge,1,1,FR_ROUTE_2,4,55
viridian_outdoor,0C9,ledge,modeled_ledge,1,1,FR_ROUTE_2,7,55
viridian_outdoor,0CB,flat,unreviewed,3,2,FR_ROUTE_2,18,54
viridian_outdoor,0CC,flat,unreviewed,3,1,FR_ROUTE_2,20,15
viridian_outdoor,0CD,flat,unreviewed,12,2,FR_ROUTE_2,16,76
viridian_outdoor,0CE,flat,modeled_building,1,1,FR_VIRIDIAN_CITY,25,19
viridian_outdoor,0CE,flat,unreviewed,18,2,FR_ROUTE_2,17,76
viridian_outdoor,0CF,flat,unreviewed,10,2,FR_ROUTE_2,21,15
viridian_outdoor,014,tree,modeled_tree,251,2,FR_ROUTE_2,10,64
viridian_outdoor,0D3,flat,reviewed_surface,6,3,FR_ROUTE_2,4,9
viridian_outdoor,0D4,flat,reviewed_surface,61,3,FR_ROUTE_2,7,9
viridian_outdoor,0D5,flat,reviewed_surface,5,2,FR_ROUTE_2,20,39
viridian_outdoor,0DB,flat,reviewed_surface,49,3,FR_ROUTE_2,9,0
viridian_outdoor,015,tree,modeled_tree,268,2,FR_ROUTE_2,9,64
viridian_outdoor,0DC,flat,reviewed_surface,117,3,FR_ROUTE_2,10,0
viridian_outdoor,0DD,flat,reviewed_surface,50,3,FR_ROUTE_2,11,0
viridian_outdoor,0E3,flat,reviewed_surface,8,3,FR_ROUTE_2,4,76
viridian_outdoor,0E4,flat,reviewed_surface,54,3,FR_ROUTE_2,10,11
viridian_outdoor,0E5,flat,reviewed_surface,8,3,FR_ROUTE_2,13,76
viridian_outdoor,016,tree,modeled_tree,78,3,FR_ROUTE_2,14,78
viridian_outdoor,0E6,fence,modeled_fence,30,1,FR_ROUTE_2,14,2
viridian_outdoor,0E7,fence,modeled_fence,47,2,FR_ROUTE_22,10,12
viridian_outdoor,0E8,fence,modeled_fence,1,1,FR_ROUTE_2,12,2
viridian_outdoor,0E9,fence,modeled_fence,1,1,FR_ROUTE_2,10,13
viridian_outdoor,0EC,fence,modeled_fence,2,2,FR_ROUTE_22,2,4
viridian_outdoor,0ED,fence,modeled_fence,3,3,FR_ROUTE_2,6,78
viridian_outdoor,017,tree,modeled_tree,61,3,FR_ROUTE_2,15,27
viridian_outdoor,0F0,fence,modeled_fence,10,1,FR_ROUTE_2,12,6
viridian_outdoor,0F2,fence,modeled_fence,1,1,FR_ROUTE_2,10,14
viridian_outdoor,0F3,fence,modeled_fence,1,1,FR_ROUTE_2,12,13
viridian_outdoor,0F4,fence,modeled_fence,16,2,FR_ROUTE_22,2,5
viridian_outdoor,0F5,fence,modeled_fence,21,3,FR_ROUTE_2,6,79
viridian_outdoor,0FC,fence,modeled_fence,2,2,FR_ROUTE_22,2,12
viridian_outdoor,0FD,fence,modeled_fence,3,2,FR_ROUTE_22,14,12
viridian_outdoor,102,flat,reviewed_surface,3,1,FR_ROUTE_2,11,75
viridian_outdoor,103,flat,reviewed_surface,2,1,FR_ROUTE_2,6,75
viridian_outdoor,104,flat,reviewed_surface,5,2,FR_ROUTE_2,9,76
viridian_outdoor,105,flat,reviewed_surface,5,3,FR_ROUTE_2,11,76
viridian_outdoor,01C,tree,modeled_tree,250,2,FR_ROUTE_2,0,34
viridian_outdoor,01D,tree,modeled_tree,270,2,FR_ROUTE_2,5,34
viridian_outdoor,002,sign,modeled_sign,4,3,FR_ROUTE_2,7,73
viridian_outdoor,133,flat,unreviewed,12,2,FR_ROUTE_22,22,12
viridian_outdoor,01E,tree,modeled_tree,121,3,FR_ROUTE_2,22,34
viridian_outdoor,01F,tree,modeled_tree,101,3,FR_ROUTE_2,15,34
viridian_outdoor,141,roof,modeled_building,1,1,FR_VIRIDIAN_CITY,33,7
viridian_outdoor,142,roof,modeled_building,4,1,FR_VIRIDIAN_CITY,35,7
viridian_outdoor,143,roof,modeled_building,1,1,FR_VIRIDIAN_CITY,38,7
viridian_outdoor,149,roof,modeled_building,1,1,FR_VIRIDIAN_CITY,33,8
viridian_outdoor,14A,roof,modeled_building,4,1,FR_VIRIDIAN_CITY,34,8
viridian_outdoor,14B,roof,modeled_building,1,1,FR_VIRIDIAN_CITY,38,8
viridian_outdoor,150,wall,modeled_building,1,1,FR_VIRIDIAN_CITY,33,9
viridian_outdoor,151,wall,modeled_building,1,1,FR_VIRIDIAN_CITY,34,9
viridian_outdoor,152,wall,modeled_building,1,1,FR_VIRIDIAN_CITY,35,9
viridian_outdoor,153,wall,modeled_building,1,1,FR_VIRIDIAN_CITY,36,9
viridian_outdoor,154,wall,modeled_building,1,1,FR_VIRIDIAN_CITY,37,9
viridian_outdoor,156,wall,modeled_building,1,1,FR_VIRIDIAN_CITY,38,9
viridian_outdoor,158,wall,modeled_building,1,1,FR_VIRIDIAN_CITY,33,10
viridian_outdoor,159,wall,modeled_building,1,1,FR_VIRIDIAN_CITY,34,10
viridian_outdoor,15A,wall,modeled_building,1,1,FR_VIRIDIAN_CITY,35,10
viridian_outdoor,15B,wall,modeled_building,1,1,FR_VIRIDIAN_CITY,36,10
viridian_outdoor,15B,wall,unmatched_building,1,1,FR_ROUTE_22,8,5
viridian_outdoor,15C,wall,modeled_building,1,1,FR_VIRIDIAN_CITY,37,10
viridian_outdoor,15E,wall,modeled_building,1,1,FR_VIRIDIAN_CITY,38,10
viridian_outdoor,160,flat,modeled_prop,1,1,FR_VIRIDIAN_CITY,32,9
viridian_outdoor,162,flat,unreviewed,4,1,FR_ROUTE_22,4,16
viridian_outdoor,163,flat,unreviewed,71,1,FR_ROUTE_22,12,7
viridian_outdoor,164,flat,unreviewed,3,1,FR_ROUTE_22,13,7
viridian_outdoor,165,flat,unreviewed,5,1,FR_VIRIDIAN_CITY,13,17
viridian_outdoor,166,flat,unreviewed,50,1,FR_VIRIDIAN_CITY,23,27
viridian_outdoor,167,flat,unreviewed,4,1,FR_VIRIDIAN_CITY,41,4
viridian_outdoor,168,flat,modeled_prop,1,1,FR_VIRIDIAN_CITY,32,10
viridian_outdoor,16A,flat,unreviewed,1,1,FR_ROUTE_22,4,17
viridian_outdoor,16B,flat,unreviewed,57,1,FR_ROUTE_22,31,5
viridian_outdoor,16C,flat,unreviewed,2,1,FR_ROUTE_22,45,17
viridian_outdoor,16D,flat,unreviewed,40,1,FR_VIRIDIAN_CITY,20,27
viridian_outdoor,16E,flat,unreviewed,117,1,FR_VIRIDIAN_CITY,21,27
viridian_outdoor,16F,flat,unreviewed,42,1,FR_VIRIDIAN_CITY,31,7
viridian_outdoor,170,flat,unreviewed,1,1,FR_ROUTE_2,16,45
viridian_outdoor,171,flat,unreviewed,1,1,FR_ROUTE_2,21,45
viridian_outdoor,024,tree,modeled_tree,29,2,FR_ROUTE_2,4,1
viridian_outdoor,172,flat,unreviewed,3,1,FR_ROUTE_22,4,18
viridian_outdoor,173,flat,unreviewed,72,1,FR_ROUTE_22,10,8
viridian_outdoor,174,flat,unreviewed,3,1,FR_ROUTE_22,13,8
viridian_outdoor,175,flat,unreviewed,3,1,FR_VIRIDIAN_CITY,13,19
viridian_outdoor,176,flat,unreviewed,39,1,FR_VIRIDIAN_CITY,21,29
viridian_outdoor,177,flat,unreviewed,3,1,FR_VIRIDIAN_CITY,41,11
viridian_outdoor,178,flat,unreviewed,2,1,FR_ROUTE_2,4,13
viridian_outdoor,179,flat,unreviewed,4,1,FR_ROUTE_2,5,13
viridian_outdoor,17A,flat,unreviewed,2,1,FR_ROUTE_2,7,13
viridian_outdoor,025,tree,modeled_tree,30,2,FR_ROUTE_2,5,1
viridian_outdoor,183,flat,unreviewed,3,1,FR_ROUTE_2,2,17
viridian_outdoor,184,flat,unreviewed,16,1,FR_ROUTE_2,4,17
viridian_outdoor,185,flat,unreviewed,3,1,FR_ROUTE_2,9,17
viridian_outdoor,026,tree,modeled_tree,9,3,FR_ROUTE_2,14,61
viridian_outdoor,186,wall,modeled_building,1,1,FR_VIRIDIAN_CITY,27,26
viridian_outdoor,187,roof,modeled_building,1,1,FR_VIRIDIAN_CITY,28,23
viridian_outdoor,188,roof,unmatched_building,1,1,FR_ROUTE_2,4,50
viridian_outdoor,189,wall,unmatched_building,2,1,FR_ROUTE_2,6,50
viridian_outdoor,18A,wall,unmatched_building,1,1,FR_ROUTE_2,7,50
viridian_outdoor,18F,flat,modeled_building,1,1,FR_VIRIDIAN_CITY,28,24
viridian_outdoor,027,tree,modeled_tree,8,3,FR_ROUTE_2,15,61
viridian_outdoor,003,sign,modeled_sign,2,1,FR_VIRIDIAN_CITY,23,1
viridian_outdoor,190,flat,unreviewed,2,1,FR_ROUTE_2,17,46
viridian_outdoor,191,flat,unreviewed,4,1,FR_ROUTE_2,19,46
viridian_outdoor,192,flat,unreviewed,2,1,FR_ROUTE_2,20,46
viridian_outdoor,195,flat,unreviewed,6,1,FR_VIRIDIAN_CITY,30,27
viridian_outdoor,196,flat,unreviewed,5,1,FR_VIRIDIAN_CITY,32,27
viridian_outdoor,197,wall,modeled_building,1,1,FR_VIRIDIAN_CITY,28,25
viridian_outdoor,198,wall,unmatched_building,2,1,FR_ROUTE_2,17,47
viridian_outdoor,199,wall,unmatched_building,4,1,FR_ROUTE_2,6,52
viridian_outdoor,028,roof,modeled_building,1,1,FR_VIRIDIAN_CITY,34,16
viridian_outdoor,19A,flat,unreviewed,2,1,FR_ROUTE_2,7,52
viridian_outdoor,19D,flat,unreviewed,4,1,FR_VIRIDIAN_CITY,20,19
viridian_outdoor,19E,flat,unreviewed,4,1,FR_VIRIDIAN_CITY,31,6
viridian_outdoor,19F,wall,modeled_building,1,1,FR_VIRIDIAN_CITY,28,26
viridian_outdoor,029,roof,modeled_building,1,1,FR_VIRIDIAN_CITY,35,16
viridian_outdoor,1A5,flat,unreviewed,2,2,FR_ROUTE_22,22,8
viridian_outdoor,1A6,flat,unreviewed,8,2,FR_ROUTE_22,23,8
viridian_outdoor,1A7,flat,unreviewed,2,2,FR_ROUTE_22,27,8
viridian_outdoor,1AD,flat,unreviewed,7,2,FR_ROUTE_22,22,9
viridian_outdoor,02A,roof,modeled_building,1,1,FR_VIRIDIAN_CITY,36,16
viridian_outdoor,1AE,flat,unreviewed,28,2,FR_ROUTE_22,23,9
viridian_outdoor,1AF,flat,unreviewed,7,2,FR_ROUTE_22,27,11
viridian_outdoor,1B5,flat,unreviewed,12,1,FR_ROUTE_2,4,18
viridian_outdoor,1B6,flat,unreviewed,2,1,FR_ROUTE_2,2,18
viridian_outdoor,1B7,flat,unreviewed,2,1,FR_ROUTE_2,9,18
viridian_outdoor,02B,roof,modeled_building,1,1,FR_VIRIDIAN_CITY,37,16
viridian_outdoor,02C,roof,modeled_building,1,1,FR_ROUTE_2,14,20
viridian_outdoor,02D,roof,modeled_building,3,1,FR_ROUTE_2,15,20
viridian_outdoor,02F,roof,modeled_building,1,1,FR_ROUTE_2,18,20
viridian_outdoor,030,roof,modeled_building,1,1,FR_VIRIDIAN_CITY,34,17
viridian_outdoor,1F2,flat,unreviewed,1,1,FR_VIRIDIAN_CITY,6,30
viridian_outdoor,031,roof,modeled_building,1,1,FR_VIRIDIAN_CITY,35,17
viridian_outdoor,004,flowers,modeled_flowers,34,2,FR_ROUTE_2,2,61
viridian_outdoor,032,roof,modeled_building,1,1,FR_VIRIDIAN_CITY,36,17
viridian_outdoor,033,roof,modeled_building,1,1,FR_VIRIDIAN_CITY,37,17
viridian_outdoor,034,roof,modeled_building,1,1,FR_ROUTE_2,14,21
viridian_outdoor,035,roof,modeled_building,1,1,FR_ROUTE_2,17,21
viridian_outdoor,036,roof,modeled_building,2,1,FR_ROUTE_2,16,21
viridian_outdoor,037,roof,modeled_building,1,1,FR_ROUTE_2,18,21
viridian_outdoor,038,roof,modeled_building,1,1,FR_VIRIDIAN_CITY,34,18
viridian_outdoor,039,roof,modeled_building,1,1,FR_VIRIDIAN_CITY,35,18
viridian_outdoor,03A,roof,modeled_building,1,1,FR_VIRIDIAN_CITY,36,18
viridian_outdoor,03B,roof,modeled_building,1,1,FR_VIRIDIAN_CITY,37,18
viridian_outdoor,005,shrub,modeled_shrub,11,2,FR_ROUTE_22,12,6
viridian_outdoor,03C,flat,modeled_building,1,1,FR_ROUTE_2,14,22
viridian_outdoor,03D,flat,modeled_building,1,1,FR_ROUTE_2,17,22
viridian_outdoor,03F,flat,modeled_building,1,1,FR_ROUTE_2,18,22
viridian_outdoor,280,roof,modeled_building,1,1,FR_VIRIDIAN_CITY,24,15
viridian_outdoor,281,roof,modeled_building,1,1,FR_VIRIDIAN_CITY,25,15
viridian_outdoor,282,roof,modeled_building,1,1,FR_VIRIDIAN_CITY,26,15
viridian_outdoor,283,roof,modeled_building,1,1,FR_VIRIDIAN_CITY,27,15
viridian_outdoor,284,roof,modeled_building,1,1,FR_VIRIDIAN_CITY,28,15
viridian_outdoor,285,flat,unreviewed,2,1,FR_VIRIDIAN_CITY,23,16
viridian_outdoor,286,flat,unreviewed,1,1,FR_VIRIDIAN_CITY,27,12
viridian_outdoor,287,flat,unreviewed,1,1,FR_VIRIDIAN_CITY,28,12
viridian_outdoor,288,roof,modeled_building,2,1,FR_VIRIDIAN_CITY,24,16
viridian_outdoor,289,roof,modeled_building,2,1,FR_VIRIDIAN_CITY,25,16
viridian_outdoor,040,wall,modeled_building,1,1,FR_VIRIDIAN_CITY,34,19
viridian_outdoor,28A,roof,modeled_building,2,1,FR_VIRIDIAN_CITY,26,16
viridian_outdoor,28B,roof,modeled_building,2,1,FR_VIRIDIAN_CITY,27,16
viridian_outdoor,28C,roof,modeled_building,2,1,FR_VIRIDIAN_CITY,28,16
viridian_outdoor,28D,flat,unreviewed,2,1,FR_VIRIDIAN_CITY,23,18
viridian_outdoor,28E,flat,unreviewed,1,1,FR_VIRIDIAN_CITY,17,30
viridian_outdoor,28F,flat,unreviewed,4,2,FR_ROUTE_22,21,8
viridian_outdoor,290,roof,modeled_building,2,1,FR_VIRIDIAN_CITY,24,17
viridian_outdoor,291,roof,modeled_building,2,1,FR_VIRIDIAN_CITY,25,17
viridian_outdoor,292,roof,modeled_building,2,1,FR_VIRIDIAN_CITY,26,17
viridian_outdoor,293,roof,modeled_building,2,1,FR_VIRIDIAN_CITY,27,17
viridian_outdoor,041,wall,modeled_building,1,1,FR_VIRIDIAN_CITY,35,19
viridian_outdoor,294,roof,modeled_building,2,1,FR_VIRIDIAN_CITY,28,17
viridian_outdoor,295,flat,unreviewed,3,2,FR_ROUTE_22,20,8
viridian_outdoor,296,flat,unreviewed,1,1,FR_ROUTE_22,28,7
viridian_outdoor,297,flat,unreviewed,1,1,FR_ROUTE_22,29,7
viridian_outdoor,298,wall,modeled_building,1,1,FR_VIRIDIAN_CITY,24,18
viridian_outdoor,299,wall,modeled_building,2,1,FR_VIRIDIAN_CITY,25,18
viridian_outdoor,29A,wall,modeled_building,1,1,FR_VIRIDIAN_CITY,26,18
viridian_outdoor,29B,wall,modeled_building,1,1,FR_VIRIDIAN_CITY,27,18
viridian_outdoor,29C,wall,modeled_building,1,1,FR_VIRIDIAN_CITY,28,18
viridian_outdoor,29D,wall,modeled_building,1,1,FR_VIRIDIAN_CITY,24,11
viridian_outdoor,29E,wall,unmatched_building,4,1,FR_ROUTE_22,28,8
viridian_outdoor,2A0,wall,modeled_building,1,1,FR_VIRIDIAN_CITY,24,19
viridian_outdoor,2A2,wall,modeled_building,1,1,FR_VIRIDIAN_CITY,26,19
viridian_outdoor,2A3,wall,modeled_building,1,1,FR_VIRIDIAN_CITY,27,19
viridian_outdoor,2A4,wall,modeled_building,1,1,FR_VIRIDIAN_CITY,28,19
viridian_outdoor,2A5,wall,modeled_building,1,1,FR_VIRIDIAN_CITY,26,11
viridian_outdoor,2A6,wall,modeled_building,1,1,FR_VIRIDIAN_CITY,27,11
viridian_outdoor,2A7,wall,modeled_building,1,1,FR_VIRIDIAN_CITY,28,11
viridian_outdoor,2A8,flat,modeled_building,1,1,FR_VIRIDIAN_CITY,24,8
viridian_outdoor,2A9,flat,modeled_building,1,1,FR_VIRIDIAN_CITY,25,8
viridian_outdoor,2AA,flat,modeled_building,1,1,FR_VIRIDIAN_CITY,26,8
viridian_outdoor,2AB,flat,modeled_building,1,1,FR_VIRIDIAN_CITY,27,8
viridian_outdoor,2AC,flat,modeled_building,1,1,FR_VIRIDIAN_CITY,28,8
viridian_outdoor,2AD,roof,modeled_building,1,1,FR_VIRIDIAN_CITY,33,6
viridian_outdoor,2AE,roof,modeled_building,4,1,FR_VIRIDIAN_CITY,35,6
viridian_outdoor,2AF,roof,modeled_building,1,1,FR_VIRIDIAN_CITY,38,6
viridian_outdoor,2B0,flat,modeled_building,1,1,FR_VIRIDIAN_CITY,24,22
viridian_outdoor,2B1,flat,modeled_building,1,1,FR_VIRIDIAN_CITY,25,22
viridian_outdoor,044,wall,unmatched_building,3,1,FR_ROUTE_2,2,45
viridian_outdoor,2B2,flat,modeled_building,1,1,FR_VIRIDIAN_CITY,26,22
viridian_outdoor,2B3,flat,modeled_building,1,1,FR_VIRIDIAN_CITY,27,22
viridian_outdoor,2B4,flat,modeled_building,1,1,FR_VIRIDIAN_CITY,28,22
viridian_outdoor,2B5,flat,unreviewed,1,1,FR_ROUTE_2,17,45
viridian_outdoor,2B6,flat,unreviewed,2,1,FR_ROUTE_2,19,45
viridian_outdoor,2B7,flat,unreviewed,1,1,FR_ROUTE_2,20,45
viridian_outdoor,2B8,flat,unreviewed,1,1,FR_ROUTE_2,2,19
viridian_outdoor,2B9,flat,unreviewed,3,1,FR_ROUTE_2,3,19
viridian_outdoor,2BA,flat,unreviewed,3,1,FR_ROUTE_2,4,19
viridian_outdoor,2BB,flat,unreviewed,1,1,FR_ROUTE_2,9,19
viridian_outdoor,045,wall,unmatched_building,16,1,FR_ROUTE_2,4,14
viridian_outdoor,006,flat,modeled_building,1,1,FR_ROUTE_2,15,22
viridian_outdoor,2BC,flat,unreviewed,1,1,FR_VIRIDIAN_CITY,6,33
viridian_outdoor,2BD,flat,unreviewed,1,1,FR_ROUTE_22,7,4
viridian_outdoor,2BE,flat,unreviewed,1,1,FR_ROUTE_22,8,4
viridian_outdoor,2BF,flat,unreviewed,1,1,FR_ROUTE_22,9,4
viridian_outdoor,2C0,flat,unreviewed,3,1,FR_ROUTE_22,4,0
viridian_outdoor,2C1,flat,unreviewed,21,1,FR_ROUTE_22,10,0
viridian_outdoor,2C2,flat,unreviewed,3,1,FR_ROUTE_22,12,0
viridian_outdoor,2C3,flat,unreviewed,4,1,FR_ROUTE_22,10,3
viridian_outdoor,2C4,flat,unreviewed,2,1,FR_ROUTE_22,10,6
viridian_outdoor,2C5,flat,unreviewed,1,1,FR_ROUTE_22,7,5
viridian_outdoor,046,wall,unmatched_building,3,1,FR_ROUTE_2,9,14
viridian_outdoor,2C7,flat,unreviewed,1,1,FR_ROUTE_22,9,5
viridian_outdoor,2C8,flat,unreviewed,1,1,FR_ROUTE_22,4,3
viridian_outdoor,2CA,flat,unreviewed,1,1,FR_ROUTE_22,12,3
viridian_outdoor,2CB,flat,unreviewed,4,1,FR_ROUTE_22,10,4
viridian_outdoor,2CD,flat,unreviewed,1,1,FR_ROUTE_22,7,6
viridian_outdoor,2CE,flat,unreviewed,1,1,FR_ROUTE_22,8,6
viridian_outdoor,2CF,flat,unreviewed,1,1,FR_ROUTE_22,9,6
viridian_outdoor,2D0,flat,unreviewed,1,1,FR_ROUTE_22,4,4
viridian_outdoor,2D2,flat,unreviewed,1,1,FR_ROUTE_22,12,4
viridian_outdoor,2D3,flat,unreviewed,4,1,FR_ROUTE_22,10,5
viridian_outdoor,2D4,flat,unreviewed,1,1,FR_ROUTE_22,7,3
viridian_outdoor,2D5,flat,unreviewed,1,1,FR_ROUTE_22,8,3
viridian_outdoor,2D6,flat,unreviewed,1,1,FR_ROUTE_22,9,3
viridian_outdoor,2D8,flat,unreviewed,1,1,FR_ROUTE_22,4,5
viridian_outdoor,048,roof,modeled_building,1,1,FR_VIRIDIAN_CITY,24,23
viridian_outdoor,2DA,flat,unreviewed,1,1,FR_ROUTE_22,12,5
viridian_outdoor,2DB,flat,unreviewed,2,1,FR_ROUTE_22,11,6
viridian_outdoor,049,roof,modeled_building,1,1,FR_VIRIDIAN_CITY,25,23
viridian_outdoor,04A,roof,modeled_building,1,1,FR_VIRIDIAN_CITY,26,23
viridian_outdoor,04B,roof,modeled_building,1,1,FR_VIRIDIAN_CITY,27,23
viridian_outdoor,04C,flat,unreviewed,5,1,FR_ROUTE_2,2,47
viridian_outdoor,04D,flat,unreviewed,28,1,FR_ROUTE_2,7,47
viridian_outdoor,04E,flat,unreviewed,5,1,FR_ROUTE_2,21,43
viridian_outdoor,007,flat,modeled_building,1,1,FR_ROUTE_2,16,22
viridian_outdoor,050,roof,modeled_building,1,1,FR_VIRIDIAN_CITY,24,24
viridian_outdoor,051,roof,modeled_building,1,1,FR_VIRIDIAN_CITY,25,24
viridian_outdoor,052,roof,modeled_building,1,1,FR_VIRIDIAN_CITY,26,24
viridian_outdoor,053,roof,modeled_building,1,1,FR_VIRIDIAN_CITY,27,24
viridian_outdoor,058,roof,modeled_building,1,1,FR_VIRIDIAN_CITY,24,25
viridian_outdoor,059,roof,modeled_building,1,1,FR_VIRIDIAN_CITY,25,25
viridian_outdoor,008,flat,reviewed_surface,197,3,FR_ROUTE_2,16,35
viridian_outdoor,05A,roof,modeled_building,1,1,FR_VIRIDIAN_CITY,26,25
viridian_outdoor,05B,roof,modeled_building,1,1,FR_VIRIDIAN_CITY,27,25
viridian_outdoor,05C,wall,unmatched_building,1,1,FR_ROUTE_2,2,50
viridian_outdoor,05D,wall,unmatched_building,2,1,FR_ROUTE_2,8,50
viridian_outdoor,05E,wall,unmatched_building,1,1,FR_ROUTE_2,9,50
viridian_outdoor,060,wall,modeled_building,1,1,FR_VIRIDIAN_CITY,24,26
viridian_outdoor,061,wall,modeled_building,1,1,FR_VIRIDIAN_CITY,25,26
viridian_outdoor,062,wall,modeled_building,2,1,FR_VIRIDIAN_CITY,36,19
viridian_outdoor,063,wall,modeled_building,1,1,FR_VIRIDIAN_CITY,37,19
viridian_outdoor,009,flat,reviewed_surface,178,3,FR_ROUTE_2,17,35
